"발생년","발생년월일시","발생분","주야","요일","사망자수","사상자수","중상자수","경상자수","부상신고자수","발생지시도","발생지시군구","사고유형_대분류","사고유형_중분류","사고유형","법규위반_대분류","법규위반","도로형태_대분류","도로형태","당사자종별_1당_대분류","당사자종별_1당","당사자종별_2당_대분류","당사자종별_2당","발생위치X_UTMK","발생위치Y_UTMK","경도","위도"
"2012","2012-05-09 01:00","10","야간","수","1","1","0","0","0","경남","거창군","차대차","추돌","진행중 추돌","운전자법규위반","안전운전 의무 불이행","단일로","기타단일로","승용차","대형","화물차","대형","1032000","1731688","127.85319127","35.5807185"
"2012","2012-03-30 13:00","32","주간","금","1","1","0","0","0","경기","용인시","차대차","추돌","주정차중 추돌","운전자법규위반","안전운전 의무 불이행","단일로","기타단일로","화물차","소형","특수차","경형","960392","1924378","127.05293645","37.31761455"
"2012","2012-10-26 20:00","55","야간","금","1","2","1","0","0","경북","김천시","차대차","측면직각충돌","측면직각충돌","운전자법규위반","안전운전 의무 불이행","단일로","기타단일로","승용차","중형","승용차","소형","1045245","1799427","128.00322413","36.19092077"
"2012","2012-06-28 14:00","10","주간","목","1","1","0","0","0","경기","이천시","차대차","추돌","주정차중 추돌","운전자법규위반","안전운전 의무 불이행","단일로","기타단일로","화물차","대형","승용차","소형","992942","1915569","127.4204256","37.23895584"
"2012","2012-06-18 04:00","15","야간","월","1","1","0","0","0","전남","광양시","차대차","추돌","진행중 추돌","운전자법규위반","안전운전 의무 불이행","기타/불명","기타/불명","화물차","대형","화물차","대형","1013547","1663287","127.64839323","34.9643711"
"2012","2012-07-15 08:00","04","주간","일","1","5","0","4","0","전남","광양시","차량단독","전도전복","전도전복","운전자법규위반","안전운전 의무 불이행","단일로","교량위","승합차","중형","00","00","1021668","1665087","127.72750019","34.98727926"
"2012","2012-05-31 04:00","17","야간","목","1","2","1","0","0","경기","하남시","차대차","추돌","진행중 추돌","운전자법규위반","안전운전 의무 불이행","단일로","기타단일로","승용차","소형","건설기계","건설기계","971512","1953274","127.17736415","37.57840723"
"2012","2012-09-17 14:00","44","주간","월","1","1","0","0","0","충남","논산시","차량단독","공작물충돌","공작물충돌","운전자법규위반","안전운전 의무 불이행","단일로","기타단일로","승용차","대형","00","00","967198","1791822","127.13548395","36.1228595"
"2012","2012-10-01 02:00","43","야간","월","1","5","1","3","0","경남","밀양시","차대차","측면직각충돌","측면직각충돌","운전자법규위반","부당한 회전","단일로","기타단일로","승용차","중형","승용차","중형","1115618","1717852","128.77399937","35.44975847"
"2012","2012-08-16 12:00","55","주간","목","1","1","0","0","0","전북","진안군","차량단독","전도전복","전도전복","운전자법규위반","안전운전 의무 불이행","단일로","기타단일로","특수차","대형","00","00","993204","1753236","127.42480836","35.77549842"
"2012","2012-08-30 08:00","15","주간","목","1","5","1","3","0","대구","북구","차대차","추돌","진행중 추돌","운전자법규위반","안전운전 의무 불이행","단일로","기타단일로","화물차","대형","화물차","소형","1093633","1766952","128.53749818","35.89470642"
"2012","2012-09-16 04:00","20","야간","일","1","1","0","0","0","대구","달성군","차대차","추돌","진행중 추돌","운전자법규위반","안전운전 의무 불이행","단일로","기타단일로","승용차","중형","특수차","대형","1088939","1756554","128.48433434","35.80140818"
"2012","2012-09-24 10:00","57","주간","월","2","2","0","0","0","전북","무주군","차대차","기타","기타","운전자법규위반","안전운전 의무 불이행","단일로","기타단일로","화물차","대형","화물차","대형","1014280","1774221","127.65837122","35.96462112"
"2012","2012-10-16 02:00","45","야간","화","1","1","0","0","0","경기","화성시","차대차","추돌","진행중 추돌","운전자법규위반","안전운전 의무 불이행","단일로","기타단일로","승용차","소형","특수차","대형","946961","1921288","126.90162636","37.28902129"
"2012","2012-12-14 04:00","50","야간","금","1","2","0","1","0","경기","광명시","차대차","추돌","진행중 추돌","운전자법규위반","안전운전 의무 불이행","단일로","기타단일로","화물차","소형","화물차","대형","942679","1937985","126.85202771","37.43926226"
"2012","2012-11-11 10:00","35","주간","일","1","1","0","0","0","경남","진주시","차대사람","기타","기타","운전자법규위반","안전운전 의무 불이행","단일로","기타단일로","승용차","대형","보행자","보행자","1070589","1695098","128.27591223","35.24882305"
"2012","2012-11-06 01:00","38","야간","화","1","1","0","0","0","경남","진주시","차량단독","공작물충돌","공작물충돌","운전자법규위반","안전운전 의무 불이행","단일로","기타단일로","화물차","소형","00","00","1070211","1693150","128.27159122","35.23128594"
"2012","2012-08-11 00:00","30","야간","토","1","1","0","0","0","경북","구미시","차대차","추돌","진행중 추돌","운전자법규위반","안전운전 의무 불이행","단일로","기타단일로","승용차","중형","특수차","중형","1068047","1808095","128.25756937","36.26772642"
"2012","2012-09-20 02:00","10","야간","목","1","3","0","2","0","경북","구미시","차대차","추돌","주정차중 추돌","운전자법규위반","안전운전 의무 불이행","단일로","기타단일로","화물차","중형","화물차","중형","1067262","1809084","128.24891576","36.27669705"
"2012","2012-01-01 01:00","05","야간","일","1","6","5","0","0","전북","정읍시","차대차","정면충돌","정면충돌","운전자법규위반","중앙선 침범","단일로","기타단일로","승용차","중형","승용차","소형","946530","1737729","126.90940548","35.63407671"
"2012","2012-01-01 04:00","35","야간","일","1","1","0","0","0","경기","화성시","차대사람","차도통행중","차도통행중","운전자법규위반","안전운전 의무 불이행","단일로","횡단보도부근","승용차","소형","보행자","보행자","938839","1912203","126.81074777","37.2066359"
"2012","2012-01-01 04:00","00","야간","일","1","2","1","0","0","충남","서산시","차량단독","공작물충돌","공작물충돌","운전자법규위반","안전운전 의무 불이행","단일로","기타단일로","승용차","중형","00","00","911940","1860868","126.50446002","36.75058052"
"2012","2012-01-01 03:00","25","야간","일","1","1","0","0","0","광주","서구","차대사람","횡단중","횡단중","운전자법규위반","안전운전 의무 불이행","기타/불명","기타/불명","승용차","중형","보행자","보행자","941250","1684499","126.83389564","35.15331167"
"2012","2012-01-04 16:00","10","주간","수","1","1","0","0","0","경남","김해시","차대차","측면직각충돌","측면직각충돌","운전자법규위반","안전거리 미확보","단일로","기타단일로","자전거","자전거","화물차","소형","1123688","1692551","128.85907691","35.22071431"
"2012","2012-01-04 20:00","14","야간","수","1","1","0","0","0","경기","안성시","차대사람","기타","기타","운전자법규위반","안전운전 의무 불이행","단일로","기타단일로","승용차","중형","보행자","보행자","973488","1896727","127.20176383","37.06876219"
"2012","2012-01-09 10:00","45","주간","월","1","1","0","0","0","강원","춘천시","차대사람","기타","기타","운전자법규위반","안전운전 의무 불이행","교차로","교차로내","건설기계","건설기계","보행자","보행자","1016282","1976541","127.68491972","37.78841746"
"2012","2012-01-06 23:00","00","야간","금","1","1","0","0","0","대전","유성구","차대사람","횡단중","횡단중","운전자법규위반","안전운전 의무 불이행","단일로","기타단일로","승용차","대형","보행자","보행자","984319","1811420","127.32534964","36.29997474"
"2012","2012-01-05 10:00","15","주간","목","1","1","0","0","0","충남","태안군","차량단독","기타","기타","운전자법규위반","안전운전 의무 불이행","기타/불명","기타/불명","화물차","소형","00","00","892164","1863087","126.29184979","36.75975324"
"2012","2012-01-05 18:00","10","야간","목","1","1","0","0","0","경기","포천시","차대사람","횡단중","횡단중","운전자법규위반","과속","단일로","기타단일로","화물차","중형","보행자","보행자","975232","2001628","127.21784109","38.01433447"
"2012","2012-01-13 20:00","10","야간","금","1","1","0","0","0","인천","계양구","차대사람","횡단중","횡단중","운전자법규위반","안전운전 의무 불이행","단일로","기타단일로","화물차","중형","보행자","보행자","931184","1949642","126.72100472","37.54354126"
"2012","2012-01-13 16:00","50","주간","화","1","1","0","0","0","서울","강서구","차량단독","기타","기타","운전자법규위반","안전운전 의무 불이행","단일로","기타단일로","이륜차","중형","00","00","940106","1949641","126.82199465","37.54415531"
"2012","2012-01-12 22:00","38","야간","목","1","1","0","0","0","전남","순천시","차대사람","기타","기타","운전자법규위반","안전운전 의무 불이행","단일로","기타단일로","승용차","소형","보행자","보행자","1001954","1662091","127.52140126","34.95367494"
"2012","2012-01-13 00:00","01","야간","금","1","1","0","0","0","경기","양평군","차대차","추돌","진행중 추돌","운전자법규위반","안전운전 의무 불이행","단일로","기타단일로","화물차","소형","화물차","대형","992481","1946245","127.41491635","37.51546093"
"2012","2012-01-10 16:00","25","주간","화","1","1","0","0","0","인천","강화군","차대차","정면충돌","정면충돌","운전자법규위반","중앙선 침범","단일로","기타단일로","화물차","소형","원동기장치자전거","원동기장치자전거","909286","1961282","126.47159139","37.6468879"
"2012","2012-01-11 13:00","50","주간","수","1","1","0","0","0","인천","연수구","차대차","측면직각충돌","측면직각충돌","운전자법규위반","교차로 통행방법 위반","교차로","교차로내","승용차","중형","이륜차","소형","926539","1934337","126.66995535","37.40524246"
"2012","2012-03-05 15:00","09","주간","월","1","1","0","0","0","경기","양주시","차량단독","도로이탈","도로이탈 추락","운전자법규위반","안전운전 의무 불이행","단일로","기타단일로","승용차","대형","00","00","950008","1965290","126.93307894","37.68576419"
"2012","2012-02-10 00:00","55","야간","금","1","5","3","1","0","경남","진주시","차대차","기타","기타","운전자법규위반","안전운전 의무 불이행","단일로","기타단일로","화물차","소형","승용차","중형","1070165","1693229","128.27109248","35.23200144"
"2012","2012-01-18 04:00","03","야간","수","1","1","0","0","0","경남","창원시(통합)","차대차","측면직각충돌","측면직각충돌","운전자법규위반","안전운전 의무 불이행","단일로","기타단일로","승용차","중형","화물차","대형","1104305","1698312","128.64687031","35.27485481"
"2012","2012-04-26 11:00","15","주간","목","1","1","0","0","0","경남","함안군","차량단독","기타","기타","운전자법규위반","안전운전 의무 불이행","단일로","기타단일로","승용차","소형","00","00","1081973","1699487","128.40147025","35.28752702"
"2012","2012-01-01 08:00","50","주간","일","1","1","0","0","0","충남","청양군","차량단독","공작물충돌","공작물충돌","운전자법규위반","안전운전 의무 불이행","단일로","기타단일로","승용차","소형","00","00","940016","1832833","126.83028099","36.49126831"
"2012","2012-01-01 04:00","00","야간","일","1","1","0","0","0","경북","경산시","차량단독","공작물충돌","공작물충돌","운전자법규위반","안전운전 의무 불이행","단일로","기타단일로","원동기장치자전거","원동기장치자전거","00","00","1114077","1762013","128.76299968","35.8473881"
"2012","2012-01-01 13:00","30","주간","일","1","3","1","1","0","강원","강릉시","차량단독","공작물충돌","공작물충돌","운전자법규위반","안전운전 의무 불이행","단일로","기타단일로","화물차","소형","00","00","1118121","1964154","128.83931332","37.6692738"
"2012","2012-01-09 17:00","20","주간","월","1","1","0","0","0","부산","기장군","차대차","추돌","진행중 추돌","운전자법규위반","안전운전 의무 불이행","단일로","기타단일로","원동기장치자전거","원동기장치자전거","특수차","대형","1155351","1696449","129.20066799","35.25680531"
"2012","2012-01-08 07:00","05","주간","일","1","1","0","0","0","경남","진주시","차대사람","횡단중","횡단중","운전자법규위반","안전운전 의무 불이행","단일로","기타단일로","승용차","중형","보행자","보행자","1051446","1688702","128.06409201","35.19213393"
"2012","2012-01-07 02:00","27","야간","토","1","1","0","0","0","경기","광주시","차량단독","공작물충돌","공작물충돌","운전자법규위반","안전운전 의무 불이행","단일로","기타단일로","화물차","소형","00","00","982027","1930644","127.29700154","37.37469384"
"2012","2012-01-05 07:00","15","주간","목","1","1","0","0","0","충남","천안시","차대사람","길가장자리구역통행중","길가장자리구역통행중","운전자법규위반","안전운전 의무 불이행","단일로","기타단일로","승용차","중형","보행자","보행자","965501","1865001","127.2966662","36.75811427"
"2012","2012-01-06 12:00","40","주간","금","1","2","0","1","0","전북","남원시","차대차","정면충돌","정면충돌","운전자법규위반","중앙선 침범","단일로","기타단일로","승용차","중형","화물차","대형","989827","1714499","127.38793294","35.42619606"
"2012","2012-01-13 04:00","20","야간","금","2","2","0","0","0","인천","남동구","차대사람","횡단중","횡단중","운전자법규위반","안전운전 의무 불이행","단일로","기타단일로","승용차","중형","보행자","보행자","929833","1941010","126.70653661","37.46564096"
"2012","2012-01-12 00:00","13","야간","목","1","1","0","0","0","인천","남동구","차대사람","횡단중","횡단중","운전자법규위반","안전운전 의무 불이행","단일로","기타단일로","승용차","중형","보행자","보행자","929187","1939037","126.70704496","37.44962738"
"2012","2012-02-28 00:00","05","야간","화","1","2","0","1","0","부산","강서구","차대차","측면직각충돌","측면직각충돌","운전자법규위반","안전운전 의무 불이행","단일로","기타단일로","승용차","중형","특수차","대형","1131579","1692837","128.94580467","35.22228805"
"2012","2012-01-13 02:00","30","야간","금","1","2","1","0","0","충북","괴산군","차대차","추돌","진행중 추돌","운전자법규위반","안전운전 의무 불이행","단일로","기타단일로","화물차","대형","화물차","중형","1044467","1860747","127.99809531","36.74375044"
"2012","2012-02-22 02:00","00","야간","수","1","1","0","0","0","충북","제천시","차량단독","공작물충돌","공작물충돌","운전자법규위반","안전운전 의무 불이행","단일로","기타단일로","승용차","소형","00","00","1056666","1904811","128.13803842","37.14029124"
"2012","2012-01-26 06:00","29","주간","목","1","1","0","0","0","경북","구미시","차대사람","기타","기타","운전자법규위반","안전운전 의무 불이행","단일로","기타단일로","특수차","대형","보행자","보행자","1073845","1793521","128.32074022","36.13591977"
"2012","2012-03-27 06:00","05","주간","화","1","3","2","0","0","경기","안산시","차대차","측면직각충돌","측면직각충돌","운전자법규위반","안전운전 의무 불이행","단일로","기타단일로","화물차","중형","화물차","소형","943286","1927815","126.85954315","37.34785943"
"2012","2012-04-12 22:00","00","야간","목","1","3","2","0","0","전북","완주군","차량단독","기타","기타","운전자법규위반","안전운전 의무 불이행","단일로","기타단일로","승용차","중형","00","00","978227","1756354","127.25841876","35.80368043"
"2012","2012-06-11 14:00","10","주간","월","1","3","1","1","0","전북","완주군","차량단독","공작물충돌","공작물충돌","운전자법규위반","안전운전 의무 불이행","기타/불명","기타/불명","승용차","중형","00","00","958406","1760003","127.03945411","35.83565237"
"2012","2012-01-14 17:00","10","주간","토","1","4","3","0","0","충북","음성군","차대차","측면직각충돌","측면직각충돌","운전자법규위반","안전운전 의무 불이행","단일로","기타단일로","화물차","중형","승용차","소형","1000200","1885400","127.50224683","36.96703096"
"2012","2012-01-10 05:00","16","야간","화","1","1","0","0","0","경기","용인시","차대차","추돌","주정차중 추돌","운전자법규위반","안전운전 의무 불이행","교차로","교차로내","승합차","중형","이륜차","소형","972715","1918067","127.19266123","37.25844164"
"2012","2012-01-25 06:00","50","주간","수","1","1","0","0","0","경남","진주시","차대사람","차도통행중","차도통행중","운전자법규위반","안전운전 의무 불이행","단일로","기타단일로","승용차","대형","보행자","보행자","1070226","1693227","128.11478718","35.1589661"
"2012","2012-01-16 22:00","40","야간","월","1","4","0","2","1","경기","용인시","차대차","추돌","진행중 추돌","운전자법규위반","안전운전 의무 불이행","단일로","기타단일로","승용차","중형","승용차","경형","964858","1921721","127.10351012","37.29377275"
"2012","2012-04-29 23:00","50","야간","일","1","1","0","0","0","경남","진주시","차대차","측면직각충돌","측면직각충돌","운전자법규위반","안전운전 의무 불이행","단일로","기타단일로","승용차","소형","승용차","중형","1065701","1687913","128.2211021","35.18488075"
"2012","2012-04-27 05:00","18","야간","금","1","3","1","1","0","경북","영천시","차대차","추돌","진행중 추돌","운전자법규위반","안전운전 의무 불이행","단일로","기타단일로","화물차","소형","특수차","대형","1125958","1767805","128.89572637","35.89876717"
"2012","2012-05-22 11:00","40","주간","화","1","8","6","1","0","경기","평택시","차대차","추돌","진행중 추돌","운전자법규위반","안전운전 의무 불이행","단일로","기타단일로","화물차","대형","화물차","중형","943732","1885401","126.86789546","36.96535746"
"2012","2012-05-13 10:00","40","주간","일","1","12","8","1","2","충남","천안시","차량단독","기타","기타","운전자법규위반","안전운전 의무 불이행","단일로","기타단일로","승합차","소형","00","00","972280","1879365","127.18881333","36.91222079"
"2012","2012-04-28 23:00","05","야간","토","1","4","3","0","0","인천","남동구","차대차","추돌","주정차중 추돌","운전자법규위반","안전운전 의무 불이행","단일로","기타단일로","승용차","중형","승용차","경형","932098","1937391","126.73248091","37.43319236"
"2012","2012-05-14 01:00","20","야간","월","2","6","3","1","0","인천","계양구","차대차","기타","기타","운전자법규위반","안전거리 미확보","단일로","기타단일로","승용차","중형","승용차","중형","930760","1947452","126.71641201","37.52377153"
"2012","2012-06-01 23:00","20","야간","금","1","1","0","0","0","경기","성남시","차대사람","차도통행중","차도통행중","운전자법규위반","안전운전 의무 불이행","단일로","기타단일로","승용차","대형","보행자","보행자","964884","1933009","127.10326853","37.39552024"
"2012","2012-07-12 12:00","58","주간","목","1","2","0","1","0","경기","안양시","차대차","정면충돌","정면충돌","운전자법규위반","안전운전 의무 불이행","단일로","기타단일로","화물차","소형","승용차","중형","951916","1931236","126.95687992","37.37895712"
"2012","2012-07-09 10:00","04","주간","월","1","4","3","0","0","서울","서초구","차대차","추돌","진행중 추돌","운전자법규위반","안전운전 의무 불이행","단일로","기타단일로","승용차","중형","승용차","경형","960326","1939189","127.05144261","37.45103974"
"2012","2012-08-13 21:00","30","야간","월","2","4","2","0","0","경북","상주시","차대차","추돌","진행중 추돌","운전자법규위반","안전운전 의무 불이행","단일로","기타단일로","화물차","중형","화물차","중형","1066322","1819534","128.23933965","36.37096579"
"2012","2012-09-06 15:00","25","주간","목","2","2","0","0","0","경기","이천시","차대차","추돌","주정차중 추돌","운전자법규위반","안전운전 의무 불이행","단일로","기타단일로","화물차","대형","승용차","대형","993678","1914557","127.42873211","37.22983889"
"2012","2012-09-01 10:00","10","주간","토","1","1","0","0","0","경남","김해시","차량단독","공작물충돌","공작물충돌","운전자법규위반","안전운전 의무 불이행","단일로","기타단일로","화물차","중형","00","00","1119356","1692453","128.81147422","35.22035584"
"2012","2012-09-07 17:00","20","주간","금","1","3","0","2","0","충남","보령시","차량단독","공작물충돌","공작물충돌","운전자법규위반","안전운전 의무 불이행","단일로","교량위","승용차","중형","00","00","918362","1830990","126.58873349","36.47305353"
"2012","2012-08-03 02:00","20","야간","금","1","2","0","1","0","경기","이천시","차대차","추돌","진행중 추돌","운전자법규위반","안전운전 의무 불이행","단일로","기타단일로","화물차","대형","화물차","대형","961471","1932989","127.39908203","37.23986802"
"2012","2012-12-21 05:00","40","야간","금","1","2","1","0","0","전남","보성군","차량단독","전도전복","전도전복","운전자법규위반","안전운전 의무 불이행","단일로","기타단일로","화물차","소형","00","00","959156","1645727","127.0534594","34.80529324"
"2012","2012-10-22 04:00","37","야간","월","1","1","0","0","0","충남","보령시","차량단독","공작물충돌","공작물충돌","운전자법규위반","안전운전 의무 불이행","단일로","기타단일로","승용차","대형","00","00","918234","1800127","126.59054468","36.19483436"
"2012","2012-06-01 23:00","25","야간","금","1","1","0","0","0","경기","김포시","차대사람","기타","기타","운전자법규위반","안전운전 의무 불이행","단일로","기타단일로","승용차","중형","보행자","보행자","935467","1955161","126.76899846","37.59359293"
"2012","2012-09-14 09:00","12","주간","금","1","1","0","0","0","경기","가평군","차대차","기타","기타","운전자법규위반","차로위반(진로변경 위반)","단일로","기타단일로","승합차","대형","승용차","중형","1002969","1965021","127.53367287","37.68472449"
"2012","2012-08-22 22:00","30","야간","수","1","1","0","0","0","경기","가평군","차량단독","기타","기타","운전자법규위반","안전운전 의무 불이행","단일로","터널안","승용차","중형","00","00","1003251","1965242","127.53690618","37.68670647"
"2012","2012-11-15 09:00","15","주간","목","1","2","1","0","0","전북","장수군","차대차","추돌","주정차중 추돌","운전자법규위반","안전운전 의무 불이행","단일로","기타단일로","화물차","소형","건설기계","건설기계","1014203","1743494","127.65718103","35.68770828"
"2012","2012-11-23 19:00","10","야간","금","1","1","0","0","0","충북","청주시","차대차","기타","기타","운전자법규위반","기타(운전자법규위반)","단일로","기타단일로","승용차","중형","화물차","대형","993259","1852847","127.42455934","36.67355146"
"2012","2012-11-11 09:00","50","주간","일","2","8","0","6","0","경기","시흥시","차대차","측면직각충돌","측면직각충돌","운전자법규위반","안전거리 미확보","단일로","기타단일로","승합차","중형","승용차","중형","944056","1930192","126.86818289","37.3691062"
"2012","2012-08-02 12:00","50","주간","목","1","5","1","3","0","경북","김천시","차대차","추돌","진행중 추돌","운전자법규위반","안전운전 의무 불이행","단일로","기타단일로","화물차","중형","화물차","중형","1052953","1793181","128.08852924","36.1342206"
"2012","2012-09-11 17:00","10","주간","화","1","2","1","0","0","경기","안성시","차량단독","전도전복","전도전복","운전자법규위반","안전운전 의무 불이행","단일로","기타단일로","승용차","소형","00","00","969276","1888301","127.15472734","36.99267979"
"2012","2012-01-01 05:00","19","야간","일","1","1","0","0","0","부산","강서구","차대차","기타","기타","운전자법규위반","안전운전 의무 불이행","단일로","기타단일로","승용차","중형","특수차","대형","1133938","1691707","128.96869499","35.21213079"
"2012","2012-01-10 03:00","44","야간","화","1","1","0","0","0","대구","서구","차대차","기타","기타","운전자법규위반","안전운전 의무 불이행","단일로","기타단일로","승용차","중형","승용차","경형","1096971","1763434","128.57405083","35.86266809"
"2012","2012-01-10 01:00","50","야간","화","1","1","0","0","0","경기","이천시","차대차","추돌","주정차중 추돌","운전자법규위반","안전운전 의무 불이행","단일로","기타단일로","승용차","중형","승용차","대형","993962","1920908","127.43248114","37.28584529"
"2012","2012-01-10 00:00","05","야간","화","1","1","0","0","0","경기","남양주시","차량단독","공작물충돌","공작물충돌","운전자법규위반","안전운전 의무 불이행","단일로","기타단일로","승용차","대형","00","00","988990","1964155","127.37514345","37.67685762"
"2012","2012-01-14 00:00","39","야간","토","1","1","0","0","0","경기","남양주시","차대사람","기타","기타","운전자법규위반","안전운전 의무 불이행","단일로","횡단보도상","화물차","대형","보행자","보행자","970863","1956982","127.16986651","37.61180849"
"2012","2012-01-13 06:00","50","주간","금","1","1","0","0","0","경기","여주시","차대차","측면직각충돌","측면직각충돌","운전자법규위반","안전운전 의무 불이행","단일로","기타단일로","승용차","중형","원동기장치자전거","원동기장치자전거","1012343","1918544","127.63920857","37.26571752"
"2012","2012-12-17 19:00","20","야간","월","1","1","0","0","0","인천","남구","차량단독","전도전복","전도전복","운전자법규위반","안전운전 의무 불이행","단일로","기타단일로","화물차","소형","00","00","923754","1938570","126.63805324","37.44316838"
"2012","2012-10-06 14:00","20","주간","토","1","6","0","5","0","경기","용인시","차대차","추돌","진행중 추돌","운전자법규위반","안전운전 의무 불이행","단일로","기타단일로","화물차","중형","승합차","중형","965181","1921366","127.10717093","37.29058502"
"2012","2012-12-14 07:00","30","주간","금","1","1","0","0","0","전북","무주군","차대차","기타","기타","운전자법규위반","안전운전 의무 불이행","단일로","기타단일로","승합차","중형","승용차","중형","1014687","1772262","127.66284875","35.94695278"
"2012","2012-12-03 23:00","00","야간","월","1","2","1","0","0","경북","상주시","차대차","추돌","진행중 추돌","운전자법규위반","안전운전 의무 불이행","단일로","기타단일로","승용차","중형","특수차","대형","1041715","1827353","127.96545834","36.44283697"
"2012","2012-11-28 07:00","10","주간","수","1","2","0","1","0","경북","고령군","차대차","추돌","주정차중 추돌","운전자법규위반","안전운전 의무 불이행","단일로","터널안","화물차","대형","화물차","대형","1076543","1756096","128.34711203","35.79832412"
"2012","2012-01-03 16:00","20","주간","화","1","1","0","0","0","전남","영광군","차량단독","도로이탈","도로이탈 기타","운전자법규위반","안전운전 의무 불이행","단일로","기타단일로","승용차","중형","00","00","908913","1689782","126.49939008","35.19924125"
"2012","2012-01-03 22:00","57","야간","화","1","1","0","0","0","전북","전주시","차대사람","횡단중","횡단중","운전자법규위반","안전운전 의무 불이행","단일로","기타단일로","승용차","중형","보행자","보행자","966216","1760150","127.12592158","35.83727798"
"2012","2012-01-05 16:00","15","주간","목","2","3","1","0","0","경남","고성군","차대차","측면직각충돌","측면직각충돌","운전자법규위반","교차로 통행방법 위반","교차로","교차로내","화물차","소형","건설기계","건설기계","1078252","1671827","128.35793099","35.03843746"
"2012","2012-01-07 15:00","15","주간","토","1","2","0","1","0","충북","청원군","차량단독","도로이탈","도로이탈 추락","운전자법규위반","기타(운전자법규위반)","단일로","기타단일로","승용차","소형","00","00","1009725","1854957","127.6069364","36.72449749"
"2012","2012-01-07 20:00","35","야간","토","1","1","0","0","0","경기","안산시","차대차","측면직각충돌","측면직각충돌","운전자법규위반","안전운전 의무 불이행","교차로","교차로내","승용차","중형","이륜차","소형","939770","1923704","126.82030814","37.3103596"
"2012","2012-01-05 21:00","20","야간","목","1","1","0","0","0","경남","진주시","차대사람","횡단중","횡단중","운전자법규위반","안전운전 의무 불이행","교차로","교차로부근","승용차","중형","보행자","보행자","1054454","1682309","128.09772149","35.13451609"
"2012","2012-01-13 18:00","54","야간","금","1","1","0","0","0","전북","부안군","차대차","측면직각충돌","측면직각충돌","운전자법규위반","중앙선 침범","교차로","교차로부근","화물차","소형","원동기장치자전거","원동기장치자전거","929846","1748046","126.72171572","35.72423577"
"2012","2012-01-14 10:00","00","주간","토","1","2","1","0","0","경기","김포시","차대차","측면직각충돌","측면직각충돌","운전자법규위반","중앙선 침범","단일로","기타단일로","승용차","소형","승용차","대형","936481","1954475","126.78054329","37.58748072"
"2012","2012-01-14 19:00","04","야간","토","1","2","1","0","0","경기","포천시","차대차","추돌","주정차중 추돌","운전자법규위반","안전운전 의무 불이행","단일로","기타단일로","화물차","중형","화물차","중형","982361","1986343","127.29111954","37.8638896"
"2012","2012-01-14 16:00","25","주간","토","1","1","0","0","0","부산","해운대구","차대사람","기타","기타","운전자법규위반","안전운전 의무 불이행","단일로","기타단일로","화물차","소형","보행자","보행자","1148267","1693892","129.12930209","35.22946874"
"2012","2012-01-11 01:00","10","야간","수","1","2","1","0","0","경기","시흥시","차대차","추돌","진행중 추돌","운전자법규위반","안전운전 의무 불이행","단일로","기타단일로","승용차","중형","승용차","소형","933198","1927719","126.74578744","37.3460982"
"2012","2012-01-10 11:00","50","주간","화","1","1","0","0","0","울산","남구","차대사람","기타","기타","운전자법규위반","안전운전 의무 불이행","단일로","기타단일로","화물차","소형","보행자","보행자","1163950","1728749","129.30857018","35.54117136"
"2012","2012-01-09 15:00","05","주간","월","1","1","0","0","0","경기","평택시","차량단독","공작물충돌","공작물충돌","운전자법규위반","안전운전 의무 불이행","교차로","교차로부근","건설기계","건설기계","00","00","957019","1893159","127.01021912","37.03664815"
"2012","2012-05-21 14:00","44","주간","월","1","1","0","0","0","대구","달성군","차대차","추돌","진행중 추돌","운전자법규위반","안전운전 의무 불이행","단일로","터널안","승용차","중형","건설기계","건설기계","1088772","1749987","128.48163659","35.74221404"
"2012","2012-05-19 16:00","30","주간","토","1","3","1","1","0","충남","보령시","차량단독","전도전복","전도전복","운전자법규위반","안전운전 의무 불이행","단일로","기타단일로","승용차","소형","00","00","915865","1807557","126.56339986","36.26160821"
"2012","2012-05-04 04:00","25","야간","금","1","2","1","0","0","대구","북구","차대차","추돌","진행중 추돌","운전자법규위반","안전거리 미확보","단일로","기타단일로","화물차","대형","화물차","대형","1092478","1766734","128.52467675","35.8928511"
"2012","2012-05-03 01:00","15","야간","목","2","4","2","0","0","대구","달성군","차대차","추돌","진행중 추돌","운전자법규위반","안전운전 의무 불이행","단일로","기타단일로","승용차","중형","화물차","중형","1090072","1757377","128.49696487","35.80872411"
"2012","2012-06-29 01:00","40","야간","금","1","1","0","0","0","경기","양주시","차량단독","전도전복","전도전복","운전자법규위반","안전운전 의무 불이행","단일로","터널안","승용차","소형","00","00","949891","1965143","126.93162481","37.68459448"
"2012","2012-07-13 19:00","30","야간","금","1","4","3","0","0","전북","남원시","차대차","정면충돌","정면충돌","운전자법규위반","중앙선 침범","단일로","기타단일로","승용차","중형","승용차","중형","999853","1721842","127.4983793","35.49245809"
"2012","2012-08-07 17:00","10","주간","화","1","3","0","2","0","경기","용인시","차대차","추돌","진행중 추돌","운전자법규위반","안전운전 의무 불이행","단일로","기타단일로","화물차","대형","화물차","대형","979666","1916411","127.27097148","37.24687374"
"2012","2012-01-01 18:00","20","야간","일","1","3","0","2","0","전북","익산시","차대차","추돌","주정차중 추돌","운전자법규위반","안전운전 의무 불이행","교차로","교차로부근","승용차","중형","승용차","소형","952865","1771664","126.9774137","35.94053412"