"발생년","발생년월일시","발생분","주야","요일","사망자수","사상자수","중상자수","경상자수","부상신고자수","발생지시도","발생지시군구","사고유형_대분류","사고유형_중분류","사고유형","법규위반_대분류","법규위반","도로형태_대분류","도로형태","당사자종별_1당_대분류","당사자종별_1당","당사자종별_2당_대분류","당사자종별_2당","발생위치X_UTMK","발생위치Y_UTMK","경도","위도"
"2012","2012-05-08 09:00","30","주간","화","1","2","0","1","0","경북","상주시","차대차","추돌","진행중 추돌","운전자법규위반","안전운전 의무 불이행","단일로","기타단일로","화물차","중형","화물차","중형","1059277","1837710","128.16220031","36.53527639"
"2012","2012-05-02 21:00","50","야간","목","1","1","0","0","0","경북","영주시","차량단독","공작물충돌","공작물충돌","운전자법규위반","안전운전 의무 불이행","단일로","기타단일로","화물차","중형","00","00","1092348","1872686","128.5358216","36.84790677"
"2012","2012-07-18 13:00","30","주간","수","1","3","0","2","0","대구","달성군","차대차","기타","기타","운전자법규위반","안전운전 의무 불이행","단일로","기타단일로","건설기계","건설기계","화물차","소형","1085158","1739493","128.44068315","35.64793624"
"2012","2012-12-28 09:00","30","주간","금","1","1","0","0","0","충북","옥천군","차대사람","길가장자리구역통행중","길가장자리구역통행중","운전자법규위반","안전운전 의무 불이행","단일로","기타단일로","화물차","대형","보행자","보행자","1011915","1810646","127.63269406","36.29305067"
"2012","2012-10-24 00:00","21","야간","수","1","1","0","0","0","충남","당진시","차대사람","기타","기타","운전자법규위반","안전운전 의무 불이행","단일로","기타단일로","승합차","소형","보행자","보행자","929075","1877256","126.70401804","36.8909505"
"2012","2012-08-20 06:00","17","주간","월","1","1","0","0","0","경기","안양시","차대차","기타","기타","운전자법규위반","안전운전 의무 불이행","고가도로위","고가도로위","승용차","소형","승용차","소형","945765","1934507","126.88450916","37.42627596"
"2012","2012-12-28 05:00","30","야간","금","1","3","2","0","0","경남","양산시","차량단독","전도전복","전도전복","운전자법규위반","안전운전 의무 불이행","단일로","기타단일로","승용차","중형","00","00","1140778","1709662","129.04974164","35.37269427"
"2012","2012-12-24 11:00","52","주간","월","1","1","0","0","0","경남","김해시","차량단독","기타","기타","운전자법규위반","안전운전 의무 불이행","단일로","기타단일로","화물차","소형","00","00","1130552","1704779","128.93642279","35.33006976"
"2012","2012-08-29 07:00","25","주간","수","1","1","0","0","0","부산","강서구","차대차","기타","기타","운전자법규위반","안전운전 의무 불이행","단일로","기타단일로","승용차","중형","승합차","대형","1130940","1685746","128.93765861","35.15845123"
"2012","2012-09-20 02:00","27","야간","목","1","1","0","0","0","부산","강서구","차대차","추돌","진행중 추돌","운전자법규위반","안전운전 의무 불이행","단일로","기타단일로","승용차","경형","화물차","소형","1128881","1686130","128.91511792","35.16217891"
"2012","2012-09-19 12:00","29","주간","수","1","1","0","0","0","충북","괴산군","차대사람","기타","기타","운전자법규위반","안전운전 의무 불이행","단일로","기타단일로","화물차","중형","보행자","보행자","1037528","1872740","127.92096167","36.8521612"
"2012","2012-08-20 00:00","40","야간","월","1","1","0","0","0","울산","울주군","차량단독","공작물충돌","공작물충돌","운전자법규위반","안전운전 의무 불이행","단일로","터널안","승용차","중형","00","00","1160730","1715441","129.27043222","35.42176176"
"2012","2012-08-02 06:00","40","주간","목","1","2","1","0","0","충북","청원군","차량단독","공작물충돌","공작물충돌","운전자법규위반","안전운전 의무 불이행","단일로","터널안","승용차","중형","00","00","1005472","1834940","127.56111146","36.51212723"
"2012","2012-01-01 01:00","50","야간","일","1","1","0","0","0","서울","은평구","차대사람","차도통행중","차도통행중","운전자법규위반","안전운전 의무 불이행","단일로","기타단일로","승용차","중형","보행자","보행자","949859","1957198","126.93187672","37.61284962"
"2012","2012-01-02 22:00","25","야간","월","1","1","0","0","0","경기","수원시","차대사람","횡단중","횡단중","운전자법규위반","안전운전 의무 불이행","단일로","기타단일로","승용차","중형","보행자","보행자","958814","1917339","127.03556325","37.25402658"
"2012","2012-01-03 10:00","13","주간","화","1","3","2","0","0","충북","음성군","차대차","측면직각충돌","측면직각충돌","운전자법규위반","신호위반","교차로","교차로내","승용차","중형","화물차","대형","1009034","1887981","127.60151995","36.9902539"
"2012","2012-01-03 17:00","56","주간","화","1","1","0","0","0","충북","충주시","차대사람","횡단중","횡단중","운전자법규위반","안전운전 의무 불이행","단일로","기타단일로","승용차","중형","보행자","보행자","1037907","1886273","127.92589061","36.97413676"
"2012","2012-01-04 19:00","20","야간","수","1","4","3","0","0","경기","성남시","차대차","추돌","진행중 추돌","운전자법규위반","안전운전 의무 불이행","단일로","기타단일로","화물차","소형","승합차","대형","967201","1936601","127.12928535","37.42798207"
"2012","2012-01-09 13:00","20","주간","월","1","1","0","0","0","전북","부안군","차대사람","횡단중","횡단중","운전자법규위반","보행자 보호의무 위반","단일로","횡단보도상","승합차","대형","보행자","보행자","930577","1748062","126.7323755","35.72642302"
"2012","2012-01-05 18:00","25","야간","목","1","1","0","0","0","경기","시흥시","차대사람","횡단중","횡단중","운전자법규위반","안전운전 의무 불이행","교차로","교차로부근","승용차","중형","보행자","보행자","935190","1931742","126.76792376","37.38249929"
"2012","2012-01-13 07:00","45","주간","금","1","1","0","0","0","경남","진주시","차대사람","횡단중","횡단중","운전자법규위반","안전운전 의무 불이행","단일로","기타단일로","승용차","중형","보행자","보행자","1053606","1688772","128.08883362","35.19283671"
"2012","2012-01-12 21:00","27","야간","목","1","1","0","0","0","경기","포천시","차량단독","공작물충돌","공작물충돌","운전자법규위반","안전운전 의무 불이행","교차로","교차로부근","승용차","중형","00","00","988344","2004204","127.36717149","38.03781508"
"2012","2012-01-12 11:00","05","주간","목","1","1","0","0","0","경북","상주시","차대차","측면직각충돌","측면직각충돌","운전자법규위반","안전거리 미확보","단일로","기타단일로","화물차","소형","원동기장치자전거","원동기장치자전거","1062412","1824750","128.19617422","36.41824815"
"2012","2012-01-12 07:00","25","주간","목","1","1","0","0","0","대구","북구","차대차","측면직각충돌","측면직각충돌","운전자법규위반","직진 및 우회전차의 통행방해","교차로","교차로내","승용차","중형","원동기장치자전거","원동기장치자전거","1101199","1768516","128.62151808","35.90805146"
"2012","2012-01-11 13:00","25","주간","수","1","1","0","0","0","충남","아산시","차대차","측면직각충돌","측면직각충돌","운전자법규위반","직진 및 우회전차의 통행방해","교차로","교차로내","건설기계","건설기계","승용차","경형","951403","1857231","126.95586815","36.71185307"
"2012","2012-02-28 03:00","40","야간","화","1","2","1","0","0","경북","상주시","차대차","추돌","진행중 추돌","운전자법규위반","안전운전 의무 불이행","단일로","기타단일로","화물차","중형","화물차","대형","1038898","1827315","127.93402503","36.44261282"
"2012","2012-02-02 09:00","30","주간","목","1","5","2","2","0","경기","용인시","차대차","기타","기타","운전자법규위반","안전운전 의무 불이행","단일로","터널안","승용차","대형","승용차","소형","962744","1920045","127.07974349","37.27858341"
"2012","2012-03-12 10:00","45","주간","월","1","1","0","0","0","경북","경주시","차대차","측면직각충돌","측면직각충돌","운전자법규위반","안전운전 의무 불이행","단일로","기타단일로","화물차","대형","화물차","소형","1153187","1752533","129.19441072","35.7572473"
"2012","2012-05-12 11:00","47","주간","토","1","1","0","0","0","부산","기장군","차대차","추돌","진행중 추돌","운전자법규위반","안전운전 의무 불이행","단일로","기타단일로","화물차","중형","승용차","중형","1155262","1694534","129.20626148","35.23419624"
"2012","2012-10-10 09:00","02","주간","수","1","1","0","0","0","전북","정읍시","차대사람","횡단중","횡단중","운전자법규위반","안전운전 의무 불이행","단일로","기타단일로","승용차","중형","보행자","보행자","945053","1737141","126.89317642","35.62887477"
"2012","2012-11-05 05:00","06","야간","월","1","1","0","0","0","대전","대덕구","차대차","추돌","진행중 추돌","운전자법규위반","안전운전 의무 불이행","단일로","기타단일로","승용차","대형","승용차","경형","996579","1817237","127.46183873","36.35280955"
"2012","2012-10-17 17:00","49","주간","수","2","14","11","0","1","경남","진주시","차대사람","기타","기타","운전자법규위반","안전운전 의무 불이행","단일로","기타단일로","승합차","소형","보행자","보행자","1049799","1686939","128.04690676","35.1765051"
"2012","2012-08-28 04:00","10","야간","화","1","2","0","1","0","서울","서초구","차대차","추돌","진행중 추돌","운전자법규위반","안전운전 의무 불이행","단일로","기타단일로","승용차","중형","화물차","대형","960292","1939264","127.05133623","37.45181451"
"2012","2012-04-13 01:00","37","야간","금","2","3","1","0","0","경기","안성시","차량단독","도로이탈","도로이탈 추락","운전자법규위반","안전운전 의무 불이행","단일로","기타단일로","승용차","대형","00","00","970439","1891857","127.16765726","37.02477181"
"2012","2012-05-01 16:00","25","주간","화","1","1","0","0","0","충북","청원군","차대차","추돌","진행중 추돌","운전자법규위반","안전운전 의무 불이행","단일로","기타단일로","화물차","중형","승용차","중형","993522","1841802","127.4275735","36.57397365"
"2012","2012-04-17 00:00","40","야간","화","1","2","0","1","0","경기","평택시","차대차","추돌","진행중 추돌","운전자법규위반","안전운전 의무 불이행","단일로","기타단일로","화물차","경형","화물차","중형","960304","1891903","127.05371375","37.02481266"
"2012","2012-03-24 13:00","15","주간","토","1","1","0","0","0","경기","오산시","차량단독","공작물충돌","공작물충돌","운전자법규위반","과속","단일로","터널안","승용차","소형","00","00","959151","1908914","127.03982484","37.17810009"
"2012","2012-05-19 01:00","43","야간","토","1","2","1","0","0","경기","화성시","차대차","기타","기타","운전자법규위반","안전운전 의무 불이행","단일로","기타단일로","승용차","대형","화물차","대형","953284","1909422","126.9737021","37.18240398"
"2012","2012-06-22 06:00","10","주간","금","1","2","1","0","0","대구","수성구","차대차","추돌","진행중 추돌","운전자법규위반","안전운전 의무 불이행","단일로","기타단일로","화물차","대형","화물차","대형","1107768","1760522","128.69322293","35.83529022"
"2012","2012-07-10 02:00","34","야간","화","1","1","0","0","0","경기","용인시","차대차","추돌","주정차중 추돌","운전자법규위반","안전운전 의무 불이행","단일로","기타단일로","승용차","대형","화물차","대형","966460","1899448","127.12258498","37.09306447"
"2012","2012-07-01 02:00","25","야간","일","1","9","4","4","0","충남","천안시","차대차","기타","기타","운전자법규위반","안전운전 의무 불이행","단일로","기타단일로","승합차","소형","승용차","경형","972284","1875692","127.18899261","36.87911081"
"2012","2012-12-22 22:00","10","야간","토","1","4","3","0","0","충북","청주시","차대차","기타","기타","운전자법규위반","안전운전 의무 불이행","단일로","기타단일로","승합차","대형","승용차","소형","990291","1846478","127.39142418","36.61610955"
"2012","2012-01-09 20:00","40","야간","월","1","1","0","0","0","경기","용인시","차대사람","횡단중","횡단중","운전자법규위반","안전운전 의무 불이행","단일로","기타단일로","화물차","대형","보행자","보행자","984956","1916931","127.33036135","37.2511382"
"2012","2012-03-06 14:00","20","주간","화","3","7","2","2","0","경기","이천시","차대차","측면직각충돌","측면직각충돌","운전자법규위반","안전운전 의무 불이행","단일로","기타단일로","화물차","소형","승용차","소형","993802","1915141","127.4301251","37.23510394"
"2012","2012-02-11 07:00","40","주간","토","1","1","0","0","0","경기","구리시","차량단독","전도전복","전도전복","운전자법규위반","안전운전 의무 불이행","단일로","기타단일로","화물차","중형","00","00","967780","1960280","127.13479013","37.64143143"
"2012","2012-01-01 18:00","13","야간","일","1","1","0","0","0","울산","남구","차대사람","횡단중","횡단중","운전자법규위반","안전운전 의무 불이행","교차로","교차로내","승용차","소형","보행자","보행자","1163799","1728696","129.30689449","35.54071868"
"2012","2012-01-05 18:00","10","야간","목","1","1","0","0","0","제주","서귀포시","차량단독","주/정차차량 충돌","주/정차차량 충돌","운전자법규위반","안전운전 의무 불이행","단일로","기타단일로","원동기장치자전거","원동기장치자전거","화물차","소형","922589","1476270","126.66875205","33.27502498"
"2012","2012-01-07 16:00","10","주간","토","1","1","0","0","0","경기","시흥시","차대사람","횡단중","횡단중","운전자법규위반","신호위반","단일로","횡단보도상","승용차","대형","보행자","보행자","931677","1929819","126.72842263","37.36491492"
"2012","2012-01-07 23:00","19","야간","일","1","1","0","0","0","서울","강남구","차대차","측면직각충돌","측면직각충돌","운전자법규위반","신호위반","교차로","교차로내","자전거","자전거","승용차","중형","960300","1944678","127.05085267","37.50051332"
"2012","2012-01-08 09:00","30","주간","일","1","1","0","0","0","전남","장흥군","차량단독","도로이탈","도로이탈 추락","운전자법규위반","안전운전 의무 불이행","단일로","기타단일로","원동기장치자전거","원동기장치자전거","00","00","951103","1618188","126.96701403","34.55660478"
"2012","2012-01-07 05:00","50","야간","토","1","1","0","0","0","울산","남구","차대사람","횡단중","횡단중","운전자법규위반","안전운전 의무 불이행","단일로","횡단보도부근","승용차","중형","보행자","보행자","1164505","1727946","129.31452674","35.53384268"
"2012","2012-01-07 06:00","43","주간","토","1","1","0","0","0","경기","시흥시","차대사람","횡단중","횡단중","운전자법규위반","안전운전 의무 불이행","단일로","기타단일로","승용차","소형","보행자","보행자","932324","1927845","126.73757386","37.34889388"
"2012","2012-01-06 05:00","10","야간","금","1","1","0","0","0","제주","제주시","차대사람","보도통행중","보도통행중","운전자법규위반","안전운전 의무 불이행","교차로","교차로부근","승합차","소형","보행자","보행자","907174","1503283","126.50045888","33.51742297"
"2012","2012-01-06 14:00","30","주간","금","1","3","0","2","0","전남","신안군","차량단독","공작물충돌","공작물충돌","운전자법규위반","안전운전 의무 불이행","단일로","기타단일로","화물차","소형","00","00","866949","1655443","126.04402196","34.88500823"
"2012","2012-01-13 11:00","33","주간","금","1","4","2","1","0","강원","평창군","차대차","측면직각충돌","측면직각충돌","운전자법규위반","안전운전 의무 불이행","교차로","교차로내","승용차","대형","화물차","중형","1105442","1965883","128.69587426","37.68643493"
"2012","2012-01-10 19:00","25","야간","화","1","1","0","0","0","충북","진천군","차대사람","횡단중","횡단중","운전자법규위반","안전운전 의무 불이행","단일로","기타단일로","승용차","중형","보행자","보행자","991877","1869662","127.40891397","36.82512451"
"2012","2012-01-11 16:00","45","주간","수","1","1","0","0","0","경남","밀양시","차대사람","횡단중","횡단중","운전자법규위반","안전운전 의무 불이행","단일로","횡단보도상","화물차","중형","보행자","보행자","1113906","1719306","128.75534246","35.46306327"
"2012","2012-01-10 07:00","20","주간","화","1","1","0","0","0","충북","청원군","차대차","측면직각충돌","측면직각충돌","운전자법규위반","신호위반","교차로","교차로내","화물차","중형","화물차","소형","996248","1859950","127.45797533","36.73760061"
"2012","2012-03-03 08:00","13","주간","토","1","1","0","0","0","전북","완주군","차량단독","공작물충돌","공작물충돌","운전자법규위반","안전운전 의무 불이행","단일로","기타단일로","화물차","대형","00","00","974548","1751540","127.21845177","35.75990079"
"2012","2012-04-16 11:00","10","주간","월","1","4","1","2","0","울산","울주군","차대차","추돌","주정차중 추돌","운전자법규위반","안전운전 의무 불이행","단일로","기타단일로","화물차","중형","승용차","경형","1156260","1732083","129.22441882","35.57246134"
"2012","2012-04-16 20:00","52","야간","월","1","2","1","0","0","경북","의성군","차대사람","기타","기타","운전자법규위반","안전운전 의무 불이행","단일로","기타단일로","승용차","중형","보행자","보행자","1097207","1815695","128.58311099","36.33373529"
"2012","2012-03-26 19:00","36","야간","월","1","1","0","0","0","경북","구미시","차대차","기타","기타","운전자법규위반","기타(운전자법규위반)","단일로","기타단일로","불명","불명","불명","불명","1068347","1801048","128.26029364","36.20417798"
"2012","2012-08-30 06:00","10","주간","목","1","11","3","7","0","전남","장성군","차대사람","기타","기타","운전자법규위반","안전운전 의무 불이행","단일로","기타단일로","승합차","중형","보행자","보행자","937057","1711965","126.80682965","35.40141056"
"2012","2012-01-03 14:00","00","주간","화","1","1","0","0","0","인천","계양구","차대차","측면직각충돌","측면직각충돌","운전자법규위반","안전운전 의무 불이행","교차로","교차로내","화물차","중형","자전거","자전거","932128","1949031","126.7317464","37.53810445"
"2012","2012-01-03 02:00","15","야간","화","1","1","0","0","0","충남","태안군","차량단독","공작물충돌","공작물충돌","운전자법규위반","안전운전 의무 불이행","단일로","기타단일로","승용차","중형","00","00","894123","1846409","126.31609978","36.60965565"
"2012","2012-01-03 05:00","55","야간","화","2","2","0","0","0","전남","나주시","차대사람","기타","기타","운전자법규위반","안전운전 의무 불이행","단일로","기타단일로","승용차","중형","보행자","보행자","941647","1675951","126.85993128","35.07696916"
"2012","2012-01-05 15:00","00","주간","목","1","1","0","0","0","경기","수원시","차량단독","기타","기타","운전자법규위반","안전운전 의무 불이행","단일로","기타단일로","승합차","대형","00","00","957140","1920119","127.0165267","37.27900913"
"2012","2012-01-05 12:00","00","주간","목","1","1","0","0","0","전남","순천시","차대사람","기타","기타","운전자법규위반","안전운전 의무 불이행","단일로","기타단일로","승용차","중형","보행자","보행자","998496","1656901","127.48353674","34.90687465"
"2012","2012-01-09 03:00","00","야간","월","1","3","2","0","0","충북","청주시","차대차","기타","기타","운전자법규위반","안전운전 의무 불이행","단일로","기타단일로","승합차","소형","승용차","소형","995773","1845220","127.45273632","36.60480874"
"2012","2012-01-07 16:00","50","주간","토","2","3","1","0","0","경기","가평군","차량단독","도로이탈","도로이탈 추락","운전자법규위반","안전운전 의무 불이행","기타/불명","기타/불명","승용차","중형","00","00","987060","1971909","127.35311887","37.74672164"
"2012","2012-01-06 22:00","50","야간","금","1","1","0","0","0","경기","가평군","차량단독","도로이탈","도로이탈 추락","운전자법규위반","안전운전 의무 불이행","단일로","기타단일로","승용차","소형","00","00","996258","1968444","127.45754257","37.71557439"
"2012","2012-01-11 21:00","21","야간","수","1","1","0","0","0","서울","중랑구","차대사람","횡단중","횡단중","운전자법규위반","신호위반","교차로","교차로부근","승용차","중형","보행자","보행자","964090","1955497","127.0932003","37.59818414"
"2012","2012-02-11 21:00","03","야간","금","1","3","2","0","0","충남","보령시","차량단독","전도전복","전도전복","운전자법규위반","안전운전 의무 불이행","단일로","기타단일로","승용차","중형","00","00","916012","1807702","126.5650205","36.26292809"
"2012","2012-02-07 20:00","20","야간","화","1","2","0","1","0","경북","구미시","차대차","추돌","진행중 추돌","운전자법규위반","안전거리 미확보","단일로","기타단일로","화물차","소형","화물차","대형","1077564","1789062","128.36163117","36.09543265"
"2012","2012-02-03 12:00","30","주간","금","1","1","0","0","0","인천","부평구","차대차","기타","기타","운전자법규위반","안전운전 의무 불이행","단일로","기타단일로","화물차","소형","승용차","중형","933994","1942057","126.75349247","37.47538408"
"2012","2012-06-22 08:00","25","주간","금","3","8","4","1","0","전북","남원시","차량단독","도로이탈","도로이탈 기타","운전자법규위반","안전운전 의무 불이행","단일로","기타단일로","승합차","소형","00","00","1006057","1720709","127.56677096","35.48222369"
"2012","2012-06-08 04:00","00","야간","금","1","2","1","0","0","서울","송파구","차대차","추돌","주정차중 추돌","운전자법규위반","안전운전 의무 불이행","단일로","기타단일로","승용차","중형","화물차","중형","968157","1944038","127.13976902","37.49504921"
"2012","2012-05-22 02:00","30","야간","화","1","4","2","1","0","경북","문경시","차대차","추돌","진행중 추돌","운전자법규위반","안전운전 의무 불이행","단일로","교량위","화물차","대형","화물차","대형","1057888","1847895","128.14745054","36.62717411"
"2012","2012-05-05 13:00","25","주간","토","1","2","0","1","0","울산","울주군","차대차","추돌","진행중 추돌","운전자법규위반","안전운전 의무 불이행","단일로","기타단일로","화물차","중형","화물차","중형","1153081","1748041","129.1895384","35.71719873"
"2012","2012-05-23 23:00","20","야간","수","1","1","0","0","0","경북","군위군","차대차","기타","기타","운전자법규위반","안전운전 의무 불이행","단일로","기타단일로","화물차","소형","승용차","중형","1094919","1804042","128.55620501","36.22892367"
"2012","2012-07-05 07:00","00","주간","목","1","1","0","0","0","경남","진주시","차대차","추돌","진행중 추돌","운전자법규위반","안전운전 의무 불이행","단일로","터널안","화물차","소형","승합차","대형","1063944","1687590","128.20229241","35.18157386"
"2012","2012-07-08 22:00","40","야간","일","1","5","2","2","0","경남","진주시","차대차","추돌","주정차중 추돌","운전자법규위반","안전운전 의무 불이행","단일로","기타단일로","화물차","소형","화물차","소형","1061086","1686621","128.17083338","35.17301475"
"2012","2012-06-26 06:00","08","주간","화","1","1","0","0","0","경기","성남시","차량단독","전도전복","전도전복","운전자법규위반","안전운전 의무 불이행","단일로","기타단일로","화물차","소형","00","00","963612","1933949","127.08885185","37.40394393"
"2012","2012-07-26 20:00","01","야간","목","4","14","1","8","1","경기","성남시","차대차","추돌","주정차중 추돌","운전자법규위반","안전운전 의무 불이행","단일로","기타단일로","승합차","대형","승용차","소형","961484","1933070","127.064854","37.39593496"
"2012","2012-11-15 01:00","30","야간","목","1","5","1","3","0","전남","영광군","차대차","추돌","진행중 추돌","운전자법규위반","안전운전 의무 불이행","단일로","기타단일로","승용차","중형","승용차","중형","913602","1699425","126.54987965","35.28659562"
"2012","2012-11-18 13:00","29","주간","일","1","4","1","2","0","전남","무안군","차량단독","공작물충돌","공작물충돌","운전자법규위반","안전운전 의무 불이행","단일로","기타단일로","승용차","중형","00","00","908191","1666261","126.49406776","34.98711234"
"2012","2012-12-11 05:00","40","야간","화","1","1","0","0","0","충남","천안시","차대차","측면직각충돌","측면직각충돌","운전자법규위반","안전운전 의무 불이행","단일로","기타단일로","화물차","대형","화물차","대형","970173","1868295","127.16559546","36.81236613"
"2012","2012-08-17 22:00","15","야간","금","1","2","0","1","0","경북","문경시","차대차","측면직각충돌","측면직각충돌","운전자법규위반","안전운전 의무 불이행","단일로","교량위","승용차","중형","화물차","중형","1057012","1851251","128.13811594","36.65754128"
"2012","2012-08-26 17:00","10","주간","일","3","4","1","0","0","강원","평창군","차량단독","공작물충돌","공작물충돌","운전자법규위반","안전운전 의무 불이행","단일로","기타단일로","승용차","대형","00","00","1080340","1954355","128.4099492","37.58508426"
"2012","2012-09-04 21:00","55","야간","화","1","3","1","1","0","강원","횡성군","차량단독","공작물충돌","공작물충돌","운전자법규위반","안전운전 의무 불이행","단일로","기타단일로","승용차","중형","00","00","1042187","1950173","127.97759886","37.54993115"
"2012","2012-08-28 15:00","40","주간","화","1","1","0","0","0","경북","경주시","차대차","추돌","진행중 추돌","운전자법규위반","안전운전 의무 불이행","단일로","기타단일로","화물차","대형","화물차","대형","1153234","1748818","129.19422071","35.72375899"
"2012","2012-08-24 02:00","28","야간","금","1","2","1","0","0","울산","울주군","차량단독","공작물충돌","공작물충돌","운전자법규위반","안전운전 의무 불이행","단일로","기타단일로","승용차","중형","00","00","1156082","1732174","129.22247284","35.57330955"
"2012","2012-12-28 06:00","20","주간","금","1","1","0","0","0","경남","함양군","차량단독","전도전복","전도전복","운전자법규위반","안전운전 의무 불이행","단일로","기타단일로","화물차","중형","00","00","1013761","1743800","127.65208002","35.69033861"
"2012","2012-01-02 07:00","00","주간","월","1","1","0","0","0","경기","고양시","차대사람","횡단중","횡단중","운전자법규위반","안전운전 의무 불이행","단일로","횡단보도상","승합차","대형","보행자","보행자","933931","1964179","126.75078504","37.67476033"
"2012","2012-01-03 05:00","55","야간","화","1","1","0","0","0","충남","서산시","차량단독","공작물충돌","공작물충돌","운전자법규위반","안전운전 의무 불이행","단일로","기타단일로","승용차","경형","00","00","901721","1886225","126.39590688","36.96933412"
"2012","2012-01-05 12:00","25","주간","목","1","1","0","0","0","울산","울주군","차대사람","기타","기타","운전자법규위반","안전운전 의무 불이행","단일로","기타단일로","승용차","소형","보행자","보행자","1152291","1721170","129.1785858","35.47472346"
"2012","2012-01-13 20:00","10","야간","금","1","1","0","0","0","충남","예산군","차량단독","기타","기타","운전자법규위반","안전운전 의무 불이행","교차로","교차로부근","원동기장치자전거","원동기장치자전거","00","00","940370","1854130","126.83258223","36.68327106"
"2012","2012-01-12 04:00","08","야간","목","1","1","0","0","0","서울","관악구","차대사람","횡단중","횡단중","운전자법규위반","과속","단일로","횡단보도상","승용차","중형","보행자","보행자","950801","1942695","126.94352222","37.48218256"
"2012","2012-01-11 12:00","31","주간","수","1","1","0","0","0","경기","의정부시","차대사람","기타","기타","운전자법규위반","안전운전 의무 불이행","단일로","기타단일로","화물차","경형","보행자","보행자","960269","1971608","127.04903811","37.74323749"
"2012","2012-01-10 23:00","10","야간","화","1","3","2","0","0","부산","연제구","차대차","측면직각충돌","측면직각충돌","운전자법규위반","신호위반","단일로","기타단일로","원동기장치자전거","원동기장치자전거","승용차","중형","1142787","1688010","129.0676011","35.17729669"
"2012","2012-05-21 14:00","00","주간","월","1","1","0","0","0","경기","의왕시","차량단독","전도전복","전도전복","운전자법규위반","안전운전 의무 불이행","단일로","기타단일로","특수차","대형","00","00","951758","1925644","126.95545957","37.32854553"
"2012","2012-05-02 02:00","45","야간","수","1","3","2","0","0","경기","여주시","차량단독","전도전복","전도전복","운전자법규위반","안전운전 의무 불이행","단일로","기타단일로","승용차","대형","00","00","1004166","1916650","127.54697503","37.24871745"
"2012","2012-04-06 02:00","30","야간","금","1","1","0","0","0","경기","용인시","차대사람","길가장자리구역통행중","길가장자리구역통행중","운전자법규위반","안전운전 의무 불이행","단일로","기타단일로","화물차","중형","보행자","보행자","962022","1921830","127.07159498","37.29524799"
"2012","2012-06-08 16:00","55","주간","금","1","1","0","0","0","경북","안동시","차량단독","공작물충돌","공작물충돌","운전자법규위반","안전운전 의무 불이행","단일로","기타단일로","화물차","소형","00","00","1100160","1827754","128.61756341","36.4421281"
"2012","2012-05-27 13:00","30","주간","일","1","7","2","4","0","경북","구미시","차량단독","전도전복","전도전복","정비불량","정비불량 제차의 운전금지위반","단일로","기타단일로","승합차","중형","00","00","1075316","1793076","128.33704529","36.13179505"
"2012","2012-05-28 04:00","16","야간","월","1","1","0","0","0","경북","김천시","차대차","측면직각충돌","측면직각충돌","운전자법규위반","안전운전 의무 불이행","단일로","기타단일로","승용차","대형","화물차","대형","1070560","1795093","128.28437376","36.15033577"
"2012","2012-07-16 19:00","10","야간","월","1","1","0","0","0","경북","안동시","차량단독","공작물충돌","공작물충돌","운전자법규위반","안전운전 의무 불이행","단일로","기타단일로","화물차","소형","00","00","1102161","1839353","128.64141948","36.54646352"
"2012","2012-06-30 08:00","06","주간","토","1","2","0","1","0","경기","시흥시","차대차","측면직각충돌","측면직각충돌","운전자법규위반","안전운전 의무 불이행","단일로","교량위","승용차","중형","승용차","대형","935039","1931315","126.76707379","37.37582392"
"2012","2012-12-11 05:00","10","야간","화","1","7","0","0","6","경기","하남시","차대차","추돌","진행중 추돌","운전자법규위반","안전운전 의무 불이행","단일로","기타단일로","승합차","소형","화물차","소형","973067","1948037","127.19485026","37.53124075"
"2012","2012-01-10 03:00","55","야간","화","1","5","4","0","0","전북","남원시","차량단독","도로이탈","도로이탈 추락","운전자법규위반","안전운전 의무 불이행","단일로","기타단일로","승용차","중형","00","00","988392","1717099","127.37208775","35.44962395"
"2012","2012-01-07 09:00","13","주간","토","1","3","2","0","0","서울","동작구","차대차","추돌","진행중 추돌","운전자법규위반","안전운전 의무 불이행","단일로","횡단보도상","승용차","중형","승용차","소형","947508","1943458","126.90622325","37.48887835"
"2012","2012-01-11 09:00","15","주간","수","1","2","1","0","0","경북","영덕군","차대차","측면직각충돌","측면직각충돌","운전자법규위반","신호위반","교차로","교차로내","원동기장치자전거","원동기장치자전거","건설기계","건설기계","1168315","1811538","129.37421978","36.28647476"
"2012","2012-01-10 18:00","55","야간","화","1","1","0","0","0","경북","경주시","차대사람","횡단중","횡단중","운전자법규위반","안전운전 의무 불이행","단일로","기타단일로","승용차","중형","보행자","보행자","1143156","1764291","129.08560235","35.86473106"
"2012","2012-03-18 03:00","10","야간","일","1","1","0","0","0","충북","충주시","차대차","추돌","진행중 추돌","운전자법규위반","안전운전 의무 불이행","단일로","기타단일로","승용차","중형","화물차","대형","1030497","1891136","127.84283644","37.01824261"
"2012","2012-02-15 05:00","25","야간","수","1","12","10","1","0","충북","음성군","차대차","추돌","진행중 추돌","운전자법규위반","안전운전 의무 불이행","단일로","기타단일로","승합차","중형","화물차","중형","1013542","1904678","127.65247962","37.1407115"
"2012","2012-01-20 02:00","00","야간","금","1","2","0","1","0","충북","음성군","차대차","추돌","진행중 추돌","운전자법규위반","안전운전 의무 불이행","단일로","기타단일로","화물차","대형","화물차","대형","1013538","1904707","127.65243511","37.14097297"