"발생년","발생년월일시","발생분","주야","요일","사망자수","사상자수","중상자수","경상자수","부상신고자수","발생지시도","발생지시군구","사고유형_대분류","사고유형_중분류","사고유형","법규위반_대분류","법규위반","도로형태_대분류","도로형태","당사자종별_1당_대분류","당사자종별_1당","당사자종별_2당_대분류","당사자종별_2당","발생위치X_UTMK","발생위치Y_UTMK","경도","위도"
"2012","2012-04-27 12:00","40","주간","금","1","1","0","0","0","충남","부여군","차대사람","기타","기타","운전자법규위반","보행자 보호의무 위반","단일로","기타단일로","화물차","소형","보행자","보행자","946905","1809511","126.90689382","36.27990629"
"2012","2012-04-24 22:00","45","야간","화","1","1","0","0","0","전북","전주시","차대사람","기타","기타","운전자법규위반","안전운전 의무 불이행","단일로","기타단일로","승용차","소형","보행자","보행자","963394","1757718","127.09478671","35.8152498"
"2012","2012-04-25 00:00","12","야간","수","1","1","0","0","0","광주","남구","차대사람","횡단중","횡단중","운전자법규위반","안전운전 의무 불이행","단일로","기타단일로","승용차","중형","보행자","보행자","945466","1682784","126.90136907","35.13879471"
"2012","2012-04-24 19:00","50","야간","화","1","1","0","0","0","경기","양주시","차량단독","전도전복","전도전복","운전자법규위반","안전운전 의무 불이행","단일로","기타단일로","원동기장치자전거","원동기장치자전거","00","00","953518","1982280","126.96915583","37.83832674"
"2012","2012-04-30 23:00","13","야간","월","1","1","0","0","0","대구","서구","차대사람","기타","기타","운전자법규위반","안전운전 의무 불이행","단일로","기타단일로","승합차","대형","보행자","보행자","1095735","1766318","128.56034338","35.8887459"
"2012","2012-04-30 17:00","57","주간","월","1","1","0","0","0","전남","광양시","차대차","기타","기타","운전자법규위반","과속","교차로","교차로내","승용차","대형","이륜차","사발이","1020082","1669830","127.71992678","35.0233358"
"2012","2012-04-27 17:00","28","주간","금","1","5","4","0","0","전남","광양시","차량단독","도로이탈","도로이탈 추락","운전자법규위반","안전운전 의무 불이행","단일로","기타단일로","화물차","소형","00","00","1022521","1666256","127.74677368","34.99098385"
"2012","2012-04-28 03:00","40","야간","토","1","1","0","0","0","경북","경주시","차량단독","공작물충돌","공작물충돌","운전자법규위반","안전운전 의무 불이행","단일로","기타단일로","승용차","중형","00","00","1159888","1756931","129.27099649","35.79395234"
"2012","2012-04-27 20:00","10","야간","금","1","1","0","0","0","경북","청도군","차량단독","도로이탈","도로이탈 추락","운전자법규위반","안전운전 의무 불이행","교차로","교차로부근","원동기장치자전거","원동기장치자전거","00","00","1125522","1745140","128.88819368","35.70044351"
"2012","2012-05-04 13:00","25","주간","금","1","1","0","0","0","경북","김천시","차대사람","기타","기타","운전자법규위반","안전운전 의무 불이행","단일로","기타단일로","화물차","경형","보행자","보행자","1053627","1792028","128.09594125","36.12378897"
"2012","2012-05-04 10:00","30","주간","금","1","7","0","3","3","경기","동두천시","차대차","측면직각충돌","측면직각충돌","운전자법규위반","안전운전 의무 불이행","단일로","기타단일로","승합차","중형","화물차","소형","961872","1990304","127.06624705","37.911811"
"2012","2012-05-02 16:00","12","주간","수","1","1","0","0","0","경기","의정부시","차대차","측면직각충돌","측면직각충돌","운전자법규위반","안전운전 의무 불이행","단일로","횡단보도상","화물차","소형","자전거","자전거","963394","1971725","127.08498341","37.74345065"
"2012","2012-05-02 10:00","47","주간","수","1","1","0","0","0","경기","이천시","차대차","기타","기타","운전자법규위반","안전운전 의무 불이행","기타/불명","기타/불명","화물차","소형","농기계","농기계","1009774","1900683","127.61000082","37.10474665"
"2012","2012-05-09 13:00","37","주간","수","1","1","0","0","0","경남","합천군","차량단독","도로이탈","도로이탈 기타","운전자법규위반","안전운전 의무 불이행","단일로","기타단일로","원동기장치자전거","원동기장치자전거","00","00","1045490","1720783","128.00146693","35.48186751"
"2012","2012-05-05 12:00","17","주간","토","1","1","0","0","0","경북","문경시","차대차","기타","기타","운전자법규위반","안전운전 의무 불이행","교차로","교차로내","승용차","중형","이륜차","소형","1048905","1851285","128.04720048","36.65823706"
"2012","2012-05-05 16:00","20","주간","토","1","1","0","0","0","충남","아산시","차량단독","기타","기타","운전자법규위반","안전운전 의무 불이행","단일로","기타단일로","농기계","농기계","00","00","963201","1867096","127.08748874","36.80131227"
"2012","2012-05-05 12:00","30","주간","토","1","1","0","0","0","충남","천안시","차량단독","전도전복","전도전복","운전자법규위반","안전운전 의무 불이행","단일로","기타단일로","이륜차","중형","00","00","980032","1878814","127.27585164","36.90744987"
"2012","2012-05-12 20:00","25","야간","토","1","1","0","0","0","전남","보성군","차대사람","보도통행중","보도통행중","운전자법규위반","안전운전 의무 불이행","교차로","교차로부근","승용차","중형","보행자","보행자","991459","1649342","127.40658468","34.83867562"
"2012","2012-05-11 18:00","00","야간","금","1","1","0","0","0","강원","동해시","차대차","측면직각충돌","측면직각충돌","운전자법규위반","안전운전 의무 불이행","교차로","교차로내","화물차","경형","자전거","자전거","1142182","1944499","129.10827892","37.48880518"
"2012","2012-05-16 18:00","40","야간","수","1","1","0","0","0","충남","서산시","차대사람","기타","기타","운전자법규위반","안전운전 의무 불이행","단일로","기타단일로","화물차","소형","보행자","보행자","899981","1860859","126.37970447","36.74052908"
"2012","2012-05-16 02:00","18","야간","수","1","1","0","0","0","경기","용인시","차량단독","공작물충돌","공작물충돌","운전자법규위반","안전운전 의무 불이행","단일로","기타단일로","승용차","대형","00","00","990082","1905000","127.38832139","37.14365954"
"2012","2012-05-19 08:00","55","주간","토","1","1","0","0","0","충남","서천군","차대사람","기타","기타","운전자법규위반","보행자 보호의무 위반","교차로","교차로부근","화물차","소형","보행자","보행자","927554","1779326","126.6961107","36.00805816"
"2012","2012-05-19 11:00","40","주간","토","1","1","0","0","0","경북","안동시","차량단독","기타","기타","운전자법규위반","안전운전 의무 불이행","단일로","기타단일로","농기계","농기계","00","00","1122929","1852961","128.87557633","36.66665819"
"2012","2012-05-23 15:00","17","주간","수","1","2","0","1","0","충남","천안시","차대차","정면충돌","정면충돌","운전자법규위반","교차로 통행방법 위반","교차로","교차로내","화물차","중형","화물차","소형","984421","1863310","127.32543749","36.76776971"
"2012","2012-05-22 22:00","46","야간","화","1","1","0","0","0","경기","연천군","차대사람","횡단중","횡단중","운전자법규위반","보행자 보호의무 위반","단일로","횡단보도상","승용차","중형","보행자","보행자","965488","2020173","127.10594228","38.18115323"
"2012","2012-05-23 15:00","55","주간","수","1","2","1","0","0","경남","의령군","차대차","측면직각충돌","측면직각충돌","운전자법규위반","중앙선 침범","교차로","교차로내","건설기계","건설기계","이륜차","소형","1067997","1703108","128.24808728","35.3212225"
"2012","2012-05-27 16:00","35","주간","일","1","1","0","0","0","전북","부안군","차대차","측면직각충돌","측면직각충돌","운전자법규위반","안전운전 의무 불이행","교차로","교차로내","원동기장치자전거","원동기장치자전거","승용차","중형","933236","1742206","126.76226089","35.67381136"
"2012","2012-05-27 00:00","52","야간","일","1","2","1","0","0","경기","안성시","차량단독","공작물충돌","공작물충돌","운전자법규위반","안전운전 의무 불이행","단일로","기타단일로","승용차","중형","00","00","974994","1901591","127.21854269","37.11264856"
"2012","2012-05-26 01:00","20","야간","토","1","1","0","0","0","경기","연천군","차대차","정면충돌","정면충돌","운전자법규위반","중앙선 침범","단일로","기타단일로","승용차","중형","승용차","소형","965368","2004248","127.10534512","38.03762428"
"2012","2012-05-29 21:00","15","야간","화","1","1","0","0","0","울산","중구","차대차","측면직각충돌","측면직각충돌","운전자법규위반","안전운전 의무 불이행","단일로","기타단일로","승합차","대형","자전거","자전거","1166924","1731745","129.34197979","35.56767473"
"2012","2012-06-06 19:00","30","야간","수","1","1","0","0","0","서울","구로구","차대차","측면직각충돌","측면직각충돌","운전자법규위반","신호위반","교차로","교차로내","이륜차","중형","승합차","대형","945667","1945484","126.8852497","37.50703249"
"2012","2012-06-15 02:00","05","야간","금","1","1","0","0","0","인천","부평구","차대사람","기타","기타","운전자법규위반","안전운전 의무 불이행","단일로","기타단일로","승용차","중형","보행자","보행자","930063","1942835","126.70896393","37.48210684"
"2012","2012-06-15 12:00","40","주간","금","1","3","2","0","0","강원","춘천시","차대차","측면직각충돌","측면직각충돌","운전자법규위반","신호위반","교차로","교차로내","승용차","소형","승용차","중형","1020438","1983020","127.73230331","37.84672984"
"2012","2012-04-24 10:00","00","주간","화","1","1","0","0","0","경북","영덕군","차대차","정면충돌","정면충돌","운전자법규위반","중앙선 침범","단일로","기타단일로","승용차","소형","이륜차","소형","1161605","1827475","129.3028467","36.43122963"
"2012","2012-05-05 02:00","55","야간","토","1","2","0","1","0","경기","양주시","차대차","기타","기타","운전자법규위반","안전운전 의무 불이행","단일로","기타단일로","승용차","중형","이륜차","소형","960935","1979115","127.05529613","37.81270776"
"2012","2012-05-04 08:00","45","주간","금","1","1","0","0","0","대구","달성군","차량단독","기타","기타","운전자법규위반","안전운전 의무 불이행","단일로","기타단일로","이륜차","사발이","00","00","1086593","1763323","128.45910736","35.86264001"
"2012","2012-05-03 18:00","15","야간","목","1","1","0","0","0","부산","수영구","차대사람","횡단중","횡단중","운전자법규위반","안전운전 의무 불이행","교차로","교차로부근","승합차","소형","보행자","보행자","1147321","1685388","129.11739007","35.15295697"
"2012","2012-05-03 01:00","11","야간","목","1","4","0","3","0","경기","안양시","차대차","정면충돌","정면충돌","운전자법규위반","신호위반","교차로","교차로내","이륜차","소형","승용차","중형","949238","1932191","126.92137171","37.39317462"
"2012","2012-05-07 14:00","50","주간","월","1","1","0","0","0","강원","화천군","차량단독","공작물충돌","공작물충돌","운전자법규위반","안전운전 의무 불이행","단일로","기타단일로","승용차","소형","00","00","1021125","2015779","127.74107628","38.14196544"
"2012","2012-05-12 22:00","55","야간","토","1","1","0","0","0","울산","중구","차대사람","기타","기타","운전자법규위반","안전운전 의무 불이행","교차로","교차로내","승합차","대형","보행자","보행자","1167456","1733190","129.34814678","35.58060708"
"2012","2012-05-14 21:00","30","야간","월","1","1","0","0","0","강원","춘천시","차대사람","기타","기타","운전자법규위반","안전운전 의무 불이행","단일로","기타단일로","승용차","중형","보행자","보행자","1010801","1980665","127.62273197","37.82566905"
"2012","2012-05-14 18:00","38","야간","월","1","2","1","0","0","부산","강서구","차대차","추돌","주정차중 추돌","운전자법규위반","안전운전 의무 불이행","교차로","교차로부근","화물차","소형","화물차","소형","1129348","1680872","128.91942107","35.11472089"
"2012","2012-05-22 23:00","40","야간","화","1","1","0","0","0","충남","당진시","차량단독","공작물충돌","공작물충돌","운전자법규위반","안전운전 의무 불이행","단일로","기타단일로","화물차","소형","00","00","928652","1885486","126.69849492","36.96510099"
"2012","2012-05-22 15:00","33","주간","화","1","1","0","0","0","충북","충주시","차대차","정면충돌","정면충돌","운전자법규위반","안전운전 의무 불이행","단일로","기타단일로","특수차","대형","화물차","소형","1035463","1881556","127.89821112","36.93171171"
"2012","2012-05-22 06:00","20","주간","화","1","2","1","0","0","전북","정읍시","차량단독","도로이탈","도로이탈 추락","운전자법규위반","안전운전 의무 불이행","단일로","기타단일로","승용차","중형","00","00","940021","1730590","126.83809372","35.56951859"
"2012","2012-05-22 12:00","05","주간","화","1","1","0","0","0","충남","당진시","차대차","측면직각충돌","측면직각충돌","운전자법규위반","교차로 통행방법 위반","교차로","교차로내","농기계","농기계","화물차","소형","937147","1871630","126.79429418","36.83353104"
"2012","2012-05-29 08:00","55","주간","화","1","1","0","0","0","경기","수원시","차대사람","횡단중","횡단중","운전자법규위반","안전운전 의무 불이행","단일로","기타단일로","승합차","대형","보행자","보행자","950965","1919593","126.94729245","37.27388368"
"2012","2012-05-28 07:00","40","주간","월","1","2","1","0","0","대구","동구","차량단독","공작물충돌","공작물충돌","운전자법규위반","안전운전 의무 불이행","교차로","교차로내","화물차","소형","00","00","1109109","1774080","128.71034468","35.95861282"
"2012","2012-05-25 10:00","15","주간","금","1","1","0","0","0","경북","울진군","차대사람","차도통행중","차도통행중","운전자법규위반","안전운전 의무 불이행","단일로","기타단일로","화물차","중형","보행자","보행자","1173022","1855140","129.43636133","36.6784994"
"2012","2012-05-30 20:00","10","야간","수","1","1","0","0","0","경북","칠곡군","차대사람","기타","기타","운전자법규위반","안전운전 의무 불이행","단일로","횡단보도상","승용차","대형","보행자","보행자","1094952","1775738","128.55316124","35.97378084"
"2012","2012-05-30 04:00","30","야간","수","2","2","0","0","0","경북","김천시","차대사람","차도통행중","차도통행중","운전자법규위반","안전운전 의무 불이행","단일로","기타단일로","승용차","중형","보행자","보행자","1055607","1792973","128.11801007","36.13219688"
"2012","2012-06-06 10:00","00","주간","수","1","1","0","0","0","경기","화성시","차대사람","횡단중","횡단중","운전자법규위반","과속","단일로","횡단보도상","승용차","대형","보행자","보행자","962362","1910574","127.06810859","37.20635749"
"2012","2012-06-05 11:00","10","주간","화","1","1","0","0","0","충남","서천군","차량단독","전도전복","전도전복","운전자법규위반","안전운전 의무 불이행","기타/불명","기타/불명","이륜차","대형","00","00","918918","1794670","126.59871521","36.14569942"
"2012","2012-06-05 17:00","14","주간","화","1","1","0","0","0","부산","강서구","차대차","추돌","진행중 추돌","운전자법규위반","안전운전 의무 불이행","단일로","기타단일로","화물차","중형","화물차","중형","1132266","1684603","128.94548381","35.13409538"
"2012","2012-06-04 18:00","10","야간","월","1","1","0","0","0","서울","금천구","차대사람","횡단중","횡단중","운전자법규위반","안전운전 의무 불이행","단일로","기타단일로","화물차","중형","보행자","보행자","947035","1939681","126.90114473","37.45480842"
"2012","2012-06-04 14:00","25","주간","월","1","2","0","1","0","경기","용인시","차대차","추돌","진행중 추돌","운전자법규위반","안전운전 의무 불이행","단일로","기타단일로","화물차","소형","화물차","소형","963674","1913826","127.09053733","37.22256326"
"2012","2012-06-10 13:00","20","주간","일","1","1","0","0","0","충남","서산시","차량단독","공작물충돌","공작물충돌","운전자법규위반","안전운전 의무 불이행","단일로","기타단일로","승용차","소형","00","00","905627","1871235","126.44164872","36.83462866"
"2012","2012-06-09 00:00","20","야간","토","1","1","0","0","0","전남","보성군","차량단독","전도전복","전도전복","운전자법규위반","안전운전 의무 불이행","단일로","기타단일로","승용차","소형","00","00","961102","1641248","127.07494141","34.76498001"
"2012","2012-06-14 05:00","36","야간","목","1","1","0","0","0","서울","구로구","차대사람","횡단중","횡단중","운전자법규위반","안전운전 의무 불이행","단일로","기타단일로","승합차","대형","보행자","보행자","943105","1944438","126.85634455","37.49745038"
"2012","2012-06-13 23:00","20","야간","수","1","1","0","0","0","충남","부여군","차량단독","도로이탈","도로이탈 기타","운전자법규위반","안전운전 의무 불이행","기타/불명","기타/불명","이륜차","소형","00","00","944278","1797885","126.8803636","36.17647286"
"2012","2012-06-15 00:00","15","야간","금","1","2","1","0","0","경남","창원시(통합)","차대사람","횡단중","횡단중","운전자법규위반","신호위반","교차로","교차로부근","승용차","중형","보행자","보행자","1097707","1689838","128.57332768","35.19912341"
"2012","2012-06-14 13:00","45","주간","토","1","1","0","0","0","충북","제천시","차대사람","기타","기타","운전자법규위반","안전운전 의무 불이행","단일로","기타단일로","화물차","소형","보행자","보행자","1062220","1903829","128.20048875","37.13108684"
"2012","2012-06-13 19:00","30","야간","수","1","1","0","0","0","경남","거제시","차대차","측면직각충돌","측면직각충돌","운전자법규위반","신호위반","교차로","교차로내","화물차","경형","이륜차","중형","1101321","1655450","128.60882396","34.88873396"
"2012","2012-04-26 21:00","00","야간","목","1","1","0","0","0","전남","나주시","차량단독","공작물충돌","공작물충돌","운전자법규위반","안전운전 의무 불이행","기타/불명","기타/불명","화물차","소형","00","00","935243","1664202","126.79060668","34.97064074"
"2012","2012-04-25 13:00","50","주간","수","1","1","0","0","0","경남","창원시(통합)","차대차","측면직각충돌","측면직각충돌","운전자법규위반","교차로 통행방법 위반","교차로","교차로내","승용차","중형","승합차","대형","1101198","1696103","128.61244131","35.25525893"
"2012","2012-04-25 20:00","15","야간","수","1","1","0","0","0","경남","거제시","차대차","기타","기타","운전자법규위반","안전운전 의무 불이행","기타/불명","기타/불명","승용차","소형","승용차","소형","1095793","1657332","128.54889796","34.9058843"
"2012","2012-04-24 19:00","55","야간","화","1","1","0","0","0","충남","예산군","차대차","추돌","진행중 추돌","운전자법규위반","안전운전 의무 불이행","단일로","기타단일로","승용차","중형","자전거","자전거","940333","1858573","126.83182152","36.72331912"
"2012","2012-04-24 17:00","27","주간","화","1","1","0","0","0","경남","창녕군","차대차","정면충돌","정면충돌","운전자법규위반","중앙선 침범","단일로","기타단일로","승용차","소형","원동기장치자전거","원동기장치자전거","1091627","1718557","128.50976245","35.45861457"
"2012","2012-05-01 12:00","00","주간","화","1","1","0","0","0","강원","원주시","차량단독","공작물충돌","공작물충돌","운전자법규위반","안전운전 의무 불이행","단일로","기타단일로","승용차","소형","00","00","1055390","1917191","128.12459054","37.25195601"
"2012","2012-04-28 16:00","05","주간","토","1","1","0","0","0","강원","강릉시","차대사람","횡단중","횡단중","운전자법규위반","안전운전 의무 불이행","단일로","기타단일로","승용차","중형","보행자","보행자","1116560","1988433","128.82556525","37.88828288"
"2012","2012-05-01 09:00","30","주간","화","1","1","0","0","0","경기","파주시","차량단독","공작물충돌","공작물충돌","운전자법규위반","안전운전 의무 불이행","교차로","교차로부근","승용차","중형","00","00","934808","1969052","126.76029313","37.71874154"
"2012","2012-05-03 12:00","10","주간","목","1","1","0","0","0","전남","장성군","차량단독","기타","기타","운전자법규위반","안전운전 의무 불이행","단일로","기타단일로","이륜차","사발이","00","00","931844","1701386","126.75681193","35.30400372"
"2012","2012-05-11 18:00","30","야간","금","1","1","0","0","0","제주","제주시","차대사람","횡단중","횡단중","운전자법규위반","보행자 보호의무 위반","단일로","횡단보도상","승용차","중형","보행자","보행자","907094","1500216","126.49991574","33.48975699"
"2012","2012-05-12 01:00","41","야간","토","1","4","2","0","1","경기","시흥시","차대차","추돌","진행중 추돌","운전자법규위반","안전운전 의무 불이행","단일로","기타단일로","승용차","경형","승용차","소형","937050","1935460","126.78861562","37.41613828"
"2012","2012-05-12 10:00","40","주간","토","1","1","0","0","0","제주","제주시","차량단독","기타","기타","운전자법규위반","안전운전 의무 불이행","단일로","기타단일로","화물차","소형","00","00","877356","1485557","126.18186616","33.35457493"
"2012","2012-05-13 13:00","32","주간","일","1","1","0","0","0","전북","진안군","차량단독","공작물충돌","공작물충돌","운전자법규위반","안전운전 의무 불이행","단일로","기타단일로","승용차","중형","00","00","986693","1759702","127.35266252","35.83373061"
"2012","2012-05-13 01:00","05","야간","일","1","1","0","0","0","대구","서구","차대사람","횡단중","횡단중","운전자법규위반","안전운전 의무 불이행","단일로","횡단보도상","승용차","중형","보행자","보행자","1096707","1763652","128.57115367","35.86465937"
"2012","2012-05-11 08:00","30","주간","금","1","1","0","0","0","경기","고양시","차대차","측면직각충돌","측면직각충돌","운전자법규위반","안전운전 의무 불이행","단일로","기타단일로","원동기장치자전거","원동기장치자전거","화물차","소형","947178","1965383","126.90090878","37.68647043"
"2012","2012-05-16 20:00","25","야간","수","1","1","0","0","0","광주","북구","차대사람","횡단중","횡단중","운전자법규위반","안전운전 의무 불이행","단일로","횡단보도부근","승용차","대형","보행자","보행자","944908","1686024","126.89442274","35.16813772"
"2012","2012-05-16 18:00","30","야간","수","1","1","0","0","0","경남","진주시","차대사람","횡단중","횡단중","운전자법규위반","안전운전 의무 불이행","교차로","교차로부근","승합차","중형","보행자","보행자","1051283","1688867","128.06332373","35.19381467"
"2012","2012-05-16 16:00","15","주간","수","1","2","1","0","0","경북","칠곡군","차대차","추돌","진행중 추돌","운전자법규위반","안전운전 의무 불이행","단일로","기타단일로","화물차","중형","이륜차","소형","1089824","1768398","128.49546171","35.90809888"
"2012","2012-05-20 21:00","11","야간","일","1","1","0","0","0","경기","용인시","차대사람","기타","기타","운전자법규위반","기타(운전자법규위반)","단일로","기타단일로","승용차","중형","보행자","보행자","968144","1917544","127.1407627","37.25624036"
"2012","2012-05-22 19:00","10","야간","화","1","1","0","0","0","경북","상주시","차량단독","도로이탈","도로이탈 추락","운전자법규위반","안전운전 의무 불이행","단일로","기타단일로","원동기장치자전거","원동기장치자전거","00","00","1057354","1842158","128.14105029","36.5754904"
"2012","2012-05-22 17:00","05","주간","화","1","1","0","0","0","서울","영등포구","차대사람","횡단중","횡단중","운전자법규위반","안전운전 의무 불이행","단일로","기타단일로","승합차","대형","보행자","보행자","946594","1947104","126.89561996","37.5216879"
"2012","2012-05-29 13:00","00","주간","화","1","1","0","0","0","경기","군포시","차대사람","횡단중","횡단중","운전자법규위반","안전운전 의무 불이행","단일로","횡단보도부근","승용차","중형","보행자","보행자","951146","1927311","126.94844194","37.34353903"
"2012","2012-06-01 20:00","38","야간","금","1","1","0","0","0","대구","달성군","차대사람","횡단중","횡단중","운전자법규위반","안전운전 의무 불이행","단일로","기타단일로","화물차","소형","보행자","보행자","1085610","1744173","128.44617327","35.69008832"
"2012","2012-06-01 20:00","20","야간","금","1","1","0","0","0","서울","금천구","차대사람","횡단중","횡단중","운전자법규위반","안전운전 의무 불이행","단일로","기타단일로","승용차","중형","보행자","보행자","948184","1939149","126.91417281","37.45007848"
"2012","2012-06-04 20:00","54","야간","월","1","1","0","0","0","전남","담양군","차량단독","공작물충돌","공작물충돌","운전자법규위반","안전운전 의무 불이행","단일로","기타단일로","승용차","경형","00","00","947149","1700596","126.92026465","35.29738671"
"2012","2012-06-05 01:00","11","야간","화","1","1","0","0","0","충북","청원군","차량단독","공작물충돌","공작물충돌","운전자법규위반","안전운전 의무 불이행","단일로","기타단일로","승용차","중형","00","00","985153","1846340","127.33396874","36.61479927"
"2012","2012-06-09 22:00","35","야간","토","1","1","0","0","0","충북","영동군","차대차","추돌","진행중 추돌","운전자법규위반","안전운전 의무 불이행","단일로","기타단일로","승용차","중형","농기계","농기계","1037972","1803347","127.92252444","36.2265738"
"2012","2012-06-10 15:00","35","주간","일","1","1","0","0","0","제주","서귀포시","차량단독","공작물충돌","공작물충돌","운전자법규위반","안전운전 의무 불이행","단일로","기타단일로","이륜차","대형","00","00","916122","1480564","126.5989178","33.31326816"
"2012","2012-06-08 17:00","50","주간","금","1","1","0","0","0","서울","강남구","차대사람","기타","기타","운전자법규위반","안전운전 의무 불이행","단일로","기타단일로","승합차","대형","보행자","보행자","958722","1943119","127.03308793","37.48639224"
"2012","2012-06-15 13:00","10","주간","금","1","1","0","0","0","서울","송파구","차대차","기타","기타","운전자법규위반","안전운전 의무 불이행","교차로","교차로부근","승합차","대형","자전거","자전거","965864","1946808","127.11370083","37.51993452"
"2012","2012-06-14 11:00","30","주간","월","1","1","0","0","0","경기","시흥시","차대차","기타","기타","운전자법규위반","교차로 통행방법 위반","교차로","교차로내","승용차","중형","이륜차","중형","937277","1937804","126.78936263","37.43634224"
"2012","2012-04-25 20:00","18","야간","수","1","1","0","0","0","전남","보성군","차대사람","기타","기타","운전자법규위반","안전운전 의무 불이행","단일로","기타단일로","승용차","중형","보행자","보행자","960714","1640526","127.07073534","34.75845447"
"2012","2012-04-25 06:00","27","주간","수","1","1","0","0","0","울산","중구","차대차","추돌","진행중 추돌","운전자법규위반","안전거리 미확보","교차로","교차로부근","승용차","중형","승합차","중형","1165327","1730216","129.32405282","35.55416329"
"2012","2012-04-24 13:00","35","주간","화","1","1","0","0","0","인천","부평구","차대사람","차도통행중","차도통행중","운전자법규위반","안전운전 의무 불이행","교차로","교차로부근","승용차","중형","보행자","보행자","929657","1943920","126.70402969","37.49197048"
"2012","2012-04-28 06:00","37","주간","토","1","1","0","0","0","강원","영월군","차량단독","공작물충돌","공작물충돌","운전자법규위반","안전운전 의무 불이행","단일로","기타단일로","승용차","중형","00","00","1082217","1912741","128.42657686","37.20986664"
"2012","2012-04-29 17:00","00","주간","일","1","1","0","0","0","광주","남구","차대사람","횡단중","횡단중","운전자법규위반","안전운전 의무 불이행","단일로","기타단일로","승용차","경형","보행자","보행자","944381","1683696","126.88939799","35.14695854"
"2012","2012-04-28 20:00","50","야간","토","1","2","1","0","0","경남","밀양시","차대사람","차도통행중","차도통행중","운전자법규위반","안전운전 의무 불이행","단일로","기타단일로","승용차","중형","보행자","보행자","1130562","1726903","128.94007931","35.5294931"
"2012","2012-04-29 06:00","00","주간","일","1","1","0","0","0","충남","천안시","차대사람","기타","기타","운전자법규위반","안전운전 의무 불이행","교차로","교차로내","승용차","소형","보행자","보행자","969601","1866934","127.15923697","36.8000791"
"2012","2012-05-01 21:00","43","야간","화","1","1","0","0","0","경북","구미시","차대사람","기타","기타","운전자법규위반","안전운전 의무 불이행","단일로","기타단일로","화물차","경형","보행자","보행자","1077573","1788448","128.36167071","36.08989686"
"2012","2012-05-12 17:00","50","주간","토","1","4","2","1","0","충북","청원군","차대차","측면직각충돌","측면직각충돌","운전자법규위반","중앙선 침범","단일로","기타단일로","승용차","중형","승용차","중형","994228","1856692","127.43537472","36.7082201"
"2012","2012-05-11 13:00","05","주간","금","1","1","0","0","0","충북","청주시","차대차","측면직각충돌","측면직각충돌","운전자법규위반","안전운전 의무 불이행","교차로","교차로부근","승용차","중형","자전거","자전거","998394","1845481","127.48196387","36.60723278"
"2012","2012-05-17 16:00","45","주간","목","1","1","0","0","0","강원","양양군","차량단독","전도전복","전도전복","운전자법규위반","안전운전 의무 불이행","단일로","기타단일로","농기계","농기계","00","00","1096625","2005439","128.60118578","38.04386326"
"2012","2012-05-14 23:00","20","야간","월","1","1","0","0","0","충남","보령시","차량단독","공작물충돌","공작물충돌","운전자법규위반","안전운전 의무 불이행","단일로","교량위","화물차","경형","00","00","917865","1803613","126.58607553","36.22622757"
"2012","2012-05-15 05:00","50","야간","화","1","1","0","0","0","경북","칠곡군","차량단독","공작물충돌","공작물충돌","운전자법규위반","안전운전 의무 불이행","단일로","기타단일로","화물차","중형","00","00","1076547","1783325","128.3497783","36.04379519"
"2012","2012-05-20 09:00","58","주간","일","1","1","0","0","0","전남","순천시","차대차","측면직각충돌","측면직각충돌","운전자법규위반","신호위반","교차로","교차로내","이륜차","소형","승용차","중형","1003016","1657974","127.55556874","34.89839555"
"2012","2012-05-21 05:00","30","야간","월","1","1","0","0","0","전남","순천시","차량단독","도로이탈","도로이탈 추락","운전자법규위반","안전운전 의무 불이행","교차로","교차로부근","승용차","경형","00","00","1000013","1660514","127.50014236","34.93945619"
"2012","2012-05-21 14:00","20","주간","월","1","1","0","0","0","경북","영천시","차대차","정면충돌","정면충돌","운전자법규위반","중앙선 침범","교차로","교차로부근","승합차","중형","화물차","소형","1132972","1782833","128.97594434","36.03328624"
"2012","2012-05-19 16:00","25","주간","토","1","1","0","0","0","경남","진주시","차대사람","기타","기타","운전자법규위반","안전운전 의무 불이행","교차로","교차로내","화물차","소형","보행자","보행자","1056909","1688001","128.12506023","35.18570305"
"2012","2012-05-18 08:00","45","주간","금","1","1","0","0","0","광주","광산구","차대사람","횡단중","횡단중","운전자법규위반","안전운전 의무 불이행","단일로","기타단일로","승용차","중형","보행자","보행자","937066","1685884","126.8089298","35.16625548"
"2012","2012-05-23 18:00","00","야간","수","1","1","0","0","0","대전","유성구","차대사람","횡단중","횡단중","운전자법규위반","안전운전 의무 불이행","교차로","교차로내","승용차","중형","보행자","보행자","984828","1816803","127.33091391","36.34851287"
"2012","2012-05-24 08:00","41","주간","목","1","1","0","0","0","경기","여주시","차대차","측면직각충돌","측면직각충돌","운전자법규위반","중앙선 침범","단일로","횡단보도상","승용차","중형","자전거","자전거","1011606","1923634","127.63714306","37.3145757"
"2012","2012-04-26 14:00","00","주간","수","1","1","0","0","0","전북","군산시","차대차","기타","기타","운전자법규위반","안전운전 의무 불이행","단일로","기타단일로","승용차","중형","이륜차","소형","927625","1774355","126.69735251","35.96324949"
"2012","2012-04-23 21:00","00","야간","월","1","1","0","0","0","경북","경산시","차량단독","전도전복","전도전복","운전자법규위반","안전운전 의무 불이행","단일로","기타단일로","화물차","소형","00","00","1115756","1751891","128.78039906","35.75657987"