"발생년","발생년월일시","발생분","주야","요일","사망자수","사상자수","중상자수","경상자수","부상신고자수","발생지시도","발생지시군구","사고유형_대분류","사고유형_중분류","사고유형","법규위반_대분류","법규위반","도로형태_대분류","도로형태","당사자종별_1당_대분류","당사자종별_1당","당사자종별_2당_대분류","당사자종별_2당","발생위치X_UTMK","발생위치Y_UTMK","경도","위도"
"2012","2012-05-01 21:00","35","야간","화","1","1","0","0","0","충북","제천시","차대사람","횡단중","횡단중","운전자법규위반","안전운전 의무 불이행","단일로","기타단일로","화물차","대형","보행자","보행자","1054242","1904066","128.11069253","37.1337198"
"2012","2012-04-30 15:00","30","주간","월","1","5","0","4","0","경기","화성시","차대차","추돌","주정차중 추돌","운전자법규위반","안전운전 의무 불이행","단일로","기타단일로","화물차","중형","화물차","대형","946792","1900457","126.89143189","37.1664698"
"2012","2012-04-28 09:00","40","주간","토","1","1","0","0","0","전북","김제시","차대차","측면직각충돌","측면직각충돌","운전자법규위반","부당한 회전","교차로","교차로내","자전거","자전거","승합차","소형","944910","1756469","126.8902712","35.80312535"
"2012","2012-04-28 05:00","02","야간","토","1","1","0","0","0","서울","은평구","차량단독","공작물충돌","공작물충돌","운전자법규위반","안전운전 의무 불이행","단일로","기타단일로","이륜차","소형","00","00","948987","1954245","126.92239531","37.58619605"
"2012","2012-05-04 11:00","50","주간","금","1","1","0","0","0","강원","원주시","차대사람","횡단중","횡단중","운전자법규위반","안전운전 의무 불이행","단일로","기타단일로","승용차","소형","보행자","보행자","1038127","1927333","127.93045572","37.34423997"
"2012","2012-05-02 14:00","35","주간","수","1","1","0","0","0","경기","파주시","차량단독","기타","기타","운전자법규위반","안전운전 의무 불이행","단일로","기타단일로","원동기장치자전거","원동기장치자전거","00","00","951331","1993154","126.94614216","37.93699388"
"2012","2012-05-02 11:00","30","주간","수","1","1","0","0","0","전남","영암군","차대사람","횡단중","횡단중","운전자법규위반","안전운전 의무 불이행","단일로","기타단일로","화물차","소형","보행자","보행자","927051","1645250","126.70252574","34.79919822"
"2012","2012-05-02 06:00","22","주간","수","1","1","0","0","0","서울","중랑구","차대사람","횡단중","횡단중","운전자법규위반","안전운전 의무 불이행","단일로","기타단일로","승용차","중형","보행자","보행자","962499","1955001","127.07520281","37.59365006"
"2012","2012-05-07 16:00","30","주간","월","1","1","0","0","0","충남","예산군","차대차","추돌","진행중 추돌","운전자법규위반","안전운전 의무 불이행","단일로","기타단일로","화물차","소형","자전거","자전거","929737","1861758","126.71287895","36.75130343"
"2012","2012-05-05 20:00","20","야간","토","1","1","0","0","0","경남","창녕군","차대사람","차도통행중","차도통행중","운전자법규위반","안전운전 의무 불이행","단일로","기타단일로","승용차","소형","보행자","보행자","1092188","1715883","128.51587338","35.43540942"
"2012","2012-05-11 08:00","50","주간","금","1","1","0","0","0","경남","김해시","차대차","측면직각충돌","측면직각충돌","운전자법규위반","신호위반","교차로","교차로내","이륜차","중형","승용차","중형","1126251","1692213","128.88717988","35.21734802"
"2012","2012-05-16 08:00","43","주간","수","1","2","0","1","0","전남","순천시","차대차","정면충돌","정면충돌","운전자법규위반","중앙선 침범","단일로","기타단일로","승용차","소형","특수차","대형","1005826","1655206","127.52095197","34.90971449"
"2012","2012-05-13 17:00","00","주간","일","1","1","0","0","0","제주","서귀포시","차량단독","기타","기타","운전자법규위반","안전운전 의무 불이행","단일로","기타단일로","원동기장치자전거","원동기장치자전거","00","00","894933","1483095","126.37102946","33.33423395"
"2012","2012-05-20 21:00","35","야간","일","1","1","0","0","0","전북","전주시","차량단독","전도전복","전도전복","운전자법규위반","안전운전 의무 불이행","단일로","기타단일로","화물차","소형","00","00","963849","1764443","127.09951855","35.87589898"
"2012","2012-05-18 08:00","41","주간","금","1","2","1","0","0","경북","경산시","차대차","정면충돌","정면충돌","운전자법규위반","안전운전 의무 불이행","단일로","기타단일로","승용차","경형","승용차","중형","1115019","1763937","128.77398219","35.86524896"
"2012","2012-05-19 01:00","16","야간","토","1","1","0","0","0","서울","영등포구","차대차","기타","기타","운전자법규위반","안전운전 의무 불이행","교차로","교차로내","승용차","경형","승용차","중형","949287","1947672","126.9260552","37.5269594"
"2012","2012-05-24 10:00","25","주간","목","1","1","0","0","0","경남","거창군","차량단독","공작물충돌","공작물충돌","운전자법규위반","안전운전 의무 불이행","교차로","교차로내","이륜차","소형","00","00","1038531","1746653","127.92598948","35.71541352"
"2012","2012-05-25 14:00","20","주간","금","1","1","0","0","0","전북","고창군","차대차","추돌","진행중 추돌","운전자법규위반","안전운전 의무 불이행","단일로","기타단일로","승용차","중형","자전거","자전거","930365","1726863","126.73186222","35.53528455"
"2012","2012-05-24 15:00","00","주간","목","1","1","0","0","0","충남","천안시","차대사람","보도통행중","보도통행중","운전자법규위반","안전운전 의무 불이행","교차로","교차로부근","화물차","소형","보행자","보행자","966807","1867597","127.12788879","36.80596188"
"2012","2012-05-25 20:00","30","야간","금","1","1","0","0","0","경기","연천군","차대차","추돌","진행중 추돌","운전자법규위반","안전운전 의무 불이행","단일로","교량위","승용차","대형","농기계","농기계","963236","2010817","127.07210828","38.08779912"
"2012","2012-05-21 20:00","05","야간","월","1","1","0","0","0","울산","울주군","차대사람","차도통행중","차도통행중","운전자법규위반","안전운전 의무 불이행","단일로","기타단일로","승용차","대형","보행자","보행자","1163344","1723261","129.2996294","35.4929746"
"2012","2012-05-29 20:00","35","야간","화","1","1","0","0","0","경북","청도군","차대차","추돌","진행중 추돌","운전자법규위반","안전운전 의무 불이행","단일로","기타단일로","승용차","대형","자전거","자전거","1105424","1740799","128.66468152","35.65775302"
"2012","2012-05-27 00:00","20","야간","일","1","1","0","0","0","경기","포천시","차량단독","공작물충돌","공작물충돌","운전자법규위반","기타(운전자법규위반)","단일로","기타단일로","이륜차","중형","00","00","971340","1982232","127.17427585","37.83940617"
"2012","2012-06-01 10:00","30","주간","금","1","1","0","0","0","충남","천안시","차량단독","기타","기타","운전자법규위반","안전운전 의무 불이행","교차로","교차로부근","원동기장치자전거","원동기장치자전거","00","00","970030","1883425","127.16339417","36.94875032"
"2012","2012-05-31 19:00","12","야간","목","1","1","0","0","0","대전","중구","차대차","정면충돌","정면충돌","운전자법규위반","중앙선 침범","단일로","기타단일로","원동기장치자전거","원동기장치자전거","화물차","소형","993571","1812938","127.42838305","36.31376634"
"2012","2012-05-30 11:00","10","주간","수","1","1","0","0","0","경기","안산시","차대차","측면직각충돌","측면직각충돌","운전자법규위반","안전거리 미확보","단일로","기타단일로","자전거","자전거","화물차","소형","942891","1926277","126.85532826","37.33374804"
"2012","2012-06-05 23:00","00","야간","화","1","3","1","1","0","서울","서대문구","차대차","정면충돌","정면충돌","운전자법규위반","중앙선 침범","단일로","기타단일로","원동기장치자전거","원동기장치자전거","승합차","대형","950923","1954517","126.94358745","37.58917313"
"2012","2012-06-04 11:00","35","주간","월","1","1","0","0","0","서울","강남구","차대차","측면직각충돌","측면직각충돌","운전자법규위반","안전거리 미확보","단일로","기타단일로","이륜차","중형","이륜차","소형","961616","1945037","127.06521974","37.50459615"
"2012","2012-06-03 14:00","50","주간","일","2","6","1","3","0","전북","완주군","차대차","측면직각충돌","측면직각충돌","운전자법규위반","교차로 통행방법 위반","교차로","교차로내","승용차","소형","승용차","대형","966177","1768659","127.12512851","35.91399326"
"2012","2012-06-09 12:00","35","주간","토","1","1","0","0","0","제주","제주시","차대차","측면직각충돌","측면직각충돌","운전자법규위반","중앙선 침범","교차로","교차로부근","이륜차","소형","승용차","중형","942636","1503100","126.88229656","33.51826516"
"2012","2012-06-10 13:00","30","주간","일","1","1","0","0","0","전북","고창군","차량단독","도로이탈","도로이탈 기타","운전자법규위반","안전운전 의무 불이행","단일로","기타단일로","화물차","소형","00","00","913646","1714772","126.54876921","35.42546799"
"2012","2012-06-10 16:00","35","주간","일","1","1","0","0","0","경북","문경시","차대사람","기타","기타","운전자법규위반","안전운전 의무 불이행","단일로","기타단일로","화물차","소형","보행자","보행자","1065223","1839385","128.22876185","36.54998819"
"2012","2012-06-08 20:00","43","야간","금","1","1","0","0","0","서울","성동구","차대차","기타","기타","운전자법규위반","중앙선 침범","단일로","기타단일로","승용차","소형","원동기장치자전거","원동기장치자전거","962224","1951161","127.05768208","37.53377212"
"2012","2012-06-08 00:00","23","야간","금","1","1","0","0","0","인천","중구","차대사람","기타","기타","운전자법규위반","안전운전 의무 불이행","교차로","교차로내","승용차","중형","보행자","보행자","922961","1941513","126.62878181","37.46962701"
"2012","2012-04-26 07:00","10","주간","목","1","1","0","0","0","부산","진구","차대사람","횡단중","횡단중","운전자법규위반","보행자 보호의무 위반","단일로","기타단일로","화물차","소형","보행자","보행자","1142147","1686718","129.06083451","35.16569028"
"2012","2012-04-26 08:00","40","주간","목","1","1","0","0","0","강원","강릉시","차대차","기타","기타","운전자법규위반","안전운전 의무 불이행","단일로","기타단일로","화물차","소형","이륜차","중형","1116170","1984798","128.82054625","37.85557886"
"2012","2012-04-30 22:00","05","야간","월","1","1","0","0","0","전남","해남군","차대차","추돌","진행중 추돌","운전자법규위반","안전운전 의무 불이행","단일로","기타단일로","승용차","중형","농기계","농기계","914992","1617731","126.57347921","34.55013143"
"2012","2012-04-29 01:00","35","야간","일","2","4","2","0","0","경기","이천시","차량단독","공작물충돌","공작물충돌","운전자법규위반","안전운전 의무 불이행","교차로","교차로부근","승용차","경형","00","00","997397","1924617","127.46997792","37.32031212"
"2012","2012-04-27 22:00","10","야간","금","1","1","0","0","0","충북","청주시","차대사람","횡단중","횡단중","운전자법규위반","안전운전 의무 불이행","교차로","교차로내","승용차","중형","보행자","보행자","996212","1849487","127.45762389","36.64327759"
"2012","2012-04-29 16:00","40","주간","일","2","8","2","4","0","경북","영덕군","차대차","정면충돌","정면충돌","운전자법규위반","중앙선 침범","단일로","기타단일로","승용차","대형","승용차","소형","1164305","1828316","129.33313202","36.43834904"
"2012","2012-05-04 10:00","20","주간","금","1","1","0","0","0","전남","나주시","차대차","측면직각충돌","측면직각충돌","운전자법규위반","신호위반","단일로","횡단보도상","원동기장치자전거","원동기장치자전거","화물차","대형","928233","1667494","126.71327485","35.00085881"
"2012","2012-05-02 04:00","06","야간","수","1","2","1","0","0","경기","안양시","차대차","측면직각충돌","측면직각충돌","운전자법규위반","안전운전 의무 불이행","교차로","교차로부근","승합차","소형","승용차","중형","951947","1930252","126.95729396","37.37008949"
"2012","2012-05-01 18:00","40","야간","화","1","2","1","0","0","인천","중구","차대사람","횡단중","횡단중","운전자법규위반","신호위반","단일로","횡단보도상","승용차","소형","보행자","보행자","923251","1941034","126.63211093","37.46533407"
"2012","2012-05-09 21:00","05","야간","수","1","1","0","0","0","경남","창원시(통합)","차대차","추돌","진행중 추돌","운전자법규위반","안전운전 의무 불이행","교차로","교차로부근","승용차","중형","화물차","소형","1095587","1685387","128.54952665","35.1591989"
"2012","2012-05-07 07:00","00","주간","월","1","1","0","0","0","전북","진안군","차대차","측면직각충돌","측면직각충돌","운전자법규위반","과속","단일로","기타단일로","승용차","중형","자전거","자전거","1001845","1773564","127.52046033","35.95880036"
"2012","2012-05-12 17:00","04","주간","토","1","1","0","0","0","충남","아산시","차대사람","횡단중","횡단중","운전자법규위반","신호위반","교차로","교차로내","승합차","중형","보행자","보행자","963990","1870142","127.09591892","36.82896209"
"2012","2012-05-12 00:00","50","야간","토","1","1","0","0","0","전남","여수시","차량단독","공작물충돌","공작물충돌","운전자법규위반","안전운전 의무 불이행","단일로","기타단일로","화물차","소형","00","00","1023945","1635120","127.76148725","34.71018009"
"2012","2012-05-10 10:00","15","주간","목","1","37","7","29","0","제주","제주시","차대차","측면직각충돌","측면직각충돌","운전자법규위반","신호위반","교차로","교차로내","건설기계","건설기계","승합차","대형","882417","1488560","126.23585656","33.38222038"
"2012","2012-05-11 11:00","25","주간","금","1","1","0","0","0","강원","홍천군","차대사람","보도통행중","보도통행중","운전자법규위반","기타(운전자법규위반)","단일로","기타단일로","화물차","소형","보행자","보행자","1033747","1965761","127.88277151","37.69077799"
"2012","2012-05-14 16:00","24","주간","월","1","3","2","0","0","전남","고흥군","차대차","정면충돌","정면충돌","운전자법규위반","중앙선 침범","단일로","기타단일로","승합차","소형","승용차","소형","981732","1623069","127.30155086","34.59773719"
"2012","2012-05-20 20:00","20","야간","일","1","1","0","0","0","충남","아산시","차대차","추돌","주정차중 추돌","운전자법규위반","안전운전 의무 불이행","기타/불명","기타/불명","이륜차","중형","화물차","중형","961928","1876643","127.07274041","36.88732254"
"2012","2012-05-23 21:00","30","야간","수","1","1","0","0","0","경기","이천시","차대사람","차도통행중","차도통행중","운전자법규위반","안전운전 의무 불이행","단일로","기타단일로","승용차","중형","보행자","보행자","996170","1920247","127.45679513","37.28114234"
"2012","2012-05-28 11:00","45","주간","월","1","1","0","0","0","경북","군위군","차대차","정면충돌","정면충돌","운전자법규위반","중앙선 침범","단일로","기타단일로","이륜차","소형","승용차","소형","1098346","1798687","128.59366078","36.18031109"
"2012","2012-05-28 16:00","30","주간","월","1","1","0","0","0","경남","창원시(통합)","차대차","정면충돌","정면충돌","운전자법규위반","안전운전 의무 불이행","단일로","기타단일로","화물차","소형","자전거","자전거","1104495","1698382","128.64896797","35.27546605"
"2012","2012-05-28 00:00","40","야간","월","1","6","2","3","0","전북","전주시","차대차","기타","기타","운전자법규위반","신호위반","교차로","교차로내","승용차","경형","승용차","중형","964402","1758148","127.10592546","35.81916378"
"2012","2012-05-29 01:00","58","야간","화","1","1","0","0","0","경기","남양주시","차대차","추돌","주정차중 추돌","운전자법규위반","안전운전 의무 불이행","교차로","교차로부근","원동기장치자전거","원동기장치자전거","화물차","중형","973040","1970233","127.19404246","37.73130983"
"2012","2012-07-05 22:00","20","야간","목","1","3","1","1","0","경북","문경시","차대차","추돌","진행중 추돌","운전자법규위반","안전운전 의무 불이행","단일로","기타단일로","화물차","중형","화물차","소형","1054894","1856282","128.11448769","36.70288359"
"2012","2012-07-22 15:00","55","주간","일","1","1","0","0","0","전북","익산시","차대사람","기타","기타","운전자법규위반","안전운전 의무 불이행","기타/불명","기타/불명","승합차","대형","보행자","보행자","964298","1783392","127.10363971","36.04675559"
"2012","2012-09-16 23:00","59","야간","일","1","2","1","0","0","경북","칠곡군","차량단독","도로이탈","도로이탈 기타","운전자법규위반","안전운전 의무 불이행","단일로","기타단일로","승용차","중형","00","00","1091845","1783000","128.51954746","36.03954166"
"2012","2012-10-28 08:00","15","주간","일","1","2","1","0","0","대구","달성군","차대차","추돌","진행중 추돌","운전자법규위반","안전운전 의무 불이행","단일로","기타단일로","승합차","대형","승용차","소형","1084632","1741872","128.4351235","35.66942876"
"2012","2012-10-16 07:00","05","주간","화","1","1","0","0","0","충남","금산군","차대차","추돌","진행중 추돌","운전자법규위반","안전운전 의무 불이행","단일로","기타단일로","승용차","소형","화물차","대형","1001426","1790012","127.51584346","36.10709449"
"2012","2012-12-16 04:00","36","야간","금","1","1","0","0","0","충남","보령시","차량단독","공작물충돌","공작물충돌","운전자법규위반","안전운전 의무 불이행","단일로","기타단일로","승용차","중형","00","00","917637","1809353","126.58293435","36.27795086"
"2012","2012-11-16 18:00","00","야간","화","1","4","0","3","0","경남","김해시","차대차","추돌","주정차중 추돌","운전자법규위반","안전거리 미확보","단일로","기타단일로","승합차","중형","승용차","중형","1115975","1693415","128.77446797","35.22942487"
"2012","2012-12-22 21:00","25","야간","토","1","3","1","1","0","전북","완주군","차대차","기타","기타","운전자법규위반","안전운전 의무 불이행","단일로","기타단일로","화물차","중형","승용차","대형","971512","1763333","127.18444778","35.86614423"
"2012","2012-11-09 02:00","20","야간","금","1","3","0","2","0","경기","안성시","차대차","추돌","주정차중 추돌","운전자법규위반","안전운전 의무 불이행","단일로","기타단일로","화물차","소형","승용차","소형","969238","1888432","127.15429496","36.99385942"
"2012","2012-12-16 00:00","45","야간","일","1","2","0","1","0","전남","함평군","차대차","추돌","진행중 추돌","운전자법규위반","안전거리 미확보","단일로","기타단일로","승용차","중형","화물차","소형","907157","1680083","126.48119358","35.11163628"
"2012","2012-10-17 22:00","10","야간","수","1","1","0","0","0","경기","안산시","차량단독","기타","기타","운전자법규위반","안전운전 의무 불이행","단일로","터널안","승용차","중형","00","00","946955","1921288","126.87649114","37.33134661"
"2012","2012-05-24 02:00","30","야간","목","1","1","0","0","0","경남","김해시","차량단독","공작물충돌","공작물충돌","운전자법규위반","안전운전 의무 불이행","단일로","기타단일로","이륜차","대형","00","00","1126212","1692337","128.91127358","35.22304724"
"2012","2012-05-23 12:00","45","주간","수","1","1","0","0","0","대전","서구","차대차","측면직각충돌","측면직각충돌","운전자법규위반","신호위반","교차로","교차로내","원동기장치자전거","원동기장치자전거","화물차","소형","989104","1813214","127.37861837","36.31621444"
"2012","2012-05-23 11:00","37","주간","수","1","1","0","0","0","광주","남구","차대사람","횡단중","횡단중","운전자법규위반","안전운전 의무 불이행","단일로","기타단일로","건설기계","건설기계","보행자","보행자","946341","1681713","126.91104322","35.12918482"
"2012","2012-05-22 03:00","30","야간","화","1","1","0","0","0","서울","동작구","차대차","측면직각충돌","측면직각충돌","운전자법규위반","교차로 통행방법 위반","교차로","교차로내","승용차","중형","이륜차","소형","951180","1945021","126.94765444","37.50316751"
"2012","2012-05-22 12:00","26","주간","화","1","1","0","0","0","부산","남구","차량단독","공작물충돌","공작물충돌","운전자법규위반","안전운전 의무 불이행","교차로","교차로내","이륜차","중형","00","00","1144416","1682613","129.0850229","35.12836526"
"2012","2012-05-30 10:00","03","주간","수","1","1","0","0","0","강원","고성군","차량단독","도로이탈","도로이탈 기타","운전자법규위반","안전운전 의무 불이행","단일로","기타단일로","승용차","소형","00","00","1085755","2042357","128.48178301","38.37763582"
"2012","2012-05-28 09:00","05","주간","월","1","4","3","0","0","충남","공주시","차대차","측면직각충돌","측면직각충돌","운전자법규위반","안전운전 의무 불이행","교차로","교차로내","승용차","대형","승용차","경형","967051","1830363","127.13222302","36.47031362"
"2012","2012-05-27 16:00","50","주간","일","1","1","0","0","0","충남","천안시","차량단독","공작물충돌","공작물충돌","운전자법규위반","안전운전 의무 불이행","단일로","기타단일로","원동기장치자전거","원동기장치자전거","00","00","968003","1882887","127.14065124","36.9438339"
"2012","2012-06-01 21:00","24","야간","금","1","1","0","0","0","경기","포천시","차대차","측면직각충돌","측면직각충돌","운전자법규위반","안전거리 미확보","단일로","기타단일로","화물차","소형","자전거","자전거","969916","1980219","127.15787794","37.82176607"
"2012","2012-06-06 17:00","28","주간","수","1","1","0","0","0","경남","산청군","차대사람","기타","기타","운전자법규위반","안전운전 의무 불이행","단일로","기타단일로","승용차","소형","보행자","보행자","1043922","1700317","127.98308075","35.29740563"
"2012","2012-06-06 08:00","33","주간","수","1","1","0","0","0","부산","동구","차대사람","횡단중","횡단중","운전자법규위반","안전운전 의무 불이행","단일로","횡단보도부근","승용차","중형","보행자","보행자","1141802","1683691","129.05640114","35.1381491"
"2012","2012-06-05 09:00","47","주간","화","1","1","0","0","0","대전","서구","차대사람","횡단중","횡단중","운전자법규위반","안전운전 의무 불이행","교차로","교차로내","승용차","대형","보행자","보행자","988486","1818054","127.37166229","36.35984184"
"2012","2012-06-05 15:00","40","주간","화","1","10","2","1","6","서울","영등포구","차대차","측면직각충돌","측면직각충돌","운전자법규위반","안전거리 미확보","단일로","기타단일로","승용차","중형","승합차","대형","946684","1946129","126.8967413","37.5131308"
"2012","2012-06-05 06:00","05","주간","화","1","1","0","0","0","경남","밀양시","차대차","측면직각충돌","측면직각충돌","운전자법규위반","교차로 통행방법 위반","교차로","교차로내","이륜차","소형","승용차","중형","1117439","1718244","128.79560514","35.45242264"
"2012","2012-06-04 10:00","30","주간","월","1","1","0","0","0","경기","평택시","차량단독","도로이탈","도로이탈 추락","운전자법규위반","안전운전 의무 불이행","교차로","교차로부근","화물차","중형","00","00","959325","1890097","127.0428051","37.00849126"
"2012","2012-06-09 09:00","20","주간","토","1","1","0","0","0","인천","강화군","차대사람","기타","기타","운전자법규위반","안전운전 의무 불이행","단일로","기타단일로","화물차","소형","보행자","보행자","911399","1968696","126.49475673","37.71356774"
"2012","2012-06-07 23:00","30","야간","목","1","5","3","1","0","경기","파주시","차대차","추돌","주정차중 추돌","운전자법규위반","안전운전 의무 불이행","단일로","기타단일로","승용차","중형","승합차","대형","931341","1975123","126.72038399","37.77320278"
"2012","2012-06-08 02:00","02","야간","금","1","2","0","1","0","충남","천안시","차대차","정면충돌","정면충돌","운전자법규위반","안전운전 의무 불이행","단일로","터널안","승용차","대형","승용차","대형","971085","1871616","127.17569385","36.84233175"
"2012","2012-06-07 18:00","00","야간","목","1","1","0","0","0","경북","예천군","차량단독","공작물충돌","공작물충돌","운전자법규위반","안전운전 의무 불이행","교차로","교차로부근","승용차","중형","00","00","1086750","1849324","128.47038522","36.63786342"
"2012","2012-06-07 11:00","51","주간","목","1","1","0","0","0","서울","은평구","차대차","측면직각충돌","측면직각충돌","운전자법규위반","신호위반","교차로","교차로내","원동기장치자전거","원동기장치자전거","승용차","중형","948749","1959153","126.91916336","37.63040886"
"2012","2012-04-23 20:00","15","야간","월","1","1","0","0","0","경기","광명시","차대사람","횡단중","횡단중","운전자법규위반","안전운전 의무 불이행","교차로","교차로내","화물차","대형","보행자","보행자","942663","1941772","126.85155221","37.47339408"
"2012","2012-05-01 09:00","50","주간","화","3","7","4","0","0","경북","의성군","차대차","추돌","진행중 추돌","운전자법규위반","안전운전 의무 불이행","단일로","기타단일로","화물차","대형","승합차","중형","1072400","1815745","128.3067372","36.33637129"
"2012","2012-04-30 03:00","00","야간","월","1","1","0","0","0","경기","의정부시","차량단독","공작물충돌","공작물충돌","운전자법규위반","안전운전 의무 불이행","단일로","기타단일로","승용차","중형","00","00","959298","1968001","127.03821912","37.71068483"
"2012","2012-04-30 20:00","02","야간","월","1","2","0","1","0","충남","천안시","차대사람","횡단중","횡단중","운전자법규위반","보행자 보호의무 위반","교차로","교차로내","화물차","소형","보행자","보행자","983119","1861111","127.31089733","36.74792398"
"2012","2012-04-30 15:00","20","주간","월","1","1","0","0","0","광주","광산구","차대사람","보도통행중","보도통행중","운전자법규위반","안전운전 의무 불이행","단일로","기타단일로","승용차","중형","보행자","보행자","935941","1683354","126.79573461","35.14290666"
"2012","2012-04-29 11:00","40","주간","일","1","1","0","0","0","경기","화성시","차량단독","전도전복","전도전복","운전자법규위반","안전운전 의무 불이행","단일로","기타단일로","이륜차","대형","00","00","946762","1901175","126.90081602","37.10771874"
"2012","2012-04-29 12:00","20","주간","일","1","1","0","0","0","충북","보은군","차량단독","전도전복","전도전복","운전자법규위반","안전운전 의무 불이행","단일로","기타단일로","이륜차","대형","00","00","1017531","1826452","127.69559391","36.4354614"
"2012","2012-04-28 20:00","11","야간","토","1","1","0","0","0","서울","양천구","차대사람","횡단중","횡단중","운전자법규위반","안전운전 의무 불이행","단일로","기타단일로","원동기장치자전거","원동기장치자전거","보행자","보행자","943783","1949158","126.86365318","37.54003367"
"2012","2012-05-03 18:00","48","야간","목","1","1","0","0","0","서울","금천구","차대차","기타","기타","운전자법규위반","안전운전 의무 불이행","단일로","기타단일로","자전거","자전거","승합차","대형","946030","1941806","126.88962647","37.47390336"
"2012","2012-05-03 22:00","00","야간","목","1","1","0","0","0","경기","양주시","차량단독","공작물충돌","공작물충돌","운전자법규위반","안전운전 의무 불이행","단일로","기타단일로","이륜차","사발이","00","00","954855","1989157","126.99351972","37.90676166"
"2012","2012-05-02 17:00","40","주간","수","1","1","0","0","0","전북","정읍시","차량단독","공작물충돌","공작물충돌","운전자법규위반","안전운전 의무 불이행","단일로","기타단일로","이륜차","중형","00","00","949258","1746484","126.93902442","35.71333627"
"2012","2012-05-07 11:00","20","주간","월","1","1","0","0","0","충북","제천시","차대사람","횡단중","횡단중","운전자법규위반","안전운전 의무 불이행","단일로","기타단일로","화물차","대형","보행자","보행자","1064759","1902298","128.22893905","37.11711481"
"2012","2012-05-12 04:00","04","야간","토","1","1","0","0","0","인천","계양구","차량단독","공작물충돌","공작물충돌","운전자법규위반","안전운전 의무 불이행","교차로","교차로부근","이륜차","중형","00","00","933866","1947633","126.75154346","37.52563083"
"2012","2012-05-12 08:00","05","주간","토","1","3","1","0","1","서울","송파구","차대차","측면직각충돌","측면직각충돌","운전자법규위반","신호위반","교차로","교차로내","승용차","중형","화물차","경형","962053","1945795","127.07062712","37.51065503"
"2012","2012-05-10 16:00","20","주간","목","1","4","2","1","0","경기","하남시","차대사람","보도통행중","보도통행중","운전자법규위반","보행자 보호의무 위반","단일로","기타단일로","이륜차","소형","보행자","보행자","974793","1950220","127.21462711","37.55097584"
"2012","2012-05-10 10:00","25","주간","목","1","1","0","0","0","대전","중구","차대차","측면직각충돌","측면직각충돌","운전자법규위반","중앙선 침범","단일로","기타단일로","이륜차","소형","승용차","대형","993489","1814087","127.42746","36.32412455"
"2012","2012-05-10 19:00","20","야간","목","1","3","1","1","0","충남","천안시","차량단독","전도전복","전도전복","운전자법규위반","안전운전 의무 불이행","단일로","기타단일로","승용차","중형","00","00","962311","1854195","127.07814919","36.68498021"
"2012","2012-05-17 01:00","50","야간","목","1","1","0","0","0","울산","울주군","차량단독","전도전복","전도전복","운전자법규위반","안전운전 의무 불이행","단일로","기타단일로","승용차","중형","00","00","1142150","1729775","129.06835617","35.55378555"
"2012","2012-05-16 01:00","06","야간","수","1","1","0","0","0","경기","김포시","차대사람","기타","기타","운전자법규위반","안전운전 의무 불이행","단일로","기타단일로","승용차","중형","보행자","보행자","918732","1966779","126.57815867","37.69697137"
"2012","2012-05-15 02:00","00","야간","화","1","3","1","1","0","충남","당진시","차량단독","전도전복","전도전복","운전자법규위반","안전운전 의무 불이행","단일로","기타단일로","승용차","중형","00","00","921121","1874733","126.61000165","36.87102893"
"2012","2012-05-13 13:00","40","주간","일","1","1","0","0","0","대전","유성구","차대사람","횡단중","횡단중","운전자법규위반","안전운전 의무 불이행","교차로","교차로내","건설기계","건설기계","보행자","보행자","981929","1823282","127.29845519","36.40687303"
"2012","2012-05-20 01:00","55","야간","일","1","1","0","0","0","서울","성동구","차대사람","횡단중","횡단중","운전자법규위반","안전운전 의무 불이행","단일로","기타단일로","승용차","대형","보행자","보행자","960665","1950176","127.05441658","37.54995716"
"2012","2012-05-19 11:00","26","주간","토","1","1","0","0","0","충남","연기군","차대차","정면충돌","정면충돌","운전자법규위반","중앙선 침범","단일로","기타단일로","승용차","중형","원동기장치자전거","원동기장치자전거","980635","1840754","127.28358572","36.56436044"
"2012","2012-05-18 18:00","20","야간","금","1","1","0","0","0","경남","창원시(통합)","차대사람","기타","기타","운전자법규위반","안전운전 의무 불이행","단일로","기타단일로","화물차","소형","보행자","보행자","1106736","1697959","128.67354917","35.27141614"
"2012","2012-05-23 23:00","40","야간","수","1","1","0","0","0","경기","용인시","차대사람","기타","기타","운전자법규위반","안전운전 의무 불이행","교차로","교차로부근","승용차","소형","보행자","보행자","968319","1917763","127.1427268","37.25822037"
"2012","2012-05-22 13:00","20","주간","화","1","1","0","0","0","경기","안성시","차대사람","기타","기타","운전자법규위반","안전운전 의무 불이행","단일로","기타단일로","승용차","대형","보행자","보행자","984495","1896357","127.32558962","37.06567359"
"2012","2012-05-22 18:00","02","야간","화","1","3","2","0","0","경북","예천군","차대차","측면직각충돌","측면직각충돌","운전자법규위반","안전운전 의무 불이행","교차로","교차로내","이륜차","중형","승용차","중형","1071692","1834594","128.30059118","36.50633722"
"2012","2012-05-29 19:00","15","야간","화","2","10","5","3","0","경남","통영시","차대차","정면충돌","정면충돌","운전자법규위반","안전운전 의무 불이행","교차로","교차로내","승용차","중형","승용차","경형","1084340","1654512","128.4229184","34.8818295"
"2012","2012-05-27 05:00","50","야간","일","1","2","1","0","0","서울","강서구","차량단독","기타","기타","운전자법규위반","안전운전 의무 불이행","단일로","기타단일로","원동기장치자전거","원동기장치자전거","00","00","941899","1950935","126.82270179","37.55858085"