"발생년","발생년월일시","발생분","주야","요일","사망자수","사상자수","중상자수","경상자수","부상신고자수","발생지시도","발생지시군구","사고유형_대분류","사고유형_중분류","사고유형","법규위반_대분류","법규위반","도로형태_대분류","도로형태","당사자종별_1당_대분류","당사자종별_1당","당사자종별_2당_대분류","당사자종별_2당","발생위치X_UTMK","발생위치Y_UTMK","경도","위도"
"2012","2012-03-17 05:00","10","야간","토","1","1","0","0","0","경기","군포시","차대차","기타","기타","운전자법규위반","중앙선 침범","단일로","기타단일로","자전거","자전거","화물차","소형","949159","1928607","126.92592092","37.35511375"
"2012","2012-03-15 21:00","20","야간","목","1","1","0","0","0","충남","당진시","차대사람","차도통행중","차도통행중","운전자법규위반","안전운전 의무 불이행","단일로","기타단일로","승용차","중형","보행자","보행자","934766","1870113","126.76849637","36.82697483"
"2012","2012-03-14 12:00","50","주간","수","1","4","1","2","0","충남","공주시","차대차","측면직각충돌","측면직각충돌","운전자법규위반","안전운전 의무 불이행","교차로","교차로내","화물차","소형","화물차","대형","976154","1822605","127.2340683","36.40064365"
"2012","2012-03-19 22:00","49","야간","월","1","1","0","0","0","서울","서초구","차대사람","횡단중","횡단중","운전자법규위반","안전운전 의무 불이행","단일로","기타단일로","승합차","대형","보행자","보행자","957193","1945091","127.01567858","37.50409695"
"2012","2012-03-25 20:00","30","야간","일","1","2","0","1","0","전북","부안군","차량단독","공작물충돌","공작물충돌","운전자법규위반","안전운전 의무 불이행","교차로","교차로내","화물차","소형","00","00","937328","1746809","126.80718084","35.71567893"
"2012","2012-03-24 21:00","10","야간","토","1","1","0","0","0","서울","마포구","차대사람","기타","기타","운전자법규위반","신호위반","교차로","교차로내","승용차","중형","보행자","보행자","947280","1951003","126.90310275","37.55686951"
"2012","2012-03-26 22:00","20","야간","월","1","1","0","0","0","충남","당진시","차대사람","횡단중","횡단중","운전자법규위반","과속","단일로","기타단일로","화물차","대형","보행자","보행자","922732","1878347","126.635923","36.90155339"
"2012","2012-03-27 09:00","45","주간","화","1","2","0","1","0","충북","충주시","차대차","측면직각충돌","측면직각충돌","운전자법규위반","안전운전 의무 불이행","교차로","교차로내","화물차","중형","화물차","중형","1037405","1884085","127.92014232","36.9544337"
"2012","2012-03-29 19:00","18","야간","목","1","4","0","3","0","충남","금산군","차대차","정면충돌","정면충돌","운전자법규위반","중앙선 침범","단일로","기타단일로","원동기장치자전거","원동기장치자전거","승용차","소형","999677","1791417","127.49641076","36.11976264"
"2012","2012-04-02 12:00","20","주간","월","2","6","4","0","0","경북","포항시","차량단독","전도전복","전도전복","운전자법규위반","안전운전 의무 불이행","단일로","기타단일로","승용차","중형","00","00","1167007","1786247","129.35428315","36.05880655"
"2012","2012-03-31 20:00","15","야간","토","1","1","0","0","0","경남","진주시","차대사람","차도통행중","차도통행중","운전자법규위반","안전운전 의무 불이행","단일로","기타단일로","승용차","소형","보행자","보행자","1053751","1687196","128.0902911","35.17869095"
"2012","2012-03-31 23:00","37","야간","토","1","1","0","0","0","경기","안산시","차대사람","횡단중","횡단중","운전자법규위반","안전운전 의무 불이행","지하도로내","지하도로내","승용차","중형","보행자","보행자","937035","1925690","126.78927741","37.32807863"
"2012","2012-03-31 22:00","33","야간","토","1","14","2","11","0","전남","나주시","차대차","측면직각충돌","측면직각충돌","운전자법규위반","직진 및 우회전차의 통행방해","교차로","교차로내","승용차","중형","승합차","대형","934140","1671451","126.77722707","35.03590942"
"2012","2012-04-06 13:00","40","주간","금","1","1","0","0","0","경남","통영시","차대사람","횡단중","횡단중","운전자법규위반","보행자 보호의무 위반","단일로","기타단일로","건설기계","건설기계","보행자","보행자","1084233","1650130","128.42130693","34.84232819"
"2012","2012-04-05 13:00","59","주간","목","1","1","0","0","0","경기","남양주시","차량단독","전도전복","전도전복","운전자법규위반","안전운전 의무 불이행","단일로","터널안","원동기장치자전거","원동기장치자전거","00","00","979072","1948596","127.26311633","37.53644502"
"2012","2012-04-12 09:00","30","주간","목","1","1","0","0","0","대구","북구","차대사람","횡단중","횡단중","운전자법규위반","보행자 보호의무 위반","단일로","횡단보도상","화물차","소형","보행자","보행자","1094526","1772904","128.54809932","35.94827515"
"2012","2012-04-09 14:00","50","주간","월","1","1","0","0","0","충남","태안군","차대차","기타","기타","운전자법규위반","기타(운전자법규위반)","단일로","기타단일로","화물차","소형","이륜차","소형","879306","1865124","126.14750607","36.77656147"
"2012","2012-04-15 13:00","30","주간","일","1","1","0","0","0","충북","보은군","차대차","기타","기타","운전자법규위반","안전운전 의무 불이행","단일로","기타단일로","화물차","소형","이륜차","중형","1026255","1829418","127.79302744","36.4620012"
"2012","2012-04-16 16:00","48","주간","월","1","1","0","0","0","부산","강서구","차대사람","기타","기타","운전자법규위반","기타(운전자법규위반)","기타/불명","기타/불명","화물차","중형","보행자","보행자","1134801","1691643","128.98100241","35.21109726"
"2012","2012-04-27 06:00","50","주간","금","1","1","0","0","0","전남","곡성군","차대사람","횡단중","횡단중","운전자법규위반","안전운전 의무 불이행","교차로","교차로내","승용차","중형","보행자","보행자","981256","1698110","127.29388991","35.27829425"
"2012","2012-03-02 11:00","50","주간","금","1","1","0","0","0","경기","안산시","차대사람","횡단중","횡단중","운전자법규위반","보행자 보호의무 위반","단일로","횡단보도상","특수차","중형","보행자","보행자","942134","1920653","126.84722181","37.28300996"
"2012","2012-03-09 10:00","00","주간","금","1","1","0","0","0","전북","장수군","차량단독","도로이탈","도로이탈 추락","운전자법규위반","안전운전 의무 불이행","단일로","기타단일로","특수차","중형","00","00","1003842","1719995","127.54234995","35.47579679"
"2012","2012-03-09 00:00","20","야간","금","2","2","0","0","0","충남","연기군","차대차","정면충돌","정면충돌","운전자법규위반","중앙선 침범","단일로","기타단일로","승용차","중형","승용차","중형","972542","1853557","127.1926853","36.67957941"
"2012","2012-03-10 23:00","20","야간","토","1","4","0","3","0","강원","강릉시","차대차","정면충돌","정면충돌","운전자법규위반","중앙선 침범","단일로","기타단일로","승용차","소형","승용차","소형","1116396","1987118","128.82348854","37.87645483"
"2012","2012-03-11 16:00","00","주간","일","1","1","0","0","0","경기","이천시","차대차","측면직각충돌","측면직각충돌","운전자법규위반","신호위반","교차로","교차로내","이륜차","소형","승용차","중형","1008283","1901683","127.59323153","37.11377528"
"2012","2012-03-18 05:00","45","야간","일","1","1","0","0","0","부산","연제구","차대차","추돌","진행중 추돌","운전자법규위반","안전운전 의무 불이행","단일로","기타단일로","승용차","중형","이륜차","중형","1143916","1689387","129.08071811","35.18949614"
"2012","2012-03-17 22:00","00","야간","토","1","1","0","0","0","대구","달성군","차대차","추돌","주정차중 추돌","운전자법규위반","안전운전 의무 불이행","단일로","기타단일로","승용차","중형","건설기계","건설기계","1087397","1762062","128.46821314","35.85001704"
"2012","2012-03-13 23:00","30","야간","화","1","2","1","0","0","충남","서산시","차대사람","횡단중","횡단중","운전자법규위반","안전운전 의무 불이행","교차로","교차로부근","이륜차","소형","보행자","보행자","904604","1883103","126.41117231","36.96864581"
"2012","2012-03-14 23:00","00","야간","수","1","2","1","0","0","서울","서초구","차대차","기타","기타","운전자법규위반","중앙선 침범","교차로","교차로부근","이륜차","소형","승용차","중형","955561","1941714","126.99741863","37.47358177"
"2012","2012-03-14 20:00","45","야간","수","1","1","0","0","0","경기","연천군","차대차","정면충돌","정면충돌","운전자법규위반","중앙선 침범","단일로","기타단일로","이륜차","소형","승용차","중형","961328","2003413","127.05935289","38.02993522"
"2012","2012-03-21 12:00","50","주간","수","1","1","0","0","0","경남","창원시(통합)","차대차","측면직각충돌","측면직각충돌","운전자법규위반","안전운전 의무 불이행","단일로","횡단보도부근","화물차","중형","자전거","자전거","1109857","1705371","128.7088511","35.33789745"
"2012","2012-03-21 06:00","00","주간","수","1","2","0","1","0","경남","창원시(통합)","차대차","추돌","진행중 추돌","운전자법규위반","안전운전 의무 불이행","단일로","기타단일로","승용차","대형","건설기계","건설기계","1106332","1692125","128.66835328","35.21886449"
"2012","2012-03-21 09:00","30","주간","수","1","1","0","0","0","전남","고흥군","차대차","추돌","진행중 추돌","운전자법규위반","안전운전 의무 불이행","단일로","기타단일로","화물차","소형","자전거","자전거","984934","1641925","127.31561274","34.78276116"
"2012","2012-03-20 02:00","56","야간","화","1","1","0","0","0","서울","강남구","차대사람","횡단중","횡단중","운전자법규위반","안전운전 의무 불이행","단일로","기타단일로","승용차","대형","보행자","보행자","959379","1945367","127.04039514","37.50668346"
"2012","2012-03-26 17:00","50","주간","월","1","1","0","0","0","경기","고양시","차대사람","기타","기타","운전자법규위반","안전운전 의무 불이행","단일로","횡단보도상","승합차","대형","보행자","보행자","934832","1963673","126.76104672","37.67026438"
"2012","2012-03-23 00:00","40","야간","금","2","4","0","2","0","광주","광산구","차대차","정면충돌","정면충돌","운전자법규위반","중앙선 침범","교차로","교차로부근","승용차","중형","화물차","중형","940896","1688739","126.8507794","35.19223047"
"2012","2012-03-23 20:00","07","야간","금","1","1","0","0","0","강원","원주시","차대사람","횡단중","횡단중","운전자법규위반","보행자 보호의무 위반","교차로","교차로부근","승용차","중형","보행자","보행자","1039700","1926452","127.94816729","37.336233"
"2012","2012-04-01 19:00","43","야간","일","1","1","0","0","0","제주","제주시","차대차","측면직각충돌","측면직각충돌","운전자법규위반","안전운전 의무 불이행","교차로","교차로내","승용차","중형","자전거","자전거","917984","1504564","126.61672959","33.52986026"
"2012","2012-04-07 20:00","30","야간","토","1","1","0","0","0","경남","진주시","차대사람","횡단중","횡단중","운전자법규위반","안전운전 의무 불이행","단일로","기타단일로","승용차","중형","보행자","보행자","1051875","1685075","128.0660751","35.16130447"
"2012","2012-04-06 17:00","00","주간","금","1","1","0","0","0","경남","창녕군","차량단독","전도전복","전도전복","운전자법규위반","안전운전 의무 불이행","단일로","기타단일로","이륜차","소형","00","00","1087546","1718474","128.46478525","35.4582341"
"2012","2012-04-05 11:00","35","주간","목","1","1","0","0","0","제주","서귀포시","차대차","측면직각충돌","측면직각충돌","운전자법규위반","직진 및 우회전차의 통행방해","교차로","교차로내","승용차","소형","이륜차","중형","879757","1474924","126.20907931","33.25896167"
"2012","2012-04-05 00:00","40","야간","목","1","1","0","0","0","대전","서구","차대사람","횡단중","횡단중","운전자법규위반","안전운전 의무 불이행","교차로","교차로부근","승용차","소형","보행자","보행자","988706","1817824","127.37411779","36.35777091"
"2012","2012-04-15 03:00","35","야간","일","1","1","0","0","0","대전","서구","차대사람","횡단중","횡단중","운전자법규위반","안전운전 의무 불이행","단일로","횡단보도부근","승용차","중형","보행자","보행자","988190","1816687","127.36838376","36.34751422"
"2012","2012-04-15 18:00","10","야간","일","1","1","0","0","0","경북","칠곡군","차대차","기타","기타","운전자법규위반","안전운전 의무 불이행","단일로","기타단일로","승용차","대형","이륜차","대형","1097371","1776640","128.58009817","35.98167333"
"2012","2012-04-15 20:00","25","야간","일","1","1","0","0","0","강원","횡성군","차대사람","횡단중","횡단중","운전자법규위반","안전운전 의무 불이행","단일로","기타단일로","승용차","중형","보행자","보행자","1042954","1952776","127.9864343","37.5733572"
"2012","2012-04-14 00:00","30","야간","토","1","2","1","0","0","전남","광양시","차대사람","횡단중","횡단중","운전자법규위반","보행자 보호의무 위반","단일로","횡단보도상","승용차","경형","보행자","보행자","1016149","1661438","127.67685949","34.94765964"
"2012","2012-04-19 21:00","40","야간","목","1","1","0","0","0","서울","관악구","차대차","기타","기타","운전자법규위반","중앙선 침범","단일로","기타단일로","이륜차","중형","승합차","대형","948651","1941642","126.91927866","37.47257459"
"2012","2012-04-19 14:00","50","주간","목","1","1","0","0","0","전북","전주시","차대사람","길가장자리구역통행중","길가장자리구역통행중","운전자법규위반","안전운전 의무 불이행","단일로","기타단일로","승용차","중형","보행자","보행자","964596","1756530","127.10828827","35.80464647"
"2012","2012-04-19 21:00","40","야간","목","1","1","0","0","0","경북","경산시","차대사람","횡단중","횡단중","운전자법규위반","안전운전 의무 불이행","교차로","교차로내","승용차","중형","보행자","보행자","1114081","1761617","128.75922806","35.84346087"
"2012","2012-04-22 20:00","00","야간","일","1","3","0","2","0","강원","원주시","차대차","추돌","진행중 추돌","운전자법규위반","안전거리 미확보","단일로","기타단일로","승용차","경형","승용차","중형","1039251","1928773","127.94322169","37.35717273"
"2012","2012-04-22 04:00","58","야간","일","1","1","0","0","0","서울","강남구","차대사람","횡단중","횡단중","운전자법규위반","안전운전 의무 불이행","단일로","기타단일로","승용차","중형","보행자","보행자","960758","1947077","127.05590603","37.522156"
"2012","2012-04-27 06:00","10","주간","금","1","1","0","0","0","광주","광산구","차량단독","공작물충돌","공작물충돌","운전자법규위반","안전운전 의무 불이행","단일로","기타단일로","원동기장치자전거","원동기장치자전거","00","00","941092","1691237","126.85275353","35.21476536"
"2012","2012-03-08 06:00","40","주간","목","1","1","0","0","0","부산","사상구","차대차","측면직각충돌","측면직각충돌","운전자법규위반","신호위반","교차로","교차로내","승용차","중형","원동기장치자전거","원동기장치자전거","1136435","1685040","128.99785644","35.15135639"
"2012","2012-03-05 23:00","20","야간","월","1","1","0","0","0","경기","수원시","차대차","추돌","주정차중 추돌","운전자법규위반","안전운전 의무 불이행","교차로","교차로내","승용차","소형","승합차","대형","955315","1918216","126.99605522","37.26177025"
"2012","2012-03-05 22:00","10","야간","월","1","2","0","1","0","대구","동구","차대사람","횡단중","횡단중","운전자법규위반","중앙선 침범","교차로","교차로내","승용차","중형","보행자","보행자","1110485","1764166","128.72380458","35.8678352"
"2012","2012-03-12 23:00","30","야간","월","1","1","0","0","0","서울","중랑구","차대사람","횡단중","횡단중","운전자법규위반","안전운전 의무 불이행","단일로","횡단보도상","승용차","중형","보행자","보행자","964726","1955695","127.1003954","37.59999339"
"2012","2012-04-04 07:00","53","주간","수","1","1","0","0","0","전남","완도군","차대사람","기타","기타","운전자법규위반","안전운전 의무 불이행","단일로","기타단일로","승용차","중형","보행자","보행자","931455","1591143","126.75502841","34.31160337"
"2012","2012-03-31 14:00","10","주간","토","1","1","0","0","0","전남","곡성군","차량단독","전도전복","전도전복","운전자법규위반","안전운전 의무 불이행","단일로","기타단일로","건설기계","건설기계","00","00","986774","1702242","127.35445501","35.31578474"
"2012","2012-03-31 08:00","13","주간","토","1","1","0","0","0","경기","수원시","차대사람","횡단중","횡단중","운전자법규위반","안전운전 의무 불이행","단일로","기타단일로","승용차","소형","보행자","보행자","957253","1922577","127.01765992","37.30116992"
"2012","2012-03-31 09:00","57","주간","토","1","2","0","1","0","경기","부천시","차대사람","기타","기타","운전자법규위반","안전운전 의무 불이행","단일로","횡단보도부근","승합차","중형","보행자","보행자","939578","1943471","126.81652541","37.48851065"
"2012","2012-04-08 06:00","10","주간","일","1","1","0","0","0","충남","아산시","차대차","측면직각충돌","측면직각충돌","운전자법규위반","안전운전 의무 불이행","단일로","기타단일로","승용차","중형","이륜차","대형","954205","1877921","126.98923223","36.8995321"
"2012","2012-04-08 14:00","00","주간","일","1","2","1","0","0","경기","가평군","차대차","정면충돌","정면충돌","운전자법규위반","중앙선 침범","단일로","기타단일로","이륜차","대형","이륜차","대형","996949","1954126","127.46543159","37.58590968"
"2012","2012-04-07 20:00","40","야간","토","1","1","0","0","0","경기","광주시","차대사람","기타","기타","운전자법규위반","안전운전 의무 불이행","단일로","기타단일로","원동기장치자전거","원동기장치자전거","보행자","보행자","977400","1935059","127.2446067","37.41438825"
"2012","2012-04-03 16:00","11","주간","화","1","1","0","0","0","전남","해남군","차량단독","기타","기타","운전자법규위반","안전운전 의무 불이행","단일로","기타단일로","화물차","중형","00","00","918409","1598206","126.61258287","34.37434845"
"2012","2012-04-04 06:00","45","주간","수","1","2","1","0","0","경북","경주시","차대차","측면직각충돌","측면직각충돌","운전자법규위반","안전운전 의무 불이행","교차로","교차로부근","화물차","중형","화물차","대형","1164011","1752767","129.31413151","35.7576103"
"2012","2012-04-12 11:00","05","주간","목","1","1","0","0","0","부산","동구","차대사람","횡단중","횡단중","운전자법규위반","안전운전 의무 불이행","교차로","교차로내","화물차","소형","보행자","보행자","1140054","1680960","129.03688383","35.11408169"
"2012","2012-04-07 23:00","21","야간","토","1","1","0","0","0","경기","화성시","차대사람","길가장자리구역통행중","길가장자리구역통행중","운전자법규위반","안전운전 의무 불이행","단일로","기타단일로","승용차","중형","보행자","보행자","933340","1893747","126.74770471","37.0624788"
"2012","2012-04-15 23:00","37","야간","일","1","1","0","0","0","경북","구미시","차대사람","보도통행중","보도통행중","운전자법규위반","신호위반","단일로","횡단보도상","승합차","대형","보행자","보행자","1075896","1792095","128.34339604","36.12290634"
"2012","2012-04-14 18:00","35","야간","토","1","2","0","1","0","제주","서귀포시","차대사람","횡단중","횡단중","운전자법규위반","안전운전 의무 불이행","단일로","기타단일로","이륜차","중형","보행자","보행자","920729","1475937","126.6488102","33.27188652"
"2012","2012-04-14 20:00","12","야간","토","1","1","0","0","0","서울","용산구","차대사람","기타","기타","운전자법규위반","안전운전 의무 불이행","단일로","횡단보도상","승합차","대형","보행자","보행자","953370","1950318","126.97206166","37.55569275"
"2012","2012-04-14 17:00","40","주간","토","1","1","0","0","0","경기","화성시","차대차","측면직각충돌","측면직각충돌","운전자법규위반","중앙선 침범","기타/불명","기타/불명","농기계","농기계","이륜차","소형","938823","1896218","126.81187354","37.06255291"
"2012","2012-04-15 17:00","00","주간","일","1","2","1","0","0","충남","서천군","차대차","기타","기타","운전자법규위반","교차로 통행방법 위반","교차로","교차로내","이륜차","소형","승합차","중형","928126","1787344","126.70172792","36.08038281"
"2012","2012-04-13 07:00","44","주간","금","1","1","0","0","0","서울","금천구","차대사람","기타","기타","운전자법규위반","안전운전 의무 불이행","단일로","기타단일로","화물차","소형","보행자","보행자","947421","1939881","126.9054946","37.4566331"
"2012","2012-04-12 22:00","30","야간","목","1","3","0","2","0","경기","평택시","차대차","추돌","주정차중 추돌","운전자법규위반","안전운전 의무 불이행","단일로","기타단일로","화물차","소형","승합차","대형","961056","1894031","127.06205782","37.04402619"
"2012","2012-04-19 07:00","06","주간","목","1","1","0","0","0","인천","남구","차대사람","횡단중","횡단중","운전자법규위반","안전운전 의무 불이행","단일로","기타단일로","화물차","소형","보행자","보행자","927817","1940839","126.6837581","37.4639445"
"2012","2012-04-18 16:00","50","주간","수","1","1","0","0","0","경북","영덕군","차대차","측면직각충돌","측면직각충돌","운전자법규위반","중앙선 침범","교차로","교차로부근","이륜차","사발이","승용차","중형","1173734","1834942","129.43976466","36.49638835"
"2012","2012-04-18 07:00","40","주간","수","1","2","0","1","0","충북","증평군","차대차","측면직각충돌","측면직각충돌","운전자법규위반","안전운전 의무 불이행","교차로","교차로내","원동기장치자전거","원동기장치자전거","승용차","소형","1007509","1866416","127.584169","36.79586784"
"2012","2012-04-17 06:00","35","주간","화","1","11","2","7","1","서울","금천구","차대차","측면직각충돌","측면직각충돌","운전자법규위반","안전운전 의무 불이행","교차로","교차로부근","승용차","중형","승합차","대형","946734","1940970","126.89764841","37.46640918"
"2012","2012-04-22 11:00","40","주간","일","1","1","0","0","0","경북","김천시","차대차","측면직각충돌","측면직각충돌","운전자법규위반","안전거리 미확보","단일로","기타단일로","이륜차","소형","승용차","중형","1055513","1793575","128.1170079","36.13762942"
"2012","2012-04-23 05:00","05","야간","월","1","1","0","0","0","경기","안산시","차량단독","공작물충돌","공작물충돌","운전자법규위반","안전운전 의무 불이행","단일로","기타단일로","승용차","중형","00","00","941192","1927413","126.83606023","37.3438811"
"2012","2012-04-22 19:00","36","야간","일","1","2","0","1","0","전남","순천시","차대차","추돌","진행중 추돌","운전자법규위반","안전운전 의무 불이행","단일로","기타단일로","승용차","중형","농기계","농기계","978903","1673431","127.26864748","35.05571392"
"2012","2012-04-27 18:00","50","야간","금","1","1","0","0","0","충남","부여군","차대차","측면직각충돌","측면직각충돌","운전자법규위반","과속","교차로","교차로내","화물차","소형","자전거","자전거","929739","1813481","126.69294109","36.29516967"
"2012","2012-03-01 06:00","30","주간","목","1","1","0","0","0","부산","사상구","차대사람","기타","기타","운전자법규위반","안전운전 의무 불이행","단일로","기타단일로","승합차","중형","보행자","보행자","1136183","1683438","128.99482658","35.13694989"
"2012","2012-03-01 12:00","00","주간","목","1","2","1","0","0","강원","평창군","차량단독","공작물충돌","공작물충돌","운전자법규위반","안전운전 의무 불이행","단일로","기타단일로","승용차","경형","00","00","1098096","1974303","128.61371003","37.76312812"
"2012","2012-03-07 16:00","45","주간","수","1","1","0","0","0","경기","성남시","차량단독","기타","기타","운전자법규위반","안전운전 의무 불이행","단일로","기타단일로","승용차","중형","00","00","966393","1938008","127.12008892","37.44063517"
"2012","2012-03-06 17:00","05","주간","화","1","3","1","1","0","충남","홍성군","차대차","측면직각충돌","측면직각충돌","운전자법규위반","교차로 통행방법 위반","교차로","교차로내","화물차","대형","승합차","중형","916845","1836053","126.57125747","36.51856096"
"2012","2012-03-13 08:00","50","주간","화","1","1","0","0","0","경기","수원시","차대사람","횡단중","횡단중","운전자법규위반","안전운전 의무 불이행","단일로","기타단일로","승용차","중형","보행자","보행자","957996","1919842","127.02619798","37.27655137"
"2012","2012-03-10 22:00","15","야간","토","1","1","0","0","0","경남","진주시","차대사람","기타","기타","운전자법규위반","안전운전 의무 불이행","단일로","기타단일로","화물차","중형","보행자","보행자","1059091","1691048","128.14924348","35.21305047"
"2012","2012-03-10 22:00","32","야간","토","1","1","0","0","0","부산","북구","차대차","측면직각충돌","측면직각충돌","운전자법규위반","신호위반","교차로","교차로내","승용차","중형","이륜차","소형","1138865","1691703","129.02564811","35.21108377"
"2012","2012-03-10 12:00","30","주간","토","1","1","0","0","0","경남","사천시","차대차","기타","기타","운전자법규위반","앞지르기 금지위반","교차로","교차로내","승용차","소형","이륜차","사발이","1043337","1668336","127.97496791","35.00906163"
"2012","2012-03-15 20:00","25","야간","목","1","1","0","0","0","경기","안양시","차대사람","횡단중","횡단중","운전자법규위반","안전운전 의무 불이행","교차로","교차로내","승용차","중형","보행자","보행자","949398","1933790","126.92826498","37.40184328"
"2012","2012-03-15 17:00","30","주간","목","1","1","0","0","0","서울","동대문구","차대사람","기타","기타","운전자법규위반","안전운전 의무 불이행","단일로","기타단일로","승합차","소형","보행자","보행자","959012","1953299","127.0357998","37.57816077"
"2012","2012-03-20 18:00","25","야간","화","1","1","0","0","0","경북","영주시","차대차","측면직각충돌","측면직각충돌","운전자법규위반","안전운전 의무 불이행","교차로","교차로내","화물차","중형","자전거","자전거","1094401","1881691","128.55996712","36.92886647"
"2012","2012-03-21 23:00","00","야간","수","1","1","0","0","0","경남","양산시","차대사람","길가장자리구역통행중","길가장자리구역통행중","운전자법규위반","안전운전 의무 불이행","기타/불명","기타/불명","승용차","중형","보행자","보행자","1139571","1705709","129.03514349","35.33827788"
"2012","2012-03-24 12:00","48","주간","토","1","1","0","0","0","충남","당진시","차대차","측면직각충돌","측면직각충돌","운전자법규위반","신호위반","교차로","교차로내","이륜차","소형","화물차","소형","936182","1883213","126.78327065","36.9451535"
"2012","2012-03-24 02:00","50","야간","토","1","1","0","0","0","충북","보은군","차대사람","보도통행중","보도통행중","운전자법규위반","안전운전 의무 불이행","단일로","교량위","화물차","소형","보행자","보행자","1019967","1831475","127.72290182","36.48069705"
"2012","2012-03-31 01:00","04","야간","토","1","3","1","1","0","경남","진주시","차대차","추돌","주정차중 추돌","운전자법규위반","안전운전 의무 불이행","단일로","기타단일로","승용차","소형","화물차","대형","1054966","1686294","128.10360656","35.17041984"
"2012","2012-03-29 16:00","13","주간","목","1","1","0","0","0","충남","서산시","차대차","측면직각충돌","측면직각충돌","운전자법규위반","안전운전 의무 불이행","단일로","기타단일로","원동기장치자전거","원동기장치자전거","화물차","중형","904690","1883197","126.4296381","36.94234846"
"2012","2012-03-28 21:00","20","야간","수","1","1","0","0","0","경기","양평군","차대사람","기타","기타","운전자법규위반","안전운전 의무 불이행","단일로","기타단일로","승용차","중형","보행자","보행자","1010088","1944956","127.61413625","37.50381784"
"2012","2012-03-28 20:00","10","야간","수","1","1","0","0","0","울산","울주군","차대사람","횡단중","횡단중","운전자법규위반","안전운전 의무 불이행","단일로","기타단일로","승용차","중형","보행자","보행자","1159047","1730450","129.25484118","35.55730034"
"2012","2012-03-28 18:00","48","야간","수","1","1","0","0","0","인천","중구","차대사람","길가장자리구역통행중","길가장자리구역통행중","운전자법규위반","안전운전 의무 불이행","단일로","횡단보도상","승용차","중형","보행자","보행자","910364","1944180","126.48601913","37.49252665"
"2012","2012-03-27 13:00","37","주간","화","1","1","0","0","0","경기","연천군","차량단독","기타","기타","운전자법규위반","안전운전 의무 불이행","단일로","기타단일로","자전거","자전거","00","00","962607","1998673","127.06661608","37.98265389"
"2012","2012-04-02 12:00","31","주간","월","2","5","2","1","0","서울","서초구","차대차","기타","기타","운전자법규위반","안전운전 의무 불이행","교차로","교차로내","승용차","중형","승용차","중형","956827","1944924","127.01154758","37.50257468"
"2012","2012-04-01 14:00","07","주간","일","1","1","0","0","0","경기","남양주시","차대사람","기타","기타","운전자법규위반","안전운전 의무 불이행","단일로","기타단일로","승용차","대형","보행자","보행자","965607","1960928","127.11012941","37.64719319"
"2012","2012-04-01 11:00","30","주간","일","1","1","0","0","0","부산","북구","차대사람","기타","기타","운전자법규위반","안전운전 의무 불이행","단일로","기타단일로","승용차","대형","보행자","보행자","1137044","1693785","129.00599451","35.23010131"
"2012","2012-03-31 16:00","30","주간","토","1","1","0","0","0","경남","창원시(통합)","차량단독","공작물충돌","공작물충돌","운전자법규위반","안전운전 의무 불이행","단일로","기타단일로","이륜차","소형","00","00","1100386","1691197","128.60291782","35.21111101"
"2012","2012-04-05 11:00","50","주간","목","1","2","0","1","0","경남","합천군","차량단독","공작물충돌","공작물충돌","운전자법규위반","안전운전 의무 불이행","단일로","기타단일로","화물차","소형","00","00","1076814","1728571","128.34735085","35.55014483"
"2012","2012-04-04 20:00","59","야간","수","1","1","0","0","0","서울","영등포구","차대사람","차도통행중","차도통행중","운전자법규위반","안전운전 의무 불이행","단일로","기타단일로","승합차","대형","보행자","보행자","947697","1944391","126.90829473","37.49729838"
"2012","2012-04-11 02:00","00","야간","수","1","2","0","1","0","경북","경주시","차량단독","전도전복","전도전복","운전자법규위반","안전운전 의무 불이행","단일로","기타단일로","이륜차","소형","00","00","1174913","1754001","129.43492857","35.76685132"
"2012","2012-04-08 14:00","00","주간","일","1","1","0","0","0","경기","하남시","차량단독","기타","기타","운전자법규위반","안전운전 의무 불이행","단일로","기타단일로","자전거","자전거","00","00","972113","1946940","127.18441138","37.52133442"
"2012","2012-04-09 07:00","40","주간","월","1","1","0","0","0","서울","강서구","차대사람","차도통행중","차도통행중","운전자법규위반","안전운전 의무 불이행","교차로","교차로내","승용차","중형","보행자","보행자","941905","1948085","126.84395767","37.53226445"
"2012","2012-04-15 09:00","20","주간","일","1","2","0","1","0","경남","하동군","차대차","정면충돌","정면충돌","운전자법규위반","중앙선 침범","단일로","기타단일로","승용차","소형","승용차","중형","1036254","1665242","127.83877978","34.97946316"
"2012","2012-04-16 14:00","26","주간","월","1","3","0","2","0","경기","남양주시","차대차","추돌","진행중 추돌","운전자법규위반","안전운전 의무 불이행","단일로","기타단일로","승용차","경형","특수차","소형","968578","1964906","127.14363593","37.68315435"
"2012","2012-04-15 20:00","30","야간","일","1","1","0","0","0","충북","청주시","차대차","추돌","진행중 추돌","운전자법규위반","안전운전 의무 불이행","단일로","기타단일로","이륜차","소형","승용차","중형","998651","1847673","127.48491201","36.62693099"
"2012","2012-04-16 13:00","30","주간","월","1","1","0","0","0","경남","창녕군","차대차","측면직각충돌","측면직각충돌","운전자법규위반","안전운전 의무 불이행","단일로","기타단일로","화물차","대형","자전거","자전거","1080812","1732071","128.39351786","35.58352326"