"발생년","발생년월일시","발생분","주야","요일","사망자수","사상자수","중상자수","경상자수","부상신고자수","발생지시도","발생지시군구","사고유형_대분류","사고유형_중분류","사고유형","법규위반_대분류","법규위반","도로형태_대분류","도로형태","당사자종별_1당_대분류","당사자종별_1당","당사자종별_2당_대분류","당사자종별_2당","발생위치X_UTMK","발생위치Y_UTMK","경도","위도"
"2012","2012-04-16 16:00","20","주간","월","1","3","1","1","0","전북","익산시","차량단독","공작물충돌","공작물충돌","운전자법규위반","안전운전 의무 불이행","단일로","기타단일로","승용차","중형","00","00","950531","1779090","126.95505836","35.9960085"
"2012","2012-04-16 05:00","45","야간","월","1","1","0","0","0","대전","유성구","차량단독","기타","기타","운전자법규위반","안전운전 의무 불이행","단일로","기타단일로","화물차","소형","00","00","988923","1822998","127.3764627","36.40441885"
"2012","2012-04-14 20:00","55","야간","토","1","1","0","0","0","충남","논산시","차대사람","횡단중","횡단중","운전자법규위반","안전운전 의무 불이행","단일로","기타단일로","화물차","소형","보행자","보행자","968114","1801761","127.14525936","36.21249527"
"2012","2012-04-12 14:00","30","주간","목","1","2","0","1","0","인천","중구","차대차","측면직각충돌","측면직각충돌","운전자법규위반","신호위반","교차로","교차로내","승용차","소형","화물차","대형","920965","1939333","126.60644577","37.44981091"
"2012","2012-04-17 15:00","30","주간","화","1","3","1","1","0","경북","영주시","차대차","측면직각충돌","측면직각충돌","운전자법규위반","신호위반","교차로","교차로내","이륜차","중형","승용차","중형","1094463","1872219","128.55948278","36.84348859"
"2012","2012-04-15 21:00","47","야간","일","1","1","0","0","0","경북","구미시","차대차","측면직각충돌","측면직각충돌","운전자법규위반","안전운전 의무 불이행","교차로","교차로내","이륜차","중형","승용차","중형","1081976","1788740","128.41060361","36.09216752"
"2012","2012-04-24 07:00","30","주간","화","1","1","0","0","0","제주","서귀포시","차량단독","공작물충돌","공작물충돌","운전자법규위반","안전운전 의무 불이행","단일로","기타단일로","승용차","중형","00","00","888076","1471817","126.29875721","33.23183771"
"2012","2012-04-23 08:00","40","주간","월","1","1","0","0","0","부산","진구","차량단독","도로이탈","도로이탈 기타","운전자법규위반","안전운전 의무 불이행","단일로","기타단일로","이륜차","소형","00","00","1141377","1686742","129.05238646","35.16601524"
"2012","2012-04-20 11:00","20","주간","금","1","1","0","0","0","충남","예산군","차대차","정면충돌","정면충돌","운전자법규위반","중앙선 침범","단일로","기타단일로","승용차","대형","이륜차","대형","932105","1838076","126.74150047","36.53800224"
"2012","2012-03-08 20:00","17","야간","목","1","1","0","0","0","충남","부여군","차량단독","공작물충돌","공작물충돌","운전자법규위반","안전운전 의무 불이행","단일로","기타단일로","이륜차","소형","00","00","945263","1808924","126.89054472","36.27604665"
"2012","2012-03-09 19:00","40","야간","금","1","1","0","0","0","서울","양천구","차대사람","차도통행중","차도통행중","운전자법규위반","안전운전 의무 불이행","교차로","교차로내","화물차","소형","보행자","보행자","941538","1947075","126.83840834","37.52111988"
"2012","2012-03-05 22:00","41","야간","월","1","1","0","0","0","서울","종로구","차대사람","횡단중","횡단중","운전자법규위반","안전운전 의무 불이행","단일로","기타단일로","승용차","대형","보행자","보행자","952673","1952693","126.96405074","37.57239466"
"2012","2012-03-12 21:00","40","야간","월","1","1","0","0","0","충북","음성군","차대사람","기타","기타","운전자법규위반","안전운전 의무 불이행","단일로","기타단일로","승용차","대형","보행자","보행자","1008867","1891137","127.59968042","37.01870496"
"2012","2012-03-10 10:00","11","주간","토","2","3","0","1","0","충남","홍성군","차대차","추돌","진행중 추돌","운전자법규위반","부당한 회전","단일로","기타단일로","화물차","소형","승용차","경형","920177","1843539","126.60769232","36.58632381"
"2012","2012-03-10 19:00","18","야간","토","1","1","0","0","0","전남","진도군","차대사람","횡단중","횡단중","운전자법규위반","안전운전 의무 불이행","단일로","횡단보도부근","화물차","소형","보행자","보행자","889542","1605699","126.29770021","34.43922889"
"2012","2012-03-10 04:00","55","야간","토","1","1","0","0","0","서울","서초구","차대사람","횡단중","횡단중","운전자법규위반","안전운전 의무 불이행","단일로","횡단보도상","승용차","소형","보행자","보행자","957580","1945815","127.02001521","37.51064048"
"2012","2012-03-17 02:00","27","야간","토","2","4","2","0","0","대구","북구","차대차","정면충돌","정면충돌","운전자법규위반","중앙선 침범","단일로","기타단일로","특수차","소형","승용차","중형","1096722","1767970","128.5718442","35.90358266"
"2012","2012-03-15 13:00","30","주간","목","1","1","0","0","0","강원","홍천군","차량단독","전도전복","전도전복","운전자법규위반","안전운전 의무 불이행","단일로","기타단일로","농기계","농기계","00","00","1026520","1967691","127.80087156","37.70841111"
"2012","2012-03-16 21:00","30","야간","금","1","2","1","0","0","경남","창원시(통합)","차대차","측면직각충돌","측면직각충돌","운전자법규위반","신호위반","단일로","기타단일로","승용차","중형","원동기장치자전거","원동기장치자전거","1104885","1694598","128.65275202","35.22978878"
"2012","2012-03-15 01:00","30","야간","목","1","1","0","0","0","서울","영등포구","차대사람","보도통행중","보도통행중","운전자법규위반","기타(운전자법규위반)","단일로","기타단일로","화물차","소형","보행자","보행자","948554","1947582","126.91776616","37.52610761"
"2012","2012-03-13 18:00","20","야간","화","1","2","0","1","0","전남","무안군","차대차","정면충돌","정면충돌","운전자법규위반","중앙선 침범","단일로","기타단일로","승용차","소형","원동기장치자전거","원동기장치자전거","899273","1671049","126.39579047","35.02943094"
"2012","2012-03-21 17:00","09","주간","수","1","1","0","0","0","강원","횡성군","차량단독","도로이탈","도로이탈 기타","운전자법규위반","안전운전 의무 불이행","단일로","기타단일로","원동기장치자전거","원동기장치자전거","00","00","1035809","1943299","127.90506029","37.48824294"
"2012","2012-03-21 17:00","40","주간","수","1","1","0","0","0","전남","여수시","차대사람","횡단중","횡단중","운전자법규위반","보행자 보호의무 위반","교차로","교차로내","화물차","소형","보행자","보행자","1020045","1645520","127.71914592","34.8040485"
"2012","2012-03-22 05:00","58","야간","목","1","1","0","0","0","강원","강릉시","차대사람","횡단중","횡단중","운전자법규위반","보행자 보호의무 위반","단일로","횡단보도상","화물차","소형","보행자","보행자","1121928","1975240","128.88437304","37.76870389"
"2012","2012-03-19 11:00","05","주간","월","1","1","0","0","0","충남","아산시","차대차","기타","기타","운전자법규위반","안전운전 의무 불이행","단일로","기타단일로","승용차","중형","화물차","소형","963509","1872320","127.09069055","36.84841576"
"2012","2012-03-26 06:00","34","주간","월","1","1","0","0","0","충남","금산군","차량단독","공작물충돌","공작물충돌","운전자법규위반","안전운전 의무 불이행","단일로","기타단일로","원동기장치자전거","원동기장치자전거","00","00","998669","1790075","127.48520083","36.10758147"
"2012","2012-03-23 19:00","10","야간","금","1","1","0","0","0","서울","금천구","차대사람","기타","기타","운전자법규위반","보행자 보호의무 위반","교차로","교차로부근","승용차","중형","보행자","보행자","945390","1942785","126.88231614","37.48268965"
"2012","2012-03-29 03:00","50","야간","목","1","1","0","0","0","부산","사상구","차대사람","횡단중","횡단중","운전자법규위반","안전운전 의무 불이행","단일로","기타단일로","화물차","소형","보행자","보행자","1135275","1689906","128.9859232","35.19537597"
"2012","2012-03-31 17:00","00","주간","토","1","1","0","0","0","경기","안성시","차대사람","기타","기타","운전자법규위반","안전운전 의무 불이행","교차로","교차로부근","화물차","소형","보행자","보행자","977770","1890430","127.25011812","37.01211059"
"2012","2012-03-31 23:00","53","야간","토","1","1","0","0","0","울산","중구","차대사람","차도통행중","차도통행중","운전자법규위반","안전운전 의무 불이행","교차로","교차로부근","승용차","대형","보행자","보행자","1164112","1730062","129.31062252","35.55297745"
"2012","2012-04-07 15:00","20","주간","토","1","1","0","0","0","경북","포항시","차대차","측면직각충돌","측면직각충돌","운전자법규위반","안전운전 의무 불이행","교차로","교차로부근","이륜차","소형","특수차","소형","1172460","1779247","129.41327177","35.99477889"
"2012","2012-04-07 14:00","10","주간","토","1","3","0","2","0","전남","나주시","차대차","기타","기타","운전자법규위반","직진 및 우회전차의 통행방해","교차로","교차로내","승용차","소형","화물차","중형","917149","1663075","126.5925241","34.95915976"
"2012","2012-04-08 00:00","20","야간","일","1","2","1","0","0","대구","수성구","차량단독","기타","기타","운전자법규위반","안전운전 의무 불이행","단일로","기타단일로","이륜차","소형","00","00","1107639","1759705","128.69168477","35.82793975"
"2012","2012-04-05 11:00","00","주간","목","1","4","3","0","0","충남","당진시","차대차","측면직각충돌","측면직각충돌","운전자법규위반","교차로 통행방법 위반","교차로","교차로내","화물차","소형","승용차","중형","919144","1871717","126.59316589","36.84022589"
"2012","2012-04-11 11:00","30","주간","수","1","2","1","0","0","경북","경주시","차대차","기타","기타","운전자법규위반","안전운전 의무 불이행","교차로","교차로내","승합차","중형","이륜차","소형","1160069","1778169","129.27489262","35.9875406"
"2012","2012-04-11 00:00","00","야간","수","2","6","4","0","0","제주","제주시","차량단독","전도전복","전도전복","운전자법규위반","안전운전 의무 불이행","단일로","기타단일로","승용차","중형","00","00","911134","1499257","126.5434939","33.48145164"
"2012","2012-04-08 14:00","25","주간","일","1","1","0","0","0","경북","경주시","차량단독","기타","기타","운전자법규위반","안전운전 의무 불이행","단일로","기타단일로","원동기장치자전거","원동기장치자전거","00","00","1159032","1762969","129.26111121","35.85036832"
"2012","2012-04-14 03:00","15","야간","토","1","1","0","0","0","경기","성남시","차량단독","전도전복","전도전복","운전자법규위반","안전운전 의무 불이행","단일로","기타단일로","승합차","소형","00","00","967906","1933437","127.13739106","37.3994877"
"2012","2012-04-18 17:00","55","주간","수","1","2","1","0","0","경북","의성군","차대차","정면충돌","정면충돌","운전자법규위반","중앙선 침범","교차로","교차로내","승용차","중형","건설기계","건설기계","1100472","1810428","128.61880593","36.28592466"
"2012","2012-04-18 11:00","00","주간","수","1","1","0","0","0","전북","순창군","차대차","측면직각충돌","측면직각충돌","운전자법규위반","교차로 통행방법 위반","교차로","교차로부근","화물차","소형","자전거","자전거","967708","1708314","127.14451484","35.36995599"
"2012","2012-04-17 22:00","25","야간","화","1","1","0","0","0","경북","김천시","차대차","측면직각충돌","측면직각충돌","운전자법규위반","안전운전 의무 불이행","단일로","기타단일로","화물차","중형","특수차","대형","1069776","1785642","128.27482197","36.0651922"
"2012","2012-04-17 11:00","45","주간","화","1","1","0","0","0","대구","달성군","차대차","기타","기타","운전자법규위반","안전운전 의무 불이행","교차로","교차로내","원동기장치자전거","원동기장치자전거","자전거","자전거","1084710","1763199","128.43824054","35.86168683"
"2012","2012-04-23 02:00","00","야간","월","1","5","0","3","1","경북","울릉군","차량단독","기타","기타","운전자법규위반","안전운전 의무 불이행","단일로","기타단일로","승용차","중형","00","00","1301128","1947627","130.90532194","37.47883645"
"2012","2012-04-22 20:00","08","야간","일","1","1","0","0","0","전북","익산시","차대사람","횡단중","횡단중","운전자법규위반","보행자 보호의무 위반","단일로","기타단일로","승합차","소형","보행자","보행자","951301","1770837","126.960125","35.93300145"
"2012","2012-04-24 08:00","08","주간","화","1","1","0","0","0","강원","횡성군","차량단독","전도전복","전도전복","운전자법규위반","안전운전 의무 불이행","단일로","기타단일로","특수차","대형","00","00","1056626","1945264","128.14067602","37.50491175"
"2012","2012-04-22 14:00","40","주간","일","1","1","0","0","0","전북","익산시","차대차","측면직각충돌","측면직각충돌","운전자법규위반","신호위반","교차로","교차로내","승합차","소형","화물차","소형","952694","1779027","126.97507857","36.00690775"
"2012","2012-04-22 01:00","25","야간","일","1","2","1","0","0","경남","창원시(통합)","차량단독","기타","기타","운전자법규위반","안전운전 의무 불이행","단일로","기타단일로","승용차","중형","00","00","1103057","1692282","128.6323943","35.22062182"
"2012","2012-04-22 02:00","40","야간","일","1","1","0","0","0","경기","양평군","차량단독","공작물충돌","공작물충돌","운전자법규위반","안전운전 의무 불이행","단일로","기타단일로","승용차","대형","00","00","1001578","1943665","127.51785083","37.49223498"
"2012","2012-04-22 03:00","20","야간","일","1","3","2","0","0","대구","동구","차대차","정면충돌","정면충돌","운전자법규위반","중앙선 침범","단일로","기타단일로","승용차","경형","화물차","중형","1101750","1765208","128.62720055","35.8781748"
"2012","2012-04-22 03:00","00","야간","일","1","1","0","0","0","경기","양주시","차대사람","기타","기타","운전자법규위반","안전운전 의무 불이행","단일로","기타단일로","화물차","소형","보행자","보행자","954958","1985948","126.99583828","37.87370298"
"2012","2012-04-21 21:00","00","야간","토","1","1","0","0","0","경북","구미시","차대차","측면직각충돌","측면직각충돌","운전자법규위반","안전운전 의무 불이행","단일로","기타단일로","이륜차","소형","승합차","대형","1074475","1793653","128.32775412","36.13706154"
"2012","2012-04-21 14:00","29","주간","토","1","1","0","0","0","전남","여수시","차대사람","횡단중","횡단중","운전자법규위반","안전운전 의무 불이행","단일로","기타단일로","승용차","중형","보행자","보행자","1016360","1641096","127.67877303","34.76422"
"2012","2012-04-27 17:00","08","주간","금","1","1","0","0","0","강원","동해시","차대사람","기타","기타","운전자법규위반","안전운전 의무 불이행","단일로","기타단일로","승용차","중형","보행자","보행자","1142147","1950432","129.10903076","37.54226738"
"2012","2012-04-27 19:00","50","야간","금","1","1","0","0","0","강원","원주시","차대차","측면직각충돌","측면직각충돌","운전자법규위반","중앙선 침범","단일로","기타단일로","승용차","대형","이륜차","중형","1044036","1927337","127.99716672","37.34401448"
"2012","2012-04-26 00:00","25","야간","목","1","4","3","0","0","전남","무안군","차량단독","공작물충돌","공작물충돌","운전자법규위반","과속","단일로","기타단일로","승용차","중형","00","00","890145","1676550","126.29501616","35.07807275"
"2012","2012-03-07 05:00","05","야간","수","1","1","0","0","0","전남","여수시","차대사람","횡단중","횡단중","운전자법규위반","안전운전 의무 불이행","교차로","교차로부근","화물차","소형","보행자","보행자","1019212","1639986","127.7099126","34.75416056"
"2012","2012-03-11 15:00","55","주간","일","1","1","0","0","0","강원","춘천시","차대차","측면직각충돌","측면직각충돌","운전자법규위반","안전운전 의무 불이행","단일로","기타단일로","이륜차","소형","승용차","소형","1024878","1996343","127.78322883","37.96669878"
"2012","2012-03-13 21:00","25","야간","화","1","2","1","0","0","제주","서귀포시","차대사람","횡단중","횡단중","운전자법규위반","보행자 보호의무 위반","단일로","횡단보도상","승용차","소형","보행자","보행자","934806","1479689","126.79979906","33.30704931"
"2012","2012-03-20 19:00","16","야간","화","1","1","0","0","0","대구","달성군","차대사람","기타","기타","운전자법규위반","안전운전 의무 불이행","단일로","기타단일로","승용차","경형","보행자","보행자","1085670","1743337","128.44674725","35.68254641"
"2012","2012-03-18 01:00","28","야간","토","1","1","0","0","0","경기","안산시","차량단독","공작물충돌","공작물충돌","운전자법규위반","안전운전 의무 불이행","단일로","터널안","승용차","소형","00","00","944374","1921307","126.87244057","37.28904141"
"2012","2012-03-30 16:00","00","주간","금","1","1","0","0","0","충북","청주시","차대사람","기타","기타","운전자법규위반","안전운전 의무 불이행","단일로","기타단일로","화물차","소형","보행자","보행자","994124","1847779","127.43427866","36.62786941"
"2012","2012-03-30 02:00","48","야간","금","1","1","0","0","0","광주","광산구","차량단독","공작물충돌","공작물충돌","운전자법규위반","안전운전 의무 불이행","단일로","기타단일로","화물차","소형","00","00","938468","1691506","126.8239042","35.21703324"
"2012","2012-03-28 17:00","55","주간","수","1","1","0","0","0","대구","동구","차대차","추돌","진행중 추돌","운전자법규위반","안전운전 의무 불이행","단일로","기타단일로","화물차","대형","이륜차","소형","1109130","1764642","128.70886391","35.87227787"
"2012","2012-04-03 01:00","20","야간","화","1","1","0","0","0","충남","천안시","차대차","추돌","주정차중 추돌","운전자법규위반","안전운전 의무 불이행","교차로","교차로부근","승용차","대형","승용차","대형","967994","1869781","127.14110355","36.82569051"
"2012","2012-04-04 11:00","50","주간","수","1","1","0","0","0","경남","고성군","차량단독","전도전복","전도전복","운전자법규위반","안전운전 의무 불이행","단일로","기타단일로","이륜차","사발이","00","00","1077621","1669274","128.35069999","35.01563013"
"2012","2012-04-05 23:00","10","야간","목","1","1","0","0","0","부산","연제구","차대사람","횡단중","횡단중","운전자법규위반","안전운전 의무 불이행","단일로","기타단일로","승합차","중형","보행자","보행자","1143514","1688201","129.07609773","35.17886339"
"2012","2012-03-05 23:00","00","야간","월","1","1","0","0","0","경기","수원시","차대사람","횡단중","횡단중","운전자법규위반","안전운전 의무 불이행","교차로","교차로부근","승용차","소형","보행자","보행자","956760","1919181","127.01229488","37.27053671"
"2012","2012-03-14 08:00","16","주간","화","1","1","0","0","0","전남","신안군","차대차","측면직각충돌","측면직각충돌","운전자법규위반","직진 및 우회전차의 통행방해","교차로","교차로내","화물차","대형","원동기장치자전거","원동기장치자전거","866963","1655464","126.04417178","34.88519937"
"2012","2012-03-12 18:00","45","야간","월","1","3","1","1","0","전남","영암군","차대차","추돌","진행중 추돌","운전자법규위반","안전운전 의무 불이행","단일로","기타단일로","화물차","소형","화물차","소형","914749","1647504","126.56782678","34.81856603"
"2012","2012-03-11 19:00","10","야간","일","1","1","0","0","0","강원","영월군","차대사람","길가장자리구역통행중","길가장자리구역통행중","운전자법규위반","기타(운전자법규위반)","단일로","기타단일로","승용차","소형","보행자","보행자","1083829","1909805","128.44441199","37.18326126"
"2012","2012-03-18 00:00","30","야간","일","1","1","0","0","0","경기","동두천시","차량단독","전도전복","전도전복","운전자법규위반","안전운전 의무 불이행","단일로","기타단일로","이륜차","중형","00","00","959312","1989845","127.03715066","37.90756322"
"2012","2012-03-16 19:00","15","야간","금","1","1","0","0","0","서울","은평구","차대사람","횡단중","횡단중","운전자법규위반","안전운전 의무 불이행","단일로","기타단일로","승용차","중형","보행자","보행자","948418","1956280","126.91560478","37.60290051"
"2012","2012-04-14 17:00","20","주간","토","1","1","0","0","0","전북","고창군","차대사람","기타","기타","운전자법규위반","안전운전 의무 불이행","단일로","기타단일로","화물차","소형","보행자","보행자","924317","1713165","126.66650536","35.41141575"
"2012","2012-04-13 21:00","35","야간","금","1","1","0","0","0","전남","여수시","차대사람","횡단중","횡단중","운전자법규위반","안전운전 의무 불이행","단일로","기타단일로","승용차","중형","보행자","보행자","1020847","1638553","127.72763051","34.74067418"
"2012","2012-04-13 13:00","22","주간","금","1","1","0","0","0","강원","강릉시","차대차","측면직각충돌","측면직각충돌","운전자법규위반","신호위반","교차로","교차로내","이륜차","중형","승합차","대형","1123471","1974147","128.9017016","37.75864826"
"2012","2012-04-13 09:00","20","주간","금","1","2","1","0","0","충남","홍성군","차대차","측면직각충돌","측면직각충돌","운전자법규위반","차로위반(진로변경 위반)","교차로","교차로부근","원동기장치자전거","원동기장치자전거","승용차","중형","923590","1840095","126.6461827","36.55555882"
"2012","2012-04-20 19:00","55","야간","금","1","1","0","0","0","충북","음성군","차대차","추돌","진행중 추돌","운전자법규위반","교차로 통행방법 위반","교차로","교차로내","화물차","대형","승용차","중형","1005330","1885925","127.5598816","36.97174848"
"2012","2012-04-18 17:00","47","주간","수","1","1","0","0","0","충북","영동군","차대사람","기타","기타","운전자법규위반","안전운전 의무 불이행","단일로","기타단일로","화물차","소형","보행자","보행자","1045062","1802409","128.00136026","36.2178129"
"2012","2012-04-17 19:00","40","야간","화","1","1","0","0","0","전남","무안군","차대사람","횡단중","횡단중","운전자법규위반","안전운전 의무 불이행","교차로","교차로부근","화물차","소형","보행자","보행자","896743","1668288","126.36840335","35.0042832"
"2012","2012-04-16 19:00","15","야간","월","1","1","0","0","0","경남","창원시(통합)","차대사람","기타","기타","운전자법규위반","보행자 보호의무 위반","단일로","횡단보도상","승용차","소형","보행자","보행자","1105940","1684752","128.66309926","35.15243618"
"2012","2012-04-17 15:00","05","주간","화","1","2","0","0","1","광주","북구","차대차","기타","기타","운전자법규위반","안전운전 의무 불이행","교차로","교차로내","승용차","소형","이륜차","중형","945616","1692072","126.90224847","35.22263016"
"2012","2012-04-18 07:00","00","주간","수","1","6","4","1","0","경기","부천시","차대차","기타","기타","운전자법규위반","중앙선 침범","고가도로위","고가도로위","승용차","중형","승합차","소형","936214","1944094","126.77842158","37.49389947"
"2012","2012-04-23 22:00","40","야간","월","1","2","1","0","0","경북","의성군","차대차","추돌","주정차중 추돌","운전자법규위반","안전운전 의무 불이행","단일로","기타단일로","화물차","소형","화물차","대형","1105684","1817897","128.67784599","36.35268984"
"2012","2012-04-21 08:00","33","주간","토","1","1","0","0","0","광주","광산구","차량단독","도로이탈","도로이탈 추락","운전자법규위반","안전운전 의무 불이행","단일로","기타단일로","승용차","중형","00","00","935636","1677317","126.79389528","35.08891999"
"2012","2012-04-21 21:00","45","야간","토","1","1","0","0","0","경기","수원시","차대사람","횡단중","횡단중","운전자법규위반","안전운전 의무 불이행","단일로","기타단일로","승용차","중형","보행자","보행자","953766","1919951","126.97847883","37.27733328"
"2012","2012-03-08 11:00","30","주간","목","1","1","0","0","0","충남","태안군","차대사람","횡단중","횡단중","운전자법규위반","안전운전 의무 불이행","단일로","기타단일로","승합차","대형","보행자","보행자","892522","1862469","126.29594693","36.75422398"
"2012","2012-03-13 06:00","07","주간","화","1","1","0","0","0","대구","동구","차대사람","횡단중","횡단중","운전자법규위반","안전운전 의무 불이행","단일로","기타단일로","승용차","소형","보행자","보행자","1101753","1765069","128.62721603","35.87692149"
"2012","2012-03-12 22:00","30","야간","월","1","7","0","6","0","전남","여수시","차대차","정면충돌","정면충돌","운전자법규위반","신호위반","교차로","교차로내","승용차","중형","승합차","대형","1016369","1639490","127.67884015","34.74973733"
"2012","2012-03-21 20:00","00","야간","수","1","1","0","0","0","충북","청원군","차대차","정면충돌","정면충돌","운전자법규위반","신호위반","교차로","교차로내","승용차","중형","이륜차","소형","1010386","1844567","127.6153596","36.59820836"
"2012","2012-03-21 05:00","50","야간","수","1","1","0","0","0","전남","여수시","차대사람","횡단중","횡단중","운전자법규위반","안전운전 의무 불이행","단일로","기타단일로","승용차","소형","보행자","보행자","1022474","1636919","127.74547152","34.72643649"
"2012","2012-03-25 03:00","20","야간","일","1","4","2","1","0","인천","서구","차량단독","공작물충돌","공작물충돌","운전자법규위반","안전운전 의무 불이행","단일로","기타단일로","승용차","중형","00","00","927101","1950187","126.67473539","37.54813922"
"2012","2012-03-25 14:00","52","주간","일","1","4","1","2","0","서울","서대문구","차대차","측면직각충돌","측면직각충돌","운전자법규위반","신호위반","교차로","교차로내","승용차","중형","승합차","대형","948511","1952259","126.91695128","37.5682596"
"2012","2012-03-27 07:00","40","주간","화","1","1","0","0","0","대구","수성구","차대사람","횡단중","횡단중","운전자법규위반","안전운전 의무 불이행","단일로","횡단보도부근","승용차","중형","보행자","보행자","1100918","1763420","128.6179864","35.86416052"
"2012","2012-03-22 21:00","00","야간","목","2","3","0","1","0","경기","안성시","차대사람","길가장자리구역통행중","길가장자리구역통행중","운전자법규위반","안전운전 의무 불이행","단일로","기타단일로","승용차","중형","보행자","보행자","993487","1896321","127.4267377","37.06545467"
"2012","2012-03-29 20:00","50","야간","목","1","1","0","0","0","전북","전주시","차대차","기타","기타","운전자법규위반","교차로 통행방법 위반","교차로","교차로내","승용차","중형","이륜차","중형","965951","1758010","127.12307863","35.81797456"
"2012","2012-03-28 02:00","00","야간","수","1","3","0","1","1","경기","이천시","차량단독","도로이탈","도로이탈 추락","운전자법규위반","안전운전 의무 불이행","단일로","기타단일로","승용차","중형","00","00","1009616","1901848","127.60823757","37.11524988"
"2012","2012-04-03 07:00","40","주간","화","1","1","0","0","0","전남","영암군","차량단독","도로이탈","도로이탈 기타","운전자법규위반","안전운전 의무 불이행","교차로","교차로부근","화물차","소형","00","00","913935","1637123","126.55998924","34.72489658"
"2012","2012-04-02 19:00","45","야간","월","1","1","0","0","0","부산","금정구","차대차","정면충돌","정면충돌","운전자법규위반","중앙선 침범","단일로","기타단일로","자전거","자전거","화물차","중형","1144659","1693520","129.08870058","35.22548256"
"2012","2012-04-02 20:00","30","야간","월","1","1","0","0","0","부산","금정구","차대사람","기타","기타","운전자법규위반","안전운전 의무 불이행","단일로","기타단일로","화물차","소형","보행자","보행자","1145003","1699840","129.09449649","35.28355881"
"2012","2012-04-07 05:00","35","야간","토","1","1","0","0","0","서울","종로구","차대사람","횡단중","횡단중","운전자법규위반","안전운전 의무 불이행","교차로","교차로내","승용차","대형","보행자","보행자","953799","1952417","126.97681891","37.56996423"
"2012","2012-04-06 06:00","20","주간","금","1","1","0","0","0","경기","고양시","차대차","정면충돌","정면충돌","운전자법규위반","신호위반","교차로","교차로내","이륜차","중형","승합차","중형","934575","1963809","126.75812057","37.67147181"
"2012","2012-04-09 22:00","33","야간","월","1","1","0","0","0","서울","금천구","차대사람","횡단중","횡단중","운전자법규위반","안전운전 의무 불이행","단일로","기타단일로","화물차","중형","보행자","보행자","946880","1941514","126.89926012","37.47132077"
"2012","2012-04-09 15:00","30","주간","월","1","1","0","0","0","경남","고성군","차대차","측면직각충돌","측면직각충돌","운전자법규위반","신호위반","교차로","교차로내","승용차","소형","원동기장치자전거","원동기장치자전거","1074803","1665479","128.31954959","34.98146219"
"2012","2012-04-09 20:00","50","야간","월","1","2","1","0","0","경북","구미시","차대사람","횡단중","횡단중","운전자법규위반","보행자 보호의무 위반","단일로","기타단일로","이륜차","소형","보행자","보행자","1074716","1793572","128.33042477","36.1363128"
"2012","2012-04-17 21:00","30","야간","화","1","1","0","0","0","경남","합천군","차량단독","도로이탈","도로이탈 추락","운전자법규위반","안전운전 의무 불이행","단일로","기타단일로","이륜차","소형","00","00","1054996","1727494","128.10670822","35.54189411"
"2012","2012-04-17 12:00","45","주간","화","1","1","0","0","0","전남","영암군","차대차","측면직각충돌","측면직각충돌","운전자법규위반","안전운전 의무 불이행","단일로","기타단일로","화물차","소형","농기계","농기계","926679","1647238","126.69828583","34.81709699"
"2012","2012-04-21 02:00","48","야간","토","1","1","0","0","0","충남","서산시","차대사람","기타","기타","운전자법규위반","안전운전 의무 불이행","단일로","기타단일로","승용차","중형","보행자","보행자","905189","1864228","126.43761034","36.77142952"
"2012","2012-04-21 09:00","40","주간","토","1","1","0","0","0","서울","동대문구","차대사람","기타","기타","운전자법규위반","안전운전 의무 불이행","단일로","횡단보도상","이륜차","중형","보행자","보행자","961713","1951414","127.06648701","37.56128702"
"2012","2012-04-21 02:00","35","야간","토","1","1","0","0","0","광주","북구","차대차","측면직각충돌","측면직각충돌","운전자법규위반","안전운전 의무 불이행","단일로","기타단일로","승용차","중형","자전거","자전거","945540","1684975","126.90255294","35.1585479"
"2012","2012-04-20 07:00","05","주간","금","1","3","0","2","0","경남","김해시","차대차","추돌","진행중 추돌","운전자법규위반","안전운전 의무 불이행","단일로","기타단일로","화물차","소형","승합차","대형","1124758","1695233","128.87179798","35.24473428"
"2012","2012-04-21 02:00","10","야간","토","1","1","0","0","0","경남","거제시","차대사람","기타","기타","운전자법규위반","안전운전 의무 불이행","단일로","기타단일로","승용차","경형","보행자","보행자","1103340","1655925","128.63097415","34.89281295"
"2012","2012-03-01 10:00","50","주간","목","1","2","1","0","0","경남","하동군","차대차","측면직각충돌","측면직각충돌","운전자법규위반","안전운전 의무 불이행","단일로","기타단일로","승합차","대형","승용차","경형","1012926","1686180","127.64194779","35.17081257"
"2012","2012-03-06 01:00","05","야간","화","1","4","1","2","0","서울","강남구","차대사람","차도통행중","차도통행중","운전자법규위반","안전운전 의무 불이행","단일로","기타단일로","승용차","중형","보행자","보행자","959476","1945207","127.04150143","37.50524558"
"2012","2012-06-01 21:00","18","야간","금","1","1","0","0","0","서울","중구","차대사람","횡단중","횡단중","운전자법규위반","안전운전 의무 불이행","단일로","기타단일로","승합차","대형","보행자","보행자","955211","1950838","126.99290432","37.55580213"
"2012","2012-06-01 07:00","26","주간","금","1","1","0","0","0","충남","천안시","차대사람","횡단중","횡단중","운전자법규위반","보행자 보호의무 위반","단일로","횡단보도상","승합차","소형","보행자","보행자","968821","1868332","127.15043629","36.81265607"
"2012","2012-06-02 14:00","40","주간","토","1","1","0","0","0","경북","경주시","차대사람","보도통행중","보도통행중","운전자법규위반","기타(운전자법규위반)","교차로","교차로부근","승용차","중형","보행자","보행자","1151610","1762135","129.17879438","35.84402846"