"발생년","발생년월일시","발생분","주야","요일","사망자수","사상자수","중상자수","경상자수","부상신고자수","발생지시도","발생지시군구","사고유형_대분류","사고유형_중분류","사고유형","법규위반_대분류","법규위반","도로형태_대분류","도로형태","당사자종별_1당_대분류","당사자종별_1당","당사자종별_2당_대분류","당사자종별_2당","발생위치X_UTMK","발생위치Y_UTMK","경도","위도"
"2012","2012-04-17 15:00","03","주간","화","1","1","0","0","0","경기","고양시","차대차","기타","기타","운전자법규위반","기타(운전자법규위반)","기타/불명","기타/불명","화물차","대형","화물차","소형","939242","1965937","126.81252682","37.69107176"
"2012","2012-04-16 13:00","36","주간","월","2","3","1","0","0","전남","진도군","차대차","정면충돌","정면충돌","운전자법규위반","안전운전 의무 불이행","기타/불명","기타/불명","화물차","중형","화물차","소형","883375","1605236","126.23065168","34.43437609"
"2012","2012-04-22 03:00","30","야간","일","1","1","0","0","0","충북","영동군","차량단독","공작물충돌","공작물충돌","운전자법규위반","안전운전 의무 불이행","단일로","기타단일로","승용차","소형","00","00","1040606","1801820","127.9517537","36.2127003"
"2012","2012-04-21 21:00","49","야간","토","1","1","0","0","0","서울","서초구","차대사람","기타","기타","운전자법규위반","안전운전 의무 불이행","단일로","횡단보도상","화물차","소형","보행자","보행자","954277","1943962","126.98275814","37.49378107"
"2012","2012-04-21 10:00","35","주간","토","2","5","3","0","0","대구","북구","차량단독","기타","기타","운전자법규위반","안전운전 의무 불이행","단일로","기타단일로","승용차","중형","00","00","1096745","1772716","128.57267673","35.94636308"
"2012","2012-04-20 18:00","50","야간","금","1","2","0","1","0","경남","김해시","차대차","측면직각충돌","측면직각충돌","운전자법규위반","차로위반(진로변경 위반)","교차로","교차로부근","승용차","중형","원동기장치자전거","원동기장치자전거","1124187","1697651","128.86718277","35.26310743"
"2012","2012-04-21 07:00","42","주간","토","1","1","0","0","0","전북","완주군","차대사람","보도통행중","보도통행중","운전자법규위반","보행자 보호의무 위반","단일로","기타단일로","승용차","중형","보행자","보행자","966234","1773521","127.12555357","35.95783028"
"2012","2012-04-21 05:00","00","야간","토","1","1","0","0","0","강원","홍천군","차량단독","도로이탈","도로이탈 기타","운전자법규위반","안전운전 의무 불이행","단일로","기타단일로","이륜차","소형","00","00","1028093","1960408","127.81843645","37.64272067"
"2012","2012-03-07 22:00","25","야간","화","1","1","0","0","0","서울","서초구","차대사람","횡단중","횡단중","운전자법규위반","안전운전 의무 불이행","단일로","기타단일로","승용차","중형","보행자","보행자","959104","1940401","127.03755973","37.46191078"
"2012","2012-03-08 03:00","25","야간","목","1","1","0","0","0","강원","영월군","차량단독","공작물충돌","공작물충돌","운전자법규위반","안전운전 의무 불이행","단일로","기타단일로","승용차","중형","00","00","1074930","1908102","128.34399618","37.16866849"
"2012","2012-03-06 17:00","05","주간","화","1","1","0","0","0","인천","남동구","차량단독","기타","기타","운전자법규위반","안전운전 의무 불이행","단일로","기타단일로","이륜차","소형","00","00","932468","1936389","126.7379638","37.41638147"
"2012","2012-03-07 00:00","40","야간","수","1","1","0","0","0","전남","순천시","차량단독","공작물충돌","공작물충돌","운전자법규위반","안전운전 의무 불이행","단일로","기타단일로","승용차","경형","00","00","1006159","1654577","127.56617812","34.88909309"
"2012","2012-03-10 06:00","30","주간","토","1","1","0","0","0","광주","북구","차대사람","횡단중","횡단중","운전자법규위반","안전운전 의무 불이행","교차로","교차로부근","승용차","중형","보행자","보행자","946766","1685467","126.91392375","35.16831479"
"2012","2012-03-20 18:00","00","야간","화","1","5","2","2","0","인천","남구","차대사람","횡단중","횡단중","운전자법규위반","신호위반","단일로","횡단보도상","승용차","중형","보행자","보행자","925654","1941308","126.65925403","37.46800001"
"2012","2012-03-22 07:00","40","주간","목","1","1","0","0","0","제주","서귀포시","차대사람","횡단중","횡단중","운전자법규위반","안전운전 의무 불이행","단일로","기타단일로","승용차","소형","보행자","보행자","923664","1482687","126.67975284","33.33297662"
"2012","2012-03-19 07:00","27","주간","월","1","2","0","0","1","부산","북구","차량단독","기타","기타","운전자법규위반","안전운전 의무 불이행","단일로","기타단일로","이륜차","소형","00","00","1137781","1694966","129.01428886","35.24064575"
"2012","2012-03-24 10:00","21","주간","토","1","1","0","0","0","충북","청주시","차대사람","차도통행중","차도통행중","운전자법규위반","안전운전 의무 불이행","단일로","기타단일로","승합차","대형","보행자","보행자","995799","1848484","127.45300918","36.63423383"
"2012","2012-03-25 01:00","35","야간","일","1","2","1","0","0","서울","송파구","차대차","측면직각충돌","측면직각충돌","운전자법규위반","신호위반","교차로","교차로내","승용차","소형","이륜차","중형","965353","1946736","127.10792163","37.5192665"
"2012","2012-03-25 20:00","10","야간","일","1","1","0","0","0","경북","경주시","차대사람","횡단중","횡단중","운전자법규위반","안전운전 의무 불이행","단일로","기타단일로","승용차","중형","보행자","보행자","1153872","1762260","129.203856","35.8448025"
"2012","2012-03-24 06:00","10","주간","토","1","1","0","0","0","충북","청원군","차대사람","길가장자리구역통행중","길가장자리구역통행중","운전자법규위반","안전운전 의무 불이행","단일로","횡단보도상","화물차","경형","보행자","보행자","994634","1840547","127.44003333","36.56267565"
"2012","2012-03-30 04:00","55","야간","금","1","1","0","0","0","전북","남원시","차대사람","횡단중","횡단중","운전자법규위반","안전운전 의무 불이행","단일로","기타단일로","화물차","중형","보행자","보행자","988530","1716768","127.37361308","35.44664101"
"2012","2012-04-01 12:00","05","주간","일","1","3","0","2","0","경기","용인시","차대차","추돌","진행중 추돌","운전자법규위반","안전운전 의무 불이행","단일로","기타단일로","화물차","소형","승용차","소형","964599","1922089","127.10057048","37.29707999"
"2012","2012-03-31 16:00","38","주간","토","1","1","0","0","0","대전","동구","차대차","추돌","주정차중 추돌","운전자법규위반","안전운전 의무 불이행","단일로","기타단일로","화물차","소형","원동기장치자전거","원동기장치자전거","995305","1816538","127.44767754","36.34623195"
"2012","2012-03-31 19:00","01","야간","토","1","1","0","0","0","대전","유성구","차대사람","횡단중","횡단중","운전자법규위반","안전운전 의무 불이행","교차로","교차로부근","승용차","중형","보행자","보행자","984072","1821167","127.32239922","36.38784361"
"2012","2012-04-04 20:00","20","야간","수","1","2","1","0","0","인천","중구","차대사람","횡단중","횡단중","운전자법규위반","신호위반","교차로","교차로내","승용차","중형","보행자","보행자","923616","1941438","126.63619608","37.46900544"
"2012","2012-04-10 16:00","40","주간","화","1","1","0","0","0","경북","경주시","차량단독","기타","기타","운전자법규위반","안전운전 의무 불이행","단일로","기타단일로","이륜차","소형","00","00","1153762","1762252","129.20415331","35.84472617"
"2012","2012-04-11 00:00","40","야간","수","1","3","2","0","0","경북","구미시","차량단독","전도전복","전도전복","운전자법규위반","안전운전 의무 불이행","단일로","기타단일로","승용차","중형","00","00","1067877","1806506","128.25435261","36.25621617"
"2012","2012-04-11 11:00","45","주간","수","1","1","0","0","0","울산","울주군","차대사람","차도통행중","차도통행중","운전자법규위반","안전운전 의무 불이행","단일로","기타단일로","화물차","소형","보행자","보행자","1143660","1726526","129.08443436","35.52428391"
"2012","2012-04-08 22:00","56","야간","일","1","2","1","0","0","경기","화성시","차량단독","전도전복","전도전복","운전자법규위반","안전운전 의무 불이행","단일로","기타단일로","승용차","소형","00","00","963618","1911543","127.09001748","37.2019824"
"2012","2012-04-09 06:00","50","주간","월","1","1","0","0","0","경기","화성시","차대사람","기타","기타","운전자법규위반","안전운전 의무 불이행","단일로","기타단일로","승용차","중형","보행자","보행자","956157","1911022","126.99574732","37.20472847"
"2012","2012-04-09 10:00","55","주간","월","1","1","0","0","0","전북","전주시","차대사람","횡단중","횡단중","운전자법규위반","보행자 보호의무 위반","교차로","교차로부근","화물차","대형","보행자","보행자","966532","1760431","127.12940869","35.83982232"
"2012","2012-04-14 19:00","35","야간","토","1","1","0","0","0","서울","강서구","차대사람","기타","기타","운전자법규위반","안전운전 의무 불이행","단일로","기타단일로","승합차","대형","보행자","보행자","942305","1948182","126.8470007","37.53114562"
"2012","2012-04-14 12:00","05","주간","토","1","3","1","1","0","경남","창녕군","차대차","측면직각충돌","측면직각충돌","운전자법규위반","과속","교차로","교차로내","승합차","중형","승합차","경형","1088240","1727297","128.47339154","35.53771556"
"2012","2012-04-17 16:00","50","주간","화","1","1","0","0","0","경기","수원시","차대차","기타","기타","운전자법규위반","신호위반","단일로","기타단일로","화물차","대형","자전거","자전거","954848","1920927","126.98920514","37.28581706"
"2012","2012-04-18 10:00","40","주간","수","1","1","0","0","0","전남","장성군","차량단독","공작물충돌","공작물충돌","운전자법규위반","안전운전 의무 불이행","교차로","교차로부근","승용차","소형","00","00","933883","1701115","126.77275541","35.30337931"
"2012","2012-04-18 00:00","33","야간","수","1","1","0","0","0","전남","해남군","차대차","측면직각충돌","측면직각충돌","운전자법규위반","중앙선 침범","단일로","기타단일로","화물차","대형","화물차","소형","909098","1599614","126.51117599","34.38626827"
"2012","2012-04-23 16:00","13","주간","월","1","1","0","0","0","충남","태안군","차량단독","공작물충돌","공작물충돌","운전자법규위반","안전운전 의무 불이행","단일로","기타단일로","이륜차","대형","00","00","888430","1879699","126.24758572","36.90903723"
"2012","2012-04-24 03:00","20","야간","화","1","3","0","2","0","경기","수원시","차량단독","공작물충돌","공작물충돌","운전자법규위반","안전운전 의무 불이행","단일로","기타단일로","승용차","중형","00","00","957411","1915104","127.02235279","37.2317005"
"2012","2012-04-23 21:00","40","야간","월","1","1","0","0","0","경남","통영시","차대사람","횡단중","횡단중","운전자법규위반","과속","단일로","횡단보도상","승용차","소형","보행자","보행자","1084470","1651041","128.42399066","34.85052255"
"2012","2012-04-23 20:00","46","야간","월","1","1","0","0","0","전북","익산시","차량단독","공작물충돌","공작물충돌","운전자법규위반","안전운전 의무 불이행","단일로","기타단일로","승용차","소형","00","00","948166","1789405","126.92415557","36.10023925"
"2012","2012-04-22 01:00","34","야간","일","1","1","0","0","0","대전","서구","차대사람","기타","기타","운전자법규위반","안전운전 의무 불이행","단일로","기타단일로","승용차","중형","보행자","보행자","990733","1815967","127.3987811","36.34259437"
"2012","2012-04-21 18:00","45","야간","토","1","11","2","7","1","전남","영암군","차대차","정면충돌","정면충돌","운전자법규위반","중앙선 침범","단일로","기타단일로","승합차","중형","승합차","대형","902406","1642764","126.43616109","34.77586261"
"2012","2012-03-09 19:00","12","야간","금","1","1","0","0","0","서울","구로구","차대사람","횡단중","횡단중","운전자법규위반","안전운전 의무 불이행","교차로","교차로부근","승용차","중형","보행자","보행자","943088","1943401","126.85623247","37.48810274"
"2012","2012-03-09 14:00","50","주간","금","1","1","0","0","0","서울","금천구","차량단독","공작물충돌","공작물충돌","운전자법규위반","안전운전 의무 불이행","교차로","교차로부근","이륜차","중형","00","00","947255","1938288","126.90340326","37.442345"
"2012","2012-03-06 15:00","18","주간","화","1","2","1","0","0","경기","남양주시","차대차","정면충돌","정면충돌","운전자법규위반","중앙선 침범","단일로","기타단일로","승용차","대형","특수차","대형","984418","1952378","127.32354695","37.57064012"
"2012","2012-03-04 22:00","43","야간","일","1","3","2","0","0","경북","울진군","차량단독","공작물충돌","공작물충돌","운전자법규위반","안전운전 의무 불이행","단일로","기타단일로","승용차","중형","00","00","1167606","1884840","129.38232101","36.94706207"
"2012","2012-03-10 13:00","40","주간","토","1","1","0","0","0","전남","영암군","차량단독","공작물충돌","공작물충돌","운전자법규위반","안전운전 의무 불이행","단일로","기타단일로","화물차","소형","00","00","921641","1649898","126.64295561","34.84070596"
"2012","2012-03-17 21:00","30","야간","토","1","1","0","0","0","경기","김포시","차대사람","기타","기타","운전자법규위반","안전운전 의무 불이행","교차로","교차로부근","화물차","소형","보행자","보행자","918622","1961447","126.57750619","37.6489084"
"2012","2012-03-18 11:00","20","주간","일","1","1","0","0","0","대전","동구","차량단독","공작물충돌","공작물충돌","운전자법규위반","안전운전 의무 불이행","단일로","기타단일로","승용차","중형","00","00","997718","1805160","127.47460199","36.24366236"
"2012","2012-03-13 18:00","20","야간","화","1","1","0","0","0","경북","봉화군","차량단독","도로이탈","도로이탈 추락","운전자법규위반","안전운전 의무 불이행","단일로","기타단일로","화물차","소형","00","00","1105006","1883432","128.67926373","36.94343523"
"2012","2012-03-19 12:00","25","주간","월","1","1","0","0","0","경북","상주시","차량단독","공작물충돌","공작물충돌","운전자법규위반","안전운전 의무 불이행","단일로","기타단일로","화물차","소형","00","00","1057397","1842904","128.14158652","36.58221264"
"2012","2012-03-25 16:00","45","주간","일","1","1","0","0","0","충북","제천시","차대사람","기타","기타","운전자법규위반","안전운전 의무 불이행","교차로","교차로내","화물차","소형","보행자","보행자","1045790","1904843","128.01557378","37.1410855"
"2012","2012-03-30 00:00","30","야간","금","1","2","1","0","0","강원","홍천군","차량단독","기타","기타","운전자법규위반","안전운전 의무 불이행","단일로","기타단일로","승용차","소형","00","00","1022659","1956507","127.7567213","37.60770963"
"2012","2012-03-27 08:00","00","주간","화","1","1","0","0","0","경기","성남시","차대사람","횡단중","횡단중","운전자법규위반","보행자 보호의무 위반","단일로","횡단보도상","승용차","중형","보행자","보행자","968616","1938782","127.14518547","37.44768978"
"2012","2012-03-26 12:00","49","주간","월","1","3","1","1","0","전남","나주시","차대차","측면직각충돌","측면직각충돌","운전자법규위반","신호위반","교차로","교차로내","승용차","중형","특수차","소형","928198","1671435","126.71281254","35.03538237"
"2012","2012-02-10 19:00","15","야간","금","1","1","0","0","0","충북","음성군","차대사람","횡단중","횡단중","운전자법규위반","안전운전 의무 불이행","단일로","기타단일로","화물차","대형","보행자","보행자","1012489","1884479","127.64028761","36.95864577"
"2012","2012-02-10 19:00","47","야간","금","1","2","1","0","0","경기","구리시","차량단독","공작물충돌","공작물충돌","운전자법규위반","안전운전 의무 불이행","단일로","기타단일로","승용차","경형","00","00","969013","1956134","127.13310246","37.6065983"
"2012","2012-02-14 10:00","30","주간","화","1","6","2","3","0","경기","성남시","차대차","추돌","주정차중 추돌","운전자법규위반","안전운전 의무 불이행","단일로","기타단일로","승용차","중형","승합차","중형","962741","1932147","127.07910149","37.38766682"
"2012","2012-02-13 05:00","10","야간","월","1","1","0","0","0","대구","서구","차대사람","횡단중","횡단중","운전자법규위반","신호위반","단일로","횡단보도상","승용차","소형","보행자","보행자","1096984","1763420","128.57419309","35.8625406"
"2012","2012-02-11 23:00","55","야간","토","1","1","0","0","0","경기","포천시","차대사람","기타","기타","운전자법규위반","안전운전 의무 불이행","단일로","기타단일로","특수차","중형","보행자","보행자","975218","1989520","127.20952894","37.89479361"
"2012","2012-02-19 18:00","30","야간","일","1","1","0","0","0","서울","도봉구","차대사람","횡단중","횡단중","운전자법규위반","안전운전 의무 불이행","단일로","기타단일로","승용차","경형","보행자","보행자","959997","1963980","127.04637017","37.67447399"
"2012","2012-02-18 19:00","30","야간","토","1","1","0","0","0","충북","청주시","차대차","측면직각충돌","측면직각충돌","운전자법규위반","안전운전 의무 불이행","단일로","기타단일로","승용차","경형","자전거","자전거","995886","1849828","127.45363954","36.6462871"
"2012","2012-02-19 01:00","30","야간","일","1","1","0","0","0","경기","군포시","차대사람","횡단중","횡단중","운전자법규위반","안전운전 의무 불이행","교차로","교차로내","승용차","경형","보행자","보행자","948956","1929351","126.92357754","37.36180859"
"2012","2012-02-17 05:00","20","야간","금","1","2","1","0","0","경북","포항시","차대사람","기타","기타","운전자법규위반","안전운전 의무 불이행","단일로","기타단일로","승용차","중형","보행자","보행자","1169210","1786230","129.37872772","36.05827258"
"2012","2012-02-16 19:00","20","야간","목","1","1","0","0","0","강원","양구군","차대사람","횡단중","횡단중","운전자법규위반","안전운전 의무 불이행","단일로","기타단일로","승용차","소형","보행자","보행자","1047864","2015967","128.04622235","38.14263719"
"2012","2012-02-24 15:00","45","주간","금","4","100","6","23","67","강원","고성군","차대차","추돌","진행중 추돌","운전자법규위반","안전운전 의무 불이행","단일로","기타단일로","승합차","대형","승합차","중형","1086749","2023375","128.49083272","38.20649134"
"2012","2012-02-22 19:00","00","야간","수","1","1","0","0","0","충남","태안군","차대사람","길가장자리구역통행중","길가장자리구역통행중","운전자법규위반","안전운전 의무 불이행","단일로","기타단일로","승용차","소형","보행자","보행자","896689","1837495","126.34598312","36.52959314"
"2012","2012-02-22 19:00","50","야간","수","1","2","1","0","0","전북","전주시","차대사람","횡단중","횡단중","운전자법규위반","신호위반","교차로","교차로내","승용차","대형","보행자","보행자","968652","1758322","127.15296586","35.8208776"
"2012","2012-02-21 23:00","30","야간","화","1","1","0","0","0","경남","합천군","차대차","추돌","주정차중 추돌","운전자법규위반","중앙선 침범","단일로","교량위","승용차","대형","화물차","소형","1056526","1712946","128.122574","35.4106404"
"2012","2012-02-21 00:00","10","야간","화","1","1","0","0","0","경기","수원시","차대사람","횡단중","횡단중","운전자법규위반","안전운전 의무 불이행","단일로","기타단일로","승용차","대형","보행자","보행자","957917","1919808","127.02530881","37.27624134"
"2012","2012-02-27 16:00","53","주간","월","1","1","0","0","0","경남","김해시","차대차","측면직각충돌","측면직각충돌","운전자법규위반","교차로 통행방법 위반","교차로","교차로내","원동기장치자전거","원동기장치자전거","승합차","대형","1135531","1694666","128.98951818","35.23824838"
"2012","2012-02-27 18:00","45","야간","월","1","1","0","0","0","경기","여주시","차대사람","기타","기타","운전자법규위반","안전운전 의무 불이행","단일로","기타단일로","승용차","중형","보행자","보행자","1008380","1930810","127.59465113","37.37632647"
"2012","2012-02-25 11:00","30","주간","토","1","1","0","0","0","경기","용인시","차대차","기타","기타","운전자법규위반","안전운전 의무 불이행","단일로","기타단일로","화물차","소형","자전거","자전거","972860","1915470","127.19401946","37.23769489"
"2012","2012-03-05 06:00","25","주간","월","1","1","0","0","0","경북","구미시","차대사람","횡단중","횡단중","운전자법규위반","안전운전 의무 불이행","단일로","기타단일로","승용차","소형","보행자","보행자","1085926","1788813","128.4544835","36.09248415"
"2012","2012-03-02 11:00","00","주간","금","1","7","6","0","0","서울","중랑구","차대차","추돌","주정차중 추돌","운전자법규위반","안전운전 의무 불이행","단일로","기타단일로","승용차","중형","화물차","중형","962236","1957535","127.07209291","37.61647889"
"2012","2012-01-15 22:00","25","야간","일","1","1","0","0","0","전북","군산시","차대사람","횡단중","횡단중","운전자법규위반","안전운전 의무 불이행","단일로","기타단일로","승용차","소형","보행자","보행자","932153","1772758","126.7477011","35.94917751"
"2012","2012-01-24 13:00","55","주간","화","1","3","2","0","0","경북","경주시","차량단독","공작물충돌","공작물충돌","운전자법규위반","안전운전 의무 불이행","단일로","기타단일로","승용차","소형","00","00","1162094","1774053","129.29813716","35.94971164"
"2012","2012-01-21 16:00","00","주간","토","1","1","0","0","0","경북","영천시","차대사람","횡단중","횡단중","운전자법규위반","안전운전 의무 불이행","교차로","교차로부근","화물차","소형","보행자","보행자","1131074","1776480","128.95383156","35.97628393"
"2012","2012-01-21 00:00","20","야간","토","1","1","0","0","0","충남","논산시","차대사람","횡단중","횡단중","운전자법규위반","안전운전 의무 불이행","단일로","횡단보도부근","승용차","중형","보행자","보행자","964196","1794944","127.10198244","36.1508998"
"2012","2012-01-20 13:00","51","주간","금","1","1","0","0","0","충남","부여군","차대차","기타","기타","운전자법규위반","교차로 통행방법 위반","교차로","교차로내","이륜차","소형","승용차","소형","939494","1798499","126.8269986","36.18169322"
"2012","2012-01-26 14:00","40","주간","목","1","1","0","0","0","서울","용산구","차량단독","공작물충돌","공작물충돌","운전자법규위반","안전운전 의무 불이행","단일로","기타단일로","이륜차","중형","00","00","956313","1947703","127.00556724","37.52759847"
"2012","2012-02-01 11:00","35","주간","수","1","1","0","0","0","울산","북구","차량단독","전도전복","전도전복","운전자법규위반","안전운전 의무 불이행","단일로","기타단일로","이륜차","소형","00","00","1168696","1731406","129.36145367","35.56431942"
"2012","2012-01-30 19:00","25","야간","월","1","1","0","0","0","전북","임실군","차대사람","횡단중","횡단중","운전자법규위반","안전운전 의무 불이행","단일로","횡단보도상","승용차","대형","보행자","보행자","978955","1742456","127.26743941","35.67810102"
"2012","2012-01-30 22:00","30","야간","월","1","1","0","0","0","충남","천안시","차대사람","횡단중","횡단중","운전자법규위반","안전운전 의무 불이행","단일로","기타단일로","승용차","중형","보행자","보행자","968741","1864938","127.14967874","36.78205799"
"2012","2012-01-29 19:00","48","야간","일","1","1","0","0","0","경기","양평군","차대사람","횡단중","횡단중","운전자법규위반","안전운전 의무 불이행","단일로","기타단일로","승용차","대형","보행자","보행자","991629","1946031","127.40527772","37.51352467"
"2012","2012-02-05 14:00","20","주간","일","1","1","0","0","0","경기","이천시","차량단독","도로이탈","도로이탈 추락","운전자법규위반","안전운전 의무 불이행","단일로","기타단일로","농기계","농기계","00","00","998499","1909559","127.48308928","37.18480659"
"2012","2012-02-06 08:00","50","주간","월","1","1","0","0","0","충북","충주시","차량단독","공작물충돌","공작물충돌","운전자법규위반","안전운전 의무 불이행","단일로","기타단일로","승용차","대형","00","00","1020770","1887810","127.73339831","36.9885264"
"2012","2012-02-04 17:00","15","주간","토","2","6","3","1","0","대구","달서구","차대차","측면직각충돌","측면직각충돌","운전자법규위반","신호위반","교차로","교차로내","화물차","대형","승합차","소형","1089566","1762119","128.49189684","35.85151882"
"2012","2012-02-09 21:00","10","야간","목","1","1","0","0","0","충북","음성군","차대사람","횡단중","횡단중","운전자법규위반","안전운전 의무 불이행","단일로","기타단일로","화물차","소형","보행자","보행자","999856","1885301","127.4983823","36.96613853"
"2012","2012-02-09 20:00","05","야간","목","1","1","0","0","0","전남","순천시","차대사람","횡단중","횡단중","운전자법규위반","안전운전 의무 불이행","교차로","교차로부근","승용차","대형","보행자","보행자","1003372","1657854","127.53737454","34.91527439"
"2012","2012-02-07 18:00","00","야간","화","1","1","0","0","0","전북","부안군","차량단독","기타","기타","운전자법규위반","안전운전 의무 불이행","단일로","기타단일로","승용차","소형","00","00","923557","1747728","126.65479293","35.72289172"
"2012","2012-02-14 17:00","00","주간","화","2","15","12","1","0","경북","안동시","차대차","기타","기타","운전자법규위반","안전운전 의무 불이행","단일로","기타단일로","화물차","소형","이륜차","중형","1117274","1842690","128.8107439","36.57480341"
"2012","2012-02-13 17:00","40","주간","월","1","1","0","0","0","전북","부안군","차량단독","공작물충돌","공작물충돌","운전자법규위반","안전운전 의무 불이행","단일로","기타단일로","원동기장치자전거","원동기장치자전거","00","00","931487","1750875","126.74125921","35.75154408"
"2012","2012-02-12 00:00","48","야간","일","1","1","0","0","0","경남","진주시","차대사람","횡단중","횡단중","운전자법규위반","기타(운전자법규위반)","단일로","기타단일로","승용차","중형","보행자","보행자","1048916","1690839","128.03737506","35.21166003"
"2012","2012-02-11 12:00","20","주간","토","1","3","2","0","0","전북","전주시","차대사람","보도통행중","보도통행중","운전자법규위반","기타(운전자법규위반)","교차로","교차로부근","승용차","중형","보행자","보행자","965192","1755337","127.11479308","35.79384807"
"2012","2012-02-20 06:00","35","주간","월","1","3","1","1","0","전북","익산시","차대차","측면직각충돌","측면직각충돌","운전자법규위반","안전운전 의무 불이행","교차로","교차로내","승용차","중형","화물차","중형","962401","1777065","127.08288059","35.98964193"
"2012","2012-02-20 15:00","20","주간","월","1","1","0","0","0","강원","철원군","차대사람","횡단중","횡단중","운전자법규위반","보행자 보호의무 위반","단일로","횡단보도상","화물차","소형","보행자","보행자","975341","2023112","127.21834024","38.20796458"
"2012","2012-02-17 23:00","55","야간","금","1","1","0","0","0","서울","중구","차대차","정면충돌","정면충돌","운전자법규위반","중앙선 침범","단일로","기타단일로","승용차","중형","승용차","중형","953453","1951618","126.97295169","37.56274526"
"2012","2012-02-15 23:00","00","야간","수","1","1","0","0","0","울산","남구","차량단독","공작물충돌","공작물충돌","운전자법규위반","안전운전 의무 불이행","교차로","교차로부근","화물차","소형","00","00","1164045","1724875","129.30883386","35.50624256"
"2012","2012-02-21 23:00","26","야간","화","1","1","0","0","0","전북","전주시","차대사람","횡단중","횡단중","운전자법규위반","안전운전 의무 불이행","단일로","기타단일로","승용차","중형","보행자","보행자","970676","1759355","127.17533404","35.83025379"
"2012","2012-02-21 11:00","15","주간","화","1","1","0","0","0","전남","함평군","차대차","측면직각충돌","측면직각충돌","운전자법규위반","서행 및 일시정지위반","교차로","교차로내","화물차","소형","원동기장치자전거","원동기장치자전거","911910","1670023","126.53441236","35.02136185"
"2012","2012-02-21 06:00","47","주간","화","1","1","0","0","0","경기","김포시","차대사람","횡단중","횡단중","운전자법규위반","안전운전 의무 불이행","단일로","기타단일로","승용차","대형","보행자","보행자","927479","1961619","126.67748785","37.64986423"
"2012","2012-02-20 18:00","55","야간","월","1","2","0","1","0","충남","예산군","차대차","측면직각충돌","측면직각충돌","운전자법규위반","직진 및 우회전차의 통행방해","교차로","교차로내","승용차","중형","이륜차","중형","940520","1853711","126.83429357","36.67950347"
"2012","2012-02-21 06:00","37","주간","화","1","1","0","0","0","광주","서구","차대사람","횡단중","횡단중","운전자법규위반","안전운전 의무 불이행","단일로","기타단일로","승용차","중형","보행자","보행자","940557","1684511","126.84736065","35.15408828"
"2012","2012-02-21 03:00","10","야간","화","1","1","0","0","0","경기","화성시","차대차","기타","기타","운전자법규위반","안전운전 의무 불이행","교차로","교차로부근","승용차","소형","승용차","중형","959557","1913029","127.04517153","37.21450145"
"2012","2012-02-20 21:00","35","야간","월","1","1","0","0","0","경기","시흥시","차대사람","횡단중","횡단중","운전자법규위반","안전운전 의무 불이행","단일로","기타단일로","승용차","중형","보행자","보행자","934820","1930646","126.76464502","37.37355543"
"2012","2012-02-27 07:00","30","주간","월","1","2","0","1","0","울산","울주군","차대차","정면충돌","정면충돌","운전자법규위반","중앙선 침범","단일로","기타단일로","승용차","중형","특수차","대형","1153550","1724944","129.19355587","35.50849336"
"2012","2012-02-28 11:00","35","주간","화","1","1","0","0","0","강원","원주시","차대사람","횡단중","횡단중","운전자법규위반","보행자 보호의무 위반","단일로","횡단보도상","건설기계","건설기계","보행자","보행자","1038597","1928695","127.93583286","37.35649711"
"2012","2012-02-24 20:00","30","야간","금","1","1","0","0","0","경기","평택시","차대사람","횡단중","횡단중","운전자법규위반","안전운전 의무 불이행","단일로","기타단일로","승합차","대형","보행자","보행자","960958","1898818","127.06070703","37.08717244"
"2012","2012-03-04 12:00","45","주간","일","1","1","0","0","0","대전","동구","차대사람","횡단중","횡단중","운전자법규위반","안전운전 의무 불이행","단일로","기타단일로","화물차","소형","보행자","보행자","995041","1813863","127.44475248","36.32211433"
"2012","2012-03-03 17:00","05","주간","토","1","1","0","0","0","전북","김제시","차량단독","도로이탈","도로이탈 기타","운전자법규위반","안전운전 의무 불이행","교차로","교차로부근","이륜차","중형","00","00","938048","1753103","126.81458872","35.77236964"
"2012","2012-03-04 07:00","10","주간","일","1","1","0","0","0","경북","고령군","차량단독","공작물충돌","공작물충돌","운전자법규위반","안전운전 의무 불이행","단일로","기타단일로","화물차","소형","00","00","1065473","1742743","128.22351835","35.67873936"
"2012","2012-03-04 20:00","38","야간","일","2","8","5","1","0","충남","홍성군","차대차","기타","기타","운전자법규위반","중앙선 침범","단일로","기타단일로","승합차","중형","승용차","소형","924278","1845594","126.65332864","36.60518205"
"2012","2012-02-29 10:00","10","주간","수","1","1","0","0","0","충북","청주시","차량단독","기타","기타","운전자법규위반","안전운전 의무 불이행","단일로","기타단일로","승용차","대형","00","00","999566","1847199","127.49514616","36.62265873"
"2012","2012-03-02 15:00","00","주간","금","1","2","0","1","0","전남","영광군","차대차","추돌","주정차중 추돌","운전자법규위반","안전운전 의무 불이행","교차로","교차로내","승합차","소형","승용차","대형","906629","1699086","126.4732466","35.28291277"
"2012","2012-03-02 13:00","10","주간","금","1","1","0","0","0","전남","나주시","차량단독","공작물충돌","공작물충돌","운전자법규위반","안전운전 의무 불이행","단일로","기타단일로","승용차","중형","00","00","918327","1661022","126.60562653","34.94074477"