"발생년","발생년월일시","발생분","주야","요일","사망자수","사상자수","중상자수","경상자수","부상신고자수","발생지시도","발생지시군구","사고유형_대분류","사고유형_중분류","사고유형","법규위반_대분류","법규위반","도로형태_대분류","도로형태","당사자종별_1당_대분류","당사자종별_1당","당사자종별_2당_대분류","당사자종별_2당","발생위치X_UTMK","발생위치Y_UTMK","경도","위도"
"2012","2012-01-18 06:00","30","주간","수","1","1","0","0","0","충남","태안군","차대사람","횡단중","횡단중","운전자법규위반","안전운전 의무 불이행","단일로","기타단일로","승용차","중형","보행자","보행자","892320","1862596","126.29012448","36.75904161"
"2012","2012-01-17 15:00","43","주간","화","3","4","1","0","0","경남","창원시(통합)","차량단독","공작물충돌","공작물충돌","운전자법규위반","안전운전 의무 불이행","교차로","교차로내","승용차","중형","00","00","1083517","1678725","128.41634342","35.10020924"
"2012","2012-01-19 09:00","50","주간","목","1","1","0","0","0","전남","신안군","차대사람","길가장자리구역통행중","길가장자리구역통행중","운전자법규위반","안전운전 의무 불이행","단일로","기타단일로","불명","불명","보행자","보행자","873293","1649240","126.10984211","34.82894642"
"2012","2012-01-17 08:00","25","주간","화","1","1","0","0","0","경기","수원시","차대사람","횡단중","횡단중","운전자법규위반","보행자 보호의무 위반","교차로","교차로내","건설기계","건설기계","보행자","보행자","952939","1922301","126.96900178","37.29847378"
"2012","2012-01-20 06:00","30","주간","금","1","1","0","0","0","대전","동구","차대차","측면직각충돌","측면직각충돌","운전자법규위반","신호위반","교차로","교차로내","승합차","대형","승합차","경형","998272","1807703","127.48003838","36.26741037"
"2012","2012-01-19 02:00","03","야간","목","1","1","0","0","0","서울","서대문구","차량단독","공작물충돌","공작물충돌","운전자법규위반","안전운전 의무 불이행","단일로","기타단일로","승용차","중형","00","00","948966","1952682","126.92207389","37.57209748"
"2012","2012-01-20 08:00","09","주간","금","1","2","0","1","0","경기","성남시","차대차","정면충돌","정면충돌","운전자법규위반","중앙선 침범","교차로","교차로내","승용차","중형","승용차","중형","964720","1930126","127.10155326","37.36952772"
"2012","2012-01-27 15:00","35","주간","금","1","6","3","2","0","전남","장흥군","차대차","정면충돌","정면충돌","운전자법규위반","중앙선 침범","단일로","기타단일로","승용차","중형","승용차","중형","947726","1645402","126.92852226","34.80183996"
"2012","2012-01-28 08:00","50","주간","토","1","1","0","0","0","전북","부안군","차대차","추돌","진행중 추돌","운전자법규위반","안전운전 의무 불이행","단일로","기타단일로","원동기장치자전거","원동기장치자전거","승용차","소형","921013","1735079","126.6279087","35.60865511"
"2012","2012-01-28 11:00","47","주간","토","1","1","0","0","0","경남","창원시(통합)","차대차","기타","기타","운전자법규위반","신호위반","단일로","기타단일로","원동기장치자전거","원동기장치자전거","승용차","대형","1107736","1698615","128.68462807","35.2772229"
"2012","2012-01-26 22:00","15","야간","목","1","1","0","0","0","경북","경산시","차대사람","기타","기타","운전자법규위반","안전운전 의무 불이행","기타/불명","기타/불명","승용차","중형","보행자","보행자","1118440","1759575","128.80854062","35.82292866"
"2012","2012-01-26 21:00","23","야간","목","1","1","0","0","0","경기","김포시","차량단독","기타","기타","운전자법규위반","안전운전 의무 불이행","기타/불명","기타/불명","승용차","중형","00","00","921864","1965530","126.63447136","37.69645181"
"2012","2012-02-02 03:00","55","야간","목","1","1","0","0","0","전남","담양군","차량단독","기타","기타","운전자법규위반","안전운전 의무 불이행","단일로","기타단일로","화물차","소형","00","00","954185","1688368","126.99676567","35.18957978"
"2012","2012-02-01 20:00","00","야간","수","1","1","0","0","0","부산","연제구","차대차","측면직각충돌","측면직각충돌","운전자법규위반","신호위반","교차로","교차로내","승합차","중형","이륜차","중형","1145096","1689345","129.09366694","35.18894773"
"2012","2012-02-02 17:00","05","주간","목","1","1","0","0","0","대구","달성군","차대사람","기타","기타","운전자법규위반","안전운전 의무 불이행","단일로","기타단일로","승합차","소형","보행자","보행자","1090606","1757222","128.50285709","35.80727764"
"2012","2012-01-30 09:00","00","주간","월","1","1","0","0","0","충북","괴산군","차량단독","공작물충돌","공작물충돌","운전자법규위반","안전운전 의무 불이행","단일로","기타단일로","특수차","대형","00","00","1034407","1874440","127.8860304","36.86760456"
"2012","2012-01-28 13:00","00","주간","토","1","1","0","0","0","서울","광진구","차대사람","횡단중","횡단중","운전자법규위반","안전운전 의무 불이행","단일로","횡단보도부근","승합차","대형","보행자","보행자","964186","1948469","127.09463121","37.53484214"
"2012","2012-02-05 20:00","20","야간","일","1","1","0","0","0","경남","진주시","차대사람","기타","기타","운전자법규위반","안전운전 의무 불이행","단일로","기타단일로","승용차","중형","보행자","보행자","1044890","1698315","127.99824985","35.21512759"
"2012","2012-02-03 15:00","20","주간","금","1","2","1","0","0","경북","청송군","차대차","정면충돌","정면충돌","운전자법규위반","기타(운전자법규위반)","단일로","기타단일로","승용차","소형","승용차","중형","1140336","1822570","129.06477126","36.39037298"
"2012","2012-02-03 05:00","50","야간","금","1","1","0","0","0","서울","광진구","차량단독","공작물충돌","공작물충돌","운전자법규위반","안전운전 의무 불이행","단일로","교량위","승용차","중형","00","00","965605","1949985","127.11062107","37.54856049"
"2012","2012-02-10 05:00","55","야간","금","1","1","0","0","0","서울","영등포구","차대사람","기타","기타","운전자법규위반","안전운전 의무 불이행","단일로","기타단일로","승용차","중형","보행자","보행자","947290","1946937","126.90352989","37.52031299"
"2012","2012-02-09 23:00","07","야간","목","1","2","1","0","0","인천","계양구","차량단독","공작물충돌","공작물충돌","운전자법규위반","안전운전 의무 불이행","단일로","기타단일로","승용차","소형","00","00","932313","1949578","126.73365233","37.54320941"
"2012","2012-02-11 01:00","40","야간","토","1","2","1","0","0","경기","광주시","차대차","기타","기타","운전자법규위반","중앙선 침범","단일로","기타단일로","승용차","소형","승합차","경형","973034","1927516","127.1955439","37.34628087"
"2012","2012-02-10 18:00","40","야간","금","1","1","0","0","0","충남","보령시","차대사람","횡단중","횡단중","운전자법규위반","보행자 보호의무 위반","단일로","횡단보도상","승용차","경형","보행자","보행자","920216","1815364","126.64968667","36.33102972"
"2012","2012-02-09 09:00","50","주간","목","1","3","1","1","0","대구","수성구","차대사람","기타","기타","운전자법규위반","안전운전 의무 불이행","단일로","기타단일로","승용차","중형","보행자","보행자","1105720","1760621","128.67056458","35.83640562"
"2012","2012-02-14 07:00","00","주간","화","1","1","0","0","0","대구","달서구","차대사람","기타","기타","운전자법규위반","신호위반","단일로","기타단일로","승용차","중형","보행자","보행자","1095612","1760872","128.55869378","35.83970624"
"2012","2012-02-14 19:00","55","야간","화","1","6","4","1","0","대구","수성구","차대차","측면직각충돌","측면직각충돌","운전자법규위반","중앙선 침범","단일로","기타단일로","승용차","중형","승용차","중형","1104193","1765050","128.65423891","35.87649355"
"2012","2012-02-11 19:00","20","야간","토","1","2","1","0","0","울산","동구","차량단독","공작물충돌","공작물충돌","운전자법규위반","안전운전 의무 불이행","단일로","기타단일로","승용차","경형","00","00","1173015","1723951","129.40749645","35.49639255"
"2012","2012-02-18 09:00","00","주간","토","1","3","2","0","0","경기","화성시","차량단독","공작물충돌","공작물충돌","운전자법규위반","안전운전 의무 불이행","단일로","기타단일로","승합차","소형","00","00","952943","1898646","126.97053781","37.08525372"
"2012","2012-02-19 06:00","00","주간","일","1","1","0","0","0","강원","양양군","차량단독","도로이탈","도로이탈 추락","운전자법규위반","안전운전 의무 불이행","단일로","기타단일로","승용차","소형","00","00","1101914","2010456","128.66216571","38.08849114"
"2012","2012-02-15 07:00","00","주간","수","1","1","0","0","0","인천","동구","차대차","추돌","진행중 추돌","운전자법규위반","안전운전 의무 불이행","단일로","기타단일로","승용차","중형","화물차","대형","924585","1943559","126.6469358","37.48820097"
"2012","2012-02-15 05:00","50","야간","수","1","1","0","0","0","충북","증평군","차대차","측면직각충돌","측면직각충돌","운전자법규위반","부당한 회전","교차로","교차로내","화물차","대형","화물차","소형","1005508","1865298","127.56173156","36.78580312"
"2012","2012-02-23 18:00","40","야간","목","1","3","2","0","0","경기","성남시","차대차","측면직각충돌","측면직각충돌","운전자법규위반","신호위반","교차로","교차로내","원동기장치자전거","원동기장치자전거","원동기장치자전거","원동기장치자전거","965452","1930569","127.10979949","37.37354833"
"2012","2012-02-21 22:00","05","야간","화","1","1","0","0","0","인천","강화군","차량단독","도로이탈","도로이탈 추락","운전자법규위반","안전운전 의무 불이행","단일로","기타단일로","승용차","대형","00","00","908523","1974284","126.46305601","37.76493724"
"2012","2012-02-27 18:00","20","야간","월","1","2","0","1","0","경기","양주시","차대차","기타","기타","운전자법규위반","안전운전 의무 불이행","교차로","교차로부근","승용차","중형","승용차","중형","954561","1969128","126.98440742","37.72061972"
"2012","2012-02-27 16:00","27","주간","월","1","1","0","0","0","부산","영도구","차대차","추돌","진행중 추돌","운전자법규위반","교차로 통행방법 위반","교차로","교차로내","원동기장치자전거","원동기장치자전거","승합차","경형","1142293","1679049","129.06111691","35.09654212"
"2012","2012-02-25 23:00","30","야간","토","1","1","0","0","0","전남","여수시","차대사람","횡단중","횡단중","운전자법규위반","안전운전 의무 불이행","단일로","기타단일로","승용차","중형","보행자","보행자","1012903","1636915","127.64093291","34.72656621"
"2012","2012-02-24 14:00","17","주간","금","1","1","0","0","0","서울","성북구","차대차","측면직각충돌","측면직각충돌","운전자법규위반","안전운전 의무 불이행","교차로","교차로내","자전거","자전거","화물차","소형","958590","1953972","127.03098263","37.58420779"
"2012","2012-02-26 04:00","10","야간","일","2","2","0","0","0","강원","춘천시","차량단독","공작물충돌","공작물충돌","운전자법규위반","안전운전 의무 불이행","단일로","기타단일로","승용차","중형","00","00","1035709","2003291","127.90688002","38.02895737"
"2012","2012-03-02 19:00","00","야간","금","1","2","1","0","0","제주","서귀포시","차량단독","전도전복","전도전복","운전자법규위반","안전운전 의무 불이행","단일로","기타단일로","화물차","대형","00","00","913196","1476181","126.56770505","33.27345139"
"2012","2012-01-17 18:00","00","야간","화","1","1","0","0","0","경기","수원시","차대사람","횡단중","횡단중","운전자법규위반","안전운전 의무 불이행","단일로","기타단일로","승용차","중형","보행자","보행자","959201","1918440","127.03964091","37.26402096"
"2012","2012-01-17 05:00","08","야간","화","1","2","1","0","0","경기","화성시","차량단독","도로이탈","도로이탈 추락","운전자법규위반","안전운전 의무 불이행","단일로","기타단일로","승용차","중형","00","00","944854","1907831","126.89950694","37.16230143"
"2012","2012-01-16 06:00","42","주간","월","1","1","0","0","0","경기","평택시","차대사람","횡단중","횡단중","운전자법규위반","안전운전 의무 불이행","교차로","교차로내","화물차","소형","보행자","보행자","950488","1889284","126.93997052","36.99761201"
"2012","2012-01-20 23:00","45","야간","금","1","1","0","0","0","서울","영등포구","차대사람","횡단중","횡단중","운전자법규위반","안전운전 의무 불이행","단일로","횡단보도부근","승용차","중형","보행자","보행자","948765","1946214","126.92024942","37.51378934"
"2012","2012-01-28 06:00","05","주간","토","1","2","0","1","0","충북","청주시","차대사람","횡단중","횡단중","운전자법규위반","안전운전 의무 불이행","단일로","기타단일로","승합차","대형","보행자","보행자","998326","1848700","127.48127479","36.63618887"
"2012","2012-01-28 01:00","30","야간","토","1","11","8","2","0","부산","해운대구","차대차","정면충돌","정면충돌","운전자법규위반","중앙선 침범","단일로","기타단일로","승용차","중형","화물차","소형","1149709","1686195","129.14374398","35.15987809"
"2012","2012-01-31 19:00","40","야간","화","1","2","0","1","0","경기","화성시","차량단독","전도전복","전도전복","운전자법규위반","안전운전 의무 불이행","교차로","교차로내","승용차","대형","00","00","950632","1896610","126.94467052","37.06678251"
"2012","2012-01-31 07:00","00","주간","화","1","1","0","0","0","충남","천안시","차대사람","횡단중","횡단중","운전자법규위반","안전운전 의무 불이행","단일로","기타단일로","화물차","중형","보행자","보행자","967280","1868023","127.13317295","36.80981855"
"2012","2012-01-29 18:00","20","야간","일","1","1","0","0","0","충북","청주시","차대사람","기타","기타","운전자법규위반","안전운전 의무 불이행","단일로","기타단일로","승용차","중형","보행자","보행자","1000003","1845966","127.50003355","36.61154332"
"2012","2012-02-06 19:00","25","야간","월","1","1","0","0","0","제주","서귀포시","차대차","기타","기타","운전자법규위반","안전운전 의무 불이행","단일로","기타단일로","화물차","소형","승용차","중형","947066","1497319","126.93554186","33.46056899"
"2012","2012-02-05 11:00","50","주간","일","2","2","0","0","0","충북","괴산군","차량단독","도로이탈","도로이탈 기타","운전자법규위반","안전운전 의무 불이행","단일로","기타단일로","화물차","소형","00","00","1034069","1864894","127.8818105","36.78156444"
"2012","2012-02-04 11:00","55","주간","토","1","2","0","1","0","충남","논산시","차량단독","공작물충돌","공작물충돌","운전자법규위반","안전운전 의무 불이행","교차로","교차로부근","승용차","중형","00","00","963924","1797909","127.09882261","36.17762059"
"2012","2012-02-04 16:00","10","주간","토","1","2","0","1","0","경기","고양시","차대차","측면직각충돌","측면직각충돌","운전자법규위반","안전운전 의무 불이행","단일로","기타단일로","승용차","중형","화물차","경형","945627","1966428","126.88324072","37.69579818"
"2012","2012-02-09 06:00","25","주간","목","1","2","0","1","0","경기","안산시","차대차","측면직각충돌","측면직각충돌","운전자법규위반","신호위반","교차로","교차로내","승합차","소형","승합차","소형","937578","1927446","126.79525828","37.34394252"
"2012","2012-02-07 15:00","35","주간","화","1","2","1","0","0","경남","밀양시","차대차","정면충돌","정면충돌","운전자법규위반","중앙선 침범","단일로","기타단일로","승용차","중형","승용차","대형","1104425","1716549","128.64972057","35.44969883"
"2012","2012-02-08 15:00","45","주간","수","1","2","1","0","0","경북","경주시","차량단독","공작물충돌","공작물충돌","운전자법규위반","안전운전 의무 불이행","단일로","기타단일로","이륜차","소형","00","00","1156444","1760641","129.21362042","35.83805569"
"2012","2012-02-13 09:00","30","주간","월","2","8","2","4","0","대구","북구","차대차","정면충돌","정면충돌","운전자법규위반","중앙선 침범","단일로","기타단일로","승용차","중형","승용차","경형","1098160","1769074","128.58791336","35.91339134"
"2012","2012-02-13 22:00","28","야간","월","1","2","1","0","0","경북","경주시","차대차","측면직각충돌","측면직각충돌","운전자법규위반","신호위반","교차로","교차로내","화물차","소형","승용차","소형","1156176","1760833","129.22907914","35.83157788"
"2012","2012-02-18 08:00","10","주간","토","1","1","0","0","0","부산","사상구","차대사람","길가장자리구역통행중","길가장자리구역통행중","운전자법규위반","안전운전 의무 불이행","단일로","기타단일로","승용차","대형","보행자","보행자","1135779","1686397","128.9908799","35.1636774"
"2012","2012-02-24 08:00","25","주간","금","1","1","0","0","0","전북","정읍시","차량단독","전도전복","전도전복","운전자법규위반","안전운전 의무 불이행","교차로","교차로내","이륜차","중형","00","00","958054","1736305","127.03679547","35.62197488"
"2012","2012-02-23 13:00","00","주간","목","1","1","0","0","0","강원","횡성군","차량단독","전도전복","전도전복","운전자법규위반","안전운전 의무 불이행","단일로","기타단일로","이륜차","사발이","00","00","1053912","1928197","128.10872417","37.35124489"
"2012","2012-02-21 18:00","44","야간","화","1","3","2","0","0","전북","부안군","차량단독","전도전복","전도전복","운전자법규위반","안전운전 의무 불이행","단일로","기타단일로","승용차","중형","00","00","922259","1754966","126.63974068","35.78804276"
"2012","2012-02-21 01:00","00","야간","화","1","1","0","0","0","대구","중구","차대사람","횡단중","횡단중","운전자법규위반","안전운전 의무 불이행","단일로","기타단일로","승용차","중형","보행자","보행자","1097397","1765147","128.57883601","35.87823128"
"2012","2012-02-20 22:00","15","야간","월","1","1","0","0","0","경기","시흥시","차대차","정면충돌","정면충돌","운전자법규위반","안전운전 의무 불이행","단일로","기타단일로","승용차","중형","화물차","소형","933009","1928578","126.74357608","37.35382684"
"2012","2012-03-01 11:00","42","주간","목","1","2","1","0","0","강원","화천군","차량단독","도로이탈","도로이탈 추락","운전자법규위반","안전운전 의무 불이행","단일로","기타단일로","화물차","중형","00","00","1013456","2014632","127.61664816","38.13927085"
"2012","2012-01-17 07:00","15","주간","화","1","1","0","0","0","대구","수성구","차대사람","횡단중","횡단중","운전자법규위반","신호위반","단일로","기타단일로","승용차","소형","보행자","보행자","1103770","1764031","128.64942111","35.86735289"
"2012","2012-01-15 18:00","20","야간","일","1","1","0","0","0","충남","예산군","차대차","측면직각충돌","측면직각충돌","운전자법규위반","직진 및 우회전차의 통행방해","교차로","교차로내","승용차","소형","이륜차","중형","928961","1862305","126.70413564","36.75617623"
"2012","2012-01-23 01:00","40","야간","월","1","2","1","0","0","경남","창녕군","차량단독","공작물충돌","공작물충돌","운전자법규위반","안전운전 의무 불이행","단일로","기타단일로","승용차","소형","00","00","1084293","1724670","128.42958352","35.51437548"
"2012","2012-01-27 06:00","35","주간","금","1","1","0","0","0","경기","용인시","차대사람","기타","기타","운전자법규위반","안전운전 의무 불이행","단일로","기타단일로","승합차","대형","보행자","보행자","966551","1917520","127.1228","37.25596816"
"2012","2012-01-28 00:00","55","야간","토","1","1","0","0","0","제주","제주시","차대사람","횡단중","횡단중","운전자법규위반","안전운전 의무 불이행","단일로","횡단보도상","승용차","중형","보행자","보행자","906076","1500676","126.48891077","33.49381647"
"2012","2012-01-27 06:00","56","주간","금","1","1","0","0","0","대구","서구","차대차","기타","기타","운전자법규위반","신호위반","단일로","횡단보도상","승합차","대형","자전거","자전거","1096982","1763430","128.57417216","35.86263094"
"2012","2012-02-01 09:00","15","주간","수","1","2","1","0","0","전북","정읍시","차량단독","공작물충돌","공작물충돌","운전자법규위반","안전운전 의무 불이행","단일로","기타단일로","승용차","중형","00","00","943130","1737491","126.87192696","35.6318855"
"2012","2012-02-02 22:00","20","야간","목","1","1","0","0","0","대전","서구","차대사람","횡단중","횡단중","운전자법규위반","안전운전 의무 불이행","교차로","교차로내","승용차","중형","보행자","보행자","988239","1817329","127.36892013","36.3533027"
"2012","2012-01-30 03:00","35","야간","월","1","1","0","0","0","인천","남동구","차량단독","공작물충돌","공작물충돌","운전자법규위반","안전운전 의무 불이행","단일로","기타단일로","승용차","중형","00","00","930864","1937500","126.71852356","37.43408338"
"2012","2012-01-28 08:00","30","주간","토","2","9","1","6","0","경기","시흥시","차대차","추돌","진행중 추돌","운전자법규위반","안전운전 의무 불이행","단일로","기타단일로","승용차","대형","화물차","소형","933051","1929014","126.74401087","37.35775958"
"2012","2012-02-20 06:00","45","주간","월","1","1","0","0","0","경기","시흥시","차대사람","횡단중","횡단중","운전자법규위반","안전운전 의무 불이행","단일로","기타단일로","승용차","중형","보행자","보행자","932921","1928323","126.71950374","37.34722568"
"2012","2012-02-26 01:00","10","야간","일","1","5","3","1","0","경기","고양시","차대차","정면충돌","정면충돌","운전자법규위반","안전운전 의무 불이행","교차로","교차로내","승용차","중형","승용차","중형","943377","1967437","126.85764169","37.70475584"
"2012","2012-02-24 18:00","20","야간","금","1","1","0","0","0","경북","예천군","차량단독","공작물충돌","공작물충돌","운전자법규위반","안전운전 의무 불이행","단일로","기타단일로","원동기장치자전거","원동기장치자전거","00","00","1078320","1841042","128.375254","36.56394039"
"2012","2012-02-24 07:00","41","주간","금","1","1","0","0","0","경기","부천시","차대사람","기타","기타","운전자법규위반","신호위반","교차로","교차로내","건설기계","건설기계","보행자","보행자","937222","1948318","126.78946292","37.53203927"
"2012","2012-03-05 00:00","40","야간","월","1","1","0","0","0","전북","익산시","차대사람","횡단중","횡단중","운전자법규위반","안전운전 의무 불이행","단일로","기타단일로","승용차","중형","보행자","보행자","950694","1774409","126.95317423","35.96517475"
"2012","2012-02-29 21:00","55","야간","수","1","2","1","0","0","경기","김포시","차대차","정면충돌","정면충돌","운전자법규위반","중앙선 침범","단일로","기타단일로","승용차","중형","승합차","대형","916393","1962064","126.55217089","37.65426864"
"2012","2012-03-01 04:00","52","야간","목","1","1","0","0","0","경기","안산시","차대사람","횡단중","횡단중","운전자법규위반","안전운전 의무 불이행","단일로","기타단일로","화물차","소형","보행자","보행자","938400","1924980","126.80474288","37.32177075"
"2012","2012-01-17 06:00","49","주간","화","1","1","0","0","0","전남","해남군","차대사람","기타","기타","운전자법규위반","안전운전 의무 불이행","단일로","기타단일로","화물차","소형","보행자","보행자","893687","1634172","126.33924665","34.69638332"
"2012","2012-01-17 09:00","26","주간","화","1","1","0","0","0","부산","사상구","차대사람","횡단중","횡단중","운전자법규위반","신호위반","교차로","교차로부근","화물차","대형","보행자","보행자","1134811","1683896","128.9798459","35.14126322"
"2012","2012-01-17 18:00","00","야간","화","1","3","1","0","1","대구","북구","차대사람","횡단중","횡단중","운전자법규위반","안전운전 의무 불이행","단일로","기타단일로","원동기장치자전거","원동기장치자전거","보행자","보행자","1098108","1765282","128.5843279","35.87966038"
"2012","2012-01-16 05:00","00","야간","월","1","1","0","0","0","인천","남구","차대사람","횡단중","횡단중","운전자법규위반","안전운전 의무 불이행","단일로","기타단일로","승용차","중형","보행자","보행자","928321","1940362","126.68950319","37.45968461"
"2012","2012-01-15 03:00","54","야간","일","1","2","1","0","0","서울","구로구","차대차","측면직각충돌","측면직각충돌","운전자법규위반","과속","단일로","기타단일로","승용차","중형","승용차","소형","945321","1946361","126.88126985","37.51491656"
"2012","2012-01-22 11:00","00","주간","일","1","1","0","0","0","충남","연기군","차량단독","공작물충돌","공작물충돌","운전자법규위반","안전운전 의무 불이행","기타/불명","기타/불명","승용차","소형","00","00","985640","1837983","127.35684093","36.5342703"
"2012","2012-01-23 02:00","35","야간","월","1","1","0","0","0","전남","무안군","차량단독","공작물충돌","공작물충돌","운전자법규위반","안전운전 의무 불이행","교차로","교차로부근","화물차","소형","00","00","908608","1658582","126.49947782","34.91791523"
"2012","2012-01-23 11:00","36","주간","월","1","1","0","0","0","경기","광명시","차대차","기타","기타","운전자법규위반","안전운전 의무 불이행","교차로","교차로부근","승용차","중형","승용차","중형","942995","1941202","126.85535084","37.46827714"
"2012","2012-01-20 08:00","50","주간","금","1","4","3","0","0","충북","청원군","차량단독","도로이탈","도로이탈 추락","운전자법규위반","안전운전 의무 불이행","단일로","기타단일로","승용차","대형","00","00","1011875","1847070","127.63280731","36.62142189"
"2012","2012-01-20 18:00","25","야간","금","1","1","0","0","0","광주","광산구","차대사람","차도통행중","차도통행중","운전자법규위반","안전운전 의무 불이행","단일로","기타단일로","승합차","소형","보행자","보행자","936924","1684691","126.80746181","35.15548984"
"2012","2012-01-26 15:00","25","주간","목","1","1","0","0","0","강원","영월군","차대차","추돌","주정차중 추돌","운전자법규위반","안전운전 의무 불이행","단일로","터널안","특수차","대형","특수차","대형","1096302","1911193","128.58508949","37.19456737"
"2012","2012-01-27 01:00","00","야간","금","1","1","0","0","0","경기","광주시","차량단독","공작물충돌","공작물충돌","운전자법규위반","안전운전 의무 불이행","단일로","기타단일로","승용차","중형","00","00","982405","1933185","127.30121042","37.39760512"
"2012","2012-01-26 10:00","24","주간","목","1","1","0","0","0","서울","강서구","차대사람","기타","기타","운전자법규위반","보행자 보호의무 위반","교차로","교차로부근","건설기계","건설기계","보행자","보행자","940538","1951334","126.82674655","37.55953237"
"2012","2012-01-25 19:00","08","야간","수","1","1","0","0","0","인천","중구","차대차","측면직각충돌","측면직각충돌","운전자법규위반","안전운전 의무 불이행","교차로","교차로내","이륜차","소형","승합차","대형","909973","1940941","126.48199279","37.46329786"
"2012","2012-01-31 18:00","20","야간","화","1","1","0","0","0","부산","기장군","차대사람","횡단중","횡단중","운전자법규위반","안전운전 의무 불이행","단일로","횡단보도부근","승합차","중형","보행자","보행자","1155611","1694956","129.21017517","35.23794564"
"2012","2012-01-31 05:00","34","야간","화","1","1","0","0","0","경기","수원시","차대사람","기타","기타","운전자법규위반","신호위반","교차로","교차로내","승용차","중형","보행자","보행자","958505","1916547","127.03212304","37.24687398"
"2012","2012-02-05 06:00","20","주간","일","1","1","0","0","0","부산","동래구","차대사람","차도통행중","차도통행중","운전자법규위반","안전운전 의무 불이행","단일로","기타단일로","승용차","중형","보행자","보행자","1143433","1691145","129.07572088","35.2054114"
"2012","2012-02-10 13:00","15","주간","금","1","2","1","0","0","경북","경주시","차대차","측면직각충돌","측면직각충돌","운전자법규위반","안전운전 의무 불이행","단일로","기타단일로","화물차","대형","승용차","중형","1158351","1778231","129.2566125","35.98801706"
"2012","2012-02-10 21:00","18","야간","금","1","1","0","0","0","부산","북구","차대사람","기타","기타","운전자법규위반","안전운전 의무 불이행","단일로","기타단일로","승용차","중형","보행자","보행자","1137934","1691612","129.01540758","35.21039194"
"2013","2013-12-09 16:00","20","주간","월","1","1","0","0","0","경기","용인시","차대사람","기타","기타","운전자법규위반","안전운전 의무 불이행","단일로","기타단일로","화물차","대형","보행자","보행자","984273","1916621","127.32266631","37.24833258"
"2013","2013-01-02 20:00","25","야간","수","1","3","0","2","0","제주","서귀포시","차량단독","전도전복","전도전복","운전자법규위반","안전운전 의무 불이행","교차로","교차로부근","승용차","소형","00","00","943715","1489891","126.89474321","33.39918786"
"2013","2013-12-15 06:00","50","주간","일","1","1","0","0","0","경기","고양시","차량단독","공작물충돌","공작물충돌","운전자법규위반","안전운전 의무 불이행","단일로","기타단일로","승용차","대형","00","00","942665","1963406","126.8498821","37.66838097"
"2013","2013-01-01 18:00","05","야간","화","1","8","3","4","0","대전","유성구","차대차","측면직각충돌","측면직각충돌","운전자법규위반","신호위반","교차로","교차로내","승합차","대형","승용차","중형","984496","1818843","127.32717325","36.36689891"
"2013","2013-01-07 20:00","17","야간","월","1","1","0","0","0","서울","마포구","차대차","정면충돌","정면충돌","운전자법규위반","신호위반","교차로","교차로내","이륜차","중형","승용차","대형","945452","1953957","126.88191548","37.58338525"
"2013","2013-01-10 11:00","04","주간","목","1","1","0","0","0","전남","영광군","차대사람","기타","기타","운전자법규위반","안전운전 의무 불이행","단일로","기타단일로","건설기계","건설기계","보행자","보행자","915230","1701149","126.56760241","35.30227816"
"2013","2013-01-08 22:00","05","야간","화","1","1","0","0","0","전북","익산시","차대사람","기타","기타","운전자법규위반","안전운전 의무 불이행","단일로","기타단일로","승용차","중형","보행자","보행자","943822","1770905","126.87941983","35.93304413"
"2013","2013-01-18 13:00","02","주간","금","1","1","0","0","0","경기","김포시","차대사람","보도통행중","보도통행중","운전자법규위반","안전운전 의무 불이행","단일로","기타단일로","승용차","소형","보행자","보행자","920553","1966140","126.59814215","37.69200098"
"2013","2013-01-15 23:00","55","야간","화","1","1","0","0","0","경남","김해시","차량단독","공작물충돌","공작물충돌","운전자법규위반","안전운전 의무 불이행","교차로","교차로부근","승용차","중형","00","00","1118341","1687389","128.79959661","35.17482509"
"2013","2013-01-15 22:00","20","야간","화","1","1","0","0","0","강원","강릉시","차대사람","횡단중","횡단중","운전자법규위반","안전운전 의무 불이행","단일로","횡단보도상","승용차","경형","보행자","보행자","1123006","1973067","128.89637065","37.74886078"
"2013","2013-01-13 16:00","40","주간","일","1","1","0","0","0","서울","영등포구","차대차","측면직각충돌","측면직각충돌","운전자법규위반","신호위반","교차로","교차로내","승합차","대형","자전거","자전거","947413","1946922","126.90490091","37.52009457"
"2013","2013-01-23 02:00","35","야간","수","2","4","2","0","0","충북","음성군","차량단독","공작물충돌","공작물충돌","운전자법규위반","안전운전 의무 불이행","단일로","기타단일로","화물차","중형","00","00","999142","1886269","127.49116898","36.97562144"
"2013","2013-01-24 08:00","50","주간","목","1","1","0","0","0","경기","포천시","차량단독","공작물충돌","공작물충돌","운전자법규위반","앞지르기 금지위반","단일로","기타단일로","승용차","소형","00","00","984825","1996326","127.32723677","37.96675965"
"2013","2013-01-21 14:00","38","주간","월","1","1","0","0","0","충북","괴산군","차량단독","공작물충돌","공작물충돌","운전자법규위반","안전운전 의무 불이행","단일로","기타단일로","화물차","소형","00","00","1012105","1866171","127.63568195","36.79361162"
"2013","2013-01-21 07:00","10","주간","월","1","1","0","0","0","전북","정읍시","차대차","추돌","주정차중 추돌","운전자법규위반","안전운전 의무 불이행","단일로","기타단일로","승용차","소형","이륜차","소형","940350","1730479","126.84195164","35.56871922"