"발생년","발생년월일시","발생분","주야","요일","사망자수","사상자수","중상자수","경상자수","부상신고자수","발생지시도","발생지시군구","사고유형_대분류","사고유형_중분류","사고유형","법규위반_대분류","법규위반","도로형태_대분류","도로형태","당사자종별_1당_대분류","당사자종별_1당","당사자종별_2당_대분류","당사자종별_2당","발생위치X_UTMK","발생위치Y_UTMK","경도","위도"
"2013","2013-01-21 14:00","27","주간","월","1","1","0","0","0","경기","안양시","차대사람","횡단중","횡단중","운전자법규위반","안전운전 의무 불이행","단일로","기타단일로","승합차","소형","보행자","보행자","951602","1933500","126.95229448","37.39909067"
"2013","2013-01-21 06:00","25","주간","월","1","1","0","0","0","경기","용인시","차대차","기타","기타","운전자법규위반","안전운전 의무 불이행","교차로","교차로내","원동기장치자전거","원동기장치자전거","승합차","대형","967112","1923303","127.12887033","37.30811501"
"2013","2013-01-19 07:00","10","주간","토","1","1","0","0","0","경기","여주시","차대차","측면직각충돌","측면직각충돌","운전자법규위반","안전운전 의무 불이행","단일로","기타단일로","승용차","경형","화물차","중형","1004308","1911380","127.54854573","37.20121259"
"2013","2013-01-20 02:00","30","야간","일","1","1","0","0","0","울산","울주군","차량단독","공작물충돌","공작물충돌","운전자법규위반","안전운전 의무 불이행","단일로","기타단일로","승용차","중형","00","00","1147720","1724123","129.13921914","35.50896463"
"2013","2013-01-18 23:00","45","야간","금","1","1","0","0","0","경기","시흥시","차대사람","차도통행중","차도통행중","운전자법규위반","안전운전 의무 불이행","단일로","기타단일로","승용차","중형","보행자","보행자","932511","1927702","126.7380332","37.34589528"
"2013","2013-02-22 16:00","20","주간","금","1","1","0","0","0","경북","안동시","차량단독","기타","기타","운전자법규위반","기타(운전자법규위반)","단일로","기타단일로","화물차","중형","00","00","1109091","1842411","128.71926435","36.57325924"
"2013","2013-01-20 01:00","20","야간","일","1","1","0","0","0","경기","고양시","차량단독","공작물충돌","공작물충돌","운전자법규위반","안전운전 의무 불이행","단일로","기타단일로","승용차","중형","00","00","943145","1953743","126.85607621","37.58131915"
"2013","2013-01-19 23:00","30","야간","토","1","1","0","0","0","서울","강동구","차대차","기타","기타","운전자법규위반","안전운전 의무 불이행","교차로","교차로부근","승합차","중형","자전거","자전거","971728","1951065","127.1798956","37.55850324"
"2013","2013-01-21 06:00","50","주간","월","1","3","2","0","0","경기","용인시","차대차","측면직각충돌","측면직각충돌","운전자법규위반","신호위반","교차로","교차로내","승용차","소형","화물차","중형","988514","1907931","127.37062043","37.17006211"
"2013","2013-01-28 07:00","08","주간","월","1","1","0","0","0","서울","종로구","차대사람","차도통행중","차도통행중","운전자법규위반","안전운전 의무 불이행","교차로","교차로부근","승용차","중형","보행자","보행자","954764","1952462","126.98774341","37.57041774"
"2013","2013-01-29 16:00","07","주간","화","1","1","0","0","0","강원","양양군","차대사람","보도통행중","보도통행중","운전자법규위반","안전운전 의무 불이행","단일로","기타단일로","승용차","소형","보행자","보행자","1098365","2008667","128.62145606","38.07276362"
"2013","2013-01-29 21:00","55","야간","화","1","1","0","0","0","충북","진천군","차대사람","차도통행중","차도통행중","운전자법규위반","안전운전 의무 불이행","교차로","교차로부근","승용차","중형","보행자","보행자","993559","1887429","127.42762368","36.98529927"
"2013","2013-01-30 18:00","00","야간","수","1","1","0","0","0","전남","보성군","차량단독","도로이탈","도로이탈 추락","운전자법규위반","안전운전 의무 불이행","단일로","기타단일로","농기계","농기계","00","00","966559","1654709","127.13403516","34.88655836"
"2013","2013-01-30 18:00","15","야간","수","1","4","0","3","0","강원","양양군","차대차","측면직각충돌","측면직각충돌","운전자법규위반","안전운전 의무 불이행","단일로","기타단일로","승용차","소형","화물차","대형","1101240","2011317","128.65460332","38.0963253"
"2013","2013-01-27 10:00","40","주간","일","1","2","0","1","0","전남","광양시","차량단독","전도전복","전도전복","운전자법규위반","안전운전 의무 불이행","단일로","기타단일로","화물차","소형","00","00","1014922","1666334","127.66350947","34.9918279"
"2013","2013-01-26 17:00","00","주간","토","1","2","1","0","0","경기","고양시","차량단독","전도전복","전도전복","운전자법규위반","안전운전 의무 불이행","단일로","기타단일로","승용차","중형","00","00","930186","1966673","126.70808183","37.69696015"
"2013","2013-01-25 06:00","55","주간","금","1","1","0","0","0","울산","중구","차대사람","횡단중","횡단중","운전자법규위반","안전운전 의무 불이행","단일로","횡단보도상","승용차","경형","보행자","보행자","1164996","1730038","129.32036627","35.55261433"
"2013","2013-01-24 18:00","45","야간","목","1","1","0","0","0","강원","인제군","차대사람","차도통행중","차도통행중","운전자법규위반","안전운전 의무 불이행","단일로","기타단일로","승용차","대형","보행자","보행자","1074756","1995225","128.35092073","37.95388599"
"2013","2013-01-13 06:00","38","주간","일","1","1","0","0","0","서울","종로구","차대사람","횡단중","횡단중","운전자법규위반","안전운전 의무 불이행","단일로","횡단보도상","승용차","소형","보행자","보행자","957507","1952830","127.01878301","37.57386531"
"2013","2013-01-19 05:00","50","야간","토","1","1","0","0","0","전남","순천시","차대사람","기타","기타","운전자법규위반","안전운전 의무 불이행","단일로","기타단일로","승용차","중형","보행자","보행자","1002653","1662474","127.5290583","34.95712705"
"2013","2013-01-14 17:00","30","주간","월","1","1","0","0","0","경기","성남시","차대차","측면직각충돌","측면직각충돌","운전자법규위반","신호위반","교차로","교차로내","승용차","중형","이륜차","소형","966265","1929458","127.11903233","37.36356409"
"2013","2013-01-15 19:00","16","야간","화","1","1","0","0","0","서울","마포구","차대차","측면직각충돌","측면직각충돌","운전자법규위반","안전거리 미확보","단일로","기타단일로","이륜차","중형","승용차","중형","952429","1950307","126.96144253","37.55087666"
"2013","2013-01-16 06:00","05","주간","수","1","1","0","0","0","대구","북구","차대사람","횡단중","횡단중","운전자법규위반","안전운전 의무 불이행","단일로","기타단일로","승용차","경형","보행자","보행자","1095063","1773445","128.55411743","35.95309985"
"2013","2013-01-16 18:00","25","야간","수","1","1","0","0","0","경남","통영시","차대사람","기타","기타","운전자법규위반","안전운전 의무 불이행","교차로","교차로부근","승합차","소형","보행자","보행자","1084408","1652547","128.42346428","34.86410652"
"2013","2013-01-16 06:00","19","주간","수","1","1","0","0","0","서울","서대문구","차대사람","횡단중","횡단중","운전자법규위반","안전운전 의무 불이행","단일로","기타단일로","승용차","중형","보행자","보행자","952461","1952512","126.96243921","37.57020067"
"2013","2013-01-22 07:00","05","주간","화","1","1","0","0","0","경북","경산시","차대사람","기타","기타","운전자법규위반","안전운전 의무 불이행","단일로","기타단일로","승용차","소형","보행자","보행자","1111755","1761528","128.73749936","35.84391202"
"2013","2013-01-19 19:00","30","야간","토","1","1","0","0","0","서울","성북구","차대사람","횡단중","횡단중","운전자법규위반","안전운전 의무 불이행","단일로","기타단일로","이륜차","대형","보행자","보행자","957807","1955834","127.02204402","37.60086212"
"2013","2013-01-19 06:00","00","주간","토","1","1","0","0","0","전북","익산시","차대사람","기타","기타","운전자법규위반","안전운전 의무 불이행","단일로","기타단일로","화물차","중형","보행자","보행자","954328","1772932","126.99356048","35.95203551"
"2013","2013-01-20 04:00","20","야간","일","1","2","0","1","0","경북","청송군","차량단독","도로이탈","도로이탈 기타","운전자법규위반","안전운전 의무 불이행","단일로","기타단일로","승용차","대형","00","00","1132120","1810959","128.97121983","36.28689435"
"2013","2013-01-20 19:00","15","야간","일","1","1","0","0","0","경기","화성시","차량단독","공작물충돌","공작물충돌","운전자법규위반","안전운전 의무 불이행","단일로","기타단일로","승용차","경형","00","00","953200","1903077","126.97315277","37.12520713"
"2013","2013-01-19 20:00","30","야간","토","1","1","0","0","0","전남","순천시","차량단독","기타","기타","운전자법규위반","안전운전 의무 불이행","단일로","기타단일로","원동기장치자전거","원동기장치자전거","00","00","982683","1657337","127.31043403","34.91065959"
"2013","2013-02-20 08:00","25","주간","수","1","2","0","1","0","전북","군산시","차대차","측면직각충돌","측면직각충돌","운전자법규위반","안전운전 의무 불이행","교차로","교차로내","승용차","중형","화물차","소형","924174","1767322","126.65975532","35.8995844"
"2013","2013-01-21 13:00","10","주간","월","1","1","0","0","0","전북","전주시","차대사람","횡단중","횡단중","운전자법규위반","보행자 보호의무 위반","단일로","기타단일로","화물차","소형","보행자","보행자","968180","1758782","127.14772241","35.82500978"
"2013","2013-01-20 22:00","50","야간","일","1","2","1","0","0","제주","제주시","차량단독","기타","기타","운전자법규위반","안전운전 의무 불이행","단일로","기타단일로","승용차","중형","00","00","885372","1491318","126.25997265","33.41380458"
"2013","2013-01-29 18:00","18","야간","화","1","1","0","0","0","경기","광주시","차대사람","보도통행중","보도통행중","운전자법규위반","안전운전 의무 불이행","단일로","기타단일로","승합차","소형","보행자","보행자","977193","1936444","127.24222471","37.42686714"
"2013","2013-01-30 07:00","56","주간","수","1","1","0","0","0","서울","성북구","차대사람","차도통행중","차도통행중","운전자법규위반","안전운전 의무 불이행","단일로","기타단일로","승합차","대형","보행자","보행자","957803","1956438","127.02192703","37.6063986"
"2013","2013-01-25 18:00","35","야간","금","1","1","0","0","0","경북","구미시","차대차","측면직각충돌","측면직각충돌","운전자법규위반","중앙선 침범","단일로","기타단일로","승용차","중형","원동기장치자전거","원동기장치자전거","1071729","1794190","128.29728533","36.14210954"
"2013","2013-01-26 02:00","15","야간","토","1","1","0","0","0","울산","울주군","차량단독","공작물충돌","공작물충돌","운전자법규위반","안전운전 의무 불이행","단일로","횡단보도부근","승용차","중형","00","00","1154861","1732048","129.20897952","35.57236573"
"2013","2013-01-25 10:00","55","주간","금","1","1","0","0","0","경남","함양군","차량단독","전도전복","전도전복","운전자법규위반","안전운전 의무 불이행","단일로","기타단일로","승용차","중형","00","00","1012420","1732257","127.63676056","35.58605435"
"2013","2013-01-25 11:00","52","주간","금","1","1","0","0","0","충북","청원군","차량단독","기타","기타","운전자법규위반","안전운전 의무 불이행","단일로","기타단일로","승용차","중형","00","00","1013344","1848115","127.64925439","36.63082308"
"2013","2013-01-24 19:00","42","야간","목","1","1","0","0","0","대전","유성구","차대사람","기타","기타","운전자법규위반","안전운전 의무 불이행","단일로","기타단일로","승용차","중형","보행자","보행자","989122","1824542","127.37866042","36.41834075"
"2013","2013-02-04 07:00","20","주간","월","1","1","0","0","0","경기","평택시","차량단독","공작물충돌","공작물충돌","운전자법규위반","안전운전 의무 불이행","교차로","교차로부근","승용차","중형","00","00","964419","1902879","127.10312237","37.12887745"
"2013","2013-02-04 06:00","55","주간","월","1","2","0","1","0","경기","평택시","차량단독","공작물충돌","공작물충돌","운전자법규위반","안전운전 의무 불이행","교차로","교차로부근","승용차","중형","00","00","951864","1889461","126.95898578","37.00240568"
"2013","2013-02-04 00:00","15","야간","월","1","2","1","0","0","부산","사상구","차량단독","공작물충돌","공작물충돌","운전자법규위반","안전운전 의무 불이행","단일로","기타단일로","승용차","중형","00","00","1136294","1684584","128.99623368","35.14726507"
"2013","2013-02-03 00:00","50","야간","일","1","1","0","0","0","경남","창원시(통합)","차대사람","기타","기타","운전자법규위반","안전운전 의무 불이행","단일로","기타단일로","승합차","중형","보행자","보행자","1100687","1696499","128.60687351","35.25888052"
"2013","2013-02-01 11:00","26","주간","금","1","1","0","0","0","경기","파주시","차대차","정면충돌","정면충돌","운전자법규위반","교차로 통행방법 위반","교차로","교차로내","화물차","대형","화물차","소형","932882","1990273","126.72210505","37.9078404"
"2013","2013-02-02 13:00","25","주간","토","1","1","0","0","0","경남","함안군","차량단독","공작물충돌","공작물충돌","운전자법규위반","안전운전 의무 불이행","단일로","기타단일로","승용차","대형","00","00","1079842","1697319","128.37782683","35.26815278"
"2013","2013-02-02 03:00","15","야간","토","1","2","1","0","0","충남","서산시","차량단독","공작물충돌","공작물충돌","운전자법규위반","안전운전 의무 불이행","단일로","기타단일로","화물차","소형","00","00","916905","1856501","126.56971617","36.70288102"
"2013","2013-02-02 08:00","30","주간","토","1","2","1","0","0","전북","남원시","차량단독","공작물충돌","공작물충돌","운전자법규위반","안전운전 의무 불이행","단일로","기타단일로","화물차","소형","00","00","1004689","1717146","127.5516699","35.45010444"
"2013","2013-02-02 06:00","05","주간","토","2","5","2","1","0","경기","포천시","차량단독","공작물충돌","공작물충돌","운전자법규위반","안전운전 의무 불이행","단일로","기타단일로","승합차","중형","00","00","979931","2006498","127.27123552","38.05834293"
"2013","2013-08-07 10:00","40","주간","수","1","8","3","4","0","충북","청원군","차대차","추돌","주정차중 추돌","운전자법규위반","안전거리 미확보","단일로","기타단일로","화물차","대형","화물차","대형","995871","1859211","127.45375669","36.73093708"
"2013","2013-08-17 01:00","28","야간","토","1","1","0","0","0","충북","충주시","차대차","추돌","진행중 추돌","운전자법규위반","안전운전 의무 불이행","단일로","기타단일로","화물차","소형","화물차","중형","1031029","1885676","127.84859219","36.96900726"
"2013","2013-07-09 20:00","15","야간","화","1","2","1","0","0","충북","단양군","차량단독","공작물충돌","공작물충돌","운전자법규위반","안전운전 의무 불이행","단일로","기타단일로","승용차","대형","00","00","1070492","1885959","128.291934","36.96942895"
"2013","2013-07-16 14:00","30","주간","화","1","5","1","2","1","서울","송파구","차대차","추돌","진행중 추돌","운전자법규위반","안전운전 의무 불이행","단일로","기타단일로","화물차","소형","화물차","중형","967579","1942129","127.1333145","37.47782231"
"2013","2013-10-27 08:00","00","주간","일","1","6","4","0","1","경북","경산시","차량단독","공작물충돌","공작물충돌","운전자법규위반","안전운전 의무 불이행","단일로","기타단일로","승합차","소형","00","00","1119397","1765294","128.82266604","35.87695664"
"2012","2012-02-15 18:00","50","야간","수","1","1","0","0","0","경기","시흥시","차대사람","기타","기타","운전자법규위반","안전운전 의무 불이행","단일로","기타단일로","건설기계","건설기계","보행자","보행자","932941","1928317","126.74498391","37.34629138"
"2012","2012-02-11 01:00","22","야간","금","1","1","0","0","0","서울","종로구","차대사람","횡단중","횡단중","운전자법규위반","안전운전 의무 불이행","단일로","횡단보도부근","승용차","중형","보행자","보행자","956189","1952527","127.00387579","37.57107252"
"2012","2012-02-11 17:00","30","주간","토","1","1","0","0","0","서울","동대문구","차대사람","차도통행중","차도통행중","운전자법규위반","안전운전 의무 불이행","단일로","기타단일로","승합차","대형","보행자","보행자","958120","1952876","127.02572215","37.57430801"
"2012","2012-02-19 21:00","55","야간","일","4","5","1","0","0","경북","안동시","차대차","추돌","진행중 추돌","운전자법규위반","안전운전 의무 불이행","단일로","기타단일로","승용차","중형","승용차","소형","1113807","1838464","128.77137861","36.53713472"
"2012","2012-02-20 17:00","20","주간","월","1","3","1","1","0","경기","파주시","차대차","기타","기타","운전자법규위반","중앙선 침범","단일로","기타단일로","승용차","소형","화물차","중형","930975","1978374","126.71591892","37.80247446"
"2012","2012-02-16 16:00","52","주간","목","1","2","1","0","0","경기","용인시","차대사람","기타","기타","운전자법규위반","신호위반","단일로","횡단보도상","승용차","소형","보행자","보행자","965354","1922074","127.10908966","37.29697323"
"2012","2012-02-21 15:00","50","주간","화","1","1","0","0","0","전남","함평군","차량단독","공작물충돌","공작물충돌","운전자법규위반","안전운전 의무 불이행","단일로","기타단일로","화물차","소형","00","00","918525","1688689","126.60507588","35.19021315"
"2012","2012-02-25 19:00","29","야간","토","1","1","0","0","0","경북","경주시","차량단독","기타","기타","운전자법규위반","안전운전 의무 불이행","단일로","기타단일로","승용차","대형","00","00","1167360","1761625","129.32653344","35.79452756"
"2012","2012-02-25 09:00","31","주간","토","1","1","0","0","0","서울","강서구","차대사람","횡단중","횡단중","운전자법규위반","신호위반","단일로","횡단보도상","승용차","대형","보행자","보행자","938664","1951952","126.80552426","37.56488057"
"2012","2012-01-18 08:00","05","주간","수","1","3","2","0","0","경북","영덕군","차량단독","도로이탈","도로이탈 추락","운전자법규위반","안전운전 의무 불이행","단일로","기타단일로","승용차","소형","00","00","1160076","1843380","129.28918771","36.57457571"
"2012","2012-01-18 15:00","40","주간","수","1","2","0","1","0","울산","동구","차대차","정면충돌","정면충돌","운전자법규위반","중앙선 침범","단일로","기타단일로","화물차","소형","승용차","대형","1173145","1723699","129.40887525","35.49409895"
"2012","2012-01-22 01:00","00","야간","일","1","2","1","0","0","전북","익산시","차대사람","보도통행중","보도통행중","운전자법규위반","보행자 보호의무 위반","교차로","교차로내","승용차","중형","보행자","보행자","950168","1771713","126.94751017","35.94084199"
"2012","2012-01-22 20:00","55","야간","일","1","1","0","0","0","강원","원주시","차대사람","횡단중","횡단중","운전자법규위반","안전운전 의무 불이행","단일로","기타단일로","승용차","대형","보행자","보행자","1028077","1923819","127.81685955","37.31292394"
"2012","2012-01-19 18:00","10","야간","목","1","1","0","0","0","경북","울진군","차량단독","공작물충돌","공작물충돌","운전자법규위반","안전운전 의무 불이행","단일로","교량위","승용차","중형","00","00","1167767","1882208","129.38354441","36.92332002"
"2012","2012-01-19 21:00","45","야간","목","1","1","0","0","0","인천","남동구","차대사람","횡단중","횡단중","운전자법규위반","안전운전 의무 불이행","단일로","기타단일로","화물차","소형","보행자","보행자","930312","1939220","126.71034559","37.44968553"
"2012","2012-01-19 14:00","30","주간","목","1","1","0","0","0","경기","용인시","차대차","측면직각충돌","측면직각충돌","운전자법규위반","안전운전 의무 불이행","단일로","터널안","승용차","소형","승용차","소형","961675","1924260","127.0763204","37.30968724"
"2012","2012-01-20 18:00","50","야간","금","1","1","0","0","0","경기","광명시","차대사람","횡단중","횡단중","운전자법규위반","안전운전 의무 불이행","교차로","교차로부근","승합차","대형","보행자","보행자","945295","1936176","126.8817322","37.42311571"
"2012","2012-02-02 06:00","38","주간","목","1","1","0","0","0","부산","금정구","차대사람","횡단중","횡단중","운전자법규위반","신호위반","단일로","횡단보도상","승용차","대형","보행자","보행자","1143758","1693424","129.07968806","35.22590707"
"2012","2012-02-02 05:00","55","야간","목","1","1","0","0","0","부산","북구","차대사람","횡단중","횡단중","운전자법규위반","안전운전 의무 불이행","단일로","기타단일로","화물차","소형","보행자","보행자","1137176","1691615","129.00708291","35.21052291"
"2012","2012-02-06 05:00","40","야간","월","1","1","0","0","0","경남","거제시","차량단독","공작물충돌","공작물충돌","운전자법규위반","안전운전 의무 불이행","단일로","교량위","승합차","경형","00","00","1089145","1655446","128.47559166","34.88984023"
"2012","2012-02-06 05:00","30","야간","월","1","1","0","0","0","전북","익산시","차대사람","횡단중","횡단중","운전자법규위반","안전운전 의무 불이행","단일로","기타단일로","승용차","중형","보행자","보행자","951100","1772737","126.95777981","35.9501211"
"2012","2012-02-03 01:00","00","야간","목","1","2","1","0","0","경기","화성시","차대차","측면직각충돌","측면직각충돌","운전자법규위반","안전운전 의무 불이행","교차로","교차로내","승용차","소형","화물차","중형","949901","1907942","126.93829093","37.16755751"
"2012","2012-02-10 00:00","42","야간","금","1","1","0","0","0","대전","대덕구","차대차","추돌","주정차중 추돌","운전자법규위반","안전운전 의무 불이행","단일로","기타단일로","승용차","중형","특수차","대형","993155","1823012","127.42366031","36.40458456"
"2012","2012-02-10 05:00","50","야간","금","1","1","0","0","0","경기","고양시","차대사람","기타","기타","운전자법규위반","안전운전 의무 불이행","단일로","기타단일로","승용차","중형","보행자","보행자","927699","1965436","126.67999653","37.68561892"
"2012","2012-02-13 19:00","00","야간","월","1","1","0","0","0","서울","성북구","차대사람","횡단중","횡단중","운전자법규위반","안전운전 의무 불이행","단일로","기타단일로","이륜차","소형","보행자","보행자","959069","1954786","127.0363622","37.59156599"
"2012","2012-02-14 14:00","20","주간","화","1","1","0","0","0","경기","광주시","차량단독","공작물충돌","공작물충돌","운전자법규위반","안전운전 의무 불이행","단일로","기타단일로","건설기계","건설기계","00","00","974309","1937308","127.19127178","37.4327482"
"2012","2012-02-13 14:00","55","주간","월","1","1","0","0","0","서울","구로구","차대사람","횡단중","횡단중","운전자법규위반","안전운전 의무 불이행","단일로","횡단보도상","건설기계","건설기계","보행자","보행자","945814","1942780","126.88711205","37.48266956"
"2012","2012-02-11 18:00","55","야간","토","1","1","0","0","0","경기","오산시","차대사람","기타","기타","운전자법규위반","안전운전 의무 불이행","교차로","교차로내","승용차","소형","보행자","보행자","961616","1905435","127.06588625","37.14572059"
"2012","2012-02-16 18:00","44","야간","목","1","1","0","0","0","경기","평택시","차대사람","기타","기타","운전자법규위반","안전운전 의무 불이행","단일로","기타단일로","승합차","소형","보행자","보행자","948811","1895698","126.92424955","37.05846419"
"2012","2012-02-24 02:00","25","야간","금","1","1","0","0","0","강원","원주시","차량단독","전도전복","전도전복","운전자법규위반","안전운전 의무 불이행","단일로","교량위","승용차","중형","00","00","1035836","1929099","127.85062195","37.33164072"
"2012","2012-02-25 05:00","25","야간","토","1","1","0","0","0","제주","제주시","차대차","추돌","주정차중 추돌","운전자법규위반","기타(운전자법규위반)","단일로","기타단일로","승용차","소형","이륜차","소형","939665","1503768","126.85026113","33.52412622"
"2012","2012-02-26 08:00","30","주간","일","1","2","1","0","0","전북","익산시","차대차","측면직각충돌","측면직각충돌","운전자법규위반","신호위반","단일로","횡단보도상","승용차","중형","자전거","자전거","950529","1771081","126.9515518","35.93516247"
"2012","2012-02-24 15:00","45","주간","금","1","2","0","1","0","충남","예산군","차대차","정면충돌","정면충돌","운전자법규위반","중앙선 침범","단일로","기타단일로","승용차","대형","화물차","중형","925775","1852099","126.66943633","36.66393609"
"2012","2012-02-24 22:00","55","야간","금","1","1","0","0","0","전북","전주시","차대사람","횡단중","횡단중","운전자법규위반","안전운전 의무 불이행","단일로","횡단보도상","화물차","중형","보행자","보행자","967303","1759167","127.13799759","35.8284521"
"2012","2012-02-26 15:00","15","주간","일","1","1","0","0","0","경북","영천시","차대차","정면충돌","정면충돌","운전자법규위반","중앙선 침범","단일로","기타단일로","이륜차","중형","승용차","대형","1117044","1781740","128.79872364","36.02502363"
"2012","2012-03-04 02:00","43","야간","일","1","1","0","0","0","경남","진주시","차량단독","기타","기타","운전자법규위반","안전운전 의무 불이행","단일로","기타단일로","승용차","중형","00","00","1052104","1688206","128.0722999","35.18781234"
"2012","2012-03-04 00:00","30","야간","일","1","1","0","0","0","대전","유성구","차대사람","차도통행중","차도통행중","운전자법규위반","안전운전 의무 불이행","단일로","기타단일로","승용차","대형","보행자","보행자","986224","1818246","127.34644619","36.36154305"
"2012","2012-03-01 09:00","30","주간","목","1","1","0","0","0","전남","강진군","차량단독","도로이탈","도로이탈 추락","운전자법규위반","안전운전 의무 불이행","단일로","교량위","승용차","소형","00","00","933831","1627604","126.77802329","34.64054488"
"2012","2012-03-01 15:00","35","주간","목","1","1","0","0","0","경기","하남시","차대사람","횡단중","횡단중","운전자법규위반","안전운전 의무 불이행","단일로","터널안","승용차","대형","보행자","보행자","974785","1950191","127.21453754","37.55071423"
"2012","2012-01-19 02:00","13","야간","목","1","1","0","0","0","부산","중구","차대사람","횡단중","횡단중","운전자법규위반","과속","단일로","기타단일로","승용차","중형","보행자","보행자","1139666","1679149","129.03232184","35.09781115"
"2012","2012-01-18 22:00","00","야간","수","1","1","0","0","0","경기","파주시","차대사람","횡단중","횡단중","운전자법규위반","보행자 보호의무 위반","단일로","기타단일로","화물차","경형","보행자","보행자","937828","1978712","126.79372999","37.80601307"
"2012","2012-01-18 19:00","00","야간","수","1","1","0","0","0","대구","달성군","차대사람","기타","기타","운전자법규위반","안전운전 의무 불이행","단일로","기타단일로","승용차","중형","보행자","보행자","1085363","1751657","128.44316953","35.75594649"
"2012","2012-01-16 21:00","17","야간","월","1","1","0","0","0","울산","울주군","차대사람","기타","기타","운전자법규위반","안전운전 의무 불이행","단일로","기타단일로","화물차","대형","보행자","보행자","1165610","1716972","129.32447244","35.43475961"
"2012","2012-01-16 09:00","35","주간","월","1","1","0","0","0","충남","아산시","차대차","측면직각충돌","측면직각충돌","운전자법규위반","교차로 통행방법 위반","교차로","교차로내","승용차","중형","자전거","자전거","958843","1881104","127.03787777","36.92740571"
"2012","2012-01-16 08:00","21","주간","월","2","12","7","3","0","경북","경주시","차량단독","기타","기타","운전자법규위반","안전운전 의무 불이행","단일로","기타단일로","승합차","대형","00","00","1156250","1774371","129.2827074","36.00062206"
"2012","2012-01-20 14:00","00","주간","금","1","1","0","0","0","충남","논산시","차대사람","횡단중","횡단중","운전자법규위반","안전운전 의무 불이행","교차로","교차로내","승용차","중형","보행자","보행자","972070","1801318","127.18928613","36.20862377"
"2012","2012-01-26 19:00","20","야간","목","1","1","0","0","0","경기","수원시","차대사람","횡단중","횡단중","운전자법규위반","안전운전 의무 불이행","교차로","교차로내","화물차","소형","보행자","보행자","957921","1921996","127.02523004","37.29596346"
"2012","2012-02-01 23:00","10","야간","수","1","1","0","0","0","경기","시흥시","차량단독","공작물충돌","공작물충돌","운전자법규위반","안전운전 의무 불이행","교차로","교차로내","승용차","대형","00","00","938576","1931434","126.80703209","37.37971535"
"2012","2012-01-28 05:00","09","야간","토","1","1","0","0","0","인천","남구","차대차","기타","기타","운전자법규위반","안전운전 의무 불이행","기타/불명","기타/불명","원동기장치자전거","원동기장치자전거","화물차","대형","927471","1939666","126.67988132","37.45549906"
"2012","2012-02-05 21:00","21","야간","일","1","1","0","0","0","경기","포천시","차대사람","기타","기타","운전자법규위반","안전운전 의무 불이행","단일로","기타단일로","승용차","경형","보행자","보행자","974494","1989593","127.20986089","37.9058444"
"2012","2012-04-05 17:00","20","주간","목","1","1","0","0","0","서울","은평구","차대차","측면직각충돌","측면직각충돌","운전자법규위반","안전운전 의무 불이행","교차로","교차로내","승용차","중형","이륜차","소형","949497","1958370","126.9276943","37.62339308"
"2012","2012-04-11 20:00","40","야간","수","1","2","1","0","0","경기","안산시","차대차","측면직각충돌","측면직각충돌","운전자법규위반","안전운전 의무 불이행","교차로","교차로내","자전거","자전거","이륜차","중형","941154","1923362","126.83595263","37.30736571"
"2012","2012-04-10 08:00","15","주간","화","1","1","0","0","0","부산","영도구","차대사람","횡단중","횡단중","운전자법규위반","안전운전 의무 불이행","단일로","기타단일로","건설기계","건설기계","보행자","보행자","1140771","1678520","129.06204671","35.08777545"
"2012","2012-04-08 07:00","05","주간","일","1","1","0","0","0","충남","서산시","차대차","추돌","진행중 추돌","운전자법규위반","안전운전 의무 불이행","단일로","기타단일로","승용차","중형","건설기계","건설기계","912842","1866127","126.5231358","36.78928091"
"2012","2012-04-15 02:00","05","야간","일","1","1","0","0","0","대구","달서구","차대사람","차도통행중","차도통행중","운전자법규위반","안전운전 의무 불이행","단일로","횡단보도상","승용차","중형","보행자","보행자","1093079","1757263","128.53022993","35.80741582"
"2012","2012-04-14 08:00","50","주간","토","1","1","0","0","0","인천","부평구","차대차","측면직각충돌","측면직각충돌","운전자법규위반","안전운전 의무 불이행","교차로","교차로내","승용차","중형","자전거","자전거","930033","1946919","126.70823605","37.51891286"
"2012","2012-04-20 03:00","55","야간","금","1","1","0","0","0","서울","양천구","차량단독","공작물충돌","공작물충돌","운전자법규위반","안전운전 의무 불이행","교차로","교차로부근","승용차","대형","00","00","943461","1947979","126.86009933","37.52938758"
"2012","2012-04-19 12:00","40","주간","목","1","1","0","0","0","부산","강서구","차대차","기타","기타","운전자법규위반","안전거리 미확보","단일로","기타단일로","이륜차","사발이","화물차","소형","1125046","1679689","128.87204584","35.10460007"
"2012","2012-04-23 06:00","15","주간","월","1","2","1","0","0","경기","김포시","차대차","추돌","진행중 추돌","운전자법규위반","안전운전 의무 불이행","단일로","기타단일로","화물차","경형","화물차","소형","936843","1956790","126.78444345","37.6083703"
"2012","2012-04-22 11:00","30","주간","일","1","1","0","0","0","전남","순천시","차대차","추돌","주정차중 추돌","운전자법규위반","안전운전 의무 불이행","단일로","기타단일로","승용차","경형","특수차","중형","1001841","1661121","127.52323259","34.92287071"
"2012","2012-04-21 02:00","15","야간","토","1","1","0","0","0","부산","해운대구","차대차","추돌","주정차중 추돌","운전자법규위반","안전운전 의무 불이행","단일로","기타단일로","승용차","중형","승합차","대형","1149904","1693903","129.14728646","35.22932445"