"발생년","발생년월일시","발생분","주야","요일","사망자수","사상자수","중상자수","경상자수","부상신고자수","발생지시도","발생지시군구","사고유형_대분류","사고유형_중분류","사고유형","법규위반_대분류","법규위반","도로형태_대분류","도로형태","당사자종별_1당_대분류","당사자종별_1당","당사자종별_2당_대분류","당사자종별_2당","발생위치X_UTMK","발생위치Y_UTMK","경도","위도"
"2012","2012-02-22 08:00","40","주간","수","1","1","0","0","0","전북","정읍시","차대차","측면직각충돌","측면직각충돌","운전자법규위반","직진 및 우회전차의 통행방해","교차로","교차로내","이륜차","중형","승용차","소형","940009","1730642","126.83795745","35.5699867"
"2012","2012-02-21 17:00","40","주간","화","1","1","0","0","0","경남","통영시","차대사람","횡단중","횡단중","운전자법규위반","안전운전 의무 불이행","단일로","기타단일로","승용차","소형","보행자","보행자","1083152","1649160","128.40939946","34.83367103"
"2012","2012-02-21 22:00","20","야간","화","1","1","0","0","0","전북","남원시","차량단독","전도전복","전도전복","운전자법규위반","안전운전 의무 불이행","교차로","교차로부근","화물차","소형","00","00","1001196","1716794","127.51299137","35.4471032"
"2012","2012-02-21 14:00","00","주간","화","1","1","0","0","0","경북","칠곡군","차대사람","횡단중","횡단중","운전자법규위반","안전운전 의무 불이행","단일로","기타단일로","승합차","중형","보행자","보행자","1081271","1776441","128.40150864","35.98135413"
"2012","2012-02-28 12:00","10","주간","화","1","1","0","0","0","전북","군산시","차량단독","도로이탈","도로이탈 추락","운전자법규위반","안전운전 의무 불이행","단일로","기타단일로","화물차","소형","00","00","922546","1767159","126.64173275","35.89798737"
"2012","2012-02-26 06:00","05","주간","일","1","1","0","0","0","대구","북구","차량단독","공작물충돌","공작물충돌","운전자법규위반","안전운전 의무 불이행","교차로","교차로부근","원동기장치자전거","원동기장치자전거","00","00","1094417","1769760","128.54651726","35.919944"
"2012","2012-02-26 23:00","45","야간","일","1","3","2","0","0","경북","포항시","차량단독","기타","기타","운전자법규위반","안전운전 의무 불이행","단일로","기타단일로","승용차","중형","00","00","1165401","1783110","129.33580337","36.03081277"
"2012","2012-02-26 22:00","50","야간","일","1","1","0","0","0","경북","포항시","차대사람","횡단중","횡단중","운전자법규위반","안전운전 의무 불이행","단일로","횡단보도상","승용차","중형","보행자","보행자","1166219","1779655","129.34415256","35.99953963"
"2012","2012-03-03 19:00","00","야간","토","1","1","0","0","0","전북","남원시","차대사람","기타","기타","운전자법규위반","보행자 보호의무 위반","단일로","기타단일로","승용차","중형","보행자","보행자","982424","1707234","127.30653739","35.36058577"
"2012","2012-03-03 10:00","30","주간","토","1","1","0","0","0","전북","완주군","차대차","측면직각충돌","측면직각충돌","운전자법규위반","중앙선 침범","단일로","기타단일로","화물차","소형","자전거","자전거","974302","1776110","127.21481587","35.98150805"
"2012","2012-03-02 07:00","50","주간","금","1","1","0","0","0","강원","원주시","차대차","정면충돌","정면충돌","운전자법규위반","중앙선 침범","단일로","기타단일로","승용차","소형","특수차","대형","1035877","1935328","127.90544148","37.41639359"
"2012","2012-02-29 21:00","50","야간","수","1","1","0","0","0","강원","홍천군","차량단독","공작물충돌","공작물충돌","운전자법규위반","안전운전 의무 불이행","단일로","기타단일로","화물차","소형","00","00","1009936","1961723","127.61209918","37.65453521"
"2012","2012-01-17 20:00","50","야간","화","1","1","0","0","0","강원","춘천시","차대사람","횡단중","횡단중","운전자법규위반","안전운전 의무 불이행","단일로","기타단일로","승용차","중형","보행자","보행자","1020080","1988839","127.72839609","37.89918458"
"2012","2012-01-16 12:00","25","주간","월","1","1","0","0","0","경기","의정부시","차대사람","길가장자리구역통행중","길가장자리구역통행중","운전자법규위반","안전운전 의무 불이행","교차로","교차로내","승용차","중형","보행자","보행자","959176","1972036","127.03660847","37.74704694"
"2012","2012-01-14 18:00","46","야간","토","1","1","0","0","0","서울","중구","차대사람","기타","기타","운전자법규위반","신호위반","교차로","교차로부근","화물차","소형","보행자","보행자","955720","1951550","126.99862395","37.56224416"
"2012","2012-01-16 17:00","00","주간","월","1","1","0","0","0","서울","마포구","차대사람","차도통행중","차도통행중","운전자법규위반","보행자 보호의무 위반","교차로","교차로부근","화물차","중형","보행자","보행자","951179","1949112","126.94737123","37.54004052"
"2012","2012-01-19 19:00","45","야간","목","1","1","0","0","0","전북","부안군","차대사람","기타","기타","운전자법규위반","안전운전 의무 불이행","교차로","교차로부근","화물차","소형","보행자","보행자","925601","1733020","126.67874945","35.59044791"
"2012","2012-01-25 19:00","45","야간","수","1","2","0","1","0","강원","강릉시","차대차","추돌","주정차중 추돌","운전자법규위반","안전운전 의무 불이행","단일로","기타단일로","승용차","경형","화물차","대형","1125263","1971795","128.92163397","37.73721186"
"2012","2012-01-25 14:00","14","주간","수","1","1","0","0","0","강원","평창군","차량단독","도로이탈","도로이탈 추락","운전자법규위반","안전운전 의무 불이행","단일로","기타단일로","화물차","경형","00","00","1077998","1931402","128.36219058","37.37964824"
"2012","2012-01-24 20:00","55","야간","화","1","1","0","0","0","전북","군산시","차대사람","횡단중","횡단중","운전자법규위반","안전운전 의무 불이행","교차로","교차로내","승용차","중형","보행자","보행자","929400","1777119","126.71675611","35.98832419"
"2012","2012-02-05 17:00","20","주간","일","1","2","0","1","0","경기","시흥시","차대차","정면충돌","정면충돌","운전자법규위반","중앙선 침범","단일로","교량위","원동기장치자전거","원동기장치자전거","승용차","소형","932855","1933520","126.74138884","37.39835827"
"2012","2012-02-06 01:00","42","야간","월","1","1","0","0","0","인천","계양구","차대사람","기타","기타","운전자법규위반","안전운전 의무 불이행","단일로","횡단보도부근","승용차","중형","보행자","보행자","930937","1949666","126.71820667","37.54373909"
"2012","2012-02-06 20:00","10","야간","월","1","2","1","0","0","경북","경주시","차대차","기타","기타","운전자법규위반","신호위반","교차로","교차로내","승용차","중형","승용차","중형","1153868","1755875","129.20258239","35.78726007"
"2012","2012-02-05 07:00","28","주간","일","1","1","0","0","0","인천","강화군","차량단독","공작물충돌","공작물충돌","운전자법규위반","안전운전 의무 불이행","단일로","기타단일로","승용차","중형","00","00","904798","1960709","126.42091841","37.64092828"
"2012","2012-02-06 12:00","15","주간","월","1","1","0","0","0","경남","창원시(통합)","차대사람","횡단중","횡단중","운전자법규위반","안전운전 의무 불이행","기타/불명","기타/불명","특수차","대형","보행자","보행자","1092101","1683859","128.511086","35.14574826"
"2012","2012-02-04 00:00","16","야간","토","1","2","0","1","0","경북","구미시","차대차","기타","기타","운전자법규위반","안전운전 의무 불이행","교차로","교차로부근","승용차","중형","승용차","대형","1079727","1787777","128.38552667","36.08367355"
"2012","2012-02-04 12:00","30","주간","토","1","1","0","0","0","서울","동대문구","차대사람","기타","기타","운전자법규위반","안전운전 의무 불이행","단일로","기타단일로","승용차","소형","보행자","보행자","960973","1954610","127.05820995","37.59007243"
"2012","2012-02-04 03:00","50","야간","토","1","1","0","0","0","울산","울주군","차대차","측면직각충돌","측면직각충돌","운전자법규위반","중앙선 침범","단일로","기타단일로","특수차","대형","승용차","중형","1163996","1722844","129.30786779","35.48724394"
"2012","2012-02-08 18:00","20","야간","수","1","1","0","0","0","울산","울주군","차대차","측면직각충돌","측면직각충돌","운전자법규위반","안전운전 의무 불이행","단일로","기타단일로","승용차","중형","원동기장치자전거","원동기장치자전거","1166861","1715491","129.33794464","35.42120361"
"2012","2012-02-15 05:00","50","야간","수","1","1","0","0","0","경기","부천시","차대사람","기타","기타","운전자법규위반","안전운전 의무 불이행","교차로","교차로부근","화물차","소형","보행자","보행자","939632","1947698","126.81678906","37.52661218"
"2013","2013-03-18 19:00","50","야간","월","1","3","2","0","0","경북","영천시","차대차","추돌","주정차중 추돌","운전자법규위반","안전운전 의무 불이행","단일로","기타단일로","화물차","대형","화물차","소형","1123916","1780073","128.87502044","36.00960454"
"2013","2013-03-09 14:00","40","주간","토","1","2","0","1","0","경북","의성군","차대차","추돌","진행중 추돌","운전자법규위반","안전운전 의무 불이행","단일로","기타단일로","화물차","대형","화물차","대형","1096881","1821751","128.5802334","36.38835569"
"2013","2013-01-21 11:00","20","주간","월","1","6","2","0","3","경기","화성시","차대차","추돌","진행중 추돌","운전자법규위반","안전운전 의무 불이행","단일로","기타단일로","승용차","대형","승용차","대형","964004","1911271","127.0940857","37.19310674"
"2013","2013-02-24 21:00","00","야간","일","1","2","0","1","0","경기","안성시","차대차","추돌","진행중 추돌","운전자법규위반","안전거리 미확보","단일로","기타단일로","화물차","중형","화물차","대형","995095","1902370","127.44478594","37.11999187"
"2013","2013-10-11 17:00","31","주간","금","1","6","3","2","0","경기","안산시","차대차","정면충돌","정면충돌","운전자법규위반","중앙선 침범","단일로","기타단일로","화물차","소형","승합차","소형","937815","1927739","126.79790923","37.3465993"
"2013","2013-07-17 07:00","00","주간","수","1","1","0","0","0","충북","청원군","차대차","추돌","진행중 추돌","운전자법규위반","안전거리 미확보","단일로","기타단일로","화물차","중형","화물차","대형","997432","1839319","127.47130591","36.55161673"
"2013","2013-07-13 03:00","25","야간","토","1","20","5","7","7","경북","경산시","차대차","추돌","진행중 추돌","운전자법규위반","안전운전 의무 불이행","단일로","교량위","승합차","중형","화물차","대형","1112378","1747440","128.74241885","35.7168495"
"2013","2013-07-30 17:00","15","주간","화","2","4","2","0","0","경남","합천군","차대차","정면충돌","정면충돌","운전자법규위반","중앙선 침범","기타/불명","기타/불명","승용차","대형","승용차","중형","1051262","1745638","128.06667017","35.70568185"
"2013","2013-08-11 21:00","40","야간","일","1","1","0","0","0","경북","영주시","차대차","추돌","진행중 추돌","운전자법규위반","안전운전 의무 불이행","단일로","기타단일로","화물차","대형","화물차","대형","1087480","1875934","128.48160155","36.87764522"
"2013","2013-01-19 03:00","19","야간","토","1","5","2","2","0","충북","청주시","차대차","추돌","진행중 추돌","운전자법규위반","안전운전 의무 불이행","단일로","기타단일로","승용차","중형","화물차","중형","965405","1851792","127.40196577","36.60953953"
"2013","2013-10-17 05:00","29","야간","목","1","1","0","0","0","충남","홍성군","차대차","추돌","진행중 추돌","운전자법규위반","안전운전 의무 불이행","단일로","기타단일로","승용차","중형","화물차","중형","918053","1836867","126.58507388","36.52606891"
"2013","2013-01-22 06:00","50","주간","화","1","2","0","1","0","경기","안양시","차대사람","기타","기타","운전자법규위반","안전운전 의무 불이행","단일로","기타단일로","승합차","대형","보행자","보행자","947543","1935353","126.90719597","37.4158279"
"2013","2013-01-20 07:00","10","주간","일","1","8","2","5","0","경기","고양시","차대차","측면직각충돌","측면직각충돌","운전자법규위반","중앙선 침범","단일로","기타단일로","승용차","소형","승합차","중형","947012","1961301","126.89932275","37.64967014"
"2013","2013-01-20 07:00","21","주간","일","2","2","0","0","0","경기","용인시","차량단독","전도전복","전도전복","운전자법규위반","안전운전 의무 불이행","단일로","기타단일로","승용차","대형","00","00","963120","1919832","127.08399533","37.27667846"
"2013","2013-01-21 16:00","00","주간","월","1","2","1","0","0","경북","문경시","차대차","정면충돌","정면충돌","운전자법규위반","중앙선 침범","단일로","기타단일로","화물차","중형","건설기계","건설기계","1058005","1850108","128.14915653","36.64655118"
"2013","2013-01-21 04:00","15","야간","월","1","2","1","0","0","충북","충주시","차량단독","공작물충돌","공작물충돌","운전자법규위반","안전운전 의무 불이행","단일로","기타단일로","승용차","중형","00","00","1034993","1884796","127.89326458","36.96072768"
"2013","2013-01-20 22:00","56","야간","일","1","1","0","0","0","인천","남구","차대사람","횡단중","횡단중","운전자법규위반","안전운전 의무 불이행","기타/불명","기타/불명","승용차","중형","보행자","보행자","926967","1940446","126.6741862","37.4603357"
"2013","2013-02-20 08:00","20","주간","수","4","4","0","0","0","경남","함양군","차량단독","공작물충돌","공작물충돌","운전자법규위반","안전운전 의무 불이행","교차로","교차로내","화물차","대형","00","00","1013573","1726219","127.64971761","35.53183117"
"2013","2013-01-20 06:00","30","주간","일","1","1","0","0","0","충남","당진시","차대차","추돌","진행중 추돌","운전자법규위반","안전운전 의무 불이행","단일로","기타단일로","화물차","소형","화물차","대형","935873","1875988","126.78041262","36.88000745"
"2013","2013-01-29 13:00","54","주간","화","1","1","0","0","0","충남","아산시","차량단독","공작물충돌","공작물충돌","운전자법규위반","안전운전 의무 불이행","단일로","기타단일로","화물차","소형","00","00","954661","1856521","126.99990665","36.73231138"
"2013","2013-01-30 05:00","40","야간","수","1","1","0","0","0","광주","광산구","차대사람","횡단중","횡단중","운전자법규위반","보행자 보호의무 위반","단일로","횡단보도상","승용차","중형","보행자","보행자","935716","1682548","126.79436636","35.13609087"
"2012","2012-08-12 07:00","55","주간","일","1","1","0","0","0","경북","영주시","차량단독","전도전복","전도전복","운전자법규위반","안전운전 의무 불이행","단일로","기타단일로","승용차","중형","00","00","1098044","1867439","128.59827965","36.79894871"
"2013","2013-01-30 06:00","25","주간","수","1","17","13","3","0","제주","제주시","차대차","측면직각충돌","측면직각충돌","운전자법규위반","신호위반","교차로","교차로내","승합차","소형","화물차","소형","943695","1500196","126.89380577","33.49210971"
"2013","2013-01-29 05:00","43","야간","화","1","2","0","1","0","대전","서구","차대사람","횡단중","횡단중","운전자법규위반","과속","단일로","횡단보도상","승용차","중형","보행자","보행자","989510","1817811","127.38307928","36.35766282"
"2013","2013-01-27 20:00","30","야간","일","1","1","0","0","0","충남","아산시","차량단독","도로이탈","도로이탈 추락","운전자법규위반","안전운전 의무 불이행","기타/불명","기타/불명","승용차","중형","00","00","954919","1867097","126.99465168","36.80096305"
"2013","2013-01-25 22:00","45","야간","금","1","1","0","0","0","충남","서산시","차량단독","공작물충돌","공작물충돌","운전자법규위반","안전운전 의무 불이행","단일로","기타단일로","승용차","중형","00","00","912152","1860530","126.49432014","36.73185342"
"2013","2013-01-27 18:00","40","야간","일","1","1","0","0","0","경기","부천시","차대사람","기타","기타","운전자법규위반","안전운전 의무 불이행","단일로","기타단일로","승용차","소형","보행자","보행자","937643","1942538","126.79471785","37.47997286"
"2013","2013-02-11 23:00","35","야간","월","2","7","2","3","0","경북","영천시","차대차","기타","기타","운전자법규위반","안전운전 의무 불이행","단일로","기타단일로","승용차","중형","승용차","소형","1125777","1767671","128.89370009","35.89758267"
"2013","2013-01-21 12:00","55","주간","월","1","2","1","0","0","경북","구미시","차대차","추돌","주정차중 추돌","운전자법규위반","안전운전 의무 불이행","단일로","기타단일로","화물차","중형","승용차","소형","1077589","1789286","128.36193091","36.09744997"
"2013","2013-09-10 14:00","40","주간","화","1","5","3","1","0","전북","고창군","차량단독","전도전복","전도전복","운전자법규위반","안전운전 의무 불이행","단일로","기타단일로","승합차","소형","00","00","916913","1707687","126.58544805","35.36136472"
"2013","2013-09-09 05:00","00","야간","월","1","1","0","0","0","전북","김제시","차대사람","차도통행중","차도통행중","운전자법규위반","안전운전 의무 불이행","단일로","기타단일로","승용차","중형","보행자","보행자","940664","1761928","126.8428741","35.85209406"
"2013","2013-10-18 14:00","38","주간","금","1","2","1","0","0","전북","김제시","차대차","추돌","진행중 추돌","운전자법규위반","안전운전 의무 불이행","단일로","기타단일로","승용차","중형","화물차","중형","940435","1768619","126.83998151","35.91243987"
"2013","2013-11-28 18:00","26","야간","목","1","1","0","0","0","충남","서산시","차대차","기타","기타","운전자법규위반","안전운전 의무 불이행","단일로","기타단일로","승용차","중형","승용차","중형","916926","1867143","126.56879268","36.79880576"
"2013","2013-12-29 04:00","15","야간","일","2","3","0","1","0","경기","광주시","차대차","추돌","진행중 추돌","운전자법규위반","안전운전 의무 불이행","단일로","기타단일로","승용차","대형","화물차","소형","985919","1924507","127.34107671","37.31944302"
"2013","2013-11-03 23:00","02","야간","일","1","1","0","0","0","전북","김제시","차대차","추돌","진행중 추돌","운전자법규위반","안전운전 의무 불이행","단일로","기타단일로","승용차","소형","화물차","대형","940373","1768740","126.83914156","35.91349011"
"2013","2013-09-29 02:00","10","야간","일","1","3","2","0","0","경기","안양시","차대차","추돌","주정차중 추돌","운전자법규위반","안전운전 의무 불이행","단일로","터널안","승합차","중형","승용차","소형","946213","1930351","126.89253066","37.37066695"
"2013","2013-01-07 18:00","10","야간","월","1","1","0","0","0","경남","창녕군","차량단독","기타","기타","운전자법규위반","안전운전 의무 불이행","단일로","기타단일로","원동기장치자전거","원동기장치자전거","00","00","1084451","1737068","128.43262028","35.62613489"
"2013","2013-01-03 14:00","25","주간","목","1","1","0","0","0","전북","익산시","차대사람","횡단중","횡단중","운전자법규위반","안전운전 의무 불이행","단일로","기타단일로","화물차","대형","보행자","보행자","952703","1773647","126.97655239","35.95849906"
"2013","2013-01-03 07:00","40","주간","목","1","5","1","3","0","강원","홍천군","차대차","기타","기타","운전자법규위반","안전운전 의무 불이행","단일로","기타단일로","승합차","대형","화물차","소형","1044584","1989158","128.00608256","37.90283642"
"2013","2013-12-25 06:00","10","주간","수","1","3","2","0","0","대전","서구","차대차","기타","기타","운전자법규위반","중앙선 침범","단일로","기타단일로","승용차","소형","승합차","대형","988720","1823403","127.37419284","36.40806769"
"2013","2013-02-28 14:00","36","주간","목","2","2","0","0","0","충북","제천시","차량단독","공작물충돌","공작물충돌","운전자법규위반","안전운전 의무 불이행","단일로","기타단일로","승용차","대형","00","00","1061147","1896679","128.18782655","37.06671017"
"2013","2013-03-02 00:00","30","야간","토","1","1","0","0","0","경기","화성시","차량단독","전도전복","전도전복","운전자법규위반","안전운전 의무 불이행","단일로","기타단일로","승용차","대형","00","00","952844","1910018","126.96870767","37.18775406"
"2013","2013-01-20 00:00","20","야간","일","1","2","1","0","0","경기","화성시","차대차","추돌","진행중 추돌","운전자법규위반","안전운전 의무 불이행","단일로","기타단일로","화물차","소형","화물차","소형","945485","1917743","126.88523521","37.25698311"
"2013","2013-01-08 02:00","25","야간","화","1","1","0","0","0","경기","남양주시","차대사람","기타","기타","운전자법규위반","안전운전 의무 불이행","단일로","기타단일로","승합차","대형","보행자","보행자","969651","1964324","127.1558291","37.67794479"
"2013","2013-01-09 11:00","20","주간","수","1","1","0","0","0","전남","영광군","차대차","측면직각충돌","측면직각충돌","운전자법규위반","과속","교차로","교차로내","화물차","경형","원동기장치자전거","원동기장치자전거","909096","1699041","126.5003762","35.28273427"
"2013","2013-01-11 16:00","00","주간","금","1","1","0","0","0","경남","함안군","차량단독","공작물충돌","공작물충돌","운전자법규위반","안전운전 의무 불이행","단일로","기타단일로","이륜차","중형","00","00","1085698","1697820","128.44225573","35.27218547"
"2013","2013-01-12 18:00","34","야간","토","1","2","1","0","0","경기","이천시","차대사람","횡단중","횡단중","운전자법규위반","보행자 보호의무 위반","단일로","횡단보도상","화물차","소형","보행자","보행자","994775","1920170","127.44272448","37.28064195"
"2013","2013-01-11 23:00","00","야간","금","1","1","0","0","0","대구","달성군","차대사람","기타","기타","운전자법규위반","안전운전 의무 불이행","교차로","교차로부근","승용차","중형","보행자","보행자","1085860","1748628","128.44941216","35.73022902"
"2013","2013-01-16 16:00","05","주간","수","1","1","0","0","0","부산","수영구","차대사람","횡단중","횡단중","운전자법규위반","신호위반","단일로","횡단보도상","특수차","대형","보행자","보행자","1147014","1687058","129.11431826","35.16805465"
"2013","2013-01-17 20:00","45","야간","목","1","1","0","0","0","부산","진구","차대사람","기타","기타","운전자법규위반","안전운전 의무 불이행","단일로","기타단일로","화물차","소형","보행자","보행자","1139066","1687077","129.02707514","35.16935742"
"2013","2013-01-16 07:00","00","주간","수","1","1","0","0","0","경기","고양시","차대사람","횡단중","횡단중","운전자법규위반","보행자 보호의무 위반","교차로","교차로내","승용차","중형","보행자","보행자","934152","1963916","126.75291246","37.67248988"
"2013","2013-01-15 10:00","38","주간","화","1","2","0","0","1","충북","충주시","차대차","기타","기타","운전자법규위반","안전운전 의무 불이행","교차로","교차로부근","승용차","소형","승용차","대형","1025689","1900132","127.78873462","37.09946126"
"2013","2013-02-13 05:00","13","야간","수","1","1","0","0","0","경북","김천시","차대차","추돌","주정차중 추돌","운전자법규위반","안전운전 의무 불이행","단일로","기타단일로","불명","불명","승용차","소형","1045992","1798521","128.01147901","36.18271769"
"2013","2013-03-15 04:00","00","야간","금","1","2","1","0","0","경북","상주시","차대차","추돌","진행중 추돌","운전자법규위반","안전운전 의무 불이행","단일로","기타단일로","화물차","중형","화물차","중형","1058943","1843746","128.15893127","36.58970855"
"2013","2013-01-21 10:00","40","주간","월","1","8","1","6","0","경북","문경시","차량단독","전도전복","전도전복","운전자법규위반","안전운전 의무 불이행","단일로","기타단일로","승합차","소형","00","00","1059069","1845571","128.16047997","36.60615211"
"2013","2013-01-30 03:00","25","야간","수","1","1","0","0","0","경북","김천시","차대차","추돌","진행중 추돌","운전자법규위반","안전운전 의무 불이행","단일로","기타단일로","화물차","중형","화물차","대형","1069956","1795485","128.2776949","36.15391339"
"2013","2013-01-12 00:00","45","야간","토","1","1","0","0","0","강원","춘천시","차대차","정면충돌","정면충돌","운전자법규위반","중앙선 침범","단일로","기타단일로","승용차","대형","승용차","중형","1022749","1982736","127.75856154","37.84411539"
"2013","2013-01-11 00:00","18","야간","금","1","1","0","0","0","전남","여수시","차대사람","기타","기타","운전자법규위반","안전운전 의무 불이행","교차로","교차로부근","승용차","중형","보행자","보행자","1016385","1641092","127.67904614","34.76418352"
"2013","2013-01-11 05:00","00","야간","금","1","1","0","0","0","전남","여수시","차대사람","기타","기타","운전자법규위반","보행자 보호의무 위반","교차로","교차로부근","승용차","경형","보행자","보행자","1013347","1642444","127.64590521","34.776482"
"2013","2013-12-18 06:00","41","주간","수","4","36","25","7","0","강원","강릉시","차대차","추돌","주정차중 추돌","운전자법규위반","안전운전 의무 불이행","단일로","기타단일로","승합차","대형","승합차","대형","1127916","1966566","128.95081546","37.68972933"
"2013","2013-01-07 11:00","50","주간","월","1","1","0","0","0","부산","사하구","차대사람","기타","기타","운전자법규위반","안전운전 의무 불이행","단일로","기타단일로","특수차","중형","보행자","보행자","1137201","1677925","129.00508309","35.08711654"
"2013","2013-01-06 05:00","40","야간","일","1","1","0","0","0","제주","제주시","차대사람","횡단중","횡단중","운전자법규위반","안전운전 의무 불이행","교차로","교차로내","승용차","중형","보행자","보행자","888489","1495382","126.30027862","33.44438745"
"2013","2013-01-04 07:00","20","주간","금","1","2","1","0","0","전북","군산시","차대차","측면직각충돌","측면직각충돌","운전자법규위반","안전거리 미확보","교차로","교차로부근","승용차","중형","화물차","대형","935020","1773778","126.77940505","35.95856815"
"2013","2013-01-10 09:00","15","주간","목","1","1","0","0","0","서울","강서구","차대차","측면직각충돌","측면직각충돌","운전자법규위반","중앙선 침범","단일로","기타단일로","승용차","대형","승용차","경형","941117","1951515","126.83234145","37.56188059"
"2013","2013-01-08 17:00","55","주간","화","1","2","1","0","0","전북","정읍시","차량단독","공작물충돌","공작물충돌","운전자법규위반","안전운전 의무 불이행","단일로","기타단일로","승용차","중형","00","00","946126","1737309","126.90501461","35.63044856"
"2013","2013-01-08 00:00","45","야간","화","1","1","0","0","0","제주","제주시","차대사람","횡단중","횡단중","운전자법규위반","안전운전 의무 불이행","교차로","교차로내","승용차","중형","보행자","보행자","905877","1500282","126.48681022","33.49024578"
"2013","2013-01-07 23:00","40","야간","월","1","1","0","0","0","울산","남구","차대차","기타","기타","운전자법규위반","안전운전 의무 불이행","단일로","기타단일로","승용차","중형","승용차","중형","1166233","1728511","129.3336942","35.53864623"
"2013","2013-01-08 14:00","00","주간","화","1","1","0","0","0","경남","의령군","차대사람","차도통행중","차도통행중","운전자법규위반","안전운전 의무 불이행","단일로","기타단일로","건설기계","건설기계","보행자","보행자","1067637","1705024","128.24428528","35.33852195"
"2013","2013-01-10 23:00","15","야간","목","1","1","0","0","0","경기","동두천시","차대사람","횡단중","횡단중","운전자법규위반","안전운전 의무 불이행","교차로","교차로내","원동기장치자전거","원동기장치자전거","보행자","보행자","961112","1990520","127.05758969","37.91372557"
"2013","2013-01-12 14:00","40","주간","토","1","1","0","0","0","전북","순창군","차량단독","도로이탈","도로이탈 추락","운전자법규위반","안전운전 의무 불이행","단일로","기타단일로","화물차","소형","00","00","964366","1716827","127.1073532","35.44660066"
"2013","2013-01-13 02:00","38","야간","일","1","3","2","0","0","경기","안성시","차량단독","공작물충돌","공작물충돌","운전자법규위반","안전운전 의무 불이행","교차로","교차로내","승용차","소형","00","00","969921","1888923","127.16195084","36.99830754"
"2013","2013-01-13 01:00","10","야간","일","1","2","0","1","0","전남","무안군","차량단독","기타","기타","운전자법규위반","안전운전 의무 불이행","단일로","기타단일로","승용차","소형","00","00","903390","1661510","126.4420228","34.94383037"
"2013","2013-03-05 02:00","16","야간","화","1","2","0","1","0","서울","금천구","차대차","추돌","진행중 추돌","운전자법규위반","안전운전 의무 불이행","단일로","기타단일로","승용차","소형","화물차","중형","946750","1938681","126.89799474","37.4457788"
"2013","2013-05-24 06:00","05","주간","금","1","2","1","0","0","경기","안성시","차량단독","도로이탈","도로이탈 기타","운전자법규위반","안전운전 의무 불이행","단일로","기타단일로","특수차","대형","00","00","965133","1892905","127.10979376","37.03317729"
"2013","2013-01-16 06:00","50","주간","수","1","1","0","0","0","제주","제주시","차대사람","횡단중","횡단중","운전자법규위반","안전운전 의무 불이행","교차로","교차로내","승용차","소형","보행자","보행자","942833","1502824","126.88443541","33.51578645"
"2013","2013-01-22 21:00","40","야간","화","1","1","0","0","0","경기","평택시","차대차","추돌","주정차중 추돌","운전자법규위반","안전운전 의무 불이행","교차로","교차로부근","승용차","중형","특수차","대형","943981","1883331","126.86883956","36.94779795"
"2013","2013-01-22 17:00","30","주간","화","1","1","0","0","0","대전","동구","차대사람","차도통행중","차도통행중","운전자법규위반","안전운전 의무 불이행","단일로","기타단일로","화물차","대형","보행자","보행자","996106","1813444","127.45661958","36.31834175"
"2013","2013-01-21 14:00","55","주간","월","1","1","0","0","0","경북","문경시","차량단독","공작물충돌","공작물충돌","운전자법규위반","안전운전 의무 불이행","단일로","기타단일로","화물차","소형","00","00","1057003","1859776","128.13843727","36.73432703"
"2013","2013-01-21 17:00","05","주간","월","1","2","0","1","0","충남","홍성군","차대차","정면충돌","정면충돌","운전자법규위반","중앙선 침범","단일로","기타단일로","화물차","소형","화물차","대형","932752","1845201","126.7462495","36.60573389"
"2013","2013-01-19 09:00","30","주간","토","1","1","0","0","0","경남","거제시","차량단독","전도전복","전도전복","운전자법규위반","안전운전 의무 불이행","교차로","교차로부근","이륜차","사발이","00","00","1109457","1646601","128.69668941","34.80810943"
"2013","2013-01-31 13:00","20","주간","목","1","2","1","0","0","강원","철원군","차대차","측면직각충돌","측면직각충돌","운전자법규위반","안전운전 의무 불이행","단일로","기타단일로","특수차","대형","특수차","대형","981739","2012752","127.29168472","38.1147467"
"2013","2013-01-30 18:00","40","야간","수","1","1","0","0","0","경북","김천시","차대사람","기타","기타","운전자법규위반","안전운전 의무 불이행","단일로","기타단일로","승용차","소형","보행자","보행자","1048388","1767316","128.03639782","35.87937207"
"2013","2013-01-24 19:00","10","야간","목","1","1","0","0","0","경기","양주시","차대사람","기타","기타","운전자법규위반","안전운전 의무 불이행","교차로","교차로내","승용차","소형","보행자","보행자","955105","1982888","126.98972801","37.84466372"
"2013","2013-02-06 05:00","45","야간","수","1","1","0","0","0","광주","광산구","차대차","기타","기타","운전자법규위반","안전운전 의무 불이행","단일로","기타단일로","승용차","중형","승용차","중형","936766","1685403","126.80567262","35.16189969"
"2013","2013-02-04 02:00","50","야간","월","1","1","0","0","0","충북","청주시","차량단독","공작물충돌","공작물충돌","운전자법규위반","안전운전 의무 불이행","교차로","교차로내","승용차","중형","00","00","993947","1847236","127.43230325","36.62297316"
"2013","2013-02-06 01:00","00","야간","수","1","1","0","0","0","부산","사상구","차대사람","횡단중","횡단중","운전자법규위반","안전운전 의무 불이행","단일로","기타단일로","승용차","중형","보행자","보행자","1137178","1684972","129.0059997","35.15064233"
"2013","2013-02-06 06:00","38","주간","수","1","1","0","0","0","부산","서구","차대사람","횡단중","횡단중","운전자법규위반","안전운전 의무 불이행","단일로","횡단보도상","승합차","소형","보행자","보행자","1138996","1677780","129.0247436","35.08556352"