"발생년","발생년월일시","발생분","주야","요일","사망자수","사상자수","중상자수","경상자수","부상신고자수","발생지시도","발생지시군구","사고유형_대분류","사고유형_중분류","사고유형","법규위반_대분류","법규위반","도로형태_대분류","도로형태","당사자종별_1당_대분류","당사자종별_1당","당사자종별_2당_대분류","당사자종별_2당","발생위치X_UTMK","발생위치Y_UTMK","경도","위도"
"2013","2013-12-25 11:00","00","주간","수","1","2","1","0","0","부산","기장군","차대차","기타","기타","운전자법규위반","안전운전 의무 불이행","단일로","기타단일로","화물차","중형","승용차","중형","1158845","1706435","129.24792562","35.34089631"
"2013","2013-01-03 04:00","10","야간","목","1","1","0","0","0","충북","청주시","차대사람","차도통행중","차도통행중","운전자법규위반","안전운전 의무 불이행","단일로","기타단일로","화물차","소형","보행자","보행자","996146","1848532","127.45689035","36.63466802"
"2013","2013-01-10 14:00","20","주간","목","1","1","0","0","0","경기","수원시","차대사람","횡단중","횡단중","운전자법규위반","보행자 보호의무 위반","단일로","횡단보도상","승합차","대형","보행자","보행자","955195","1919224","126.99378818","37.26970762"
"2013","2013-01-08 19:00","30","야간","화","1","1","0","0","0","충남","당진시","차대사람","길가장자리구역통행중","길가장자리구역통행중","운전자법규위반","안전운전 의무 불이행","단일로","기타단일로","승합차","소형","보행자","보행자","927862","1883808","126.68978132","36.94991595"
"2013","2013-01-08 18:00","20","야간","화","1","1","0","0","0","충남","부여군","차대사람","기타","기타","운전자법규위반","보행자 보호의무 위반","단일로","횡단보도상","화물차","소형","보행자","보행자","947671","1809144","126.91733997","36.27816358"
"2013","2013-01-11 14:00","35","주간","금","2","3","1","0","0","경북","문경시","차대차","정면충돌","정면충돌","운전자법규위반","중앙선 침범","단일로","기타단일로","승용차","중형","화물차","대형","1069349","1854414","128.27621646","36.6851717"
"2013","2013-01-12 09:00","10","주간","토","1","1","0","0","0","경북","영주시","차대차","측면직각충돌","측면직각충돌","운전자법규위반","신호위반","교차로","교차로내","화물차","소형","승용차","중형","1098547","1869933","128.60498431","36.82246785"
"2013","2013-01-11 03:00","35","야간","금","2","2","0","0","0","경북","포항시","차량단독","도로이탈","도로이탈 추락","운전자법규위반","안전운전 의무 불이행","단일로","기타단일로","승용차","중형","00","00","1186790","1780620","129.57248274","36.00450942"
"2013","2013-01-18 06:00","30","주간","금","1","2","0","1","0","전남","나주시","차량단독","공작물충돌","공작물충돌","운전자법규위반","안전운전 의무 불이행","단일로","기타단일로","화물차","소형","00","00","926484","1667012","126.69441426","34.99537893"
"2013","2013-01-18 21:00","20","야간","금","1","1","0","0","0","전북","익산시","차대사람","차도통행중","차도통행중","운전자법규위반","안전운전 의무 불이행","단일로","기타단일로","승용차","중형","보행자","보행자","954312","1772892","126.99338537","35.95167413"
"2013","2013-01-14 07:00","14","주간","월","1","1","0","0","0","인천","계양구","차대사람","차도통행중","차도통행중","운전자법규위반","안전운전 의무 불이행","교차로","교차로부근","승합차","중형","보행자","보행자","928828","1947593","126.69472987","37.52464149"
"2013","2013-01-15 18:00","20","야간","화","1","1","0","0","0","경기","성남시","차대사람","횡단중","횡단중","운전자법규위반","안전운전 의무 불이행","교차로","교차로부근","승용차","대형","보행자","보행자","967149","1935828","127.12873203","37.42101272"
"2013","2013-01-13 19:00","50","야간","일","1","1","0","0","0","충남","아산시","차대사람","기타","기타","운전자법규위반","안전운전 의무 불이행","단일로","기타단일로","승용차","중형","보행자","보행자","954406","1879489","126.95946188","36.85552681"
"2013","2013-01-13 08:00","20","주간","일","1","1","0","0","0","충남","아산시","차량단독","전도전복","전도전복","운전자법규위반","안전운전 의무 불이행","기타/불명","기타/불명","화물차","소형","00","00","958505","1879943","127.0341464","36.91692534"
"2013","2013-01-23 06:00","15","주간","수","1","1","0","0","0","경기","안산시","차대사람","횡단중","횡단중","운전자법규위반","안전운전 의무 불이행","단일로","횡단보도상","승용차","대형","보행자","보행자","941391","1924176","126.83856262","37.31471755"
"2013","2013-01-20 19:00","55","야간","일","1","2","1","0","0","대구","달서구","차대사람","횡단중","횡단중","운전자법규위반","안전운전 의무 불이행","단일로","횡단보도상","이륜차","소형","보행자","보행자","1095875","1761229","128.56164837","35.84289877"
"2013","2013-01-19 02:00","10","야간","토","1","1","0","0","0","울산","남구","차량단독","전도전복","전도전복","운전자법규위반","안전운전 의무 불이행","단일로","기타단일로","승용차","경형","00","00","1165256","1729662","129.32361787","35.5491827"
"2013","2013-01-20 05:00","00","야간","일","1","1","0","0","0","대구","달서구","차대차","측면직각충돌","측면직각충돌","운전자법규위반","신호위반","교차로","교차로내","원동기장치자전거","원동기장치자전거","승용차","중형","1090277","1762566","128.49890969","35.85616693"
"2013","2013-01-22 02:00","19","야간","화","1","1","0","0","0","울산","북구","차량단독","공작물충돌","공작물충돌","운전자법규위반","안전운전 의무 불이행","단일로","기타단일로","승용차","소형","00","00","1168490","1733418","129.35960079","35.58248628"
"2013","2013-10-23 04:00","47","야간","수","1","3","1","1","0","경기","화성시","차대차","추돌","진행중 추돌","운전자법규위반","안전운전 의무 불이행","단일로","기타단일로","승용차","중형","화물차","소형","964136","1909330","127.08688789","37.15610151"
"2013","2013-11-21 04:00","50","야간","목","1","2","0","1","0","경남","창녕군","차대차","추돌","진행중 추돌","운전자법규위반","안전운전 의무 불이행","단일로","기타단일로","특수차","대형","화물차","대형","1091869","1718898","128.51246752","35.46166646"
"2013","2013-12-11 22:00","15","야간","수","1","1","0","0","0","경남","창녕군","차대차","추돌","진행중 추돌","운전자법규위반","안전운전 의무 불이행","단일로","기타단일로","승용차","중형","화물차","대형","1091451","1719827","128.50796598","35.47008027"
"2013","2013-11-13 00:00","34","야간","수","1","1","0","0","0","경남","함양군","차대차","추돌","진행중 추돌","운전자법규위반","안전운전 의무 불이행","단일로","기타단일로","승용차","중형","화물차","대형","1018369","1738969","127.70290971","35.64671434"
"2013","2013-12-01 23:00","22","야간","일","3","3","0","0","0","경남","밀양시","차대사람","기타","기타","운전자법규위반","안전운전 의무 불이행","단일로","교량위","화물차","대형","보행자","보행자","1116295","1730391","128.78325478","35.56271135"
"2013","2013-12-20 05:00","14","야간","금","1","2","0","1","0","경북","청도군","차대차","추돌","주정차중 추돌","운전자법규위반","안전운전 의무 불이행","단일로","기타단일로","승용차","소형","화물차","대형","1115640","1731444","128.77617933","35.57228016"
"2013","2013-12-24 20:00","34","야간","화","1","1","0","0","0","경북","청도군","차량단독","전도전복","전도전복","운전자법규위반","안전운전 의무 불이행","단일로","기타단일로","화물차","경형","00","00","1114927","1735580","128.76890082","35.60964652"
"2013","2013-03-23 19:00","47","야간","토","1","2","1","0","0","대전","유성구","차대차","측면직각충돌","측면직각충돌","운전자법규위반","안전운전 의무 불이행","단일로","기타단일로","화물차","소형","승용차","경형","982020","1808664","127.29981871","36.27512408"
"2012","2012-01-30 07:00","18","주간","월","1","1","0","0","0","충남","태안군","차대사람","횡단중","횡단중","운전자법규위반","보행자 보호의무 위반","단일로","횡단보도상","승용차","중형","보행자","보행자","897553","1839206","126.35540523","36.54510794"
"2012","2012-02-04 13:00","30","주간","토","1","1","0","0","0","서울","양천구","차대사람","차도통행중","차도통행중","운전자법규위반","안전운전 의무 불이행","단일로","기타단일로","승합차","소형","보행자","보행자","941267","1947499","126.83530782","37.52492419"
"2012","2012-02-02 15:00","40","주간","목","1","1","0","0","0","경기","고양시","차대차","추돌","주정차중 추돌","운전자법규위반","안전운전 의무 불이행","단일로","터널안","화물차","경형","화물차","소형","931940","1962861","126.72833219","37.66273616"
"2012","2012-02-07 11:00","40","주간","화","1","1","0","0","0","서울","강동구","차대차","측면직각충돌","측면직각충돌","운전자법규위반","중앙선 침범","단일로","기타단일로","특수차","대형","원동기장치자전거","원동기장치자전거","967023","1949901","127.12711893","37.5478566"
"2012","2012-02-06 18:00","30","야간","월","1","1","0","0","0","전남","나주시","차대사람","길가장자리구역통행중","길가장자리구역통행중","운전자법규위반","안전운전 의무 불이행","단일로","기타단일로","화물차","중형","보행자","보행자","913894","1664757","126.56676737","34.94332892"
"2012","2012-02-13 13:00","20","주간","월","1","1","0","0","0","강원","철원군","차대차","측면직각충돌","측면직각충돌","운전자법규위반","앞지르기 금지위반","교차로","교차로내","승용차","중형","원동기장치자전거","원동기장치자전거","989808","2018148","127.38141933","38.16287308"
"2012","2012-02-13 17:00","30","주간","월","1","1","0","0","0","경기","오산시","차대사람","횡단중","횡단중","운전자법규위반","신호위반","단일로","횡단보도상","건설기계","건설기계","보행자","보행자","961681","1905673","127.06849133","37.14899322"
"2012","2012-02-15 12:00","34","주간","수","2","2","0","0","0","충남","서천군","차대차","기타","기타","운전자법규위반","중앙선 침범","단일로","기타단일로","이륜차","소형","화물차","소형","929208","1786886","126.71378528","36.07633339"
"2012","2012-02-11 22:00","00","야간","토","1","2","0","0","1","부산","남구","차대사람","횡단중","횡단중","운전자법규위반","안전운전 의무 불이행","단일로","기타단일로","원동기장치자전거","원동기장치자전거","보행자","보행자","1143516","1684266","129.07423168","35.14301281"
"2012","2012-02-20 06:00","58","주간","월","1","1","0","0","0","서울","강남구","차대차","추돌","진행중 추돌","운전자법규위반","중앙선 침범","단일로","기타단일로","자전거","자전거","승용차","중형","959700","1944590","127.04406957","37.49969414"
"2012","2012-02-17 16:00","36","주간","금","1","1","0","0","0","서울","영등포구","차대사람","기타","기타","운전자법규위반","안전운전 의무 불이행","기타/불명","기타/불명","화물차","소형","보행자","보행자","946659","1947367","126.9029449","37.53549778"
"2013","2013-02-19 10:00","40","주간","화","1","2","1","0","0","경북","경주시","차량단독","도로이탈","도로이탈 추락","운전자법규위반","안전운전 의무 불이행","단일로","기타단일로","화물차","소형","00","00","1153362","1754099","129.1966454","35.77133334"
"2013","2013-02-21 23:00","00","야간","목","1","1","0","0","0","울산","울주군","차대차","추돌","진행중 추돌","운전자법규위반","안전운전 의무 불이행","단일로","기타단일로","화물차","소형","화물차","대형","1151694","1743056","129.17630058","35.67205567"
"2013","2013-09-17 23:00","29","야간","화","1","1","0","0","0","충남","논산시","차대차","기타","기타","운전자법규위반","안전운전 의무 불이행","단일로","기타단일로","화물차","중형","승용차","소형","964212","1787217","127.10270063","36.08118375"
"2013","2013-09-16 02:00","45","야간","월","1","2","1","0","0","충북","영동군","차량단독","공작물충돌","공작물충돌","운전자법규위반","안전운전 의무 불이행","단일로","기타단일로","승용차","중형","00","00","1034583","1802448","127.88477525","36.21859616"
"2013","2013-07-06 02:00","30","야간","토","1","1","0","0","0","경기","용인시","차대차","측면직각충돌","측면직각충돌","운전자법규위반","안전운전 의무 불이행","단일로","기타단일로","승용차","중형","승용차","중형","965702","1901453","127.11393836","37.11148964"
"2013","2013-01-31 19:00","40","야간","목","1","1","0","0","0","인천","연수구","차대사람","횡단중","횡단중","운전자법규위반","보행자 보호의무 위반","교차로","교차로내","승합차","대형","보행자","보행자","926729","1935999","126.67193709","37.42023688"
"2013","2013-01-27 07:00","00","주간","일","1","1","0","0","0","경기","용인시","차대사람","횡단중","횡단중","운전자법규위반","안전운전 의무 불이행","교차로","교차로부근","승용차","경형","보행자","보행자","969380","1916990","127.15472352","37.25128814"
"2013","2013-01-27 00:00","05","야간","일","1","1","0","0","0","경기","용인시","차대사람","기타","기타","운전자법규위반","안전운전 의무 불이행","단일로","기타단일로","화물차","소형","보행자","보행자","986281","1908360","127.34621459","37.17395943"
"2013","2013-01-27 19:00","56","야간","일","1","1","0","0","0","경기","평택시","차대사람","기타","기타","운전자법규위반","안전운전 의무 불이행","교차로","교차로내","승용차","경형","보행자","보행자","948324","1896209","126.91873712","37.06304357"
"2013","2013-01-28 07:00","10","주간","월","1","1","0","0","0","경기","김포시","차대사람","횡단중","횡단중","운전자법규위반","안전운전 의무 불이행","교차로","교차로내","승용차","소형","보행자","보행자","930357","1959286","126.71055858","37.63040636"
"2013","2013-01-28 16:00","10","주간","월","1","1","0","0","0","대구","달서구","차대차","측면직각충돌","측면직각충돌","운전자법규위반","안전운전 의무 불이행","교차로","교차로내","화물차","소형","이륜차","소형","1090988","1760609","128.5074704","35.83777548"
"2013","2013-09-21 15:00","50","주간","토","2","5","2","1","0","경기","화성시","차량단독","공작물충돌","공작물충돌","운전자법규위반","안전운전 의무 불이행","단일로","기타단일로","승용차","중형","00","00","934286","1912539","126.75941204","37.20935474"
"2013","2013-09-18 04:00","30","야간","수","1","11","3","7","0","충북","청원군","차대차","추돌","진행중 추돌","운전자법규위반","안전운전 의무 불이행","단일로","기타단일로","화물차","대형","승용차","대형","993726","1832937","127.42967776","36.4941594"
"2013","2013-10-08 19:00","57","야간","화","1","3","0","1","1","부산","기장군","차대차","측면직각충돌","측면직각충돌","운전자법규위반","안전거리 미확보","단일로","기타단일로","승용차","중형","화물차","중형","1158750","1710329","129.24763694","35.37600689"
"2013","2013-12-22 22:00","40","야간","일","1","8","2","5","0","강원","평창군","차대차","기타","기타","운전자법규위반","안전운전 의무 불이행","기타/불명","기타/불명","승용차","중형","승용차","소형","1082431","1957019","128.43392956","37.60890813"
"2013","2013-05-16 13:00","00","주간","목","1","3","2","0","0","경북","영주시","차대차","추돌","진행중 추돌","운전자법규위반","안전운전 의무 불이행","단일로","기타단일로","화물차","대형","승용차","소형","1095689","1863706","128.57216088","36.76663638"
"2013","2013-06-07 15:00","50","주간","금","1","1","0","0","0","경북","영주시","차대사람","기타","기타","운전자법규위반","안전운전 의무 불이행","단일로","기타단일로","승합차","대형","보행자","보행자","1093469","1868018","128.54781948","36.80572303"
"2013","2013-03-07 23:00","30","야간","목","1","2","1","0","0","경북","영천시","차대차","추돌","진행중 추돌","운전자법규위반","안전운전 의무 불이행","단일로","기타단일로","화물차","대형","화물차","대형","1134085","1771672","128.98640639","35.93254032"
"2013","2013-03-15 20:00","51","야간","금","1","2","0","1","0","강원","횡성군","차대차","추돌","진행중 추돌","운전자법규위반","안전운전 의무 불이행","단일로","기타단일로","화물차","소형","화물차","중형","1040487","1957066","127.95889347","37.61214418"
"2013","2013-06-08 00:00","02","야간","토","1","2","0","1","0","전북","군산시","차대차","추돌","진행중 추돌","운전자법규위반","안전운전 의무 불이행","기타/불명","기타/불명","승용차","대형","화물차","중형","936142","1782328","126.79115717","36.03572266"
"2013","2013-08-16 01:00","35","야간","금","1","3","2","0","0","경기","안성시","차대차","추돌","진행중 추돌","운전자법규위반","안전운전 의무 불이행","단일로","기타단일로","화물차","중형","화물차","중형","965874","1892794","126.9693784","37.18729852"
"2012","2012-10-06 14:00","34","주간","토","2","2","0","0","0","강원","춘천시","차대차","측면직각충돌","측면직각충돌","운전자법규위반","중앙선 침범","단일로","기타단일로","건설기계","건설기계","원동기장치자전거","원동기장치자전거","1011079","1970841","127.58808273","37.7270952"
"2012","2012-11-25 00:00","01","야간","토","1","1","0","0","0","경기","이천시","차대사람","횡단중","횡단중","운전자법규위반","안전운전 의무 불이행","교차로","교차로내","화물차","소형","보행자","보행자","994805","1919629","127.44140137","37.27556507"
"2012","2012-11-26 03:00","55","야간","월","2","3","1","0","0","경남","김해시","차대차","측면직각충돌","측면직각충돌","운전자법규위반","안전거리 미확보","교차로","교차로부근","건설기계","건설기계","승용차","중형","1121843","1698623","128.83968622","35.27560497"
"2012","2012-07-06 16:00","55","주간","금","1","1","0","0","0","경북","김천시","차대차","정면충돌","정면충돌","운전자법규위반","안전운전 의무 불이행","단일로","기타단일로","승용차","중형","이륜차","소형","1050243","1785572","128.05792594","36.0657669"
"2012","2012-06-29 15:00","36","주간","금","1","2","0","1","0","경기","이천시","차대차","기타","기타","운전자법규위반","안전거리 미확보","단일로","기타단일로","승용차","중형","승용차","소형","993531","1921176","127.42701743","37.28950172"
"2012","2012-07-10 20:00","55","야간","화","1","1","0","0","0","강원","강릉시","차대사람","길가장자리구역통행중","길가장자리구역통행중","운전자법규위반","안전운전 의무 불이행","단일로","기타단일로","승용차","중형","보행자","보행자","1122514","1979440","128.8917344","37.80646991"
"2013","2013-04-18 18:00","00","야간","목","1","1","0","0","0","강원","원주시","차대차","측면직각충돌","측면직각충돌","운전자법규위반","신호위반","교차로","교차로내","원동기장치자전거","원동기장치자전거","승용차","대형","1037927","1928637","127.92837135","37.35592314"
"2013","2013-04-19 11:00","26","주간","금","1","1","0","0","0","전남","여수시","차대사람","횡단중","횡단중","운전자법규위반","안전운전 의무 불이행","단일로","횡단보도상","승용차","중형","보행자","보행자","1020852","1639571","127.7287637","34.7475346"
"2013","2013-04-25 18:00","20","야간","목","1","1","0","0","0","충남","당진시","차대차","측면직각충돌","측면직각충돌","운전자법규위반","교차로 통행방법 위반","교차로","교차로내","화물차","대형","이륜차","중형","927659","1882258","126.68128158","36.93500216"
"2013","2013-04-24 20:00","59","야간","수","1","2","0","1","0","충북","단양군","차대사람","차도통행중","차도통행중","운전자법규위반","안전운전 의무 불이행","단일로","기타단일로","화물차","소형","보행자","보행자","1089237","1895598","128.50363803","37.0547143"
"2013","2013-05-01 08:00","40","주간","수","1","1","0","0","0","경기","구리시","차대사람","횡단중","횡단중","운전자법규위반","안전운전 의무 불이행","교차로","교차로내","승합차","대형","보행자","보행자","968037","1954832","127.13794132","37.59233591"
"2013","2013-05-01 20:00","30","야간","수","1","2","1","0","0","경남","거창군","차대차","추돌","주정차중 추돌","운전자법규위반","안전운전 의무 불이행","단일로","기타단일로","승용차","중형","특수차","대형","1036855","1760400","127.90809333","35.83942132"
"2013","2013-04-29 22:00","20","야간","월","1","1","0","0","0","부산","연제구","차대사람","횡단중","횡단중","운전자법규위반","안전운전 의무 불이행","단일로","기타단일로","승용차","대형","보행자","보행자","1143984","1689088","129.08141252","35.18679129"
"2013","2013-04-28 21:00","00","야간","일","1","2","1","0","0","경남","거창군","차대차","정면충돌","정면충돌","운전자법규위반","중앙선 침범","단일로","기타단일로","승용차","소형","승용차","중형","1037408","1749657","127.91371419","35.74254124"
"2013","2013-12-15 10:00","05","주간","일","1","3","2","0","0","경북","경주시","차량단독","도로이탈","도로이탈 추락","운전자법규위반","안전운전 의무 불이행","단일로","기타단일로","승용차","소형","00","00","1139544","1766890","129.04606411","35.88867672"
"2013","2013-04-06 03:00","06","야간","토","1","1","0","0","0","전남","무안군","차량단독","전도전복","전도전복","운전자법규위반","안전운전 의무 불이행","고가도로위","고가도로위","승용차","소형","00","00","908194","1666021","126.4941271","34.98494876"
"2013","2013-08-07 21:00","37","야간","수","1","1","0","0","0","경기","화성시","차대차","추돌","진행중 추돌","운전자법규위반","안전운전 의무 불이행","기타/불명","기타/불명","승용차","중형","화물차","대형","944367","1913653","126.87293369","37.22005166"
"2013","2013-07-20 23:00","28","야간","토","1","2","1","0","0","강원","평창군","차대차","기타","기타","운전자법규위반","안전운전 의무 불이행","단일로","기타단일로","화물차","중형","승용차","중형","1080434","1954468","128.41102616","37.58609444"
"2013","2013-01-29 00:00","45","야간","화","1","4","0","3","0","강원","춘천시","차대차","추돌","진행중 추돌","운전자법규위반","안전운전 의무 불이행","단일로","기타단일로","승용차","중형","화물차","대형","1024956","1981244","127.78359419","37.83061019"
"2013","2013-01-31 11:00","26","주간","목","1","11","9","1","0","경기","양주시","차대차","추돌","주정차중 추돌","운전자법규위반","안전운전 의무 불이행","단일로","기타단일로","승합차","대형","화물차","소형","954471","1969000","126.98296843","37.71934525"
"2013","2013-03-13 00:00","30","야간","수","1","1","0","0","0","인천","부평구","차대차","기타","기타","운전자법규위반","안전운전 의무 불이행","단일로","기타단일로","화물차","소형","승용차","중형","933499","1943148","126.75036901","37.47864432"
"2013","2013-02-20 01:00","17","야간","수","1","1","0","0","0","충남","당진시","차대사람","차도통행중","차도통행중","운전자법규위반","기타(운전자법규위반)","단일로","기타단일로","승용차","대형","보행자","보행자","929691","1877747","126.71088517","36.89542235"
"2013","2013-02-16 10:00","28","주간","토","1","1","0","0","0","충남","논산시","차량단독","기타","기타","운전자법규위반","안전운전 의무 불이행","단일로","기타단일로","승용차","소형","00","00","979960","1804901","127.27696789","36.24112213"
"2013","2013-12-20 06:00","05","주간","금","1","3","1","1","0","경남","함안군","차대차","추돌","진행중 추돌","운전자법규위반","안전운전 의무 불이행","단일로","교량위","특수차","대형","승합차","중형","1090108","1710840","128.49217121","35.38918119"
"2013","2013-01-05 03:00","05","야간","토","1","2","0","0","1","경기","용인시","차대차","추돌","진행중 추돌","운전자법규위반","안전운전 의무 불이행","교차로","교차로부근","승용차","중형","승용차","경형","964907","1916529","127.10430794","37.24697494"
"2013","2013-01-05 05:00","15","야간","토","1","2","1","0","0","경북","경주시","차대차","정면충돌","정면충돌","운전자법규위반","중앙선 침범","단일로","기타단일로","승용차","중형","화물차","대형","1155933","1764071","129.23763771","35.87526659"
"2013","2013-01-04 19:00","08","야간","금","1","1","0","0","0","경북","청도군","차대사람","횡단중","횡단중","운전자법규위반","보행자 보호의무 위반","단일로","횡단보도상","승용차","중형","보행자","보행자","1104067","1738812","128.64943601","35.63998495"
"2013","2013-01-07 14:00","05","주간","월","1","1","0","0","0","경남","밀양시","차량단독","기타","기타","운전자법규위반","안전운전 의무 불이행","단일로","기타단일로","이륜차","소형","00","00","1113902","1717740","128.75324042","35.44832584"
"2013","2013-01-07 16:00","00","주간","월","1","1","0","0","0","충북","충주시","차량단독","공작물충돌","공작물충돌","운전자법규위반","안전운전 의무 불이행","단일로","기타단일로","승용차","소형","00","00","1039333","1880365","127.94160399","36.92082207"
"2013","2013-01-09 07:00","10","주간","수","1","1","0","0","0","서울","마포구","차대사람","횡단중","횡단중","운전자법규위반","안전운전 의무 불이행","단일로","기타단일로","승용차","중형","보행자","보행자","947729","1951111","126.9081389","37.55799451"
"2013","2013-01-09 21:00","03","야간","수","1","2","1","0","0","충북","괴산군","차대사람","길가장자리구역통행중","길가장자리구역통행중","운전자법규위반","안전운전 의무 불이행","단일로","기타단일로","화물차","소형","보행자","보행자","1027554","1867848","127.80880404","36.80838506"
"2013","2013-01-10 08:00","50","주간","목","1","1","0","0","0","전북","정읍시","차대사람","차도통행중","차도통행중","운전자법규위반","안전운전 의무 불이행","단일로","기타단일로","승용차","중형","보행자","보행자","947763","1742805","126.92273637","35.68008845"
"2013","2013-05-05 09:00","15","주간","일","1","1","0","0","0","서울","강서구","차대차","기타","기타","운전자법규위반","안전운전 의무 불이행","교차로","교차로부근","원동기장치자전거","원동기장치자전거","화물차","대형","942840","1951027","126.8522345","37.5567456"
"2013","2013-05-12 02:00","20","야간","일","1","1","0","0","0","경남","김해시","차대차","기타","기타","운전자법규위반","안전운전 의무 불이행","기타/불명","기타/불명","승용차","소형","건설기계","건설기계","1120665","1687803","128.82517286","35.17828072"
"2013","2013-05-13 00:00","10","야간","월","1","2","1","0","0","전남","여수시","차대사람","횡단중","횡단중","운전자법규위반","안전운전 의무 불이행","단일로","기타단일로","승용차","중형","보행자","보행자","1021396","1638447","127.73373598","34.74023878"
"2013","2013-05-12 22:00","02","야간","일","2","4","2","0","0","경남","창원시(통합)","차대차","기타","기타","운전자법규위반","신호위반","교차로","교차로내","승용차","소형","승용차","중형","1107728","1689534","128.68335036","35.19535711"
"2013","2013-05-14 06:00","37","주간","화","1","1","0","0","0","제주","서귀포시","차량단독","전도전복","전도전복","운전자법규위반","안전운전 의무 불이행","단일로","기타단일로","원동기장치자전거","원동기장치자전거","00","00","938145","1491527","126.8347375","33.41363664"
"2013","2013-05-13 23:00","02","야간","월","1","1","0","0","0","경기","시흥시","차대사람","횡단중","횡단중","운전자법규위반","과속","교차로","교차로내","승용차","중형","보행자","보행자","937065","1931583","126.78911527","37.38119541"
"2013","2013-05-13 21:00","00","야간","월","1","1","0","0","0","충북","괴산군","차대사람","횡단중","횡단중","운전자법규위반","안전운전 의무 불이행","단일로","기타단일로","승합차","대형","보행자","보행자","1024002","1865334","127.74628761","36.79293822"
"2013","2013-05-15 04:00","42","야간","수","1","1","0","0","0","서울","종로구","차량단독","전도전복","전도전복","운전자법규위반","안전운전 의무 불이행","단일로","터널안","이륜차","중형","00","00","951654","1956790","126.9522411","37.60926844"
"2013","2013-05-15 13:00","37","주간","수","1","1","0","0","0","서울","서초구","차대차","기타","기타","운전자법규위반","안전운전 의무 불이행","교차로","교차로내","화물차","중형","승합차","대형","960174","1940362","127.04966074","37.46160599"
"2013","2013-05-15 16:00","50","주간","수","1","1","0","0","0","서울","강동구","차대사람","기타","기타","운전자법규위반","안전운전 의무 불이행","기타/불명","기타/불명","화물차","중형","보행자","보행자","968235","1948949","127.14070667","37.5401651"
"2013","2013-05-22 10:00","05","주간","수","1","1","0","0","0","경기","여주시","차대사람","기타","기타","운전자법규위반","안전운전 의무 불이행","단일로","기타단일로","화물차","소형","보행자","보행자","1014321","1912000","127.66139126","37.20670135"
"2013","2013-05-22 11:00","00","주간","수","1","1","0","0","0","강원","홍천군","차대사람","횡단중","횡단중","운전자법규위반","안전운전 의무 불이행","교차로","교차로부근","화물차","대형","보행자","보행자","1034031","1965575","127.88585541","37.68923117"
"2013","2013-05-22 08:00","37","주간","수","1","1","0","0","0","전북","군산시","차대사람","횡단중","횡단중","운전자법규위반","안전운전 의무 불이행","교차로","교차로내","화물차","소형","보행자","보행자","931305","1774404","126.73815658","35.96395725"
"2013","2013-05-21 23:00","46","야간","화","1","1","0","0","0","서울","구로구","차대사람","횡단중","횡단중","운전자법규위반","과속","단일로","기타단일로","승용차","중형","보행자","보행자","945809","1942627","126.88706676","37.48129025"
"2013","2013-05-21 16:00","40","주간","화","1","4","1","2","0","경북","성주군","차대차","측면직각충돌","측면직각충돌","운전자법규위반","안전운전 의무 불이행","교차로","교차로내","승합차","소형","승용차","대형","1070558","1769959","128.28282587","35.9235037"
"2013","2013-05-21 20:00","38","야간","화","1","1","0","0","0","충남","홍성군","차대차","추돌","진행중 추돌","운전자법규위반","안전운전 의무 불이행","단일로","기타단일로","이륜차","중형","농기계","농기계","925630","1846681","126.6694876","36.61643798"
"2012","2012-03-20 15:00","00","주간","화","1","1","0","0","0","전북","전주시","차대차","측면직각충돌","측면직각충돌","운전자법규위반","안전거리 미확보","교차로","교차로부근","원동기장치자전거","원동기장치자전거","승용차","중형","958943","1764471","127.0451698","35.87595794"
"2012","2012-02-24 18:00","46","야간","금","1","3","1","1","0","부산","강서구","차대차","정면충돌","정면충돌","운전자법규위반","중앙선 침범","교차로","교차로부근","승합차","대형","화물차","소형","1120868","1679370","128.82616797","35.10223443"
"2012","2012-02-04 13:00","00","주간","토","1","1","0","0","0","충남","보령시","차량단독","공작물충돌","공작물충돌","운전자법규위반","안전운전 의무 불이행","단일로","기타단일로","승용차","중형","00","00","917408","1821277","126.59453945","36.37876512"
"2012","2012-01-20 18:00","25","야간","금","1","2","1","0","0","경기","고양시","차대차","정면충돌","정면충돌","운전자법규위반","중앙선 침범","단일로","기타단일로","승용차","중형","화물차","소형","944853","1957660","126.87512428","37.61672692"
"2012","2012-08-06 00:00","10","야간","월","1","2","0","1","0","울산","남구","차대차","추돌","주정차중 추돌","운전자법규위반","안전운전 의무 불이행","교차로","교차로부근","승용차","중형","이륜차","소형","1159039","1728098","129.25429107","35.53610449"
"2012","2012-05-03 08:00","00","주간","목","1","3","2","0","0","경기","김포시","차대차","기타","기타","운전자법규위반","안전운전 의무 불이행","단일로","터널안","화물차","소형","화물차","소형","928352","1962172","126.67485202","37.6657631"
"2012","2012-05-13 10:00","40","주간","일","1","2","0","1","0","경기","남양주시","차량단독","전도전복","전도전복","운전자법규위반","안전거리 미확보","단일로","기타단일로","승용차","중형","00","00","982051","1960366","127.2965468","37.64259642"
"2012","2012-04-03 08:00","03","주간","화","1","1","0","0","0","경북","고령군","차량단독","기타","기타","운전자법규위반","안전운전 의무 불이행","단일로","기타단일로","화물차","소형","00","00","1068015","1741374","128.25149123","35.66622485"
"2012","2012-10-28 23:00","58","야간","일","1","1","0","0","0","부산","사상구","차량단독","공작물충돌","공작물충돌","운전자법규위반","안전운전 의무 불이행","고가도로위","고가도로위","승용차","소형","00","00","1135021","1689610","128.98308548","35.19274198"