"발생년","발생년월일시","발생분","주야","요일","사망자수","사상자수","중상자수","경상자수","부상신고자수","발생지시도","발생지시군구","사고유형_대분류","사고유형_중분류","사고유형","법규위반_대분류","법규위반","도로형태_대분류","도로형태","당사자종별_1당_대분류","당사자종별_1당","당사자종별_2당_대분류","당사자종별_2당","발생위치X_UTMK","발생위치Y_UTMK","경도","위도"
"2012","2012-06-19 15:00","10","주간","화","1","1","0","0","0","광주","광산구","차대차","측면직각충돌","측면직각충돌","운전자법규위반","교차로 통행방법 위반","교차로","교차로부근","화물차","소형","화물차","중형","937478","1691111","126.81305699","35.21341951"
"2012","2012-07-01 10:00","35","주간","일","1","1","0","0","0","대구","중구","차대차","측면직각충돌","측면직각충돌","운전자법규위반","안전운전 의무 불이행","단일로","기타단일로","승용차","중형","자전거","자전거","1099285","1764049","128.5997531","35.86798016"
"2012","2012-06-26 04:00","30","야간","화","2","2","0","0","0","충남","아산시","차량단독","공작물충돌","공작물충돌","운전자법규위반","안전운전 의무 불이행","단일로","기타단일로","이륜차","중형","00","00","953627","1864199","126.98112751","36.77514997"
"2012","2012-11-03 19:00","55","야간","토","1","1","0","0","0","경남","창원시(통합)","차대차","추돌","주정차중 추돌","운전자법규위반","안전운전 의무 불이행","단일로","기타단일로","이륜차","소형","화물차","소형","1107800","1699599","128.68546096","35.28608686"
"2012","2012-11-05 07:00","20","주간","월","1","1","0","0","0","충북","청주시","차대사람","횡단중","횡단중","운전자법규위반","안전운전 의무 불이행","교차로","교차로부근","화물차","소형","보행자","보행자","999565","1847201","127.49513498","36.62267676"
"2012","2012-11-01 16:00","50","주간","목","1","1","0","0","0","제주","제주시","차대차","기타","기타","운전자법규위반","중앙선 침범","단일로","기타단일로","원동기장치자전거","원동기장치자전거","승합차","중형","905402","1499225","126.48180933","33.48067159"
"2012","2012-10-30 10:00","30","주간","화","1","2","1","0","0","경북","포항시","차대사람","기타","기타","운전자법규위반","안전운전 의무 불이행","단일로","기타단일로","농기계","농기계","보행자","보행자","1163083","1796034","129.31276031","36.14766575"
"2012","2012-12-30 01:00","10","야간","일","1","3","0","2","0","부산","사상구","차대차","기타","기타","운전자법규위반","안전운전 의무 불이행","교차로","교차로부근","승용차","중형","승용차","소형","1134422","1686333","128.97597377","35.16328292"
"2012","2012-12-30 02:00","35","야간","일","1","2","0","1","0","충북","음성군","차량단독","전도전복","전도전복","운전자법규위반","안전운전 의무 불이행","단일로","기타단일로","승용차","중형","00","00","1012443","1884751","127.63812307","36.96053233"
"2012","2012-12-29 10:00","10","주간","토","1","2","1","0","0","경기","김포시","차대차","추돌","주정차중 추돌","운전자법규위반","안전운전 의무 불이행","교차로","교차로부근","화물차","소형","화물차","소형","917744","1961277","126.56757361","37.64729807"
"2012","2012-12-30 18:00","25","야간","일","1","2","1","0","0","강원","횡성군","차량단독","공작물충돌","공작물충돌","운전자법규위반","안전운전 의무 불이행","단일로","기타단일로","승용차","경형","00","00","1031715","1935914","127.85843331","37.42182751"
"2012","2012-12-09 13:00","35","주간","일","1","1","0","0","0","서울","양천구","차대차","측면직각충돌","측면직각충돌","운전자법규위반","신호위반","교차로","교차로내","원동기장치자전거","원동기장치자전거","승용차","중형","943817","1945678","126.86430423","37.50867025"
"2012","2012-12-09 01:00","05","야간","일","1","3","0","2","0","대구","달서구","차대차","추돌","주정차중 추돌","운전자법규위반","안전운전 의무 불이행","교차로","교차로부근","승용차","중형","승용차","중형","1091010","1758138","128.50743238","35.81549785"
"2012","2012-12-09 18:00","09","야간","일","1","1","0","0","0","경북","경주시","차량단독","공작물충돌","공작물충돌","운전자법규위반","안전운전 의무 불이행","단일로","기타단일로","화물차","소형","00","00","1175508","1756190","129.44198699","35.78647054"
"2012","2012-12-16 20:00","21","야간","일","1","1","0","0","0","경남","창원시(통합)","차대사람","횡단중","횡단중","운전자법규위반","안전거리 미확보","단일로","기타단일로","승용차","중형","보행자","보행자","1110978","1681091","128.71790816","35.118888"
"2012","2012-12-13 18:00","28","야간","목","1","1","0","0","0","강원","강릉시","차량단독","도로이탈","도로이탈 기타","운전자법규위반","안전운전 의무 불이행","단일로","기타단일로","승용차","소형","00","00","1119480","1961160","128.8542859","37.64214557"
"2012","2012-12-14 08:00","20","주간","금","1","1","0","0","0","경남","함양군","차대차","기타","기타","운전자법규위반","안전운전 의무 불이행","단일로","기타단일로","승용차","중형","화물차","대형","1024959","1725553","127.77315603","35.5305959"
"2013","2013-08-09 18:00","24","야간","금","1","7","0","5","1","경기","광명시","차대차","측면직각충돌","측면직각충돌","운전자법규위반","안전운전 의무 불이행","단일로","기타단일로","승용차","소형","승합차","대형","942797","1937958","126.85336363","37.43902621"
"2013","2013-05-27 09:00","40","주간","월","1","1","0","0","0","경기","시흥시","차량단독","전도전복","전도전복","운전자법규위반","안전운전 의무 불이행","단일로","기타단일로","화물차","중형","00","00","944105","1930291","126.84937487","37.39495015"
"2013","2013-04-27 14:00","30","주간","토","1","6","4","1","0","서울","서초구","차대차","추돌","주정차중 추돌","운전자법규위반","안전운전 의무 불이행","단일로","기타단일로","승용차","중형","승용차","중형","962105","1936710","127.07168297","37.42876988"
"2013","2013-06-21 11:00","00","주간","금","2","4","0","2","0","충남","홍성군","차대차","기타","기타","운전자법규위반","안전운전 의무 불이행","단일로","교량위","화물차","중형","화물차","중형","917444","1840986","126.5774186","36.56307871"
"2013","2013-08-19 17:00","30","주간","월","1","3","1","1","0","충남","예산군","차대차","추돌","진행중 추돌","운전자법규위반","안전운전 의무 불이행","단일로","기타단일로","화물차","소형","화물차","중형","929016","1862994","126.70468764","36.76239095"
"2013","2013-07-03 21:00","00","야간","수","2","5","0","3","0","충남","공주시","차대차","기타","기타","운전자법규위반","안전운전 의무 불이행","단일로","기타단일로","화물차","소형","승용차","중형","963372","1829483","127.09120055","36.4622468"
"2013","2013-07-05 05:00","50","야간","금","1","3","1","1","0","충남","공주시","차량단독","공작물충돌","공작물충돌","운전자법규위반","안전운전 의무 불이행","단일로","기타단일로","승용차","중형","00","00","965500","1839424","127.11450623","36.55194364"
"2013","2013-04-26 18:00","57","야간","금","1","2","0","1","0","충남","논산시","차대차","기타","기타","운전자법규위반","앞지르기 방법위반","단일로","기타단일로","승용차","중형","승용차","중형","959683","1801295","127.05148843","36.20797934"
"2013","2013-05-11 11:00","26","주간","토","1","2","1","0","0","충남","보령시","차량단독","전도전복","전도전복","운전자법규위반","안전운전 의무 불이행","단일로","기타단일로","승합차","소형","00","00","917084","1815413","126.57613355","36.3325302"
"2013","2013-04-03 15:00","25","주간","수","1","1","0","0","0","충남","공주시","차대사람","기타","기타","운전자법규위반","안전운전 의무 불이행","단일로","교량위","승용차","대형","보행자","보행자","962270","1826062","127.07906823","36.43136364"
"2013","2013-05-17 12:00","13","주간","금","1","4","2","1","0","충남","공주시","차대차","추돌","진행중 추돌","운전자법규위반","안전운전 의무 불이행","단일로","기타단일로","화물차","대형","승용차","소형","961496","1818476","127.0709879","36.36294505"
"2013","2013-04-15 19:00","56","야간","월","1","1","0","0","0","충북","음성군","차대차","정면충돌","정면충돌","운전자법규위반","중앙선 침범","단일로","기타단일로","이륜차","사발이","승용차","중형","998459","1891975","127.48267477","37.02629962"
"2013","2013-01-06 21:00","40","야간","일","1","1","0","0","0","경기","연천군","차량단독","도로이탈","도로이탈 추락","운전자법규위반","안전운전 의무 불이행","단일로","교량위","승용차","대형","00","00","956440","1993765","127.00424395","37.9427599"
"2013","2013-01-10 23:00","40","야간","목","1","2","1","0","0","광주","남구","차대사람","횡단중","횡단중","운전자법규위반","안전운전 의무 불이행","단일로","기타단일로","승용차","중형","보행자","보행자","944724","1683152","126.89313896","35.14198188"
"2013","2013-01-10 21:00","55","야간","목","1","1","0","0","0","서울","송파구","차대사람","기타","기타","운전자법규위반","안전운전 의무 불이행","교차로","교차로내","승용차","중형","보행자","보행자","967638","1944411","127.13388141","37.49839319"
"2013","2013-01-17 14:00","42","주간","목","1","1","0","0","0","전남","여수시","차량단독","기타","기타","운전자법규위반","안전운전 의무 불이행","단일로","기타단일로","이륜차","소형","00","00","1021052","1637432","127.7299527","34.73109291"
"2013","2013-01-17 12:00","47","주간","목","1","5","2","2","0","경기","구리시","차대사람","횡단중","횡단중","운전자법규위반","안전운전 의무 불이행","단일로","횡단보도상","승합차","대형","보행자","보행자","967263","1955776","127.13081127","37.60103066"
"2013","2013-01-17 19:00","00","야간","목","1","1","0","0","0","경기","시흥시","차대사람","횡단중","횡단중","운전자법규위반","안전운전 의무 불이행","단일로","기타단일로","화물차","소형","보행자","보행자","937204","1937945","126.7905402","37.43904095"
"2012","2012-02-24 06:00","40","주간","금","1","1","0","0","0","대전","동구","차대사람","횡단중","횡단중","운전자법규위반","보행자 보호의무 위반","단일로","횡단보도상","화물차","소형","보행자","보행자","993499","1815809","127.42755704","36.3396492"
"2012","2012-02-20 17:00","45","주간","월","1","1","0","0","0","서울","은평구","차대사람","보도통행중","보도통행중","운전자법규위반","신호위반","단일로","횡단보도상","승합차","대형","보행자","보행자","945667","1954560","126.88457751","37.58883514"
"2012","2012-02-28 12:00","50","주간","화","1","1","0","0","0","경기","포천시","차대사람","기타","기타","운전자법규위반","기타(운전자법규위반)","단일로","기타단일로","승합차","대형","보행자","보행자","980167","2010016","127.27382803","38.09005487"
"2012","2012-02-28 18:00","45","야간","화","1","1","0","0","0","충북","증평군","차대차","측면직각충돌","측면직각충돌","운전자법규위반","안전운전 의무 불이행","교차로","교차로부근","화물차","소형","승용차","중형","1008866","1866792","127.59938409","36.79924564"
"2012","2012-02-26 01:00","25","야간","일","1","1","0","0","0","경기","고양시","차대사람","횡단중","횡단중","운전자법규위반","안전운전 의무 불이행","단일로","기타단일로","승용차","소형","보행자","보행자","941622","1958219","126.83847105","37.62156558"
"2012","2012-03-03 21:00","16","야간","토","1","2","1","0","0","울산","울주군","차대사람","횡단중","횡단중","운전자법규위반","안전운전 의무 불이행","교차로","교차로부근","승용차","중형","보행자","보행자","1153991","1717729","129.1966648","35.44344842"
"2012","2012-03-05 05:00","21","야간","월","1","1","0","0","0","대구","수성구","차대사람","횡단중","횡단중","운전자법규위반","신호위반","교차로","교차로내","승용차","중형","보행자","보행자","1109581","1760769","128.71332663","35.83731575"
"2012","2012-03-02 19:00","00","야간","금","1","1","0","0","0","서울","양천구","차대사람","횡단중","횡단중","운전자법규위반","보행자 보호의무 위반","단일로","횡단보도상","승합차","소형","보행자","보행자","944562","1947932","126.87256315","37.52903083"
"2012","2012-01-18 12:00","20","주간","수","1","1","0","0","0","경기","화성시","차대차","추돌","진행중 추돌","운전자법규위반","안전운전 의무 불이행","단일로","기타단일로","원동기장치자전거","원동기장치자전거","화물차","대형","938074","1898199","126.80328593","37.08035979"
"2012","2012-01-19 06:00","25","주간","목","2","3","0","1","0","경북","예천군","차대차","추돌","진행중 추돌","운전자법규위반","안전운전 의무 불이행","단일로","기타단일로","승용차","소형","승용차","중형","1085343","1850808","128.45533995","36.65140778"
"2012","2012-01-19 02:00","00","야간","목","1","2","1","0","0","대구","동구","차대차","추돌","주정차중 추돌","운전자법규위반","안전운전 의무 불이행","단일로","기타단일로","승용차","중형","화물차","대형","1111189","1763840","128.73155547","35.86481693"
"2012","2012-01-17 13:00","45","주간","화","1","1","0","0","0","충북","청원군","차대차","추돌","진행중 추돌","운전자법규위반","안전운전 의무 불이행","단일로","기타단일로","화물차","소형","화물차","중형","993398","1831209","127.42630055","36.47848443"
"2012","2012-01-21 17:00","15","주간","토","1","1","0","0","0","충남","태안군","차량단독","전도전복","전도전복","운전자법규위반","안전운전 의무 불이행","기타/불명","기타/불명","이륜차","소형","00","00","889040","1864392","126.25666725","36.77115425"
"2012","2012-01-21 10:00","59","주간","토","1","4","2","1","0","전남","신안군","차량단독","공작물충돌","공작물충돌","운전자법규위반","안전운전 의무 불이행","단일로","기타단일로","승용차","대형","00","00","881956","1674426","126.20550387","35.05796298"
"2012","2012-01-26 17:00","55","주간","목","1","1","0","0","0","전북","남원시","차량단독","도로이탈","도로이탈 추락","운전자법규위반","안전운전 의무 불이행","단일로","기타단일로","화물차","경형","00","00","999655","1716725","127.49619849","35.44631938"
"2012","2012-01-27 00:00","50","야간","금","1","1","0","0","0","경기","의정부시","차대차","측면직각충돌","측면직각충돌","운전자법규위반","안전거리 미확보","교차로","교차로부근","승용차","중형","원동기장치자전거","원동기장치자전거","959984","1971164","127.0458278","37.73922329"
"2012","2012-01-28 02:00","24","야간","토","1","1","0","0","0","경남","고성군","차량단독","전도전복","전도전복","운전자법규위반","안전운전 의무 불이행","단일로","기타단일로","원동기장치자전거","원동기장치자전거","00","00","1082592","1666970","128.40502565","34.9942996"
"2012","2012-01-25 18:00","47","야간","수","2","2","0","0","0","충남","보령시","차대사람","횡단중","횡단중","운전자법규위반","보행자 보호의무 위반","단일로","횡단보도상","승용차","대형","보행자","보행자","920696","1818332","126.61607739","36.35914739"
"2012","2012-01-25 18:00","55","야간","수","1","1","0","0","0","충남","서천군","차대사람","횡단중","횡단중","운전자법규위반","안전운전 의무 불이행","단일로","기타단일로","화물차","대형","보행자","보행자","928314","1779338","126.70454214","36.00822257"
"2012","2012-02-01 16:00","10","주간","수","1","2","1","0","0","경기","화성시","차대차","측면직각충돌","측면직각충돌","운전자법규위반","안전운전 의무 불이행","교차로","교차로내","화물차","소형","승용차","중형","942813","1912378","126.84890118","37.21503643"
"2012","2012-02-02 17:00","40","주간","목","1","1","0","0","0","전남","담양군","차대차","기타","기타","운전자법규위반","안전운전 의무 불이행","단일로","기타단일로","화물차","소형","자전거","자전거","957374","1705875","127.0296966","35.3473102"
"2012","2012-02-02 19:00","29","야간","목","1","1","0","0","0","경남","밀양시","차대사람","횡단중","횡단중","운전자법규위반","과속","단일로","기타단일로","승용차","중형","보행자","보행자","1121336","1711738","128.83608081","35.39396344"
"2012","2012-02-02 21:00","25","야간","목","1","5","0","4","0","충남","아산시","차대차","추돌","주정차중 추돌","운전자법규위반","안전거리 미확보","교차로","교차로부근","화물차","소형","화물차","소형","958497","1879211","127.03409673","36.91032655"
"2012","2012-01-31 10:00","45","주간","화","1","5","1","3","0","충북","청원군","차대차","정면충돌","정면충돌","운전자법규위반","중앙선 침범","교차로","교차로부근","승용차","대형","화물차","중형","993077","1857404","127.4224813","36.71463099"
"2012","2012-01-30 17:00","10","주간","월","1","1","0","0","0","경기","부천시","차대사람","횡단중","횡단중","운전자법규위반","보행자 보호의무 위반","단일로","횡단보도상","승합차","소형","보행자","보행자","934708","1945233","126.76128512","37.50405989"
"2012","2012-02-03 22:00","35","야간","금","1","1","0","0","0","경북","포항시","차대사람","횡단중","횡단중","운전자법규위반","안전운전 의무 불이행","단일로","기타단일로","화물차","중형","보행자","보행자","1166193","1779477","129.34382688","35.99794006"
"2012","2012-02-02 13:00","30","주간","목","1","3","2","0","0","경기","성남시","차대차","측면직각충돌","측면직각충돌","운전자법규위반","중앙선 침범","단일로","기타단일로","승용차","대형","승용차","중형","961171","1932498","127.06134792","37.39076613"
"2012","2012-02-09 08:00","45","주간","목","1","2","1","0","0","경기","이천시","차대차","정면충돌","정면충돌","운전자법규위반","중앙선 침범","단일로","기타단일로","화물차","소형","화물차","대형","1000948","1907799","127.51327867","37.16022542"
"2012","2012-02-08 22:00","10","야간","수","1","1","0","0","0","경남","거제시","차대사람","횡단중","횡단중","운전자법규위반","안전운전 의무 불이행","교차로","교차로부근","승용차","중형","보행자","보행자","1110799","1652770","128.71217361","34.86358189"
"2012","2012-02-06 15:00","35","주간","월","1","1","0","0","0","경기","성남시","차대사람","기타","기타","운전자법규위반","보행자 보호의무 위반","교차로","교차로내","승합차","대형","보행자","보행자","965989","1926643","127.11604478","37.33818046"
"2012","2012-02-18 18:00","50","야간","토","1","1","0","0","0","경기","가평군","차량단독","도로이탈","도로이탈 추락","운전자법규위반","안전운전 의무 불이행","단일로","기타단일로","화물차","소형","00","00","993751","1969081","127.42909222","37.7213022"
"2012","2012-02-19 12:00","40","주간","일","1","1","0","0","0","경북","영덕군","차대사람","길가장자리구역통행중","길가장자리구역통행중","운전자법규위반","안전운전 의무 불이행","단일로","기타단일로","화물차","소형","보행자","보행자","1165488","1840178","129.34886384","36.54502824"
"2012","2012-02-20 05:00","30","야간","월","1","1","0","0","0","충남","논산시","차대사람","횡단중","횡단중","운전자법규위반","안전운전 의무 불이행","교차로","교차로내","승용차","대형","보행자","보행자","964324","1792459","127.10351807","36.12850096"
"2012","2012-02-18 06:00","40","주간","토","1","1","0","0","0","전북","군산시","차대사람","횡단중","횡단중","운전자법규위반","안전운전 의무 불이행","단일로","기타단일로","승합차","소형","보행자","보행자","936412","1773340","126.7949953","35.95497329"
"2012","2012-02-20 12:00","00","주간","월","1","1","0","0","0","충남","논산시","차대차","측면직각충돌","측면직각충돌","운전자법규위반","교차로 통행방법 위반","교차로","교차로내","이륜차","중형","승용차","중형","964448","1800089","127.10455076","36.19729365"
"2012","2012-02-20 10:00","30","주간","월","1","1","0","0","0","경남","창원시(통합)","차대차","기타","기타","운전자법규위반","안전운전 의무 불이행","교차로","교차로부근","화물차","중형","자전거","자전거","1098724","1693286","128.58491138","35.23010933"
"2012","2012-02-18 14:00","35","주간","토","1","1","0","0","0","충북","충주시","차대차","측면직각충돌","측면직각충돌","운전자법규위반","신호위반","교차로","교차로내","특수차","대형","자전거","자전거","1038200","1889389","127.92934026","37.00221313"
"2012","2012-12-14 20:00","06","야간","금","1","1","0","0","0","서울","양천구","차대사람","횡단중","횡단중","운전자법규위반","안전운전 의무 불이행","단일로","횡단보도상","승용차","중형","보행자","보행자","942894","1946727","126.85377981","37.51806829"
"2012","2012-12-10 18:00","20","야간","월","1","1","0","0","0","경기","안성시","차대사람","횡단중","횡단중","운전자법규위반","안전운전 의무 불이행","단일로","기타단일로","승용차","소형","보행자","보행자","978642","1880906","127.26018944","36.9262777"
"2012","2012-12-15 00:00","42","야간","토","1","1","0","0","0","경기","안양시","차대사람","횡단중","횡단중","운전자법규위반","신호위반","교차로","교차로부근","승용차","대형","보행자","보행자","951866","1932513","126.95623207","37.39046469"
"2012","2012-12-16 06:00","20","주간","일","1","1","0","0","0","경남","사천시","차대사람","횡단중","횡단중","운전자법규위반","안전운전 의무 불이행","교차로","교차로부근","승합차","중형","보행자","보행자","1057200","1662072","128.12646717","34.95188998"
"2012","2012-12-11 16:00","15","주간","화","1","1","0","0","0","경북","김천시","차량단독","기타","기타","운전자법규위반","안전운전 의무 불이행","단일로","기타단일로","승용차","중형","00","00","1068520","1796210","128.26179552","36.1605518"
"2012","2012-12-11 14:00","10","주간","화","1","1","0","0","0","강원","삼척시","차량단독","공작물충돌","공작물충돌","운전자법규위반","안전운전 의무 불이행","단일로","기타단일로","농기계","농기계","00","00","1151413","1931269","129.21034258","37.36103999"
"2012","2012-12-11 04:00","45","야간","화","1","1","0","0","0","경기","오산시","차대차","측면직각충돌","측면직각충돌","운전자법규위반","안전운전 의무 불이행","단일로","기타단일로","화물차","중형","자전거","자전거","962560","1904957","127.07842529","37.14257485"
"2012","2012-12-20 01:00","50","야간","목","1","1","0","0","0","충남","아산시","차량단독","공작물충돌","공작물충돌","운전자법규위반","안전운전 의무 불이행","기타/불명","기타/불명","승용차","중형","00","00","953792","1868316","126.98194469","36.8118972"
"2012","2012-12-25 23:00","53","야간","화","1","3","1","1","0","경북","성주군","차량단독","전도전복","전도전복","운전자법규위반","안전운전 의무 불이행","단일로","기타단일로","승용차","중형","00","00","1073717","1772901","128.31739401","35.95004109"
"2012","2012-12-21 18:00","50","야간","금","1","1","0","0","0","경북","성주군","차대사람","기타","기타","운전자법규위반","안전운전 의무 불이행","단일로","기타단일로","승용차","중형","보행자","보행자","1065173","1768399","128.22229377","35.91006185"
"2012","2012-12-22 06:00","56","주간","토","1","1","0","0","0","제주","서귀포시","차대사람","횡단중","횡단중","운전자법규위반","안전운전 의무 불이행","단일로","횡단보도부근","승합차","소형","보행자","보행자","918620","1475022","126.62624879","33.26347709"
"2012","2012-12-18 00:00","49","야간","화","1","1","0","0","0","충남","아산시","차량단독","공작물충돌","공작물충돌","운전자법규위반","안전운전 의무 불이행","단일로","기타단일로","승용차","중형","00","00","960685","1869694","127.05915122","36.82463064"
"2012","2012-12-24 07:00","00","주간","월","1","1","0","0","0","경기","시흥시","차대사람","횡단중","횡단중","운전자법규위반","과속","교차로","교차로부근","승용차","소형","보행자","보행자","931531","1924714","126.7272456","37.31889235"
"2012","2012-12-02 01:00","30","야간","일","1","1","0","0","0","경남","진주시","차대차","추돌","진행중 추돌","운전자법규위반","안전운전 의무 불이행","단일로","기타단일로","승용차","중형","농기계","농기계","1058264","1684683","128.13970769","35.15570817"
"2012","2012-12-03 19:00","10","야간","월","1","1","0","0","0","광주","서구","차대사람","횡단중","횡단중","운전자법규위반","안전운전 의무 불이행","단일로","기타단일로","승용차","중형","보행자","보행자","942561","1685349","126.87471176","35.16241096"
"2012","2012-12-03 19:00","20","야간","월","1","1","0","0","0","충남","천안시","차대사람","차도통행중","차도통행중","운전자법규위반","안전운전 의무 불이행","교차로","교차로내","승용차","중형","보행자","보행자","985375","1863601","127.33612143","36.77040821"
"2012","2012-04-24 18:00","45","야간","화","1","6","4","1","0","충남","서산시","차대차","기타","기타","운전자법규위반","안전운전 의무 불이행","단일로","기타단일로","승합차","소형","승용차","중형","917021","1867543","126.57020614","36.80242258"
"2013","2013-07-06 04:00","10","야간","토","1","8","0","7","0","충남","공주시","차대차","추돌","진행중 추돌","운전자법규위반","안전운전 의무 불이행","단일로","기타단일로","화물차","중형","승용차","대형","965515","1842807","127.11452231","36.58244153"
"2012","2012-05-13 22:00","55","야간","일","1","1","0","0","0","대구","동구","차대사람","기타","기타","운전자법규위반","안전운전 의무 불이행","단일로","기타단일로","승용차","경형","보행자","보행자","1101758","1765053","128.62816572","35.87827392"
"2013","2013-03-10 16:00","20","주간","일","1","6","5","0","0","충북","괴산군","차대차","추돌","진행중 추돌","운전자법규위반","안전운전 의무 불이행","단일로","기타단일로","화물차","대형","승합차","소형","1043971","1862433","127.99263673","36.75897197"
"2013","2013-03-04 09:00","06","주간","월","1","3","2","0","0","충남","공주시","차대차","추돌","진행중 추돌","운전자법규위반","안전운전 의무 불이행","단일로","기타단일로","승용차","소형","화물차","소형","859288","1831944","127.045712","36.48471936"
"2013","2013-01-22 03:00","43","야간","화","1","1","0","0","0","대전","대덕구","차대사람","횡단중","횡단중","운전자법규위반","안전운전 의무 불이행","단일로","기타단일로","승용차","중형","보행자","보행자","992798","1827283","127.41699392","36.45427872"
"2013","2013-11-21 06:00","05","주간","목","1","2","1","0","0","경기","시흥시","차대차","측면직각충돌","측면직각충돌","운전자법규위반","안전운전 의무 불이행","단일로","기타단일로","화물차","중형","화물차","대형","944023","1929817","126.86783858","37.36572422"
"2013","2013-01-01 22:00","40","야간","화","1","1","0","0","0","경남","합천군","차량단독","공작물충돌","공작물충돌","운전자법규위반","안전운전 의무 불이행","단일로","기타단일로","승용차","중형","00","00","1055825","1727151","128.11582952","35.53875523"
"2013","2013-11-22 12:00","10","주간","금","1","1","0","0","0","전북","남원시","차량단독","공작물충돌","공작물충돌","운전자법규위반","안전운전 의무 불이행","단일로","기타단일로","화물차","소형","00","00","1008018","1720897","127.58885386","35.48431035"
"2013","2013-12-29 20:00","30","야간","일","1","2","1","0","0","전북","부안군","차량단독","도로이탈","도로이탈 기타","운전자법규위반","안전운전 의무 불이행","단일로","기타단일로","건설기계","건설기계","00","00","927119","1733831","126.69543117","35.59787262"
"2013","2013-07-23 04:00","10","야간","화","1","2","0","1","0","경기","여주시","차대차","추돌","진행중 추돌","운전자법규위반","안전운전 의무 불이행","단일로","기타단일로","화물차","대형","화물차","대형","1009048","1915042","127.60200394","37.23418823"
"2012","2012-02-17 03:00","52","야간","금","1","1","0","0","0","부산","북구","차대사람","횡단중","횡단중","운전자법규위반","보행자 보호의무 위반","기타/불명","기타/불명","화물차","대형","보행자","보행자","1137504","1691733","129.01070507","35.21154166"
"2012","2012-02-16 13:00","32","주간","목","1","1","0","0","0","대전","중구","차대사람","보도통행중","보도통행중","운전자법규위반","보행자 보호의무 위반","단일로","횡단보도상","화물차","소형","보행자","보행자","990930","1812999","127.39896251","36.31429504"
"2012","2012-02-23 00:00","29","야간","목","1","1","0","0","0","경기","안산시","차량단독","공작물충돌","공작물충돌","운전자법규위반","안전운전 의무 불이행","교차로","교차로내","승용차","중형","00","00","918225","1921925","126.57739503","37.29267975"
"2012","2012-02-22 00:00","10","야간","수","1","1","0","0","0","강원","원주시","차대사람","차도통행중","차도통행중","운전자법규위반","안전운전 의무 불이행","단일로","기타단일로","승용차","중형","보행자","보행자","1038934","1928749","127.94020555","37.35696766"
"2013","2013-07-18 17:00","50","주간","목","1","1","0","0","0","경남","함양군","차량단독","전도전복","전도전복","운전자법규위반","안전운전 의무 불이행","단일로","기타단일로","화물차","대형","00","00","1030427","1729038","127.83591765","35.55681994"
"2013","2013-07-30 10:00","10","주간","화","1","1","0","0","0","경남","함안군","차대차","기타","기타","운전자법규위반","과속","단일로","기타단일로","특수차","대형","화물차","중형","1081204","1699598","128.39302535","35.28859051"
"2013","2013-05-07 23:00","50","야간","화","1","3","0","2","0","경기","평택시","차대차","추돌","진행중 추돌","운전자법규위반","안전운전 의무 불이행","단일로","기타단일로","승용차","중형","건설기계","건설기계","964956","1902524","127.10551753","37.12073663"
"2013","2013-01-06 04:00","00","야간","일","1","3","2","0","0","경기","여주시","차량단독","도로이탈","도로이탈 기타","운전자법규위반","안전운전 의무 불이행","단일로","기타단일로","승용차","중형","00","00","1008223","1928446","127.59285157","37.35501912"
"2013","2013-11-07 03:00","54","야간","목","2","2","0","0","0","경기","성남시","차대차","추돌","주정차중 추돌","운전자법규위반","안전운전 의무 불이행","단일로","기타단일로","화물차","소형","화물차","중형","964874","1931645","127.10322035","37.38322529"
"2013","2013-09-30 00:00","20","야간","월","1","3","2","0","0","서울","서초구","차대차","정면충돌","정면충돌","운전자법규위반","안전운전 의무 불이행","단일로","기타단일로","승용차","소형","승용차","소형","960610","1938787","127.05467493","37.44742847"
"2013","2013-02-19 05:00","09","야간","화","1","1","0","0","0","부산","기장군","차대차","기타","기타","운전자법규위반","안전운전 의무 불이행","단일로","기타단일로","승용차","중형","화물차","대형","1157611","1704511","129.23398178","35.32375124"
"2013","2013-11-23 01:00","15","야간","토","1","3","2","0","0","전남","보성군","차대차","기타","기타","운전자법규위반","안전운전 의무 불이행","단일로","터널안","승용차","소형","화물차","중형","973754","1648130","127.23823951","34.80719264"
"2013","2013-11-27 21:00","40","야간","수","1","2","0","1","0","전북","순창군","차대차","정면충돌","정면충돌","운전자법규위반","안전운전 의무 불이행","단일로","기타단일로","승용차","소형","화물차","경형","966379","1707708","127.12990981","35.36444795"
"2013","2013-11-23 01:00","15","야간","토","1","2","1","0","0","경기","시흥시","차대차","기타","기타","운전자법규위반","안전운전 의무 불이행","단일로","기타단일로","불명","불명","승용차","중형","943645","1930361","126.86283327","37.37082256"
"2013","2013-07-06 15:00","25","주간","토","1","1","0","0","0","경기","안성시","차량단독","공작물충돌","공작물충돌","운전자법규위반","안전운전 의무 불이행","단일로","기타단일로","화물차","중형","00","00","969319","1888214","127.15495777","36.99192235"
"2013","2013-06-18 09:00","15","주간","화","1","2","1","0","0","경기","이천시","차대차","측면직각충돌","측면직각충돌","운전자법규위반","안전운전 의무 불이행","단일로","기타단일로","화물차","중형","화물차","중형","993361","1915815","127.42514736","37.24117638"
"2013","2013-08-14 15:00","30","주간","수","1","2","0","1","0","경기","이천시","차대차","추돌","진행중 추돌","운전자법규위반","안전운전 의무 불이행","단일로","기타단일로","승용차","중형","화물차","중형","987440","1916259","127.35797486","37.24536743"