"발생년","발생년월일시","발생분","주야","요일","사망자수","사상자수","중상자수","경상자수","부상신고자수","발생지시도","발생지시군구","사고유형_대분류","사고유형_중분류","사고유형","법규위반_대분류","법규위반","도로형태_대분류","도로형태","당사자종별_1당_대분류","당사자종별_1당","당사자종별_2당_대분류","당사자종별_2당","발생위치X_UTMK","발생위치Y_UTMK","경도","위도"
"2013","2013-02-07 21:00","30","야간","목","1","1","0","0","0","경기","남양주시","차대사람","기타","기타","운전자법규위반","안전운전 의무 불이행","단일로","기타단일로","승용차","경형","보행자","보행자","980795","1969808","127.28206117","37.72767476"
"2013","2013-02-09 01:00","00","야간","토","1","1","0","0","0","서울","광진구","차대사람","기타","기타","운전자법규위반","안전운전 의무 불이행","단일로","기타단일로","승용차","중형","보행자","보행자","962271","1951018","127.07339568","37.55897768"
"2013","2013-07-14 10:00","55","주간","일","1","1","0","0","0","경기","평택시","차량단독","공작물충돌","공작물충돌","운전자법규위반","안전운전 의무 불이행","단일로","기타단일로","화물차","중형","00","00","943864","1889428","126.86907857","37.00166435"
"2012","2012-12-21 22:00","20","야간","금","1","2","0","1","0","경남","창녕군","차대사람","기타","기타","운전자법규위반","안전운전 의무 불이행","단일로","기타단일로","승용차","중형","보행자","보행자","1092548","1718648","128.51992112","35.45934964"
"2012","2012-12-18 06:00","25","주간","화","1","2","1","0","0","울산","북구","차대사람","횡단중","횡단중","운전자법규위반","신호위반","단일로","횡단보도상","이륜차","중형","보행자","보행자","1170300","1730638","129.37898272","35.55712387"
"2012","2012-11-14 14:00","12","주간","수","1","1","0","0","0","인천","연수구","차대차","기타","기타","운전자법규위반","과속","단일로","기타단일로","승용차","대형","자전거","자전거","926374","1936147","126.66791073","37.42154261"
"2012","2012-12-19 17:00","30","주간","수","1","1","0","0","0","서울","서초구","차대사람","기타","기타","운전자법규위반","안전운전 의무 불이행","단일로","기타단일로","승합차","대형","보행자","보행자","954270","1944083","126.98267143","37.49487133"
"2012","2012-12-02 15:00","35","주간","일","1","1","0","0","0","충북","청주시","차대차","정면충돌","정면충돌","운전자법규위반","교차로 통행방법 위반","단일로","기타단일로","승용차","중형","이륜차","소형","991365","1846852","127.40343051","36.61949149"
"2012","2012-09-06 05:00","30","야간","목","1","1","0","0","0","서울","송파구","차대차","측면직각충돌","측면직각충돌","운전자법규위반","안전운전 의무 불이행","단일로","기타단일로","화물차","중형","자전거","자전거","967897","1944247","127.13681864","37.49692402"
"2012","2012-09-07 19:00","55","야간","금","1","1","0","0","0","경기","안산시","차대사람","횡단중","횡단중","운전자법규위반","안전운전 의무 불이행","단일로","기타단일로","승합차","중형","보행자","보행자","921827","1915781","126.61867476","37.23761394"
"2012","2012-09-12 07:00","05","주간","수","1","1","0","0","0","경기","포천시","차대사람","기타","기타","운전자법규위반","안전운전 의무 불이행","단일로","기타단일로","화물차","중형","보행자","보행자","976064","1975141","127.22819839","37.77563057"
"2012","2012-10-27 23:00","58","야간","토","2","4","2","0","0","부산","사하구","차대차","기타","기타","운전자법규위반","신호위반","교차로","교차로내","승용차","경형","승용차","중형","1133557","1677687","128.96508213","35.08546065"
"2012","2012-07-24 20:00","05","야간","화","1","1","0","0","0","서울","광진구","차대사람","기타","기타","운전자법규위반","안전운전 의무 불이행","단일로","기타단일로","화물차","소형","보행자","보행자","963539","1949085","127.08727757","37.54036902"
"2013","2013-04-19 05:00","56","야간","금","1","1","0","0","0","충남","아산시","차량단독","공작물충돌","공작물충돌","운전자법규위반","안전운전 의무 불이행","기타/불명","기타/불명","승용차","중형","00","00","952551","1865539","126.97125141","36.78710499"
"2013","2013-04-19 15:00","25","주간","금","1","6","3","2","0","전남","무안군","차대차","정면충돌","정면충돌","운전자법규위반","중앙선 침범","단일로","기타단일로","승용차","대형","화물차","중형","894982","1675322","126.34821836","35.06751724"
"2013","2013-04-25 12:00","15","주간","목","1","2","1","0","0","경기","파주시","차량단독","기타","기타","운전자법규위반","안전운전 의무 불이행","단일로","기타단일로","화물차","소형","00","00","928420","1969581","126.68776544","37.72303209"
"2013","2013-04-26 19:00","40","야간","금","2","3","0","0","1","전북","진안군","차대차","추돌","진행중 추돌","운전자법규위반","안전운전 의무 불이행","단일로","기타단일로","승합차","중형","농기계","농기계","1010132","1761502","127.61220624","35.84999766"
"2013","2013-04-22 16:00","13","주간","월","1","1","0","0","0","대전","동구","차대차","측면직각충돌","측면직각충돌","운전자법규위반","안전운전 의무 불이행","단일로","기타단일로","화물차","중형","자전거","자전거","1000335","1817109","127.50373358","36.35139115"
"2013","2013-04-25 19:00","37","야간","목","1","1","0","0","0","전북","김제시","차대사람","횡단중","횡단중","운전자법규위반","안전운전 의무 불이행","교차로","교차로부근","화물차","소형","보행자","보행자","946486","1759765","126.90915976","35.83952734"
"2013","2013-04-23 08:00","30","주간","화","1","1","0","0","0","경남","밀양시","차대차","측면직각충돌","측면직각충돌","운전자법규위반","안전운전 의무 불이행","단일로","기타단일로","승용차","중형","이륜차","소형","1115856","1717764","128.77660879","35.44893749"
"2013","2013-04-22 18:00","27","야간","월","1","1","0","0","0","충북","음성군","차량단독","기타","기타","운전자법규위반","안전운전 의무 불이행","단일로","기타단일로","원동기장치자전거","원동기장치자전거","00","00","1008658","1890007","127.59785644","37.00773595"
"2013","2013-05-11 23:00","40","야간","토","1","1","0","0","0","전남","영암군","차량단독","도로이탈","도로이탈 기타","운전자법규위반","안전운전 의무 불이행","교차로","교차로부근","승용차","중형","00","00","908051","1637080","126.49573673","34.72399606"
"2013","2013-05-13 23:00","25","야간","월","1","2","1","0","0","서울","노원구","차대사람","횡단중","횡단중","운전자법규위반","안전운전 의무 불이행","단일로","기타단일로","화물차","중형","보행자","보행자","961418","1961023","127.06264012","37.64788296"
"2013","2013-05-15 03:00","58","야간","수","1","1","0","0","0","경기","남양주시","차대사람","횡단중","횡단중","운전자법규위반","안전운전 의무 불이행","교차로","교차로부근","승용차","대형","보행자","보행자","974118","1959343","127.20666284","37.63318644"
"2013","2013-05-15 01:00","40","야간","수","1","7","6","0","0","경기","수원시","차대차","측면직각충돌","측면직각충돌","운전자법규위반","신호위반","교차로","교차로내","승용차","대형","승용차","경형","958651","1918764","127.03364604","37.26686393"
"2013","2013-05-14 13:00","00","주간","화","1","1","0","0","0","경기","부천시","차대사람","기타","기타","운전자법규위반","보행자 보호의무 위반","교차로","교차로부근","건설기계","건설기계","보행자","보행자","936668","1947817","126.78323627","37.52748591"
"2012","2012-11-21 08:00","40","주간","수","1","1","0","0","0","충북","보은군","차대차","추돌","진행중 추돌","운전자법규위반","안전운전 의무 불이행","단일로","기타단일로","승용차","중형","농기계","농기계","1026658","1835420","127.79773219","36.5160986"
"2012","2012-11-16 03:00","55","야간","금","1","1","0","0","0","대전","동구","차대사람","기타","기타","운전자법규위반","안전운전 의무 불이행","단일로","기타단일로","승용차","중형","보행자","보행자","994068","1816327","127.43389366","36.34432286"
"2012","2012-11-04 17:00","30","주간","일","1","1","0","0","0","경북","구미시","차대사람","기타","기타","운전자법규위반","안전운전 의무 불이행","단일로","기타단일로","화물차","소형","보행자","보행자","1072450","1805055","128.30561186","36.23779722"
"2012","2012-11-02 12:00","15","주간","금","1","1","0","0","0","제주","제주시","차대차","측면직각충돌","측면직각충돌","운전자법규위반","교차로 통행방법 위반","교차로","교차로내","승합차","대형","승용차","소형","908520","1499225","126.51925165","33.48083827"
"2012","2012-11-06 19:00","00","야간","화","1","1","0","0","0","서울","구로구","차대차","기타","기타","운전자법규위반","안전운전 의무 불이행","교차로","교차로부근","승합차","대형","자전거","자전거","945473","1945800","126.88303137","37.5098692"
"2012","2012-11-06 05:00","55","야간","화","1","1","0","0","0","경기","남양주시","차대차","추돌","주정차중 추돌","운전자법규위반","안전운전 의무 불이행","기타/불명","기타/불명","승용차","경형","승용차","중형","974765","1966120","127.21376116","37.6942876"
"2012","2012-11-03 13:00","30","주간","토","1","1","0","0","0","경남","밀양시","차대사람","기타","기타","운전자법규위반","안전운전 의무 불이행","단일로","기타단일로","건설기계","건설기계","보행자","보행자","1108304","1710137","128.69239702","35.38103236"
"2012","2012-11-03 14:00","40","주간","토","1","1","0","0","0","경북","성주군","차량단독","공작물충돌","공작물충돌","운전자법규위반","안전운전 의무 불이행","단일로","기타단일로","화물차","대형","00","00","1061291","1759147","128.17856195","35.82690146"
"2012","2012-11-03 17:00","57","주간","토","1","1","0","0","0","경북","영천시","차대사람","길가장자리구역통행중","길가장자리구역통행중","운전자법규위반","안전운전 의무 불이행","단일로","기타단일로","승용차","중형","보행자","보행자","1131053","1770866","128.9527837","35.92573989"
"2012","2012-12-31 11:00","10","주간","월","1","1","0","0","0","충남","당진시","차량단독","공작물충돌","공작물충돌","운전자법규위반","안전운전 의무 불이행","단일로","기타단일로","특수차","대형","00","00","913820","1890218","126.53135518","37.00650975"
"2012","2012-12-31 18:00","53","야간","월","1","1","0","0","0","충북","청원군","차대차","추돌","진행중 추돌","운전자법규위반","안전운전 의무 불이행","단일로","기타단일로","승합차","소형","자전거","자전거","996863","1860544","127.46486126","36.74295764"
"2012","2012-12-30 00:00","40","야간","일","1","1","0","0","0","서울","관악구","차대차","측면직각충돌","측면직각충돌","운전자법규위반","안전운전 의무 불이행","단일로","기타단일로","승용차","소형","승용차","소형","952715","1941778","126.96522902","37.47401734"
"2012","2012-12-29 18:00","13","야간","토","1","1","0","0","0","광주","동구","차대사람","기타","기타","운전자법규위반","안전운전 의무 불이행","교차로","교차로내","승용차","중형","보행자","보행자","948425","1684840","126.93372076","35.15748931"
"2012","2012-12-15 19:00","00","야간","토","1","2","0","1","0","부산","강서구","차대차","추돌","주정차중 추돌","운전자법규위반","안전운전 의무 불이행","단일로","기타단일로","승용차","소형","특수차","대형","1124282","1683006","128.86416358","35.13459641"
"2012","2012-12-16 00:00","22","야간","일","1","1","0","0","0","경기","안양시","차대사람","횡단중","횡단중","운전자법규위반","안전운전 의무 불이행","단일로","기타단일로","승용차","중형","보행자","보행자","948809","1934671","126.92154933","37.40975167"
"2012","2012-12-12 21:00","05","야간","수","1","1","0","0","0","충남","천안시","차대차","추돌","진행중 추돌","운전자법규위반","안전운전 의무 불이행","단일로","기타단일로","승용차","소형","승용차","중형","974027","1879416","127.20842329","36.91273028"
"2012","2012-12-13 07:00","50","주간","목","1","1","0","0","0","충남","천안시","차대사람","기타","기타","운전자법규위반","안전운전 의무 불이행","단일로","횡단보도부근","승용차","소형","보행자","보행자","974223","1879425","127.22101035","36.91510428"
"2012","2012-12-16 00:00","13","야간","일","1","1","0","0","0","경기","시흥시","차대차","측면직각충돌","측면직각충돌","운전자법규위반","교차로 통행방법 위반","교차로","교차로내","승용차","중형","이륜차","소형","933733","1927479","126.75184873","37.3439734"
"2012","2012-12-16 00:00","59","야간","일","1","7","0","6","0","충북","청주시","차대차","기타","기타","운전자법규위반","안전운전 의무 불이행","교차로","교차로부근","승용차","대형","승용차","대형","1000980","1847430","127.51096057","36.62474079"
"2012","2012-12-16 21:00","00","야간","일","1","2","1","0","0","경남","창원시(통합)","차대차","정면충돌","정면충돌","운전자법규위반","중앙선 침범","단일로","기타단일로","승용차","소형","승용차","대형","1109508","1699893","128.70427917","35.28855175"
"2012","2012-12-14 08:00","40","주간","금","1","2","1","0","0","경북","의성군","차량단독","전도전복","전도전복","운전자법규위반","안전운전 의무 불이행","단일로","기타단일로","승용차","중형","00","00","1072323","1816005","128.30590343","36.33872086"
"2012","2012-12-19 07:00","15","주간","수","1","1","0","0","0","경기","부천시","차대차","측면직각충돌","측면직각충돌","운전자법규위반","안전운전 의무 불이행","교차로","교차로부근","이륜차","소형","승용차","중형","938569","1947077","126.80481137","37.52094493"
"2012","2012-12-23 18:00","05","야간","일","1","2","1","0","0","경기","가평군","차대차","기타","기타","운전자법규위반","중앙선 침범","단일로","기타단일로","이륜차","소형","승용차","중형","980781","1983342","127.28198474","37.85035339"
"2012","2012-12-25 19:00","00","야간","화","1","1","0","0","0","충남","당진시","차대차","기타","기타","운전자법규위반","안전운전 의무 불이행","단일로","기타단일로","승합차","대형","승용차","소형","919728","1876710","126.59918681","36.88528019"
"2012","2012-12-26 04:00","55","야간","수","1","1","0","0","0","경기","수원시","차대사람","횡단중","횡단중","운전자법규위반","안전운전 의무 불이행","단일로","기타단일로","승용차","소형","보행자","보행자","960644","1919329","127.05609353","37.2720431"
"2012","2012-12-22 03:00","37","야간","토","1","2","1","0","0","경기","용인시","차량단독","기타","기타","운전자법규위반","안전운전 의무 불이행","고가도로위","고가도로위","화물차","소형","00","00","962655","1918787","127.07880275","37.26724052"
"2012","2012-12-22 07:00","10","주간","토","1","1","0","0","0","서울","도봉구","차대사람","차도통행중","차도통행중","운전자법규위반","안전운전 의무 불이행","단일로","기타단일로","승용차","중형","보행자","보행자","959462","1962681","127.04037572","37.66274246"
"2012","2012-12-03 19:00","00","야간","월","1","1","0","0","0","충북","청원군","차대사람","횡단중","횡단중","운전자법규위반","안전운전 의무 불이행","단일로","기타단일로","승용차","중형","보행자","보행자","996956","1843086","127.46597233","36.58557515"
"2012","2012-11-30 16:00","10","주간","금","1","1","0","0","0","전북","전주시","차대차","추돌","주정차중 추돌","운전자법규위반","안전운전 의무 불이행","교차로","교차로부근","이륜차","소형","특수차","중형","961832","1766086","127.12811938","35.83137022"
"2012","2012-12-04 17:00","50","주간","화","1","2","0","1","0","전남","광양시","차대차","측면직각충돌","측면직각충돌","운전자법규위반","신호위반","교차로","교차로내","승용차","대형","화물차","대형","1015488","1657461","127.66954663","34.91180734"
"2012","2012-12-05 23:00","20","야간","수","1","1","0","0","0","충남","보령시","차량단독","도로이탈","도로이탈 추락","운전자법규위반","안전운전 의무 불이행","단일로","기타단일로","승용차","소형","00","00","916065","1801356","126.56629092","36.20572739"
"2012","2012-12-01 08:00","20","주간","토","1","1","0","0","0","충남","서천군","차대사람","기타","기타","운전자법규위반","안전운전 의무 불이행","단일로","기타단일로","화물차","중형","보행자","보행자","923996","1789322","126.65567154","36.09789986"
"2012","2012-12-01 15:00","10","주간","토","1","1","0","0","0","경기","남양주시","차대차","기타","기타","운전자법규위반","안전운전 의무 불이행","교차로","교차로부근","화물차","소형","화물차","대형","974131","1959349","127.20680996","37.63324089"
"2012","2012-12-01 18:00","35","야간","토","1","1","0","0","0","경기","파주시","차대차","추돌","주정차중 추돌","운전자법규위반","안전운전 의무 불이행","단일로","기타단일로","화물차","소형","화물차","소형","935628","1984697","126.76820736","37.85979992"
"2012","2012-12-01 17:00","00","주간","토","1","1","0","0","0","인천","옹진군","차량단독","공작물충돌","공작물충돌","운전자법규위반","안전운전 의무 불이행","단일로","기타단일로","화물차","소형","00","00","749673","2000195","124.65013143","37.96707453"
"2012","2012-12-01 11:00","37","주간","토","1","1","0","0","0","전남","무안군","차대차","기타","기타","운전자법규위반","안전운전 의무 불이행","교차로","교차로내","원동기장치자전거","원동기장치자전거","건설기계","건설기계","907417","1650998","126.4872803","34.84942832"
"2013","2013-02-16 10:00","20","주간","토","1","1","0","0","0","경북","청도군","차대사람","차도통행중","차도통행중","운전자법규위반","안전운전 의무 불이행","단일로","기타단일로","승용차","소형","보행자","보행자","1113158","1740239","128.75632668","35.57650079"
"2013","2013-02-18 17:00","13","주간","월","1","2","1","0","0","대전","유성구","차대차","측면직각충돌","측면직각충돌","운전자법규위반","안전운전 의무 불이행","교차로","교차로내","승용차","소형","화물차","중형","990603","1826265","127.39515945","36.43388973"
"2013","2013-02-17 13:00","04","주간","일","1","1","0","0","0","전북","김제시","차량단독","기타","기타","운전자법규위반","안전운전 의무 불이행","단일로","기타단일로","원동기장치자전거","원동기장치자전거","00","00","943082","1755429","126.87011424","35.79364472"
"2013","2013-02-14 23:00","23","야간","목","1","1","0","0","0","경기","양평군","차대사람","기타","기타","운전자법규위반","안전운전 의무 불이행","단일로","기타단일로","화물차","소형","보행자","보행자","1017320","1949297","127.69438152","37.5414656"
"2013","2013-02-25 22:00","15","야간","월","1","1","0","0","0","경기","용인시","차대사람","횡단중","횡단중","운전자법규위반","안전운전 의무 불이행","단일로","기타단일로","승용차","소형","보행자","보행자","966615","1919418","127.12343653","37.27307871"
"2013","2013-12-03 22:00","37","야간","화","1","1","0","0","0","경기","평택시","차대차","추돌","주정차중 추돌","운전자법규위반","안전운전 의무 불이행","단일로","기타단일로","특수차","대형","화물차","소형","953706","1892147","126.97950054","37.02665575"
"2013","2013-01-17 22:00","20","야간","목","1","1","0","0","0","대구","동구","차대사람","횡단중","횡단중","운전자법규위반","안전운전 의무 불이행","단일로","기타단일로","승용차","중형","보행자","보행자","1101643","1765528","128.62605623","35.88107051"
"2013","2013-01-18 07:00","10","주간","금","1","1","0","0","0","전남","영암군","차량단독","공작물충돌","공작물충돌","운전자법규위반","안전운전 의무 불이행","단일로","기타단일로","승용차","중형","00","00","921515","1634644","126.64300081","34.70315447"
"2013","2013-01-18 21:00","10","야간","금","1","2","0","1","0","전남","순천시","차대차","기타","기타","운전자법규위반","중앙선 침범","단일로","기타단일로","원동기장치자전거","원동기장치자전거","승용차","소형","1002825","1662136","127.5320355","34.95195025"
"2013","2013-01-23 13:00","06","주간","수","1","1","0","0","0","제주","제주시","차량단독","공작물충돌","공작물충돌","운전자법규위반","안전운전 의무 불이행","교차로","교차로내","이륜차","소형","00","00","911579","1502604","126.54795271","33.51167313"
"2013","2013-01-24 04:00","40","야간","목","2","4","1","1","0","경북","김천시","차대차","측면직각충돌","측면직각충돌","운전자법규위반","중앙선 침범","단일로","기타단일로","승용차","대형","화물차","중형","1056853","1792462","128.1318203","36.12751787"
"2013","2013-01-24 12:00","50","주간","목","1","5","3","1","0","경북","울진군","차대차","정면충돌","정면충돌","운전자법규위반","중앙선 침범","단일로","기타단일로","승용차","소형","승용차","중형","1170328","1860002","129.40730928","36.72279179"
"2013","2013-01-26 18:00","30","야간","토","1","1","0","0","0","경기","남양주시","차대사람","차도통행중","차도통행중","운전자법규위반","안전운전 의무 불이행","교차로","교차로부근","승합차","경형","보행자","보행자","966848","1966718","127.12393352","37.69942531"
"2013","2013-02-02 20:00","06","야간","토","1","1","0","0","0","경북","경주시","차대사람","횡단중","횡단중","운전자법규위반","안전운전 의무 불이행","교차로","교차로내","승용차","중형","보행자","보행자","1164092","1754613","129.31540514","35.7742325"
"2013","2013-02-06 11:00","30","주간","수","1","3","1","1","0","강원","양양군","차대차","추돌","주정차중 추돌","운전자법규위반","안전운전 의무 불이행","교차로","교차로부근","승용차","중형","승용차","중형","1097892","2009292","128.61614995","38.07844687"
"2013","2013-02-07 00:00","25","야간","목","1","1","0","0","0","서울","성동구","차대사람","기타","기타","운전자법규위반","안전운전 의무 불이행","단일로","기타단일로","승용차","중형","보행자","보행자","958023","1950783","127.02474356","37.55543884"
"2013","2013-02-07 03:00","00","야간","목","1","3","2","0","0","인천","중구","차대차","정면충돌","정면충돌","운전자법규위반","중앙선 침범","단일로","기타단일로","승용차","중형","승용차","중형","904517","1944732","126.41981544","37.49691514"
"2013","2013-02-15 22:00","00","야간","금","1","1","0","0","0","제주","제주시","차량단독","공작물충돌","공작물충돌","운전자법규위반","안전운전 의무 불이행","단일로","기타단일로","승용차","중형","00","00","884078","1489520","126.25358684","33.39105793"
"2013","2013-08-14 10:00","28","주간","수","2","5","2","1","0","강원","횡성군","차대차","추돌","진행중 추돌","운전자법규위반","안전운전 의무 불이행","기타/불명","기타/불명","승합차","중형","건설기계","건설기계","1054565","1941609","128.11708773","37.47209281"
"2013","2013-10-08 17:00","25","주간","화","1","3","0","2","0","전남","광양시","차량단독","전도전복","전도전복","운전자법규위반","안전운전 의무 불이행","기타/불명","기타/불명","화물차","소형","00","00","1015125","1664517","127.68003032","34.96532926"
"2012","2012-11-13 18:00","15","야간","화","1","2","0","1","0","경북","김천시","차대차","측면직각충돌","측면직각충돌","운전자법규위반","안전거리 미확보","단일로","기타단일로","승용차","중형","승합차","대형","1061492","1793297","128.18407106","36.13486703"
"2013","2013-05-02 16:00","00","주간","목","1","1","0","0","0","울산","울주군","차량단독","공작물충돌","공작물충돌","운전자법규위반","안전운전 의무 불이행","단일로","기타단일로","원동기장치자전거","원동기장치자전거","00","00","1143566","1734927","129.08488845","35.60001696"
"2013","2013-04-28 15:00","50","주간","일","1","1","0","0","0","경기","평택시","차대사람","기타","기타","운전자법규위반","안전운전 의무 불이행","교차로","교차로부근","승용차","중형","보행자","보행자","963082","1889666","127.08398147","37.00512263"
"2013","2013-04-30 06:00","10","주간","화","1","1","0","0","0","경기","화성시","차대사람","횡단중","횡단중","운전자법규위반","안전운전 의무 불이행","단일로","기타단일로","화물차","중형","보행자","보행자","951132","1913622","126.94837206","37.21986032"
"2013","2013-04-28 21:00","10","야간","일","1","1","0","0","0","경남","산청군","차대사람","차도통행중","차도통행중","운전자법규위반","안전운전 의무 불이행","단일로","기타단일로","화물차","소형","보행자","보행자","1045350","1710152","127.99933154","35.38602003"
"2013","2013-05-07 08:00","50","주간","화","1","1","0","0","0","전남","영암군","차대차","기타","기타","운전자법규위반","중앙선 침범","교차로","교차로부근","화물차","소형","원동기장치자전거","원동기장치자전거","918593","1651861","126.6094312","34.85816605"
"2013","2013-05-06 23:00","50","야간","월","1","1","0","0","0","경기","광명시","차대차","정면충돌","정면충돌","운전자법규위반","중앙선 침범","단일로","기타단일로","원동기장치자전거","원동기장치자전거","승합차","대형","942238","1937151","126.84710812","37.43171783"
"2013","2013-05-06 12:00","15","주간","월","1","2","0","1","0","경기","안산시","차대차","추돌","진행중 추돌","운전자법규위반","안전운전 의무 불이행","단일로","기타단일로","화물차","소형","화물차","소형","944384","1928368","126.87202405","37.35268561"
"2013","2013-05-06 10:00","45","주간","월","1","2","1","0","0","서울","강남구","차대사람","횡단중","횡단중","운전자법규위반","안전운전 의무 불이행","교차로","교차로내","승합차","대형","보행자","보행자","961531","1942312","127.06490298","37.47923969"
"2013","2013-05-07 20:00","40","야간","화","1","1","0","0","0","경북","안동시","차대사람","횡단중","횡단중","운전자법규위반","안전운전 의무 불이행","단일로","기타단일로","승용차","중형","보행자","보행자","1108558","1841467","128.71317535","36.56481169"
"2013","2013-05-06 05:00","40","야간","월","1","1","0","0","0","광주","남구","차대차","측면직각충돌","측면직각충돌","운전자법규위반","신호위반","교차로","교차로내","승용차","중형","승용차","중형","947608","1681975","126.92493247","35.131614"
"2012","2012-07-14 09:00","30","주간","토","1","4","3","0","0","대구","수성구","차대차","기타","기타","운전자법규위반","신호위반","교차로","교차로내","승용차","소형","승용차","중형","1100875","1762549","128.61661357","35.85472493"
"2013","2013-05-05 21:00","40","야간","일","1","1","0","0","0","충북","음성군","차대차","기타","기타","운전자법규위반","중앙선 침범","단일로","기타단일로","원동기장치자전거","원동기장치자전거","승용차","중형","1000457","1884120","127.50513322","36.95549232"
"2013","2013-05-11 20:00","55","야간","토","1","1","0","0","0","전북","완주군","차대사람","횡단중","횡단중","운전자법규위반","안전운전 의무 불이행","단일로","기타단일로","승용차","중형","보행자","보행자","967885","1773232","127.14387362","35.95528043"
"2013","2013-05-11 01:00","15","야간","토","1","2","1","0","0","경북","칠곡군","차대차","추돌","진행중 추돌","운전자법규위반","안전운전 의무 불이행","단일로","기타단일로","화물차","소형","자전거","자전거","1078462","1781970","128.37090077","36.03142753"
"2013","2013-05-08 00:00","15","야간","수","1","1","0","0","0","서울","서초구","차대사람","횡단중","횡단중","운전자법규위반","안전운전 의무 불이행","교차로","교차로부근","승합차","대형","보행자","보행자","954216","1943116","126.98212075","37.48615278"
"2013","2013-05-10 00:00","52","야간","금","1","1","0","0","0","부산","연제구","차대사람","횡단중","횡단중","운전자법규위반","안전운전 의무 불이행","단일로","기타단일로","승용차","중형","보행자","보행자","1143935","1689304","129.08091224","35.18874528"
"2012","2012-05-02 07:00","00","주간","수","1","1","0","0","0","경기","파주시","차량단독","공작물충돌","공작물충돌","운전자법규위반","안전운전 의무 불이행","교차로","교차로부근","승용차","중형","00","00","934189","1975097","126.76498782","37.76837003"
"2012","2012-04-13 07:00","00","주간","금","1","10","0","3","6","경기","광주시","차대차","정면충돌","정면충돌","운전자법규위반","중앙선 침범","단일로","기타단일로","승용차","대형","승합차","대형","973073","1927472","127.2076313","37.34163316"
"2012","2012-03-08 05:00","53","야간","목","1","1","0","0","0","경남","창원시(통합)","차대사람","횡단중","횡단중","운전자법규위반","안전운전 의무 불이행","교차로","교차로내","승용차","대형","보행자","보행자","1097891","1691224","128.5755134","35.21160102"
"2012","2012-12-03 10:00","30","주간","월","1","1","0","0","0","전남","담양군","차량단독","공작물충돌","공작물충돌","운전자법규위반","안전운전 의무 불이행","단일로","기타단일로","화물차","소형","00","00","960008","1705966","127.05986663","35.34850585"
"2012","2012-01-03 17:00","50","주간","화","1","1","0","0","0","경북","경주시","차대사람","횡단중","횡단중","운전자법규위반","안전운전 의무 불이행","단일로","기타단일로","승용차","중형","보행자","보행자","1158250","1762199","129.25230233","35.84355572"
"2012","2012-05-14 05:00","20","야간","월","1","1","0","0","0","경기","용인시","차대차","기타","기타","운전자법규위반","신호위반","교차로","교차로내","승용차","중형","자전거","자전거","964915","1917683","127.10434375","37.25737721"
"2012","2012-11-12 21:00","45","야간","월","1","1","0","0","0","인천","중구","차량단독","전도전복","전도전복","운전자법규위반","안전운전 의무 불이행","단일로","기타단일로","승합차","소형","00","00","916402","1946943","126.55434918","37.51806036"
"2012","2012-11-16 22:00","30","야간","금","1","26","15","10","0","경기","안산시","차량단독","전도전복","전도전복","운전자법규위반","과속","단일로","기타단일로","승합차","대형","00","00","945603","1922696","126.8862034","37.3016338"
"2012","2012-11-21 02:00","10","야간","수","1","1","0","0","0","광주","남구","차량단독","공작물충돌","공작물충돌","운전자법규위반","안전운전 의무 불이행","교차로","교차로내","승용차","소형","00","00","945452","1682184","126.90145416","35.13316848"
"2012","2012-11-21 03:00","40","야간","수","1","1","0","0","0","경기","광명시","차량단독","공작물충돌","공작물충돌","운전자법규위반","안전운전 의무 불이행","단일로","기타단일로","이륜차","소형","00","00","945111","1938247","126.8794987","37.44177124"
"2012","2012-11-18 16:00","00","주간","일","1","1","0","0","0","전남","강진군","차대차","추돌","진행중 추돌","운전자법규위반","안전운전 의무 불이행","단일로","기타단일로","승용차","소형","농기계","농기계","935417","1634262","126.79481851","34.70068292"
"2012","2012-11-18 18:00","26","야간","일","1","1","0","0","0","전북","완주군","차대사람","횡단중","횡단중","운전자법규위반","안전운전 의무 불이행","단일로","횡단보도부근","승용차","중형","보행자","보행자","966170","1767828","127.12508627","35.90650081"
"2012","2012-11-03 11:00","25","주간","토","1","1","0","0","0","대전","중구","차대사람","횡단중","횡단중","운전자법규위반","신호위반","단일로","횡단보도상","승용차","중형","보행자","보행자","991551","1814607","127.40586285","36.32879753"
"2013","2013-06-12 15:00","25","주간","수","1","3","1","1","0","강원","원주시","차대차","추돌","진행중 추돌","운전자법규위반","안전거리 미확보","단일로","기타단일로","승합차","소형","승용차","소형","1037906","1925339","127.92785872","37.32627577"
"2013","2013-06-21 01:00","05","야간","금","1","7","4","2","0","전북","군산시","차대차","기타","기타","운전자법규위반","안전운전 의무 불이행","단일로","기타단일로","화물차","중형","승용차","중형","940154","1774895","126.83625064","35.96896668"
"2013","2013-02-13 16:00","50","주간","수","1","1","0","0","0","경남","창원시(통합)","차량단독","기타","기타","운전자법규위반","안전운전 의무 불이행","기타/불명","기타/불명","자전거","자전거","00","00","1113532","1705176","128.7492548","35.33572846"
"2013","2013-02-15 01:00","00","야간","금","1","1","0","0","0","충남","논산시","차량단독","공작물충돌","공작물충돌","운전자법규위반","안전운전 의무 불이행","교차로","교차로내","승용차","중형","00","00","961070","1798155","127.06699138","36.17974196"