"발생년","발생년월일시","발생분","주야","요일","사망자수","사상자수","중상자수","경상자수","부상신고자수","발생지시도","발생지시군구","사고유형_대분류","사고유형_중분류","사고유형","법규위반_대분류","법규위반","도로형태_대분류","도로형태","당사자종별_1당_대분류","당사자종별_1당","당사자종별_2당_대분류","당사자종별_2당","발생위치X_UTMK","발생위치Y_UTMK","경도","위도"
"2013","2013-04-20 00:00","05","야간","토","1","1","0","0","0","경기","평택시","차대사람","횡단중","횡단중","운전자법규위반","안전운전 의무 불이행","단일로","기타단일로","승용차","중형","보행자","보행자","963439","1889485","127.08879236","37.00360245"
"2013","2013-04-26 08:00","50","주간","금","1","1","0","0","0","경기","수원시","차대차","추돌","진행중 추돌","운전자법규위반","안전운전 의무 불이행","단일로","기타단일로","승용차","중형","자전거","자전거","953353","1916813","126.9765087","37.25002194"
"2013","2013-04-24 00:00","18","야간","수","1","1","0","0","0","경기","이천시","차대사람","횡단중","횡단중","운전자법규위반","안전운전 의무 불이행","단일로","기타단일로","승합차","소형","보행자","보행자","1000637","1921305","127.50718668","37.29068681"
"2013","2013-04-23 19:00","22","야간","화","1","1","0","0","0","전남","순천시","차대사람","기타","기타","운전자법규위반","안전운전 의무 불이행","교차로","교차로부근","승용차","중형","보행자","보행자","998855","1662484","127.48745881","34.95722006"
"2013","2013-04-24 18:00","53","야간","수","1","1","0","0","0","서울","구로구","차대차","측면직각충돌","측면직각충돌","운전자법규위반","중앙선 침범","단일로","기타단일로","화물차","소형","이륜차","대형","940161","1942572","126.8231928","37.48044587"
"2013","2013-04-23 05:00","30","야간","화","3","4","1","0","0","경북","경주시","차량단독","공작물충돌","공작물충돌","운전자법규위반","안전운전 의무 불이행","기타/불명","기타/불명","승용차","중형","00","00","1157195","1769927","129.24214992","35.91336983"
"2013","2013-05-01 00:00","30","야간","수","1","2","0","1","0","충북","옥천군","차대차","측면직각충돌","측면직각충돌","운전자법규위반","안전운전 의무 불이행","교차로","교차로내","승용차","소형","화물차","대형","1007208","1808971","127.5802581","36.27799639"
"2013","2013-05-01 02:00","00","야간","수","1","1","0","0","0","충남","홍성군","차량단독","기타","기타","운전자법규위반","안전운전 의무 불이행","단일로","기타단일로","승용차","중형","00","00","930675","1847524","126.72467513","36.62306611"
"2012","2012-12-07 06:00","30","주간","금","1","2","1","0","0","경남","양산시","차대차","기타","기타","운전자법규위반","안전운전 의무 불이행","단일로","기타단일로","화물차","소형","화물차","대형","1147087","1704408","129.12545698","35.34170403"
"2012","2012-12-02 18:00","45","야간","일","1","1","0","0","0","경기","고양시","차대사람","기타","기타","운전자법규위반","안전운전 의무 불이행","단일로","기타단일로","화물차","소형","보행자","보행자","942121","1969720","126.84321226","37.72525346"
"2012","2012-12-03 20:00","08","야간","월","1","1","0","0","0","충북","충주시","차대사람","횡단중","횡단중","운전자법규위반","안전운전 의무 불이행","단일로","기타단일로","승용차","대형","보행자","보행자","1033835","1883060","127.87957557","36.94617784"
"2012","2012-12-04 08:00","50","주간","화","1","1","0","0","0","경남","의령군","차대차","측면직각충돌","측면직각충돌","운전자법규위반","안전운전 의무 불이행","단일로","기타단일로","건설기계","건설기계","자전거","자전거","1071079","1702984","128.28198121","35.31988997"
"2012","2012-12-08 22:00","25","야간","토","1","2","0","0","1","부산","기장군","차량단독","공작물충돌","공작물충돌","운전자법규위반","안전운전 의무 불이행","단일로","기타단일로","승용차","소형","00","00","1149297","1708121","129.14320728","35.35756599"
"2012","2012-01-14 20:00","00","야간","토","1","1","0","0","0","충남","홍성군","차량단독","도로이탈","도로이탈 추락","운전자법규위반","안전운전 의무 불이행","단일로","교량위","원동기장치자전거","원동기장치자전거","00","00","931814","1847704","126.7373966","36.62477088"
"2012","2012-04-28 03:00","10","야간","토","1","2","1","0","0","제주","제주시","차대차","정면충돌","정면충돌","운전자법규위반","중앙선 침범","단일로","기타단일로","승용차","경형","화물차","소형","903130","1500883","126.45717929","33.49542042"
"2012","2012-11-22 06:00","35","주간","목","1","1","0","0","0","충북","충주시","차대사람","횡단중","횡단중","운전자법규위반","안전운전 의무 불이행","단일로","기타단일로","승용차","중형","보행자","보행자","1033479","1884982","127.87608518","36.96266735"
"2012","2012-06-02 06:00","58","주간","토","1","1","0","0","0","대구","달서구","차대차","추돌","주정차중 추돌","운전자법규위반","안전운전 의무 불이행","단일로","기타단일로","승용차","중형","화물차","대형","1089643","1762122","128.49274979","35.85153882"
"2012","2012-06-06 12:00","28","주간","수","1","1","0","0","0","서울","용산구","차대사람","차도통행중","차도통행중","운전자법규위반","안전운전 의무 불이행","단일로","기타단일로","승용차","중형","보행자","보행자","952875","1948404","126.96661376","37.53374744"
"2012","2012-11-06 22:00","18","야간","화","1","1","0","0","0","광주","북구","차대차","측면직각충돌","측면직각충돌","운전자법규위반","안전거리 미확보","단일로","기타단일로","승용차","중형","원동기장치자전거","원동기장치자전거","943357","1690764","126.87767124","35.210631"
"2012","2012-11-19 06:00","50","주간","월","1","1","0","0","0","경기","평택시","차대차","추돌","진행중 추돌","운전자법규위반","안전거리 미확보","단일로","기타단일로","승용차","소형","건설기계","건설기계","961488","1893681","127.06693364","37.04088908"
"2012","2012-11-16 12:00","15","주간","금","1","1","0","0","0","강원","홍천군","차대차","기타","기타","운전자법규위반","안전운전 의무 불이행","단일로","기타단일로","화물차","소형","자전거","자전거","1035408","1965856","127.90054565","37.69090824"
"2012","2012-11-20 21:00","45","야간","화","1","2","1","0","0","경남","함안군","차량단독","공작물충돌","공작물충돌","운전자법규위반","안전운전 의무 불이행","단일로","기타단일로","승용차","대형","00","00","1076368","1697217","128.33962601","35.26750422"
"2012","2012-11-21 10:00","50","주간","수","1","1","0","0","0","경남","거창군","차대차","측면직각충돌","측면직각충돌","운전자법규위반","안전운전 의무 불이행","단일로","기타단일로","화물차","소형","이륜차","중형","1038677","1744899","127.92751913","35.6995935"
"2012","2012-11-20 18:00","10","야간","화","1","1","0","0","0","강원","양구군","차대사람","횡단중","횡단중","운전자법규위반","안전운전 의무 불이행","단일로","기타단일로","건설기계","건설기계","보행자","보행자","1043665","2009559","127.99791301","38.08509889"
"2012","2012-11-14 11:00","33","주간","수","1","1","0","0","0","전남","해남군","차량단독","전도전복","전도전복","운전자법규위반","안전운전 의무 불이행","단일로","기타단일로","승용차","대형","00","00","906045","1620808","126.64069882","34.6226293"
"2012","2012-11-21 23:00","30","야간","수","1","2","0","1","0","대전","서구","차량단독","공작물충돌","공작물충돌","운전자법규위반","안전운전 의무 불이행","교차로","교차로부근","원동기장치자전거","원동기장치자전거","00","00","986116","1811819","127.34535693","36.30359946"
"2012","2012-11-17 10:00","15","주간","토","1","1","0","0","0","충남","천안시","차대사람","횡단중","횡단중","운전자법규위반","안전운전 의무 불이행","단일로","횡단보도상","승합차","대형","보행자","보행자","969158","1896027","127.15413026","36.81893207"
"2012","2012-11-03 05:00","15","야간","토","1","1","0","0","0","대전","동구","차대사람","횡단중","횡단중","운전자법규위반","안전운전 의무 불이행","단일로","횡단보도부근","승용차","대형","보행자","보행자","995098","1814206","127.44538535","36.32520693"
"2012","2012-10-30 18:00","05","야간","화","1","1","0","0","0","경남","의령군","차대차","측면직각충돌","측면직각충돌","운전자법규위반","안전운전 의무 불이행","단일로","기타단일로","화물차","소형","농기계","농기계","1068999","1696254","128.25853347","35.25935665"
"2012","2012-10-31 19:00","40","야간","수","1","1","0","0","0","경북","상주시","차대사람","횡단중","횡단중","운전자법규위반","안전운전 의무 불이행","교차로","교차로내","화물차","소형","보행자","보행자","1040442","1816526","127.95069071","36.34528536"
"2012","2012-11-04 06:00","25","주간","일","1","1","0","0","0","경기","용인시","차대차","기타","기타","운전자법규위반","안전운전 의무 불이행","교차로","교차로부근","승용차","중형","승용차","중형","965499","1917425","127.11094139","37.25507346"
"2012","2012-10-31 20:00","10","야간","수","1","1","0","0","0","경남","양산시","차대차","측면직각충돌","측면직각충돌","운전자법규위반","안전운전 의무 불이행","기타/불명","기타/불명","이륜차","소형","화물차","소형","1142913","1717687","129.0731657","35.44522038"
"2012","2012-11-02 10:00","35","주간","금","1","1","0","0","0","전남","영암군","차대차","기타","기타","운전자법규위반","안전운전 의무 불이행","단일로","기타단일로","승용차","중형","자전거","자전거","905188","1639756","126.46417055","34.74786206"
"2012","2012-12-29 17:00","55","주간","토","1","1","0","0","0","경기","용인시","차대사람","기타","기타","운전자법규위반","안전운전 의무 불이행","단일로","횡단보도부근","승합차","소형","보행자","보행자","967463","1918907","127.13302366","37.26850268"
"2012","2012-12-13 00:00","20","야간","목","1","2","0","1","0","서울","마포구","차대사람","기타","기타","운전자법규위반","안전운전 의무 불이행","단일로","교량위","승용차","중형","보행자","보행자","944277","1953354","126.8689258","37.57788233"
"2012","2012-12-14 07:00","50","주간","금","1","1","0","0","0","경기","하남시","차량단독","도로이탈","도로이탈 추락","운전자법규위반","안전운전 의무 불이행","단일로","기타단일로","화물차","소형","00","00","976977","1944986","127.23951641","37.50385619"
"2012","2012-12-13 15:00","24","주간","목","1","4","2","1","0","경남","창원시(통합)","차대차","추돌","진행중 추돌","운전자법규위반","중앙선 침범","교차로","교차로부근","승용차","경형","승합차","대형","1098872","1694775","128.58928143","35.24546131"
"2012","2012-12-13 13:00","20","주간","목","1","1","0","0","0","인천","서구","차대사람","횡단중","횡단중","운전자법규위반","안전운전 의무 불이행","기타/불명","기타/불명","특수차","대형","보행자","보행자","927939","1950624","126.68417829","37.55214368"
"2012","2012-12-14 15:00","00","주간","금","1","1","0","0","0","서울","강서구","차량단독","주/정차차량 충돌","주/정차차량 충돌","운전자법규위반","안전운전 의무 불이행","단일로","기타단일로","승용차","중형","승용차","중형","939015","1951718","126.80947254","37.56280361"
"2012","2012-12-15 00:00","45","야간","토","1","1","0","0","0","제주","제주시","차대사람","기타","기타","운전자법규위반","안전운전 의무 불이행","단일로","기타단일로","승용차","중형","보행자","보행자","920013","1495602","126.63937863","33.44918906"
"2012","2012-12-21 06:00","20","주간","금","1","5","4","0","0","충남","아산시","차대차","기타","기타","운전자법규위반","안전운전 의무 불이행","교차로","교차로내","승용차","중형","승합차","중형","956198","1864126","127.00915937","36.77424126"
"2012","2012-12-21 18:00","55","야간","금","1","1","0","0","0","부산","금정구","차대사람","횡단중","횡단중","운전자법규위반","안전운전 의무 불이행","단일로","횡단보도부근","승합차","중형","보행자","보행자","1145005","1699868","129.09452342","35.2838109"
"2012","2012-12-26 18:00","45","야간","수","1","1","0","0","0","경기","수원시","차대사람","기타","기타","운전자법규위반","보행자 보호의무 위반","교차로","교차로내","승합차","대형","보행자","보행자","956934","1921258","127.01413704","37.28926619"
"2012","2012-12-18 05:00","50","야간","화","1","1","0","0","0","경남","김해시","차량단독","공작물충돌","공작물충돌","운전자법규위반","안전운전 의무 불이행","기타/불명","기타/불명","이륜차","소형","00","00","1126813","1693706","128.89358334","35.23073566"
"2012","2012-12-05 05:00","45","야간","수","1","1","0","0","0","전북","고창군","차대사람","차도통행중","차도통행중","운전자법규위반","안전운전 의무 불이행","단일로","기타단일로","화물차","소형","보행자","보행자","914424","1726233","126.55610428","35.52835676"
"2012","2012-12-01 14:00","55","주간","토","1","1","0","0","0","서울","강북구","차대차","측면직각충돌","측면직각충돌","운전자법규위반","신호위반","교차로","교차로내","승용차","중형","이륜차","중형","959196","1957183","127.03766704","37.61317631"
"2012","2012-12-06 09:00","10","주간","목","1","2","0","1","0","전남","영암군","차량단독","전도전복","전도전복","운전자법규위반","안전운전 의무 불이행","단일로","기타단일로","화물차","소형","00","00","901193","1639496","126.42056204","34.74513883"
"2012","2012-12-06 09:00","58","주간","목","1","1","0","0","0","전남","광양시","차량단독","공작물충돌","공작물충돌","운전자법규위반","안전운전 의무 불이행","단일로","기타단일로","화물차","소형","00","00","1016901","1658541","127.68503648","34.9215237"
"2012","2012-11-08 19:00","57","야간","목","1","1","0","0","0","인천","연수구","차량단독","공작물충돌","공작물충돌","운전자법규위반","안전운전 의무 불이행","단일로","기타단일로","승용차","중형","00","00","926404","1936620","126.66762273","37.42611946"
"2012","2012-11-17 05:00","45","야간","토","1","1","0","0","0","경기","오산시","차량단독","기타","기타","운전자법규위반","안전운전 의무 불이행","단일로","기타단일로","화물차","중형","00","00","961525","1907779","127.06662632","37.16797015"
"2013","2013-02-18 09:00","30","주간","월","1","1","0","0","0","광주","서구","차대사람","횡단중","횡단중","운전자법규위반","안전운전 의무 불이행","단일로","기타단일로","승용차","중형","보행자","보행자","941603","1682541","126.85898359","35.13638677"
"2013","2013-02-16 13:00","40","주간","토","1","6","3","2","0","경기","고양시","차대차","측면직각충돌","측면직각충돌","운전자법규위반","신호위반","교차로","교차로내","승용차","중형","승합차","대형","944677","1955783","126.87327208","37.59979902"
"2013","2013-02-20 09:00","00","주간","수","1","4","3","0","0","서울","강서구","차대차","기타","기타","운전자법규위반","안전운전 의무 불이행","단일로","기타단일로","승용차","중형","화물차","소형","943732","1951705","126.86288053","37.56298674"
"2012","2012-01-24 11:00","30","주간","화","1","1","0","0","0","경북","칠곡군","차량단독","전도전복","전도전복","운전자법규위반","안전운전 의무 불이행","단일로","기타단일로","승용차","소형","00","00","1080824","1778926","128.39680433","36.00379318"
"2012","2012-01-21 00:00","10","야간","토","1","2","1","0","0","부산","진구","차대사람","횡단중","횡단중","운전자법규위반","안전운전 의무 불이행","단일로","기타단일로","승용차","중형","보행자","보행자","1139651","1684970","129.03314046","35.15028385"
"2012","2012-01-22 16:00","55","주간","일","1","1","0","0","0","경기","가평군","차대차","정면충돌","정면충돌","운전자법규위반","교차로 통행방법 위반","교차로","교차로내","승합차","중형","이륜차","중형","993204","1970855","127.42146797","37.74187476"
"2012","2012-01-25 21:00","27","야간","수","1","1","0","0","0","전남","영암군","차량단독","공작물충돌","공작물충돌","운전자법규위반","안전운전 의무 불이행","교차로","교차로내","승용차","경형","00","00","900618","1639807","126.41424463","34.74788703"
"2012","2012-01-25 18:00","00","야간","수","1","1","0","0","0","경북","영주시","차대사람","기타","기타","운전자법규위반","안전운전 의무 불이행","단일로","기타단일로","승용차","대형","보행자","보행자","1102920","1887435","128.66224897","36.97586399"
"2012","2012-01-25 00:00","50","야간","수","1","5","3","1","0","서울","동작구","차대차","기타","기타","운전자법규위반","중앙선 침범","단일로","기타단일로","승용차","중형","승합차","대형","949523","1946147","126.92883079","37.51322724"
"2012","2012-01-25 01:00","30","야간","수","1","2","0","1","0","대전","서구","차량단독","공작물충돌","공작물충돌","운전자법규위반","안전운전 의무 불이행","단일로","기타단일로","승용차","중형","00","00","989134","1816516","127.37890651","36.34598371"
"2012","2012-02-05 14:00","15","주간","일","1","1","0","0","0","서울","은평구","차대사람","횡단중","횡단중","운전자법규위반","안전운전 의무 불이행","단일로","기타단일로","승합차","대형","보행자","보행자","945699","1954573","126.88493899","37.5889542"
"2012","2012-02-06 09:00","15","주간","월","1","1","0","0","0","경기","부천시","차대사람","횡단중","횡단중","운전자법규위반","안전운전 의무 불이행","단일로","기타단일로","승용차","중형","보행자","보행자","938667","1948310","126.80581734","37.53206443"
"2012","2012-02-03 10:00","30","주간","금","1","1","0","0","0","경북","구미시","차량단독","전도전복","전도전복","운전자법규위반","안전운전 의무 불이행","교차로","교차로부근","화물차","소형","00","00","1082912","1790789","128.42126087","36.11065784"
"2012","2012-02-11 05:00","15","야간","토","1","1","0","0","0","경기","화성시","차대차","추돌","주정차중 추돌","운전자법규위반","안전운전 의무 불이행","단일로","기타단일로","승용차","소형","화물차","대형","948531","1895976","126.92108135","37.06095472"
"2012","2012-02-09 15:00","05","주간","목","1","2","1","0","0","서울","광진구","차대차","추돌","주정차중 추돌","운전자법규위반","안전운전 의무 불이행","단일로","기타단일로","화물차","소형","화물차","소형","962682","1947757","127.07764445","37.52836496"
"2012","2012-02-09 01:00","48","야간","목","1","2","0","1","0","서울","강동구","차대차","기타","기타","운전자법규위반","신호위반","교차로","교차로내","원동기장치자전거","원동기장치자전거","승용차","소형","967684","1948508","127.13422161","37.53532294"
"2012","2012-02-08 07:00","43","주간","수","1","2","0","1","0","경기","하남시","차대차","측면직각충돌","측면직각충돌","운전자법규위반","중앙선 침범","교차로","교차로부근","승용차","경형","화물차","소형","972852","1953462","127.19253291","37.58014225"
"2012","2012-02-15 06:00","40","주간","수","1","1","0","0","0","경기","의정부시","차대사람","횡단중","횡단중","운전자법규위반","신호위반","단일로","기타단일로","승용차","중형","보행자","보행자","964223","1969750","127.09400787","37.72665435"
"2012","2012-02-12 00:00","00","야간","일","1","1","0","0","0","전북","완주군","차량단독","전도전복","전도전복","운전자법규위반","안전운전 의무 불이행","단일로","기타단일로","승합차","소형","00","00","985581","1792133","127.3397603","36.12611081"
"2012","2012-02-13 21:00","35","야간","월","1","1","0","0","0","전북","전주시","차대사람","횡단중","횡단중","운전자법규위반","안전운전 의무 불이행","단일로","기타단일로","승용차","중형","보행자","보행자","967279","1760695","127.13766925","35.84222777"
"2012","2012-02-18 11:00","00","주간","토","1","4","3","0","0","경남","진주시","차대차","측면직각충돌","측면직각충돌","운전자법규위반","중앙선 침범","단일로","기타단일로","화물차","소형","이륜차","대형","1052699","1684565","128.07192919","35.15527162"
"2012","2012-02-22 14:00","10","주간","수","1","3","1","1","0","경북","예천군","차량단독","공작물충돌","공작물충돌","운전자법규위반","안전운전 의무 불이행","단일로","기타단일로","화물차","소형","00","00","1082050","1846728","128.41753989","36.61488011"
"2012","2012-02-23 03:00","43","야간","목","1","2","1","0","0","서울","송파구","차량단독","공작물충돌","공작물충돌","운전자법규위반","안전운전 의무 불이행","단일로","기타단일로","화물차","중형","00","00","963085","1946456","127.08227078","37.51665476"
"2012","2012-02-22 17:00","25","주간","수","1","1","0","0","0","전남","나주시","차대사람","기타","기타","운전자법규위반","안전운전 의무 불이행","단일로","기타단일로","화물차","소형","보행자","보행자","929910","1674987","126.73128015","35.06752947"
"2013","2013-10-12 03:00","30","야간","토","1","2","0","1","0","경기","안성시","차대차","추돌","진행중 추돌","운전자법규위반","안전운전 의무 불이행","단일로","기타단일로","화물차","경형","화물차","경형","967633","1895445","127.13578792","37.05703067"
"2013","2013-08-23 04:00","20","야간","금","1","1","0","0","0","서울","강동구","차대차","추돌","진행중 추돌","운전자법규위반","안전운전 의무 불이행","단일로","기타단일로","승용차","대형","화물차","중형","971875","1949485","127.18162054","37.54426649"
"2013","2013-01-05 06:00","50","주간","토","1","1","0","0","0","경기","이천시","차대사람","차도통행중","차도통행중","운전자법규위반","안전운전 의무 불이행","교차로","교차로부근","화물차","중형","보행자","보행자","999091","1916995","127.48974987","37.25183618"
"2013","2013-05-15 14:00","30","주간","수","1","1","0","0","0","경남","사천시","차대사람","기타","기타","운전자법규위반","안전운전 의무 불이행","단일로","기타단일로","승용차","소형","보행자","보행자","1056958","1673862","128.12462439","35.05821284"
"2013","2013-05-15 03:00","48","야간","수","1","1","0","0","0","충북","진천군","차대차","측면직각충돌","측면직각충돌","운전자법규위반","중앙선 침범","교차로","교차로부근","이륜차","소형","승용차","중형","998753","1876370","127.48600593","36.88562884"
"2013","2013-05-13 17:00","40","주간","월","1","1","0","0","0","경북","김천시","차량단독","기타","기타","운전자법규위반","안전운전 의무 불이행","단일로","기타단일로","건설기계","건설기계","00","00","1047741","1765702","128.02894683","35.88675315"
"2013","2013-05-13 17:00","24","주간","월","1","6","3","1","1","전남","여수시","차대차","추돌","진행중 추돌","운전자법규위반","안전운전 의무 불이행","단일로","기타단일로","화물차","중형","승용차","경형","1022800","1637903","127.74927722","34.73527523"
"2013","2013-05-14 07:00","50","주간","화","1","1","0","0","0","경남","창원시(통합)","차대차","측면직각충돌","측면직각충돌","운전자법규위반","안전운전 의무 불이행","교차로","교차로내","승용차","중형","자전거","자전거","1109545","1690181","128.70339155","35.20099325"
"2013","2013-05-14 13:00","45","주간","화","1","1","0","0","0","경북","구미시","차량단독","기타","기타","운전자법규위반","안전운전 의무 불이행","단일로","기타단일로","승용차","소형","00","00","1087094","1803661","128.46910219","36.22622611"
"2012","2012-04-08 18:00","00","야간","일","1","3","2","0","0","경북","구미시","차대차","정면충돌","정면충돌","운전자법규위반","중앙선 침범","단일로","기타단일로","화물차","소형","승용차","중형","1068321","1805979","128.26043467","36.24863183"
"2012","2012-03-08 22:00","00","야간","목","1","1","0","0","0","충남","당진시","차량단독","공작물충돌","공작물충돌","운전자법규위반","안전운전 의무 불이행","단일로","기타단일로","승용차","대형","00","00","910121","1894584","126.4892637","37.04551387"
"2012","2012-03-13 08:00","50","주간","화","1","4","0","3","0","경기","남양주시","차대차","측면직각충돌","측면직각충돌","운전자법규위반","안전운전 의무 불이행","교차로","교차로내","승용차","경형","승용차","경형","973178","1969902","127.19562075","37.72833052"
"2012","2012-03-19 01:00","35","야간","월","1","3","0","2","0","서울","구로구","차대차","추돌","진행중 추돌","운전자법규위반","안전운전 의무 불이행","단일로","기타단일로","화물차","소형","화물차","대형","944673","1945316","126.87401635","37.50545922"
"2012","2012-01-17 20:00","55","야간","화","1","2","1","0","0","인천","남동구","차대차","기타","기타","운전자법규위반","안전운전 의무 불이행","단일로","기타단일로","승용차","중형","화물차","소형","929971","1940928","126.7081048","37.46491237"
"2012","2012-01-20 00:00","32","야간","금","1","1","0","0","0","서울","강서구","차대차","기타","기타","운전자법규위반","안전운전 의무 불이행","단일로","기타단일로","화물차","소형","원동기장치자전거","원동기장치자전거","941620","1949308","126.83915869","37.54125115"
"2012","2012-01-18 18:00","35","야간","수","1","1","0","0","0","서울","중구","차대사람","횡단중","횡단중","운전자법규위반","보행자 보호의무 위반","단일로","기타단일로","승합차","소형","보행자","보행자","952748","1951206","126.9649959","37.55899593"
"2012","2012-12-17 13:00","25","주간","월","1","4","1","1","1","강원","인제군","차대차","측면직각충돌","측면직각충돌","운전자법규위반","신호위반","교차로","교차로내","승용차","중형","화물차","소형","1059606","2010475","128.17975483","38.09244331"
"2012","2012-12-17 18:00","40","야간","월","1","4","3","0","0","전남","해남군","차대차","정면충돌","정면충돌","운전자법규위반","중앙선 침범","단일로","기타단일로","화물차","소형","화물차","소형","901325","1630636","126.42303971","34.66526736"
"2012","2012-09-27 19:00","55","야간","목","1","1","0","0","0","전남","완도군","차대사람","길가장자리구역통행중","길가장자리구역통행중","운전자법규위반","안전운전 의무 불이행","단일로","기타단일로","화물차","소형","보행자","보행자","940904","1576083","126.85874821","34.1763739"
"2012","2012-11-09 22:00","10","야간","금","1","1","0","0","0","광주","남구","차대사람","보도통행중","보도통행중","운전자법규위반","기타(운전자법규위반)","고가도로위","고가도로위","승용차","대형","보행자","보행자","943605","1679233","126.88092014","35.10670839"
"2013","2013-04-24 21:00","40","야간","수","2","3","1","0","0","충남","금산군","차량단독","도로이탈","도로이탈 추락","운전자법규위반","과속","단일로","기타단일로","승용차","대형","00","00","998075","1794529","127.47860139","36.14781778"
"2013","2013-05-01 19:00","40","야간","수","1","1","0","0","0","서울","은평구","차대사람","기타","기타","운전자법규위반","안전운전 의무 불이행","단일로","횡단보도상","승합차","대형","보행자","보행자","950437","1955484","126.93854159","37.59743257"
"2013","2013-05-01 16:00","40","주간","수","1","1","0","0","0","경북","청송군","차량단독","기타","기타","운전자법규위반","기타(운전자법규위반)","단일로","기타단일로","농기계","농기계","00","00","1131113","1811497","128.95994519","36.29193652"
"2013","2013-05-04 14:00","43","주간","토","1","1","0","0","0","강원","홍천군","차대차","기타","기타","운전자법규위반","중앙선 침범","단일로","기타단일로","원동기장치자전거","원동기장치자전거","화물차","중형","1034117","1953975","127.88641754","37.58453413"
"2013","2013-05-04 09:00","35","주간","토","1","2","0","1","0","경기","성남시","차량단독","공작물충돌","공작물충돌","운전자법규위반","안전운전 의무 불이행","단일로","기타단일로","승용차","중형","00","00","972755","1937062","127.19204217","37.43231755"
"2013","2013-05-04 22:00","15","야간","토","1","1","0","0","0","제주","제주시","차대사람","횡단중","횡단중","운전자법규위반","과속","단일로","기타단일로","승용차","중형","보행자","보행자","915187","1503633","126.58669888","33.52124559"
"2013","2013-05-12 07:00","30","주간","일","1","2","0","1","0","강원","강릉시","차대차","추돌","주정차중 추돌","운전자법규위반","안전운전 의무 불이행","단일로","기타단일로","화물차","경형","승용차","중형","1118210","1970480","128.84139505","37.72630075"
"2013","2013-05-11 20:00","55","야간","토","1","1","0","0","0","서울","관악구","차대사람","기타","기타","운전자법규위반","안전운전 의무 불이행","단일로","기타단일로","원동기장치자전거","원동기장치자전거","보행자","보행자","949836","1941084","126.93271759","37.46761029"
"2013","2013-05-11 07:00","00","주간","토","1","1","0","0","0","충남","부여군","차대사람","기타","기타","운전자법규위반","안전운전 의무 불이행","단일로","기타단일로","화물차","중형","보행자","보행자","950368","1798032","126.94807295","36.17812944"
"2013","2013-05-13 19:00","05","야간","월","1","1","0","0","0","전북","익산시","차대사람","횡단중","횡단중","운전자법규위반","보행자 보호의무 위반","단일로","횡단보도상","승용차","중형","보행자","보행자","952379","1773787","126.97189825","35.95965073"
"2013","2013-05-15 09:00","50","주간","수","1","1","0","0","0","서울","강남구","차대사람","기타","기타","운전자법규위반","안전운전 의무 불이행","단일로","기타단일로","화물차","중형","보행자","보행자","961130","1942819","127.06034088","37.48379271"
"2013","2013-05-14 13:00","30","주간","화","1","2","1","0","0","경북","경산시","차량단독","공작물충돌","공작물충돌","운전자법규위반","안전운전 의무 불이행","단일로","기타단일로","이륜차","중형","00","00","1124361","1756368","128.87625221","35.79588341"
"2013","2013-05-13 20:00","27","야간","월","1","1","0","0","0","경북","경주시","차대사람","횡단중","횡단중","운전자법규위반","안전운전 의무 불이행","단일로","기타단일로","승용차","중형","보행자","보행자","1180011","1753314","129.49113941","35.75974056"
"2013","2013-05-13 15:00","20","주간","월","1","3","1","0","1","경북","성주군","차대차","기타","기타","운전자법규위반","안전운전 의무 불이행","단일로","기타단일로","승용차","경형","승용차","대형","1064457","1767638","128.21429744","35.90324862"
"2013","2013-05-14 22:00","05","야간","화","1","1","0","0","0","전북","군산시","차대사람","횡단중","횡단중","운전자법규위반","안전운전 의무 불이행","교차로","교차로부근","승용차","중형","보행자","보행자","926217","1775337","126.68164768","35.97199684"
"2013","2013-05-13 15:00","10","주간","월","1","1","0","0","0","서울","강북구","차대차","기타","기타","운전자법규위반","안전운전 의무 불이행","단일로","기타단일로","승용차","중형","자전거","자전거","958339","1960030","127.02779473","37.63879836"
"2012","2012-03-10 07:00","10","주간","토","1","5","2","2","0","충남","예산군","차대차","측면직각충돌","측면직각충돌","운전자법규위반","부당한 회전","단일로","횡단보도부근","승용차","중형","승합차","소형","921924","1854502","126.62610385","36.68528814"
"2012","2012-04-07 03:00","25","야간","토","1","2","0","0","1","인천","동구","차대차","측면직각충돌","측면직각충돌","운전자법규위반","신호위반","교차로","교차로내","승용차","대형","화물차","대형","925636","1942931","126.65888657","37.48262622"
"2012","2012-01-28 19:00","00","야간","토","1","1","0","0","0","경기","김포시","차량단독","기타","기타","운전자법규위반","안전운전 의무 불이행","단일로","기타단일로","승용차","중형","00","00","916366","1970399","126.55090787","37.72938232"
"2012","2012-01-16 18:00","50","야간","월","1","1","0","0","0","전남","장성군","차대사람","차도통행중","차도통행중","운전자법규위반","안전운전 의무 불이행","단일로","기타단일로","승합차","소형","보행자","보행자","937984","1705575","126.81752298","35.34385492"
"2012","2012-12-06 14:00","15","주간","목","1","1","0","0","0","전남","영암군","차대차","측면직각충돌","측면직각충돌","운전자법규위반","통행우선 순위위반","교차로","교차로내","화물차","중형","화물차","대형","904627","1641368","126.45785987","34.76234407"
"2012","2012-11-30 04:00","45","야간","금","1","1","0","0","0","광주","서구","차대사람","횡단중","횡단중","운전자법규위반","보행자 보호의무 위반","단일로","횡단보도상","승용차","소형","보행자","보행자","943891","1684394","126.88397147","35.15322496"