"발생년","발생년월일시","발생분","주야","요일","사망자수","사상자수","중상자수","경상자수","부상신고자수","발생지시도","발생지시군구","사고유형_대분류","사고유형_중분류","사고유형","법규위반_대분류","법규위반","도로형태_대분류","도로형태","당사자종별_1당_대분류","당사자종별_1당","당사자종별_2당_대분류","당사자종별_2당","발생위치X_UTMK","발생위치Y_UTMK","경도","위도"
"2012","2012-12-12 23:00","17","야간","수","1","1","0","0","0","충남","아산시","차대사람","횡단중","횡단중","운전자법규위반","안전운전 의무 불이행","단일로","기타단일로","화물차","소형","보행자","보행자","963494","1864854","127.08758041","36.78002892"
"2012","2012-12-14 00:00","25","야간","금","1","1","0","0","0","서울","금천구","차대사람","보도통행중","보도통행중","운전자법규위반","안전운전 의무 불이행","단일로","횡단보도상","승용차","중형","보행자","보행자","946889","1939973","126.899473","37.45743191"
"2012","2012-12-24 04:00","50","야간","월","1","2","1","0","0","충남","천안시","차대차","측면직각충돌","측면직각충돌","운전자법규위반","안전운전 의무 불이행","교차로","교차로부근","승합차","소형","승용차","대형","967176","1867255","127.13204015","36.80289178"
"2012","2012-12-18 07:00","45","주간","화","1","1","0","0","0","경북","경주시","차대차","측면직각충돌","측면직각충돌","운전자법규위반","안전운전 의무 불이행","교차로","교차로부근","승용차","경형","자전거","자전거","1154797","1763416","129.2143189","35.85507487"
"2012","2012-12-17 20:00","36","야간","월","1","1","0","0","0","경남","김해시","차대사람","횡단중","횡단중","운전자법규위반","안전운전 의무 불이행","단일로","기타단일로","승용차","소형","보행자","보행자","1120349","1688783","128.82165323","35.18743472"
"2012","2012-12-22 14:00","20","주간","토","1","2","1","0","0","경북","상주시","차대차","추돌","진행중 추돌","운전자법규위반","안전운전 의무 불이행","단일로","기타단일로","승용차","중형","승용차","경형","1042544","1829963","127.9748515","36.46632956"
"2012","2012-12-19 01:00","50","야간","수","1","1","0","0","0","충남","부여군","차량단독","공작물충돌","공작물충돌","운전자법규위반","안전운전 의무 불이행","단일로","기타단일로","화물차","소형","00","00","938495","1806377","126.81539315","36.25267795"
"2012","2012-12-19 04:00","45","야간","화","1","4","1","1","1","경남","창원시(통합)","차대차","기타","기타","운전자법규위반","안전운전 의무 불이행","단일로","기타단일로","승용차","중형","화물차","중형","1114393","1680237","128.75525948","35.11080679"
"2012","2012-12-20 15:00","50","주간","목","1","1","0","0","0","경북","청송군","차대차","정면충돌","정면충돌","운전자법규위반","중앙선 침범","단일로","기타단일로","승용차","소형","원동기장치자전거","원동기장치자전거","1136777","1837488","129.02801589","36.52536036"
"2012","2012-12-24 04:00","55","야간","월","1","1","0","0","0","충남","아산시","차량단독","공작물충돌","공작물충돌","운전자법규위반","안전운전 의무 불이행","단일로","기타단일로","승용차","중형","00","00","964881","1865203","127.10640818","36.78431159"
"2012","2012-12-20 22:00","00","야간","목","1","1","0","0","0","경남","진주시","차량단독","전도전복","전도전복","운전자법규위반","안전운전 의무 불이행","단일로","기타단일로","원동기장치자전거","원동기장치자전거","00","00","1068271","1694305","128.06278617","35.17798329"
"2012","2012-12-25 18:00","42","야간","화","1","1","0","0","0","전남","강진군","차대사람","횡단중","횡단중","운전자법규위반","안전운전 의무 불이행","교차로","교차로내","승용차","중형","보행자","보행자","933020","1627057","126.76921828","34.63555975"
"2012","2012-12-03 04:00","17","야간","월","1","1","0","0","0","대전","동구","차량단독","공작물충돌","공작물충돌","운전자법규위반","안전운전 의무 불이행","단일로","기타단일로","승합차","소형","00","00","999373","1816305","127.49301271","36.3441426"
"2012","2012-12-07 23:00","11","야간","금","1","4","3","0","0","충남","보령시","차대차","기타","기타","운전자법규위반","부당한 회전","교차로","교차로부근","승용차","중형","승용차","중형","921033","1818673","126.61951245","36.36192235"
"2012","2012-12-08 17:00","40","주간","토","1","1","0","0","0","경기","양평군","차대차","기타","기타","운전자법규위반","보행자 보호의무 위반","단일로","횡단보도상","승용차","대형","승용차","대형","998261","1944365","127.48032623","37.49854426"
"2012","2012-12-08 18:00","10","야간","토","1","1","0","0","0","전남","영암군","차대차","추돌","주정차중 추돌","운전자법규위반","안전운전 의무 불이행","단일로","기타단일로","승용차","대형","승용차","중형","902836","1642891","126.43811669","34.77590674"
"2012","2012-12-03 23:00","35","야간","월","1","1","0","0","0","경기","이천시","차량단독","공작물충돌","공작물충돌","운전자법규위반","안전운전 의무 불이행","교차로","교차로부근","승용차","소형","00","00","995648","1919569","127.4509106","37.27502855"
"2012","2012-12-03 10:00","30","주간","월","1","1","0","0","0","경북","상주시","차대차","측면직각충돌","측면직각충돌","운전자법규위반","교차로 통행방법 위반","교차로","교차로내","화물차","소형","자전거","자전거","1051235","1837464","128.07234886","36.53352376"
"2012","2012-12-05 19:00","20","야간","수","1","1","0","0","0","경남","하동군","차량단독","공작물충돌","공작물충돌","운전자법규위반","안전운전 의무 불이행","단일로","기타단일로","승용차","소형","00","00","1020202","1676886","127.72129346","35.08705883"
"2012","2012-11-20 06:00","30","주간","화","1","1","0","0","0","경기","남양주시","차대사람","횡단중","횡단중","운전자법규위반","안전운전 의무 불이행","교차로","교차로부근","승용차","중형","보행자","보행자","969393","1963658","127.15293128","37.67193341"
"2012","2012-11-18 15:00","40","주간","일","1","2","1","0","0","경북","고령군","차대차","측면직각충돌","측면직각충돌","운전자법규위반","중앙선 침범","단일로","기타단일로","승용차","대형","화물차","중형","1080157","1736978","128.38519648","35.62568125"
"2012","2012-11-16 19:00","45","야간","금","1","1","0","0","0","경북","경주시","차대사람","기타","기타","운전자법규위반","안전운전 의무 불이행","단일로","기타단일로","불명","불명","보행자","보행자","1153045","1751536","129.19265033","35.74828408"
"2012","2012-10-31 18:00","48","야간","수","1","1","0","0","0","경기","이천시","차대사람","횡단중","횡단중","운전자법규위반","안전운전 의무 불이행","교차로","교차로내","화물차","소형","보행자","보행자","1010126","1901824","127.61397779","37.11502816"
"2012","2012-11-05 13:00","45","주간","월","1","1","0","0","0","경남","함안군","차대사람","기타","기타","운전자법규위반","안전운전 의무 불이행","단일로","횡단보도부근","화물차","대형","보행자","보행자","1082460","1698066","128.40668245","35.27467541"
"2012","2012-12-31 04:00","20","야간","월","1","2","0","1","0","충남","아산시","차대차","정면충돌","정면충돌","운전자법규위반","중앙선 침범","단일로","기타단일로","승용차","중형","화물차","중형","959738","1880675","127.04794963","36.92357726"
"2012","2012-12-28 21:00","50","야간","금","1","1","0","0","0","전남","광양시","차량단독","도로이탈","도로이탈 추락","운전자법규위반","안전운전 의무 불이행","단일로","기타단일로","승용차","중형","00","00","1017404","1666183","127.68483094","34.99093163"
"2012","2012-12-14 02:00","50","야간","금","1","1","0","0","0","광주","광산구","차대차","추돌","주정차중 추돌","운전자법규위반","안전운전 의무 불이행","단일로","기타단일로","승용차","소형","화물차","중형","937784","1690618","126.79655552","35.18016955"
"2012","2012-12-09 02:00","40","야간","일","1","4","0","1","2","울산","울주군","차대차","기타","기타","운전자법규위반","중앙선 침범","단일로","기타단일로","승합차","경형","승용차","중형","1158098","1726622","129.24362771","35.52295262"
"2012","2012-12-10 12:00","45","주간","월","1","1","0","0","0","경기","화성시","차대사람","기타","기타","운전자법규위반","신호위반","교차로","교차로내","승합차","중형","보행자","보행자","951224","1913646","126.95021922","37.22037252"
"2012","2012-12-15 06:00","20","주간","토","1","1","0","0","0","경기","화성시","차량단독","공작물충돌","공작물충돌","운전자법규위반","안전운전 의무 불이행","단일로","기타단일로","승용차","중형","00","00","947399","1916706","126.90689156","37.24774614"
"2012","2012-12-15 12:00","50","주간","토","1","1","0","0","0","부산","강서구","차대차","추돌","진행중 추돌","운전자법규위반","안전운전 의무 불이행","단일로","기타단일로","화물차","소형","자전거","자전거","1127072","1688810","128.89344712","35.18676508"
"2012","2012-12-15 05:00","35","야간","토","1","1","0","0","0","부산","서구","차대차","측면직각충돌","측면직각충돌","운전자법규위반","안전운전 의무 불이행","단일로","기타단일로","이륜차","소형","승용차","중형","1138916","1678511","129.0239889","35.09216386"
"2012","2012-12-16 01:00","45","야간","일","1","1","0","0","0","경기","안산시","차대사람","횡단중","횡단중","운전자법규위반","안전운전 의무 불이행","단일로","기타단일로","승용차","소형","보행자","보행자","944371","1922679","126.86646758","37.29636488"
"2012","2012-12-16 06:00","15","주간","일","1","1","0","0","0","대구","서구","차대차","추돌","진행중 추돌","운전자법규위반","안전운전 의무 불이행","단일로","기타단일로","승용차","중형","자전거","자전거","1095642","1765728","128.55960844","35.88347824"
"2012","2012-12-11 05:00","45","야간","화","1","1","0","0","0","경북","안동시","차대사람","기타","기타","운전자법규위반","안전운전 의무 불이행","교차로","교차로내","승용차","중형","보행자","보행자","1108702","1840690","128.71467462","36.55779215"
"2012","2012-12-15 23:00","55","야간","토","2","2","0","0","0","충남","아산시","차량단독","공작물충돌","공작물충돌","운전자법규위반","안전운전 의무 불이행","교차로","교차로부근","승용차","소형","00","00","953801","1864205","126.98229502","36.77483955"
"2012","2012-12-12 13:00","45","주간","수","1","1","0","0","0","경남","김해시","차대사람","횡단중","횡단중","운전자법규위반","안전운전 의무 불이행","교차로","교차로부근","화물차","중형","보행자","보행자","1123878","1697678","128.86193678","35.26690832"
"2012","2012-12-20 20:00","30","야간","목","1","1","0","0","0","경기","안산시","차량단독","전도전복","전도전복","운전자법규위반","중앙선 침범","단일로","기타단일로","승합차","소형","00","00","940176","1927918","126.82454958","37.34836787"
"2012","2012-12-21 15:00","30","주간","금","1","7","4","2","0","전북","전주시","차대차","기타","기타","운전자법규위반","안전운전 의무 불이행","단일로","기타단일로","승용차","중형","승용차","중형","967451","1757804","127.13969167","35.81616817"
"2012","2012-12-25 17:00","38","주간","화","1","1","0","0","0","서울","노원구","차대차","기타","기타","운전자법규위반","안전거리 미확보","단일로","기타단일로","승용차","대형","화물차","소형","962568","1962470","127.07560179","37.66097265"
"2012","2012-12-21 08:00","20","주간","금","1","3","0","0","2","경남","양산시","차량단독","공작물충돌","공작물충돌","운전자법규위반","안전운전 의무 불이행","단일로","기타단일로","승용차","대형","00","00","1141726","1723340","129.06228093","35.49593947"
"2013","2013-11-03 06:00","30","주간","일","1","11","8","2","0","대구","달성군","차량단독","공작물충돌","공작물충돌","운전자법규위반","안전운전 의무 불이행","단일로","기타단일로","승합차","소형","00","00","1086977","1748236","128.46171955","35.72659702"
"2013","2013-11-22 22:00","05","야간","금","1","1","0","0","0","서울","관악구","차대사람","횡단중","횡단중","운전자법규위반","안전운전 의무 불이행","단일로","기타단일로","승합차","대형","보행자","보행자","949551","1943145","126.92935356","37.48617109"
"2013","2013-11-23 08:00","20","주간","토","1","1","0","0","0","제주","제주시","차대사람","횡단중","횡단중","운전자법규위반","중앙선 침범","교차로","교차로부근","건설기계","건설기계","보행자","보행자","908717","1503042","126.51709618","33.5153825"
"2013","2013-11-23 20:00","20","야간","토","1","1","0","0","0","경기","수원시","차대사람","횡단중","횡단중","운전자법규위반","안전운전 의무 불이행","단일로","기타단일로","승용차","중형","보행자","보행자","958197","1916625","127.02864592","37.24756328"
"2013","2013-11-23 17:00","08","주간","토","1","1","0","0","0","경기","수원시","차대차","정면충돌","정면충돌","운전자법규위반","신호위반","교차로","교차로내","승용차","중형","이륜차","중형","955370","1919130","126.99508349","37.2704934"
"2013","2013-11-23 08:00","20","주간","토","1","2","0","1","0","경기","양평군","차량단독","도로이탈","도로이탈 추락","운전자법규위반","안전운전 의무 불이행","단일로","기타단일로","화물차","경형","00","00","1019979","1951901","127.71061327","37.55689253"
"2013","2013-11-23 18:00","30","야간","토","1","1","0","0","0","경북","포항시","차대사람","기타","기타","운전자법규위반","안전운전 의무 불이행","단일로","기타단일로","화물차","소형","보행자","보행자","1182702","1768172","129.52428684","35.89312332"
"2013","2013-11-23 23:00","50","야간","토","1","4","3","0","0","충남","태안군","차량단독","공작물충돌","공작물충돌","운전자법규위반","안전운전 의무 불이행","단일로","기타단일로","승용차","중형","00","00","892244","1853821","126.2940522","36.67624923"
"2013","2013-11-24 19:00","50","야간","일","2","3","1","0","0","충남","서산시","차량단독","전도전복","전도전복","운전자법규위반","안전운전 의무 불이행","단일로","기타단일로","승용차","중형","00","00","900736","1888369","126.38456097","36.98855404"
"2013","2013-11-21 18:00","50","야간","목","1","1","0","0","0","경북","영주시","차대사람","차도통행중","차도통행중","운전자법규위반","안전운전 의무 불이행","단일로","기타단일로","화물차","소형","보행자","보행자","1095217","1872053","128.56791739","36.84191675"
"2013","2013-11-21 18:00","25","야간","목","1","1","0","0","0","경북","영주시","차대사람","보도통행중","보도통행중","운전자법규위반","보행자 보호의무 위반","교차로","교차로내","승용차","경형","보행자","보행자","1098675","1868814","128.60627413","36.81236893"
"2013","2013-11-29 07:00","00","주간","금","1","2","1","0","0","전북","익산시","차대차","정면충돌","정면충돌","운전자법규위반","중앙선 침범","단일로","기타단일로","화물차","소형","승용차","중형","954121","1786888","126.99045599","36.07784702"
"2013","2013-12-01 20:00","55","야간","일","1","1","0","0","0","경기","포천시","차대차","정면충돌","정면충돌","운전자법규위반","중앙선 침범","단일로","기타단일로","화물차","중형","원동기장치자전거","원동기장치자전거","978108","1996537","127.25073329","37.96714049"
"2013","2013-11-29 05:00","50","야간","금","1","1","0","0","0","울산","남구","차대사람","횡단중","횡단중","운전자법규위반","안전운전 의무 불이행","교차로","교차로부근","화물차","경형","보행자","보행자","1165100","1728185","129.32113546","35.53589765"
"2013","2013-11-28 18:00","00","야간","목","1","1","0","0","0","충남","아산시","차대사람","횡단중","횡단중","운전자법규위반","안전운전 의무 불이행","기타/불명","기타/불명","승합차","소형","보행자","보행자","961489","1864174","127.0684457","36.7749038"
"2013","2013-11-28 12:00","10","주간","목","1","1","0","0","0","대구","북구","차대차","측면직각충돌","측면직각충돌","운전자법규위반","직진 및 우회전차의 통행방해","교차로","교차로부근","화물차","소형","자전거","자전거","1100875","1768223","128.61789088","35.90544374"
"2013","2013-10-23 19:00","10","야간","수","1","1","0","0","0","전북","익산시","차대차","측면직각충돌","측면직각충돌","운전자법규위반","신호위반","교차로","교차로내","승용차","중형","승용차","중형","953485","1772407","126.98424387","35.94726248"
"2013","2013-10-23 15:00","25","주간","수","1","1","0","0","0","부산","남구","차대사람","차도통행중","차도통행중","운전자법규위반","안전운전 의무 불이행","단일로","기타단일로","화물차","소형","보행자","보행자","1143076","1683577","129.07048769","35.13724603"
"2013","2013-10-24 01:00","30","야간","목","1","1","0","0","0","경북","청도군","차량단독","공작물충돌","공작물충돌","운전자법규위반","안전운전 의무 불이행","단일로","기타단일로","승합차","소형","00","00","1111023","1739985","128.72641244","35.64980125"
"2013","2013-10-23 17:00","10","주간","수","1","1","0","0","0","인천","부평구","차량단독","기타","기타","운전자법규위반","기타(운전자법규위반)","단일로","기타단일로","승합차","대형","00","00","928846","1942229","126.69525862","37.47655212"
"2013","2013-10-24 04:00","00","야간","목","1","1","0","0","0","서울","강남구","차대차","기타","기타","운전자법규위반","안전운전 의무 불이행","단일로","기타단일로","불명","불명","화물차","중형","957323","1947171","127.01702857","37.52285069"
"2013","2013-11-01 00:00","00","야간","금","1","1","0","0","0","인천","옹진군","차대사람","길가장자리구역통행중","길가장자리구역통행중","운전자법규위반","안전운전 의무 불이행","단일로","교량위","승용차","소형","보행자","보행자","911545","1917813","126.50252884","37.25500835"
"2013","2013-11-01 17:00","45","주간","금","1","1","0","0","0","전남","나주시","차량단독","전도전복","전도전복","운전자법규위반","안전운전 의무 불이행","단일로","기타단일로","승용차","소형","00","00","931672","1658042","126.75199491","34.91486272"
"2013","2013-11-01 01:00","40","야간","금","1","1","0","0","0","경기","김포시","차대사람","기타","기타","운전자법규위반","안전운전 의무 불이행","단일로","기타단일로","승용차","중형","보행자","보행자","920828","1959919","126.58054682","37.63673735"
"2013","2013-11-01 06:00","30","주간","금","1","1","0","0","0","경기","김포시","차대차","추돌","진행중 추돌","운전자법규위반","과속","단일로","기타단일로","승용차","중형","자전거","자전거","926720","1962178","126.6321645","37.64521317"
"2013","2013-11-06 06:00","25","주간","수","1","2","0","1","0","서울","광진구","차대차","추돌","진행중 추돌","운전자법규위반","안전운전 의무 불이행","단일로","기타단일로","승용차","중형","건설기계","건설기계","962592","1947806","127.07662338","37.52880297"
"2013","2013-11-04 12:00","20","주간","월","1","1","0","0","0","서울","강서구","차대사람","횡단중","횡단중","운전자법규위반","안전운전 의무 불이행","단일로","기타단일로","승용차","중형","보행자","보행자","939635","1951910","126.81647647","37.56457494"
"2013","2013-11-01 20:00","12","야간","금","1","1","0","0","0","울산","북구","차대사람","횡단중","횡단중","운전자법규위반","안전운전 의무 불이행","단일로","기타단일로","승용차","대형","보행자","보행자","1167865","1735981","129.35323847","35.6056898"
"2013","2013-11-02 21:00","00","야간","토","1","1","0","0","0","충남","보령시","차대사람","횡단중","횡단중","운전자법규위반","보행자 보호의무 위반","단일로","기타단일로","승용차","소형","보행자","보행자","919610","1817137","126.60409761","36.34828514"
"2013","2013-11-11 06:00","05","주간","월","1","1","0","0","0","경기","구리시","차대사람","횡단중","횡단중","운전자법규위반","안전운전 의무 불이행","단일로","기타단일로","승용차","중형","보행자","보행자","967453","1954963","127.1313204","37.59349618"
"2013","2013-11-14 06:00","03","주간","목","1","1","0","0","0","경북","포항시","차대사람","기타","기타","운전자법규위반","안전운전 의무 불이행","교차로","교차로부근","화물차","중형","보행자","보행자","1169268","1788965","129.37995795","36.0829075"
"2013","2013-12-31 18:00","21","야간","화","1","1","0","0","0","경북","영천시","차대사람","횡단중","횡단중","운전자법규위반","안전운전 의무 불이행","단일로","기타단일로","승용차","중형","보행자","보행자","1127188","1774238","128.9103817","35.95659068"
"2013","2013-12-30 18:00","00","야간","월","1","1","0","0","0","전남","나주시","차대사람","차도통행중","차도통행중","운전자법규위반","안전운전 의무 불이행","단일로","기타단일로","화물차","소형","보행자","보행자","923552","1658742","126.66304697","34.92059472"
"2012","2012-07-30 20:00","00","야간","월","1","1","0","0","0","충남","부여군","차량단독","전도전복","전도전복","운전자법규위반","안전운전 의무 불이행","교차로","교차로부근","이륜차","사발이","00","00","941424","1815950","126.84727507","36.33915983"
"2013","2013-11-29 04:00","30","야간","금","1","1","0","0","0","경기","시흥시","차량단독","전도전복","전도전복","운전자법규위반","안전운전 의무 불이행","단일로","기타단일로","이륜차","소형","00","00","937588","1935760","126.79439904","37.41881393"
"2013","2013-12-01 18:00","20","야간","일","1","1","0","0","0","경기","안성시","차대사람","횡단중","횡단중","운전자법규위반","안전운전 의무 불이행","단일로","기타단일로","승용차","중형","보행자","보행자","982658","1890549","127.30505984","37.01328626"
"2013","2013-11-29 19:00","00","야간","금","1","1","0","0","0","경북","청도군","차대사람","길가장자리구역통행중","길가장자리구역통행중","운전자법규위반","안전운전 의무 불이행","단일로","기타단일로","화물차","소형","보행자","보행자","1110302","1741918","128.71871431","35.66730695"
"2013","2013-11-28 18:00","35","야간","목","1","2","1","0","0","경남","의령군","차대차","추돌","진행중 추돌","운전자법규위반","안전운전 의무 불이행","단일로","기타단일로","화물차","소형","농기계","농기계","1069541","1702692","128.26503734","35.31736549"
"2013","2013-11-29 06:00","45","주간","금","1","1","0","0","0","경북","경주시","차량단독","도로이탈","도로이탈 추락","운전자법규위반","안전운전 의무 불이행","단일로","기타단일로","농기계","농기계","00","00","1156727","1762945","129.23559165","35.85052339"
"2013","2013-11-26 21:00","20","야간","화","1","1","0","0","0","대전","유성구","차대사람","횡단중","횡단중","운전자법규위반","안전운전 의무 불이행","교차로","교차로내","화물차","소형","보행자","보행자","985059","1817101","127.33348258","36.35120306"
"2013","2013-12-05 07:00","35","주간","목","1","1","0","0","0","서울","관악구","차대사람","기타","기타","운전자법규위반","안전운전 의무 불이행","단일로","기타단일로","승용차","중형","보행자","보행자","951566","1942699","126.95217432","37.48225905"
"2013","2013-12-05 06:00","20","주간","목","1","2","1","0","0","충남","서산시","차대사람","횡단중","횡단중","운전자법규위반","안전운전 의무 불이행","단일로","기타단일로","승합차","대형","보행자","보행자","905658","1865468","126.44271133","36.78265274"
"2013","2013-12-04 14:00","55","주간","수","1","1","0","0","0","대구","수성구","차대사람","횡단중","횡단중","운전자법규위반","보행자 보호의무 위반","단일로","횡단보도상","승용차","중형","보행자","보행자","1101468","1760708","128.62350446","35.83763918"
"2013","2013-05-20 16:00","00","주간","월","1","1","0","0","0","전북","정읍시","차대사람","차도통행중","차도통행중","운전자법규위반","안전운전 의무 불이행","교차로","교차로내","승용차","중형","보행자","보행자","958380","1736299","127.04039565","35.62193457"
"2013","2013-05-21 05:00","30","야간","화","1","1","0","0","0","경기","가평군","차량단독","도로이탈","도로이탈 기타","운전자법규위반","안전운전 의무 불이행","단일로","기타단일로","원동기장치자전거","원동기장치자전거","00","00","1000517","1963684","127.5058626","37.67267825"
"2013","2013-05-08 19:00","30","야간","수","1","1","0","0","0","서울","마포구","차대사람","기타","기타","운전자법규위반","안전운전 의무 불이행","단일로","기타단일로","승합차","대형","보행자","보행자","951866","1950244","126.95507313","37.55027958"
"2013","2013-05-08 07:00","24","주간","수","1","1","0","0","0","서울","금천구","차대사람","횡단중","횡단중","운전자법규위반","안전운전 의무 불이행","교차로","교차로내","승용차","중형","보행자","보행자","946618","1942156","126.89789302","37.47877254"
"2013","2013-05-16 20:00","18","야간","목","1","1","0","0","0","충남","논산시","차량단독","공작물충돌","공작물충돌","운전자법규위반","과속","단일로","기타단일로","이륜차","대형","00","00","962940","1802589","127.08765925","36.21977555"
"2013","2013-05-17 00:00","13","야간","금","1","1","0","0","0","경기","양평군","차대사람","차도통행중","차도통행중","운전자법규위반","안전운전 의무 불이행","단일로","기타단일로","승합차","소형","보행자","보행자","1003448","1935995","127.53896897","37.42309458"
"2013","2013-05-17 13:00","20","주간","금","1","3","2","0","0","전북","진안군","차량단독","공작물충돌","공작물충돌","운전자법규위반","안전운전 의무 불이행","단일로","기타단일로","승용차","중형","00","00","998415","1753428","127.48246301","35.77725177"
"2012","2012-04-14 21:00","35","야간","토","1","2","1","0","0","광주","서구","차대차","정면충돌","정면충돌","운전자법규위반","신호위반","교차로","교차로내","승용차","중형","승용차","중형","942785","1682318","126.87197299","35.13444398"
"2012","2012-02-14 02:00","05","야간","화","1","3","2","0","0","부산","금정구","차대차","측면직각충돌","측면직각충돌","운전자법규위반","신호위반","교차로","교차로내","승용차","경형","승용차","중형","1144902","1694935","129.09252084","35.23936195"
"2012","2012-12-07 10:00","50","주간","금","1","1","0","0","0","서울","강서구","차대사람","기타","기타","운전자법규위반","안전운전 의무 불이행","교차로","교차로내","화물차","중형","보행자","보행자","941346","1948478","126.83612363","37.53375296"
"2012","2012-09-22 22:00","35","야간","토","1","2","1","0","0","대구","달서구","차대차","추돌","주정차중 추돌","운전자법규위반","안전운전 의무 불이행","교차로","교차로내","승용차","중형","원동기장치자전거","원동기장치자전거","1092351","1760514","128.52254917","35.83679162"
"2012","2012-08-28 04:00","40","야간","화","1","1","0","0","0","경북","포항시","차대사람","횡단중","횡단중","운전자법규위반","안전운전 의무 불이행","단일로","기타단일로","불명","불명","보행자","보행자","1167084","1784062","129.3546756","36.039104"
"2012","2012-04-04 17:00","15","주간","수","1","1","0","0","0","경기","성남시","차대사람","횡단중","횡단중","운전자법규위반","안전운전 의무 불이행","단일로","횡단보도상","승합차","대형","보행자","보행자","967201","1936829","127.12927522","37.43003717"
"2012","2012-12-27 22:00","00","야간","목","1","1","0","0","0","충남","보령시","차대사람","횡단중","횡단중","운전자법규위반","보행자 보호의무 위반","단일로","횡단보도상","승용차","경형","보행자","보행자","919528","1817042","126.60319368","36.34742192"
"2012","2012-12-27 23:00","14","야간","목","1","1","0","0","0","전남","여수시","차대사람","기타","기타","운전자법규위반","안전운전 의무 불이행","단일로","기타단일로","승용차","중형","보행자","보행자","1014906","1641613","127.66289374","34.76890446"
"2012","2012-12-10 15:00","47","주간","월","1","1","0","0","0","전북","전주시","차대사람","기타","기타","운전자법규위반","안전운전 의무 불이행","단일로","기타단일로","화물차","중형","보행자","보행자","960345","1766371","127.06060615","35.89314586"
"2012","2012-12-10 13:00","00","주간","월","1","3","1","1","0","전북","전주시","차대차","정면충돌","정면충돌","운전자법규위반","중앙선 침범","단일로","기타단일로","승용차","중형","승용차","소형","964693","1759482","127.10908782","35.83120163"
"2012","2012-12-11 13:00","40","주간","화","1","1","0","0","0","경남","고성군","차대차","정면충돌","정면충돌","운전자법규위반","중앙선 침범","단일로","기타단일로","원동기장치자전거","원동기장치자전거","특수차","대형","1082475","1665947","128.40264079","34.97868174"
"2012","2012-12-11 00:00","10","야간","화","1","1","0","0","0","서울","은평구","차대사람","횡단중","횡단중","운전자법규위반","안전운전 의무 불이행","단일로","기타단일로","승합차","대형","보행자","보행자","946724","1953741","126.89660898","37.58151528"
"2012","2012-12-15 06:00","30","주간","토","1","1","0","0","0","전북","부안군","차대사람","횡단중","횡단중","운전자법규위반","과속","단일로","기타단일로","승용차","대형","보행자","보행자","925482","1743068","126.67650722","35.68102729"
"2012","2012-12-11 19:00","10","야간","화","1","1","0","0","0","광주","서구","차대사람","횡단중","횡단중","운전자법규위반","안전운전 의무 불이행","단일로","기타단일로","승용차","중형","보행자","보행자","941243","1684452","126.85489618","35.15359663"
"2012","2012-12-16 10:00","40","주간","일","1","6","2","3","0","충북","보은군","차대차","정면충돌","정면충돌","운전자법규위반","중앙선 침범","단일로","기타단일로","승용차","소형","승용차","대형","1028376","1836404","127.81695575","36.52491995"
"2012","2012-12-12 07:00","45","주간","수","1","1","0","0","0","전남","진도군","차대사람","기타","기타","운전자법규위반","안전운전 의무 불이행","단일로","기타단일로","화물차","중형","보행자","보행자","886666","1610634","126.26574746","34.48341178"
"2012","2012-12-13 01:00","20","야간","목","1","2","0","1","0","경기","평택시","차대차","추돌","진행중 추돌","운전자법규위반","안전운전 의무 불이행","단일로","기타단일로","화물차","소형","화물차","대형","942846","1886087","126.85661608","36.9707866"
"2012","2012-12-08 23:00","18","야간","토","1","1","0","0","0","광주","동구","차대차","측면직각충돌","측면직각충돌","운전자법규위반","신호위반","교차로","교차로내","자전거","자전거","승용차","소형","947231","1684972","126.92060312","35.15861753"
"2012","2012-12-21 17:00","45","주간","금","1","1","0","0","0","충남","태안군","차대사람","횡단중","횡단중","운전자법규위반","안전운전 의무 불이행","단일로","기타단일로","화물차","소형","보행자","보행자","891872","1854766","126.28975637","36.68472419"
"2012","2012-12-26 21:00","25","야간","수","1","1","0","0","0","경기","평택시","차대사람","횡단중","횡단중","운전자법규위반","안전운전 의무 불이행","교차로","교차로내","승용차","소형","보행자","보행자","961837","1892366","127.07092473","37.02904977"
"2012","2012-12-18 03:00","20","야간","화","1","1","0","0","0","강원","춘천시","차대사람","차도통행중","차도통행중","운전자법규위반","안전운전 의무 불이행","단일로","기타단일로","승용차","중형","보행자","보행자","1021121","1986119","127.74015701","37.87464566"
"2012","2012-12-18 13:00","45","주간","화","1","1","0","0","0","경북","영주시","차량단독","도로이탈","도로이탈 추락","운전자법규위반","안전운전 의무 불이행","단일로","기타단일로","건설기계","건설기계","00","00","1108509","1860959","128.71538612","36.74049726"
"2012","2012-12-18 18:00","50","야간","화","1","1","0","0","0","경남","김해시","차대차","측면직각충돌","측면직각충돌","운전자법규위반","안전운전 의무 불이행","교차로","교차로부근","승용차","대형","승용차","중형","1123497","1703818","128.78091537","35.33047425"
"2012","2012-12-21 01:00","00","야간","금","1","1","0","0","0","강원","원주시","차대사람","횡단중","횡단중","운전자법규위반","안전운전 의무 불이행","교차로","교차로부근","승용차","중형","보행자","보행자","1040746","1925561","127.95992612","37.32815654"
"2012","2012-12-07 01:00","30","야간","금","1","2","0","1","0","경기","부천시","차대차","기타","기타","운전자법규위반","차로위반(진로변경 위반)","교차로","교차로내","승용차","경형","승용차","소형","934686","1946454","126.76092773","37.51506309"