"발생년","발생년월일시","발생분","주야","요일","사망자수","사상자수","중상자수","경상자수","부상신고자수","발생지시도","발생지시군구","사고유형_대분류","사고유형_중분류","사고유형","법규위반_대분류","법규위반","도로형태_대분류","도로형태","당사자종별_1당_대분류","당사자종별_1당","당사자종별_2당_대분류","당사자종별_2당","발생위치X_UTMK","발생위치Y_UTMK","경도","위도"
"2012","2012-12-07 23:00","59","야간","금","1","2","1","0","0","부산","사상구","차대차","기타","기타","운전자법규위반","과속","단일로","교량위","승용차","소형","화물차","중형","1135802","1686219","128.99110308","35.16206977"
"2012","2012-12-07 17:00","33","주간","금","1","1","0","0","0","부산","강서구","차대사람","기타","기타","운전자법규위반","안전운전 의무 불이행","단일로","기타단일로","화물차","소형","보행자","보행자","1126385","1678062","128.88648562","35.08976609"
"2012","2012-12-03 10:00","21","주간","월","1","1","0","0","0","전남","영암군","차대차","측면직각충돌","측면직각충돌","운전자법규위반","중앙선 침범","교차로","교차로부근","원동기장치자전거","원동기장치자전거","화물차","소형","926262","1644973","126.6939255","34.79664373"
"2012","2012-12-04 08:00","43","주간","화","1","1","0","0","0","전북","완주군","차대사람","횡단중","횡단중","운전자법규위반","안전운전 의무 불이행","교차로","교차로부근","승합차","대형","보행자","보행자","961644","1768231","127.07507095","35.91087831"
"2012","2012-12-04 11:00","30","주간","화","1","1","0","0","0","대구","수성구","차대차","기타","기타","운전자법규위반","안전운전 의무 불이행","교차로","교차로부근","화물차","소형","자전거","자전거","1100774","1758149","128.61549858","35.81464269"
"2012","2012-12-02 19:00","25","야간","일","1","2","1","0","0","경기","광주시","차대차","측면직각충돌","측면직각충돌","운전자법규위반","중앙선 침범","단일로","기타단일로","승용차","중형","화물차","소형","969702","1929046","127.21244715","37.34882"
"2012","2012-12-04 15:00","50","주간","화","1","1","0","0","0","경기","화성시","차대사람","횡단중","횡단중","운전자법규위반","안전운전 의무 불이행","단일로","기타단일로","승용차","중형","보행자","보행자","959310","1912175","127.03714614","37.21646246"
"2012","2012-12-04 14:00","48","주간","화","1","2","1","0","0","경기","양주시","차대사람","횡단중","횡단중","운전자법규위반","신호위반","교차로","교차로내","건설기계","건설기계","보행자","보행자","954872","1979797","126.98722567","37.81701878"
"2012","2012-12-04 09:00","17","주간","화","1","1","0","0","0","경기","용인시","차대사람","횡단중","횡단중","운전자법규위반","안전운전 의무 불이행","교차로","교차로내","화물차","소형","보행자","보행자","974167","1914955","127.20877246","37.23308986"
"2012","2012-12-03 22:00","52","야간","월","1","2","0","0","1","경북","경주시","차대차","추돌","진행중 추돌","운전자법규위반","안전운전 의무 불이행","단일로","기타단일로","승용차","중형","화물차","대형","1161570","1779410","129.27217518","35.98754472"
"2012","2012-12-04 00:00","15","야간","화","1","1","0","0","0","광주","북구","차대사람","횡단중","횡단중","운전자법규위반","보행자 보호의무 위반","단일로","횡단보도상","승합차","대형","보행자","보행자","945438","1688163","126.90161799","35.18725347"
"2012","2012-06-09 12:00","40","주간","토","1","1","0","0","0","경기","파주시","차대차","측면직각충돌","측면직각충돌","운전자법규위반","신호위반","교차로","교차로내","자전거","자전거","승용차","중형","937461","1984714","126.78904227","37.86008079"
"2012","2012-04-28 23:00","10","야간","토","1","2","1","0","0","대구","수성구","차량단독","공작물충돌","공작물충돌","운전자법규위반","안전운전 의무 불이행","단일로","기타단일로","이륜차","소형","00","00","1104190","1758375","128.65333405","35.81632313"
"2012","2012-11-08 22:00","30","야간","목","1","1","0","0","0","충남","아산시","차대차","정면충돌","정면충돌","운전자법규위반","중앙선 침범","기타/불명","기타/불명","승용차","중형","이륜차","소형","965099","1872868","127.10849957","36.85341574"
"2012","2012-11-19 11:00","20","주간","월","1","1","0","0","0","경남","양산시","차대차","추돌","진행중 추돌","운전자법규위반","안전거리 미확보","단일로","기타단일로","원동기장치자전거","원동기장치자전거","화물차","소형","1147851","1706795","129.12705815","35.34582971"
"2012","2012-11-21 04:00","36","야간","수","1","1","0","0","0","인천","강화군","차대사람","기타","기타","운전자법규위반","안전운전 의무 불이행","단일로","기타단일로","승용차","소형","보행자","보행자","904021","1975549","126.410156","37.77458128"
"2012","2012-11-20 18:00","25","야간","화","1","1","0","0","0","경기","평택시","차대사람","기타","기타","운전자법규위반","안전운전 의무 불이행","단일로","기타단일로","승용차","중형","보행자","보행자","943562","1887853","126.86580243","36.98744939"
"2012","2012-11-20 21:00","58","야간","화","1","1","0","0","0","경기","평택시","차대차","기타","기타","운전자법규위반","안전운전 의무 불이행","단일로","기타단일로","승용차","소형","특수차","대형","944324","1887548","126.87438712","36.98474558"
"2012","2012-11-22 05:00","35","야간","목","1","1","0","0","0","충북","제천시","차대사람","횡단중","횡단중","운전자법규위반","보행자 보호의무 위반","교차로","교차로부근","승용차","소형","보행자","보행자","1063376","1904611","128.21356857","37.1380578"
"2012","2012-11-17 03:00","10","야간","토","1","2","1","0","0","충남","태안군","차량단독","공작물충돌","공작물충돌","운전자법규위반","안전운전 의무 불이행","단일로","기타단일로","승용차","소형","00","00","895618","1842710","126.34294346","36.51394136"
"2012","2012-11-17 22:00","20","야간","토","1","1","0","0","0","경남","합천군","차량단독","전도전복","전도전복","운전자법규위반","안전운전 의무 불이행","단일로","기타단일로","화물차","소형","00","00","1045525","1720880","128.00185818","35.4827405"
"2012","2012-11-18 08:00","54","주간","일","1","1","0","0","0","경남","창녕군","차대차","측면직각충돌","측면직각충돌","운전자법규위반","안전운전 의무 불이행","교차로","교차로내","승용차","중형","원동기장치자전거","원동기장치자전거","1089115","1728512","128.48317625","35.54859086"
"2012","2012-11-18 20:00","55","야간","일","1","1","0","0","0","전북","전주시","차대사람","횡단중","횡단중","운전자법규위반","안전운전 의무 불이행","단일로","기타단일로","승용차","중형","보행자","보행자","963032","1762784","127.09054497","35.86091107"
"2012","2012-11-03 05:00","55","야간","토","1","1","0","0","0","서울","서초구","차량단독","공작물충돌","공작물충돌","운전자법규위반","안전운전 의무 불이행","단일로","기타단일로","승용차","대형","00","00","957249","1945053","127.01631436","37.50375704"
"2012","2012-10-30 18:00","20","야간","화","1","1","0","0","0","경남","김해시","차대사람","기타","기타","운전자법규위반","안전운전 의무 불이행","교차로","교차로내","승용차","중형","보행자","보행자","1122983","1691250","128.85113795","35.20907302"
"2012","2012-11-04 13:00","00","주간","일","1","1","0","0","0","전남","보성군","차량단독","도로이탈","도로이탈 기타","운전자법규위반","안전운전 의무 불이행","단일로","기타단일로","원동기장치자전거","원동기장치자전거","00","00","979198","1645586","127.27257645","34.80462849"
"2012","2012-10-31 12:00","58","주간","수","1","1","0","0","0","경기","파주시","차대사람","횡단중","횡단중","운전자법규위반","안전운전 의무 불이행","교차로","교차로내","승합차","대형","보행자","보행자","938677","1970803","126.80404235","37.73478995"
"2012","2012-10-31 18:00","12","야간","수","1","1","0","0","0","울산","중구","차대사람","기타","기타","운전자법규위반","안전운전 의무 불이행","교차로","교차로부근","승용차","중형","보행자","보행자","1164222","1732354","129.31230073","35.5736149"
"2012","2012-11-04 15:00","15","주간","일","3","4","1","0","0","전남","장성군","차량단독","전도전복","전도전복","운전자법규위반","안전운전 의무 불이행","교차로","교차로부근","승용차","중형","00","00","931020","1698983","126.74144603","35.28396329"
"2012","2012-11-05 00:00","58","야간","월","1","1","0","0","0","경기","의정부시","차대사람","횡단중","횡단중","운전자법규위반","과속","교차로","교차로부근","승용차","중형","보행자","보행자","960735","1966815","127.05458599","37.70005804"
"2012","2012-11-03 17:00","20","주간","토","1","1","0","0","0","강원","강릉시","차대사람","횡단중","횡단중","운전자법규위반","안전운전 의무 불이행","단일로","기타단일로","이륜차","소형","보행자","보행자","1122097","1974199","128.88611625","37.75930128"
"2012","2012-11-05 16:00","38","주간","월","1","1","0","0","0","전남","여수시","차대차","측면직각충돌","측면직각충돌","운전자법규위반","안전거리 미확보","단일로","기타단일로","원동기장치자전거","원동기장치자전거","승합차","중형","1020687","1640063","127.72603041","34.75482608"
"2012","2012-11-05 11:00","45","주간","월","1","1","0","0","0","경기","여주시","차대차","측면직각충돌","측면직각충돌","운전자법규위반","안전운전 의무 불이행","교차로","교차로부근","화물차","경형","자전거","자전거","1013092","1921654","127.61409125","37.30277386"
"2012","2012-11-01 22:00","00","야간","목","1","1","0","0","0","충남","홍성군","차대사람","차도통행중","차도통행중","운전자법규위반","안전운전 의무 불이행","단일로","기타단일로","승용차","중형","보행자","보행자","926567","1844116","126.67906142","36.59203827"
"2012","2012-11-02 11:00","38","주간","금","1","1","0","0","0","인천","남동구","차대차","측면직각충돌","측면직각충돌","운전자법규위반","중앙선 침범","단일로","기타단일로","화물차","소형","승합차","중형","933419","1939229","126.74724549","37.44985422"
"2012","2012-12-31 16:00","55","주간","토","1","1","0","0","0","경기","남양주시","차대사람","횡단중","횡단중","운전자법규위반","보행자 보호의무 위반","교차로","교차로내","화물차","중형","보행자","보행자","982940","1961530","127.30659642","37.65310495"
"2012","2012-12-30 21:00","46","야간","일","1","1","0","0","0","경남","산청군","차량단독","공작물충돌","공작물충돌","운전자법규위반","안전운전 의무 불이행","단일로","기타단일로","화물차","소형","00","00","1024085","1696757","127.76479982","35.26598002"
"2012","2012-12-29 00:00","15","야간","토","1","1","0","0","0","충북","충주시","차량단독","공작물충돌","공작물충돌","운전자법규위반","안전운전 의무 불이행","단일로","기타단일로","승용차","소형","00","00","1016320","1889258","127.68342403","37.00166702"
"2012","2012-12-27 18:00","30","야간","목","1","1","0","0","0","경남","창원시(통합)","차대사람","횡단중","횡단중","운전자법규위반","안전운전 의무 불이행","단일로","횡단보도부근","승용차","중형","보행자","보행자","1105748","1703649","128.66342222","35.32281713"
"2012","2012-12-28 03:00","19","야간","금","1","1","0","0","0","전북","익산시","차대사람","차도통행중","차도통행중","운전자법규위반","안전운전 의무 불이행","단일로","기타단일로","승용차","대형","보행자","보행자","946734","1767908","126.909694","35.90635644"
"2012","2012-12-27 22:00","15","야간","목","1","1","0","0","0","경남","양산시","차대사람","기타","기타","운전자법규위반","안전운전 의무 불이행","교차로","교차로부근","화물차","소형","보행자","보행자","1150049","1710778","129.15299679","35.38645381"
"2012","2012-12-14 00:00","10","야간","금","1","1","0","0","0","경남","김해시","차대사람","기타","기타","운전자법규위반","과속","교차로","교차로내","승용차","중형","보행자","보행자","1136685","1697985","129.00274921","35.26800897"
"2012","2012-12-09 03:00","40","야간","일","1","1","0","0","0","인천","부평구","차대차","측면직각충돌","측면직각충돌","운전자법규위반","안전운전 의무 불이행","단일로","기타단일로","승용차","경형","승용차","중형","931442","1946730","126.72440041","37.5173346"
"2012","2012-12-14 04:00","35","야간","금","1","2","0","1","0","전북","임실군","차량단독","도로이탈","도로이탈 기타","운전자법규위반","안전운전 의무 불이행","단일로","기타단일로","승용차","대형","00","00","977384","1731898","127.25037513","35.58287094"
"2012","2012-12-14 16:00","40","주간","금","1","1","0","0","0","서울","동대문구","차대사람","횡단중","횡단중","운전자법규위반","안전운전 의무 불이행","단일로","횡단보도상","승용차","대형","보행자","보행자","958553","1953007","127.03061818","37.57550834"
"2013","2013-06-01 02:00","23","야간","토","1","2","0","1","0","경북","구미시","차대차","추돌","진행중 추돌","운전자법규위반","안전운전 의무 불이행","단일로","기타단일로","특수차","대형","화물차","대형","1068468","1801804","128.26170558","36.21098464"
"2013","2013-01-04 18:00","20","야간","금","1","1","0","0","0","경남","진주시","차대사람","길가장자리구역통행중","길가장자리구역통행중","운전자법규위반","안전운전 의무 불이행","교차로","교차로내","승용차","소형","보행자","보행자","1054038","1688413","128.09355515","35.18957656"
"2013","2013-01-11 06:00","40","주간","금","1","1","0","0","0","충남","천안시","차대사람","횡단중","횡단중","운전자법규위반","안전운전 의무 불이행","교차로","교차로부근","화물차","중형","보행자","보행자","965497","1865248","127.11330974","36.78473988"
"2013","2013-01-18 18:00","50","야간","금","1","1","0","0","0","전남","광양시","차대사람","차도통행중","차도통행중","운전자법규위반","안전운전 의무 불이행","교차로","교차로부근","승용차","중형","보행자","보행자","1020599","1661860","127.72560482","34.95138427"
"2013","2013-01-23 22:00","40","야간","수","1","1","0","0","0","경기","화성시","차대차","추돌","주정차중 추돌","운전자법규위반","안전운전 의무 불이행","고가도로위","고가도로위","승용차","대형","승합차","대형","946683","1914671","126.89104402","37.24785058"
"2013","2013-01-24 06:00","50","주간","목","1","1","0","0","0","전남","목포시","차대사람","기타","기타","운전자법규위반","안전운전 의무 불이행","단일로","기타단일로","원동기장치자전거","원동기장치자전거","보행자","보행자","898985","1646048","126.39565736","34.80399613"
"2013","2013-01-24 07:00","55","주간","목","1","2","1","0","0","경북","칠곡군","차대차","추돌","진행중 추돌","운전자법규위반","중앙선 침범","단일로","기타단일로","승용차","중형","승용차","중형","1081872","1771562","128.40762604","35.93046873"
"2013","2013-01-30 08:00","45","주간","수","1","1","0","0","0","충남","보령시","차량단독","전도전복","전도전복","운전자법규위반","안전운전 의무 불이행","단일로","기타단일로","승용차","소형","00","00","924322","1811349","126.657167","36.29649148"
"2013","2013-01-30 13:00","50","주간","수","1","1","0","0","0","경기","화성시","차대차","추돌","주정차중 추돌","운전자법규위반","안전운전 의무 불이행","기타/불명","기타/불명","화물차","대형","화물차","소형","949689","1898609","126.94076794","37.09272504"
"2013","2013-02-02 13:00","30","주간","토","1","1","0","0","0","인천","남동구","차대사람","기타","기타","운전자법규위반","안전운전 의무 불이행","단일로","기타단일로","건설기계","건설기계","보행자","보행자","929938","1934038","126.70838598","37.40281096"
"2013","2013-02-01 00:00","45","야간","금","1","1","0","0","0","강원","원주시","차대차","기타","기타","운전자법규위반","안전운전 의무 불이행","교차로","교차로내","승용차","중형","승용차","중형","1039527","1927343","127.94626189","37.34427154"
"2013","2013-02-02 07:00","25","주간","토","1","3","2","0","0","경북","김천시","차대차","측면직각충돌","측면직각충돌","운전자법규위반","중앙선 침범","단일로","기타단일로","승합차","중형","화물차","소형","1049732","1782071","128.05203132","36.03423009"
"2013","2013-02-11 19:00","25","야간","월","1","1","0","0","0","충북","영동군","차대차","정면충돌","정면충돌","운전자법규위반","중앙선 침범","단일로","기타단일로","승용차","소형","이륜차","소형","1016040","1789477","127.67819984","36.10213958"
"2013","2013-02-11 16:00","20","주간","월","1","1","0","0","0","충북","충주시","차량단독","공작물충돌","공작물충돌","운전자법규위반","안전운전 의무 불이행","단일로","기타단일로","원동기장치자전거","원동기장치자전거","00","00","1028900","1900740","127.82525318","37.1048654"
"2013","2013-02-10 19:00","25","야간","일","1","1","0","0","0","충남","논산시","차대사람","길가장자리구역통행중","길가장자리구역통행중","운전자법규위반","안전운전 의무 불이행","교차로","교차로내","승용차","중형","보행자","보행자","973359","1797580","127.2037527","36.17496008"
"2013","2013-02-08 12:00","05","주간","금","1","1","0","0","0","울산","중구","차대사람","기타","기타","운전자법규위반","안전운전 의무 불이행","단일로","기타단일로","승합차","소형","보행자","보행자","1165040","1730844","129.32101583","35.55987071"
"2013","2013-02-08 18:00","30","야간","금","1","3","1","1","0","경북","구미시","차대차","측면직각충돌","측면직각충돌","운전자법규위반","안전운전 의무 불이행","교차로","교차로내","승용차","소형","화물차","소형","1074141","1802063","128.32483647","36.21290113"
"2013","2013-02-19 02:00","30","야간","화","1","1","0","0","0","경북","경주시","차대차","기타","기타","운전자법규위반","안전운전 의무 불이행","교차로","교차로내","특수차","대형","승합차","소형","1156742","1760371","129.23525228","35.827324"
"2013","2013-02-20 13:00","49","주간","수","1","3","2","0","0","경남","하동군","차량단독","기타","기타","운전자법규위반","안전운전 의무 불이행","단일로","기타단일로","승합차","중형","00","00","1016247","1683495","127.67836459","35.14655327"
"2013","2013-02-14 15:00","20","주간","목","1","1","0","0","0","전북","군산시","차대차","기타","기타","운전자법규위반","신호위반","교차로","교차로내","이륜차","소형","승용차","중형","931268","1774429","126.73774411","35.96418002"
"2013","2013-02-14 06:00","38","주간","목","1","1","0","0","0","제주","제주시","차대사람","횡단중","횡단중","운전자법규위반","안전운전 의무 불이행","단일로","횡단보도상","승용차","소형","보행자","보행자","941526","1503182","126.87033919","33.51894455"
"2013","2013-02-17 01:00","55","야간","일","1","2","0","1","0","경기","오산시","차대차","기타","기타","운전자법규위반","신호위반","교차로","교차로내","화물차","소형","화물차","소형","961687","1904933","127.06859678","37.14232314"
"2013","2013-02-16 13:00","10","주간","토","1","5","1","3","0","전남","함평군","차대차","추돌","진행중 추돌","운전자법규위반","안전운전 의무 불이행","단일로","기타단일로","승용차","중형","농기계","농기계","907973","1688065","126.48925716","35.18367544"
"2013","2013-02-14 01:00","25","야간","목","1","1","0","0","0","강원","속초시","차대사람","길가장자리구역통행중","길가장자리구역통행중","운전자법규위반","안전운전 의무 불이행","단일로","기타단일로","승용차","중형","보행자","보행자","1094851","2023260","128.58334244","38.20463765"
"2013","2013-02-13 20:00","20","야간","수","1","1","0","0","0","강원","동해시","차대사람","횡단중","횡단중","운전자법규위반","안전운전 의무 불이행","단일로","기타단일로","승용차","중형","보행자","보행자","1141516","1950145","129.10183539","37.53977859"
"2013","2013-02-13 14:00","47","주간","수","1","1","0","0","0","경북","고령군","차대사람","길가장자리구역통행중","길가장자리구역통행중","운전자법규위반","과속","단일로","기타단일로","화물차","소형","보행자","보행자","1063487","1742279","128.20146034","35.67480358"
"2013","2013-02-13 20:00","14","야간","수","1","1","0","0","0","경기","용인시","차대사람","횡단중","횡단중","운전자법규위반","안전운전 의무 불이행","단일로","기타단일로","승용차","중형","보행자","보행자","985464","1909086","127.33635671","37.18024721"
"2013","2013-02-24 18:00","30","야간","일","1","1","0","0","0","충남","천안시","차대사람","기타","기타","운전자법규위반","안전운전 의무 불이행","단일로","기타단일로","승용차","중형","보행자","보행자","967521","1879695","127.13542417","36.91891095"
"2013","2013-02-23 17:00","25","주간","토","1","1","0","0","0","경남","창원시(통합)","차대차","추돌","진행중 추돌","운전자법규위반","안전운전 의무 불이행","단일로","기타단일로","승용차","소형","농기계","농기계","1098837","1678804","128.58441826","35.09953465"
"2013","2013-02-26 06:00","15","주간","화","1","1","0","0","0","부산","기장군","차대차","추돌","진행중 추돌","운전자법규위반","안전운전 의무 불이행","단일로","기타단일로","승용차","경형","건설기계","건설기계","1148891","1707848","129.13869063","35.35516605"
"2013","2013-02-23 21:00","42","야간","토","1","1","0","0","0","경기","수원시","차대사람","기타","기타","운전자법규위반","안전운전 의무 불이행","단일로","기타단일로","승용차","경형","보행자","보행자","962939","1918722","127.08219692","37.26880934"
"2013","2013-02-23 19:00","35","야간","토","1","1","0","0","0","경북","봉화군","차대사람","길가장자리구역통행중","길가장자리구역통행중","운전자법규위반","안전운전 의무 불이행","단일로","기타단일로","승용차","중형","보행자","보행자","1135368","1874832","128.99297714","36.95654456"
"2012","2012-11-28 09:00","15","주간","수","1","1","0","0","0","서울","강서구","차대사람","보도통행중","보도통행중","운전자법규위반","보행자 보호의무 위반","단일로","횡단보도상","화물차","소형","보행자","보행자","942715","1950603","126.85145186","37.55299171"
"2012","2012-11-29 08:00","00","주간","목","1","7","1","5","0","제주","제주시","차대차","측면직각충돌","측면직각충돌","운전자법규위반","교차로 통행방법 위반","교차로","교차로내","승합차","소형","승용차","소형","915148","1503177","126.5863222","33.51713007"
"2012","2012-11-28 20:00","15","야간","수","1","1","0","0","0","서울","노원구","차대사람","횡단중","횡단중","운전자법규위반","신호위반","교차로","교차로내","승합차","대형","보행자","보행자","960742","1958929","127.05508985","37.6289807"
"2012","2012-11-25 02:00","54","야간","일","1","1","0","0","0","제주","서귀포시","차대사람","횡단중","횡단중","운전자법규위반","안전운전 의무 불이행","단일로","기타단일로","승용차","중형","보행자","보행자","945851","1495425","126.916006","33.44845546"
"2012","2012-11-12 06:00","55","주간","월","1","1","0","0","0","대구","중구","차대사람","횡단중","횡단중","운전자법규위반","신호위반","단일로","기타단일로","승용차","중형","보행자","보행자","1097944","1763779","128.58486844","35.86568128"
"2012","2012-11-08 07:00","15","주간","목","1","1","0","0","0","서울","동대문구","차대차","추돌","주정차중 추돌","운전자법규위반","안전운전 의무 불이행","단일로","기타단일로","이륜차","중형","승용차","대형","962639","1952746","127.07690368","37.57333079"
"2012","2012-11-10 02:00","45","야간","토","3","5","2","0","0","충북","청주시","차량단독","공작물충돌","공작물충돌","운전자법규위반","중앙선 침범","단일로","기타단일로","승용차","중형","00","00","993798","1847504","127.43063467","36.62538822"
"2012","2012-11-07 11:00","12","주간","수","1","1","0","0","0","강원","강릉시","차대사람","기타","기타","운전자법규위반","안전운전 의무 불이행","교차로","교차로부근","승합차","소형","보행자","보행자","1123069","1973749","128.89707169","37.75511623"
"2012","2012-11-12 18:00","43","야간","월","1","1","0","0","0","제주","서귀포시","차대사람","횡단중","횡단중","운전자법규위반","안전운전 의무 불이행","단일로","기타단일로","화물차","소형","보행자","보행자","945420","1495105","126.91276043","33.4463025"
"2012","2012-11-12 21:00","30","야간","월","1","3","1","1","0","경북","포항시","차량단독","도로이탈","도로이탈 추락","운전자법규위반","안전운전 의무 불이행","단일로","기타단일로","화물차","소형","00","00","1180977","1767068","129.504934","35.88349621"
"2012","2012-09-23 16:00","30","주간","일","1","1","0","0","0","경기","안성시","차대차","정면충돌","정면충돌","운전자법규위반","중앙선 침범","단일로","기타단일로","자전거","자전거","건설기계","건설기계","982098","1887857","127.29882889","36.98900906"
"2012","2012-09-23 08:00","40","주간","일","1","1","0","0","0","서울","동대문구","차대사람","횡단중","횡단중","운전자법규위반","신호위반","단일로","횡단보도상","자전거","자전거","보행자","보행자","959929","1953599","127.04616836","37.58090512"
"2012","2012-09-23 19:00","55","야간","일","1","2","1","0","0","충남","천안시","차대사람","횡단중","횡단중","운전자법규위반","안전운전 의무 불이행","단일로","기타단일로","승합차","소형","보행자","보행자","969739","1869560","127.16067943","36.82375575"
"2012","2012-10-27 22:00","25","야간","토","1","1","0","0","0","전북","전주시","차대사람","횡단중","횡단중","운전자법규위반","보행자 보호의무 위반","단일로","기타단일로","승용차","중형","보행자","보행자","965242","1761027","127.11509884","35.84515095"
"2012","2012-10-24 03:00","15","야간","수","1","1","0","0","0","대전","유성구","차량단독","공작물충돌","공작물충돌","운전자법규위반","안전운전 의무 불이행","교차로","교차로내","승용차","소형","00","00","989046","1824430","127.37781425","36.41733017"
"2012","2012-10-24 07:00","06","주간","수","1","2","0","1","0","광주","광산구","차대사람","보도통행중","보도통행중","운전자법규위반","기타(운전자법규위반)","단일로","기타단일로","승용차","소형","보행자","보행자","936610","1686654","126.80408277","35.17323391"
"2012","2012-10-28 22:00","12","야간","일","1","1","0","0","0","대구","남구","차대사람","횡단중","횡단중","운전자법규위반","안전운전 의무 불이행","단일로","기타단일로","승용차","중형","보행자","보행자","1097813","1762754","128.58329191","35.85645448"
"2012","2012-10-29 12:00","30","주간","월","1","1","0","0","0","경북","포항시","차대사람","기타","기타","운전자법규위반","안전운전 의무 불이행","교차로","교차로부근","화물차","경형","보행자","보행자","1168176","1783387","129.36664773","36.03283344"
"2012","2012-10-25 06:00","45","주간","목","1","2","1","0","0","경기","안성시","차대차","기타","기타","운전자법규위반","중앙선 침범","단일로","기타단일로","화물차","소형","화물차","중형","994550","1891957","127.43287267","37.03484556"
"2012","2012-10-21 23:00","13","야간","일","1","1","0","0","0","부산","수영구","차대차","기타","기타","운전자법규위반","안전운전 의무 불이행","단일로","횡단보도상","화물차","소형","승용차","중형","1147070","1685099","129.11458392","35.15038878"
"2012","2012-10-22 01:00","55","야간","월","1","1","0","0","0","충북","충주시","차량단독","공작물충돌","공작물충돌","운전자법규위반","안전운전 의무 불이행","단일로","기타단일로","화물차","경형","00","00","1043156","1876230","127.98428907","36.88338081"
"2012","2012-10-12 11:00","18","주간","금","1","1","0","0","0","전북","정읍시","차대차","정면충돌","정면충돌","운전자법규위반","직진 및 우회전차의 통행방해","교차로","교차로내","승합차","대형","이륜차","소형","940520","1730404","126.84361386","35.56787173"
"2012","2012-10-08 05:00","34","야간","월","1","1","0","0","0","대전","중구","차대차","측면직각충돌","측면직각충돌","운전자법규위반","안전운전 의무 불이행","단일로","기타단일로","승합차","중형","자전거","자전거","994632","1812572","127.44020476","36.31047318"
"2012","2012-10-08 18:00","50","야간","월","1","1","0","0","0","충남","태안군","차대차","기타","기타","운전자법규위반","안전운전 의무 불이행","단일로","기타단일로","승용차","중형","승용차","대형","898118","1848096","126.36053934","36.62529636"
"2012","2012-10-10 06:00","28","주간","수","1","1","0","0","0","경기","수원시","차대사람","횡단중","횡단중","운전자법규위반","안전운전 의무 불이행","단일로","기타단일로","승용차","소형","보행자","보행자","957626","1922012","127.02216241","37.29576182"
"2012","2012-10-10 16:00","20","주간","수","1","1","0","0","0","전북","정읍시","차량단독","공작물충돌","공작물충돌","운전자법규위반","안전운전 의무 불이행","단일로","기타단일로","승용차","대형","00","00","943108","1731875","126.87206843","35.58128643"
"2012","2012-10-10 20:00","05","야간","수","1","1","0","0","0","전북","완주군","차대사람","보도통행중","보도통행중","운전자법규위반","신호위반","단일로","횡단보도상","승용차","중형","보행자","보행자","974733","1750280","127.22053793","35.74854514"
"2012","2012-10-13 09:00","30","주간","토","1","1","0","0","0","경기","파주시","차대사람","횡단중","횡단중","운전자법규위반","안전운전 의무 불이행","단일로","교량위","화물차","중형","보행자","보행자","946965","1983388","126.89717726","37.84873283"
"2012","2012-10-06 13:00","47","주간","토","1","1","0","0","0","전북","남원시","차대차","측면직각충돌","측면직각충돌","운전자법규위반","신호위반","교차로","교차로내","건설기계","건설기계","이륜차","중형","985476","1708150","127.34050034","35.36884975"
"2012","2012-10-18 15:00","10","주간","목","1","1","0","0","0","경기","안산시","차대사람","횡단중","횡단중","운전자법규위반","안전운전 의무 불이행","교차로","교차로내","승합차","대형","보행자","보행자","943537","1924010","126.86279274","37.31335422"
"2012","2012-10-14 18:00","30","야간","일","1","1","0","0","0","강원","홍천군","차대사람","횡단중","횡단중","운전자법규위반","보행자 보호의무 위반","단일로","횡단보도상","화물차","소형","보행자","보행자","1030903","1963293","127.85040969","37.66863365"
"2012","2012-10-15 06:00","15","주간","월","1","1","0","0","0","경기","안성시","차대차","측면직각충돌","측면직각충돌","운전자법규위반","안전운전 의무 불이행","교차로","교차로내","화물차","소형","자전거","자전거","982642","1888981","127.3049161","36.99915143"
"2012","2012-10-18 19:00","55","야간","목","1","1","0","0","0","경남","함안군","차대사람","기타","기타","운전자법규위반","안전운전 의무 불이행","단일로","기타단일로","건설기계","건설기계","보행자","보행자","1076821","1696562","128.34454474","35.26156403"
"2012","2012-10-18 12:00","54","주간","목","1","1","0","0","0","강원","화천군","차량단독","도로이탈","도로이탈 추락","운전자법규위반","안전운전 의무 불이행","단일로","기타단일로","승용차","중형","00","00","1030691","2023361","127.85056809","38.21002315"
"2012","2012-10-19 14:00","30","주간","금","1","2","0","1","0","경기","고양시","차대사람","횡단중","횡단중","운전자법규위반","보행자 보호의무 위반","교차로","교차로내","승용차","중형","보행자","보행자","934632","1963901","126.75875862","37.67230504"
"2012","2012-10-15 03:00","10","야간","월","1","1","0","0","0","충남","서산시","차대사람","차도통행중","차도통행중","운전자법규위반","안전운전 의무 불이행","단일로","기타단일로","승용차","중형","보행자","보행자","910637","1865403","126.49851054","36.78254971"
"2012","2012-10-04 10:00","14","주간","목","1","1","0","0","0","경남","통영시","차대차","측면직각충돌","측면직각충돌","운전자법규위반","중앙선 침범","단일로","기타단일로","승용차","소형","이륜차","중형","1078002","1660113","128.35409267","34.93283804"
"2012","2012-09-28 20:00","35","야간","금","1","1","0","0","0","충북","청원군","차대사람","횡단중","횡단중","운전자법규위반","안전운전 의무 불이행","교차로","교차로내","승용차","경형","보행자","보행자","984560","1845898","127.32734624","36.61080523"
"2012","2012-09-28 22:00","22","야간","금","1","1","0","0","0","충남","보령시","차대사람","횡단중","횡단중","운전자법규위반","보행자 보호의무 위반","단일로","횡단보도부근","승용차","중형","보행자","보행자","926008","1810940","126.67598114","36.2929354"