"발생년","발생년월일시","발생분","주야","요일","사망자수","사상자수","중상자수","경상자수","부상신고자수","발생지시도","발생지시군구","사고유형_대분류","사고유형_중분류","사고유형","법규위반_대분류","법규위반","도로형태_대분류","도로형태","당사자종별_1당_대분류","당사자종별_1당","당사자종별_2당_대분류","당사자종별_2당","발생위치X_UTMK","발생위치Y_UTMK","경도","위도"
"2012","2012-09-30 15:00","00","주간","일","1","1","0","0","0","경북","구미시","차대사람","기타","기타","운전자법규위반","안전운전 의무 불이행","교차로","교차로부근","승용차","대형","보행자","보행자","1084011","1795833","128.43396321","36.15593387"
"2012","2012-09-28 05:00","22","야간","금","1","1","0","0","0","대전","대덕구","차대사람","횡단중","횡단중","운전자법규위반","안전운전 의무 불이행","단일로","기타단일로","화물차","소형","보행자","보행자","993093","1817964","127.42301372","36.35907458"
"2012","2012-08-05 04:00","05","야간","일","1","3","1","1","0","경북","구미시","차대차","측면직각충돌","측면직각충돌","운전자법규위반","신호위반","교차로","교차로내","원동기장치자전거","원동기장치자전거","승용차","소형","1077676","1789789","128.36294687","36.10197744"
"2012","2012-11-30 05:00","00","야간","금","1","1","0","0","0","충남","예산군","차대사람","횡단중","횡단중","운전자법규위반","신호위반","교차로","교차로부근","화물차","소형","보행자","보행자","930190","1860655","126.71805414","36.74139448"
"2012","2012-01-08 17:00","00","주간","일","1","1","0","0","0","강원","춘천시","차량단독","도로이탈","도로이탈 추락","운전자법규위반","안전운전 의무 불이행","단일로","기타단일로","화물차","중형","00","00","1002577","1970097","127.52924498","37.73047743"
"2012","2012-01-06 01:00","25","야간","금","1","1","0","0","0","서울","종로구","차대사람","차도통행중","차도통행중","운전자법규위반","안전운전 의무 불이행","단일로","기타단일로","승용차","중형","보행자","보행자","957370","1952786","127.01723415","37.57346239"
"2012","2012-06-14 20:00","29","야간","목","1","1","0","0","0","경기","광주시","차대차","측면직각충돌","측면직각충돌","운전자법규위반","안전거리 미확보","단일로","교량위","화물차","소형","승용차","대형","977785","1941036","127.24877734","37.46827227"
"2013","2013-06-04 12:00","30","주간","화","1","1","0","0","0","경북","상주시","차대사람","횡단중","횡단중","운전자법규위반","과속","단일로","기타단일로","승합차","대형","보행자","보행자","1059232","1843475","128.16214098","36.58724773"
"2013","2013-04-15 07:00","58","주간","월","1","12","8","3","0","경북","상주시","차대차","추돌","주정차중 추돌","운전자법규위반","안전운전 의무 불이행","단일로","기타단일로","화물차","중형","승합차","소형","1064721","1814315","128.22105948","36.32402716"
"2013","2013-06-08 16:00","55","주간","토","1","11","7","3","0","경북","성주군","차대차","추돌","진행중 추돌","운전자법규위반","안전운전 의무 불이행","단일로","기타단일로","화물차","중형","승합차","소형","1073868","1763342","128.31818054","35.86385375"
"2013","2013-05-20 03:00","25","야간","월","1","4","2","1","0","경남","함안군","차대차","추돌","진행중 추돌","운전자법규위반","과속","단일로","기타단일로","승용차","중형","화물차","소형","1090892","1702791","128.4999077","35.31654393"
"2013","2013-02-14 17:00","59","주간","목","2","6","4","0","0","제주","서귀포시","차대차","정면충돌","정면충돌","운전자법규위반","중앙선 침범","단일로","기타단일로","승용차","중형","승용차","중형","924308","1486344","126.68636539","33.36600445"
"2013","2013-02-13 21:00","50","야간","수","1","1","0","0","0","서울","강서구","차대사람","횡단중","횡단중","운전자법규위반","안전운전 의무 불이행","단일로","기타단일로","승합차","대형","보행자","보행자","939248","1951528","126.81212634","37.56110656"
"2013","2013-02-23 14:00","35","주간","토","1","2","1","0","0","경기","고양시","차량단독","공작물충돌","공작물충돌","운전자법규위반","안전운전 의무 불이행","단일로","기타단일로","승용차","중형","00","00","930686","1963359","126.71406816","37.66713055"
"2013","2013-02-25 13:00","55","주간","월","1","1","0","0","0","인천","서구","차대사람","길가장자리구역통행중","길가장자리구역통행중","운전자법규위반","안전운전 의무 불이행","단일로","기타단일로","화물차","중형","보행자","보행자","926517","1956747","126.66746672","37.60721545"
"2013","2013-02-24 21:00","15","야간","일","1","1","0","0","0","경기","여주시","차대차","정면충돌","정면충돌","운전자법규위반","중앙선 침범","단일로","기타단일로","원동기장치자전거","원동기장치자전거","화물차","소형","1014577","1922586","127.66448358","37.30211964"
"2013","2013-02-24 01:00","55","야간","일","1","1","0","0","0","경기","구리시","차량단독","공작물충돌","공작물충돌","운전자법규위반","안전운전 의무 불이행","단일로","횡단보도부근","승용차","중형","00","00","965984","1951597","127.11483679","37.56310412"
"2013","2013-02-23 23:00","03","야간","토","1","2","1","0","0","경기","남양주시","차량단독","공작물충돌","공작물충돌","운전자법규위반","안전운전 의무 불이행","단일로","기타단일로","화물차","소형","00","00","972805","1968790","127.19142954","37.71829684"
"2013","2013-02-21 02:00","13","야간","목","1","1","0","0","0","대구","동구","차량단독","공작물충돌","공작물충돌","운전자법규위반","안전운전 의무 불이행","단일로","기타단일로","승합차","소형","00","00","1102953","1770529","128.6435233","35.92629864"
"2013","2013-02-21 23:00","10","야간","목","1","1","0","0","0","서울","마포구","차대사람","차도통행중","차도통행중","운전자법규위반","안전운전 의무 불이행","단일로","기타단일로","승용차","중형","보행자","보행자","949791","1950029","126.93159773","37.54823101"
"2013","2013-02-22 19:00","45","야간","금","1","1","0","0","0","전남","순천시","차대사람","횡단중","횡단중","운전자법규위반","안전운전 의무 불이행","단일로","교량위","승용차","중형","보행자","보행자","999395","1661653","127.49333899","34.94970533"
"2013","2013-02-25 04:00","20","야간","월","1","1","0","0","0","경기","남양주시","차대사람","기타","기타","운전자법규위반","안전운전 의무 불이행","단일로","기타단일로","승용차","중형","보행자","보행자","971711","1962440","127.16803029","37.70363172"
"2013","2013-02-24 11:00","30","주간","일","1","1","0","0","0","경기","가평군","차대차","기타","기타","운전자법규위반","안전운전 의무 불이행","단일로","기타단일로","승용차","중형","자전거","자전거","998357","1959635","127.48137807","37.63618155"
"2013","2013-02-24 16:00","50","주간","일","1","1","0","0","0","경기","파주시","차량단독","공작물충돌","공작물충돌","운전자법규위반","안전운전 의무 불이행","단일로","기타단일로","화물차","중형","00","00","931172","1981527","126.71785675","37.83090524"
"2013","2013-02-24 17:00","20","주간","일","1","1","0","0","0","충남","당진시","차량단독","공작물충돌","공작물충돌","운전자법규위반","안전운전 의무 불이행","단일로","기타단일로","승용차","중형","00","00","931550","1877375","126.73178159","36.89220596"
"2013","2013-02-24 19:00","00","야간","일","1","1","0","0","0","경북","영덕군","차량단독","도로이탈","도로이탈 기타","운전자법규위반","안전운전 의무 불이행","단일로","기타단일로","승용차","소형","00","00","1170302","1837105","129.40194204","36.51649417"
"2013","2013-01-01 15:00","15","주간","화","1","1","0","0","0","경북","봉화군","차량단독","전도전복","전도전복","운전자법규위반","안전운전 의무 불이행","단일로","기타단일로","화물차","소형","00","00","1133284","1883377","128.99433402","36.93804049"
"2013","2013-01-03 10:00","10","주간","목","1","1","0","0","0","경기","안양시","차대사람","보도통행중","보도통행중","운전자법규위반","신호위반","교차로","교차로내","화물차","소형","보행자","보행자","949372","1931814","126.92810655","37.38403142"
"2013","2013-01-02 23:00","40","야간","수","1","1","0","0","0","경기","용인시","차량단독","공작물충돌","공작물충돌","운전자법규위반","안전운전 의무 불이행","단일로","터널안","승용차","중형","00","00","964858","1921951","127.10349924","37.29584592"
"2013","2013-12-23 03:00","30","야간","월","1","1","0","0","0","경남","김해시","차대사람","기타","기타","운전자법규위반","안전운전 의무 불이행","단일로","기타단일로","승용차","소형","보행자","보행자","1134954","1694970","128.98370778","35.24082622"
"2013","2013-12-14 13:00","00","주간","토","6","10","4","0","0","울산","울주군","차대차","추돌","주정차중 추돌","운전자법규위반","안전운전 의무 불이행","단일로","기타단일로","화물차","대형","승용차","소형","1152501","1745780","129.18554279","35.69649293"
"2013","2013-05-10 17:00","30","주간","금","1","1","0","0","0","광주","서구","차대차","추돌","진행중 추돌","운전자법규위반","교차로 통행방법 위반","교차로","교차로내","승용차","중형","자전거","자전거","941319","1685945","126.85562439","35.1670629"
"2013","2013-05-17 05:00","45","야간","금","2","2","0","0","0","전남","무안군","차대차","측면직각충돌","측면직각충돌","운전자법규위반","중앙선 침범","단일로","기타단일로","이륜차","중형","이륜차","중형","908290","1668091","126.49495063","35.00362071"
"2012","2012-11-15 12:00","25","주간","목","1","6","5","0","0","강원","고성군","차량단독","도로이탈","도로이탈 기타","운전자법규위반","안전운전 의무 불이행","단일로","기타단일로","승합차","중형","00","00","1078985","2059108","128.40617083","38.52920376"
"2012","2012-11-16 19:00","17","야간","금","1","1","0","0","0","전북","전주시","차대사람","보도통행중","보도통행중","운전자법규위반","보행자 보호의무 위반","단일로","기타단일로","승용차","대형","보행자","보행자","967474","1759525","127.13987619","35.83168552"
"2012","2012-10-02 14:00","25","주간","화","1","1","0","0","0","전북","진안군","차량단독","기타","기타","운전자법규위반","안전운전 의무 불이행","교차로","교차로부근","원동기장치자전거","원동기장치자전거","00","00","994052","1752361","127.43419721","35.76761467"
"2012","2012-10-25 05:00","55","야간","목","1","1","0","0","0","경기","성남시","차대사람","횡단중","횡단중","운전자법규위반","보행자 보호의무 위반","교차로","교차로부근","승용차","소형","보행자","보행자","969907","1938105","127.15892082","37.44290788"
"2012","2012-11-12 18:00","28","야간","월","1","1","0","0","0","충남","금산군","차대사람","보도통행중","보도통행중","운전자법규위반","안전운전 의무 불이행","단일로","기타단일로","승용차","소형","보행자","보행자","983960","1796131","127.32166449","36.16213006"
"2012","2012-10-09 22:00","00","야간","화","1","1","0","0","0","부산","진구","차대사람","횡단중","횡단중","운전자법규위반","안전운전 의무 불이행","단일로","기타단일로","승용차","중형","보행자","보행자","1142119","1686015","129.0604061","35.15935751"
"2012","2012-11-08 03:00","20","야간","목","2","2","0","0","0","충남","당진시","차량단독","공작물충돌","공작물충돌","운전자법규위반","안전운전 의무 불이행","교차로","교차로부근","승용차","소형","00","00","927500","1883574","126.68573834","36.94777897"
"2013","2013-04-24 19:00","25","야간","수","1","12","1","4","6","서울","서초구","차대차","측면직각충돌","측면직각충돌","운전자법규위반","안전거리 미확보","단일로","기타단일로","승용차","중형","화물차","소형","954985","1945387","126.99067987","37.50665983"
"2013","2013-04-24 13:00","30","주간","수","1","1","0","0","0","경남","김해시","차대사람","보도통행중","보도통행중","운전자법규위반","기타(운전자법규위반)","단일로","기타단일로","화물차","중형","보행자","보행자","1117491","1700398","128.79346167","35.29271602"
"2013","2013-04-24 11:00","35","주간","수","1","1","0","0","0","충북","청주시","차대차","기타","기타","운전자법규위반","신호위반","교차로","교차로부근","승합차","대형","원동기장치자전거","원동기장치자전거","998657","1845969","127.4849821","36.61156942"
"2013","2013-05-02 12:00","50","주간","목","1","1","0","0","0","경남","창원시(통합)","차대차","측면직각충돌","측면직각충돌","운전자법규위반","안전운전 의무 불이행","교차로","교차로내","승용차","중형","자전거","자전거","1107153","1693073","128.67749602","35.22732351"
"2013","2013-04-27 15:00","45","주간","토","1","1","0","0","0","세종","세종","차량단독","전도전복","전도전복","운전자법규위반","안전운전 의무 불이행","교차로","교차로부근","건설기계","건설기계","00","00","990250","1836848","127.39108766","36.52929408"
"2013","2013-04-27 17:00","50","주간","토","1","1","0","0","0","경기","부천시","차대차","정면충돌","정면충돌","운전자법규위반","신호위반","교차로","교차로부근","승용차","중형","원동기장치자전거","원동기장치자전거","938638","1948193","126.80549892","37.53100799"
"2013","2013-04-29 20:00","35","야간","월","1","1","0","0","0","경남","함안군","차대사람","길가장자리구역통행중","길가장자리구역통행중","운전자법규위반","안전운전 의무 불이행","단일로","기타단일로","승용차","대형","보행자","보행자","1091542","1705331","128.50734147","35.3393841"
"2013","2013-05-05 12:00","10","주간","일","1","1","0","0","0","전남","화순군","차량단독","도로이탈","도로이탈 추락","운전자법규위반","안전운전 의무 불이행","교차로","교차로부근","농기계","농기계","00","00","950422","1653864","126.95749428","34.87827896"
"2013","2013-05-08 00:00","38","야간","수","1","1","0","0","0","경북","안동시","차대차","기타","기타","운전자법규위반","안전운전 의무 불이행","단일로","기타단일로","화물차","소형","자전거","자전거","1097561","1843944","128.59061511","36.58832511"
"2013","2013-05-05 00:00","40","야간","일","1","2","0","1","0","서울","동대문구","차대차","기타","기타","운전자법규위반","중앙선 침범","단일로","기타단일로","이륜차","중형","승합차","대형","961125","1954525","127.05966435","37.58930271"
"2013","2013-05-11 11:00","20","주간","토","1","1","0","0","0","전북","순창군","차량단독","전도전복","전도전복","운전자법규위반","안전운전 의무 불이행","기타/불명","기타/불명","이륜차","사발이","00","00","961375","1714929","127.09693528","35.44983939"
"2013","2013-05-12 04:00","35","야간","일","1","1","0","0","0","전북","완주군","차량단독","공작물충돌","공작물충돌","운전자법규위반","안전운전 의무 불이행","교차로","교차로부근","화물차","소형","00","00","968977","1766014","127.15626444","35.890239"
"2013","2013-05-12 09:00","50","주간","일","1","1","0","0","0","경기","여주시","차대차","측면직각충돌","측면직각충돌","운전자법규위반","안전운전 의무 불이행","교차로","교차로내","이륜차","사발이","승합차","대형","1011365","1922250","127.62823505","37.29913577"
"2013","2013-05-17 16:00","05","주간","금","1","1","0","0","0","경기","광명시","차대차","추돌","진행중 추돌","운전자법규위반","신호위반","교차로","교차로내","승용차","중형","이륜차","소형","946490","1937916","126.89511103","37.43886866"
"2013","2013-05-16 11:00","18","주간","목","1","1","0","0","0","부산","금정구","차대사람","기타","기타","운전자법규위반","안전운전 의무 불이행","단일로","기타단일로","승합차","대형","보행자","보행자","1144314","1693712","129.08491068","35.22213324"
"2013","2013-05-16 07:00","40","주간","목","1","1","0","0","0","경기","양주시","차량단독","공작물충돌","공작물충돌","운전자법규위반","안전운전 의무 불이행","단일로","기타단일로","화물차","중형","00","00","953410","1967863","126.97142863","37.70916049"
"2012","2012-08-05 16:00","20","주간","일","1","1","0","0","0","서울","도봉구","차대차","정면충돌","정면충돌","운전자법규위반","신호위반","교차로","교차로내","이륜차","중형","승용차","중형","959768","1963619","127.04403336","37.67275245"
"2012","2012-08-04 21:00","15","야간","토","1","1","0","0","0","전북","완주군","차대사람","횡단중","횡단중","운전자법규위반","안전운전 의무 불이행","교차로","교차로부근","승용차","소형","보행자","보행자","974058","1749899","127.2416515","35.70764019"
"2012","2012-08-12 23:00","03","야간","일","1","1","0","0","0","부산","영도구","차대차","기타","기타","운전자법규위반","중앙선 침범","단일로","기타단일로","자전거","자전거","승용차","소형","1143823","1676373","129.07743258","35.07220369"
"2012","2012-08-13 05:00","35","야간","월","1","1","0","0","0","전남","목포시","차대사람","횡단중","횡단중","운전자법규위반","보행자 보호의무 위반","단일로","횡단보도상","승용차","중형","보행자","보행자","898738","1645127","126.3930685","34.79566782"
"2012","2012-08-10 14:00","00","주간","금","1","1","0","0","0","제주","제주시","차대사람","보도통행중","보도통행중","운전자법규위반","보행자 보호의무 위반","교차로","교차로내","건설기계","건설기계","보행자","보행자","912837","1502419","126.55977485","33.50568451"
"2012","2012-08-09 07:00","35","주간","목","1","1","0","0","0","대구","달서구","차대차","기타","기타","운전자법규위반","안전운전 의무 불이행","단일로","기타단일로","화물차","소형","자전거","자전거","1088317","1762026","128.47805634","35.85079381"
"2012","2012-08-16 00:00","00","야간","목","1","1","0","0","0","경북","포항시","차대차","추돌","주정차중 추돌","운전자법규위반","안전운전 의무 불이행","교차로","교차로부근","승용차","중형","화물차","중형","1172219","1776573","129.41001849","35.97072623"
"2012","2012-08-14 04:00","50","야간","화","1","1","0","0","0","경남","창원시(통합)","차대사람","기타","기타","운전자법규위반","안전운전 의무 불이행","단일로","기타단일로","승용차","소형","보행자","보행자","1119510","1679277","128.81125801","35.1015581"
"2012","2012-08-19 08:00","05","주간","일","1","1","0","0","0","경기","화성시","차대차","측면직각충돌","측면직각충돌","운전자법규위반","중앙선 침범","교차로","교차로부근","자전거","자전거","승용차","소형","937906","1911842","126.8002641","37.20332041"
"2012","2012-08-20 14:00","48","주간","월","1","1","0","0","0","강원","횡성군","차량단독","기타","기타","운전자법규위반","안전운전 의무 불이행","단일로","기타단일로","농기계","농기계","00","00","1046138","1951161","128.02238865","37.55864682"
"2012","2012-08-24 19:00","50","야간","금","1","1","0","0","0","부산","사하구","차대사람","기타","기타","운전자법규위반","안전운전 의무 불이행","교차로","교차로부근","승용차","중형","보행자","보행자","1133275","1678785","128.96216626","35.09539575"
"2012","2012-08-21 23:00","27","야간","화","1","1","0","0","0","서울","영등포구","차대사람","횡단중","횡단중","운전자법규위반","안전운전 의무 불이행","교차로","교차로내","승용차","중형","보행자","보행자","948746","1944670","126.92014209","37.49987191"
"2012","2012-08-29 18:00","40","야간","수","1","1","0","0","0","강원","인제군","차대사람","횡단중","횡단중","운전자법규위반","안전운전 의무 불이행","단일로","기타단일로","승용차","중형","보행자","보행자","1069227","1990408","128.28752852","37.9109128"
"2012","2012-08-27 07:00","47","주간","월","1","1","0","0","0","충남","당진시","차대차","정면충돌","정면충돌","운전자법규위반","교차로 통행방법 위반","교차로","교차로내","화물차","소형","이륜차","소형","928636","1867815","126.69997885","36.80581832"
"2012","2012-08-26 04:00","41","야간","일","1","1","0","0","0","경기","부천시","차대사람","기타","기타","운전자법규위반","안전운전 의무 불이행","단일로","기타단일로","승용차","중형","보행자","보행자","936956","1943373","126.78687663","37.48745208"
"2012","2012-09-02 07:00","43","주간","일","1","1","0","0","0","대구","달성군","차량단독","전도전복","전도전복","운전자법규위반","안전운전 의무 불이행","교차로","교차로내","승용차","대형","00","00","1087754","1764505","128.4704111","35.87225918"
"2012","2012-09-01 10:00","25","주간","토","1","1","0","0","0","대구","수성구","차대사람","보도통행중","보도통행중","운전자법규위반","보행자 보호의무 위반","단일로","횡단보도상","화물차","소형","보행자","보행자","1103107","1759049","128.64143488","35.82251327"
"2012","2012-09-06 08:00","10","주간","목","1","1","0","0","0","경남","고성군","차대차","정면충돌","정면충돌","운전자법규위반","신호위반","교차로","교차로내","농기계","농기계","승합차","대형","1076610","1662976","128.33911523","34.95875861"
"2012","2012-09-05 19:00","30","야간","수","1","2","0","1","0","경북","상주시","차대사람","횡단중","횡단중","운전자법규위반","안전운전 의무 불이행","단일로","기타단일로","승용차","중형","보행자","보행자","1037427","1827834","127.91763705","36.44735016"
"2012","2012-09-14 19:00","30","야간","금","1","1","0","0","0","대구","달성군","차대사람","기타","기타","운전자법규위반","안전운전 의무 불이행","단일로","기타단일로","승용차","중형","보행자","보행자","1086583","1739044","128.4559115","35.64388532"
"2012","2012-09-11 16:00","14","주간","화","1","1","0","0","0","충북","괴산군","차량단독","기타","기타","운전자법규위반","안전운전 의무 불이행","단일로","기타단일로","이륜차","소형","00","00","1039465","1873695","127.95664189","36.84433104"
"2012","2012-09-12 10:00","30","주간","수","1","2","0","1","0","대구","북구","차대차","기타","기타","운전자법규위반","안전운전 의무 불이행","단일로","기타단일로","승합차","대형","자전거","자전거","1098333","1767113","128.58949917","35.89567938"
"2012","2012-09-17 21:00","40","야간","월","1","1","0","0","0","경기","고양시","차대사람","횡단중","횡단중","운전자법규위반","신호위반","단일로","기타단일로","화물차","소형","보행자","보행자","942143","1962875","126.84400565","37.66356239"
"2012","2012-09-17 18:00","55","야간","월","2","3","1","0","0","충북","음성군","차대차","정면충돌","정면충돌","운전자법규위반","안전운전 의무 불이행","단일로","기타단일로","승용차","중형","화물차","소형","1020144","1881001","127.72618223","36.92716081"
"2012","2012-09-16 00:00","05","야간","일","1","1","0","0","0","경기","파주시","차대사람","기타","기타","운전자법규위반","안전운전 의무 불이행","단일로","기타단일로","승용차","중형","보행자","보행자","946093","1970435","126.88329834","37.73538447"
"2012","2012-09-14 19:00","27","야간","금","1","1","0","0","0","서울","서초구","차대사람","횡단중","횡단중","운전자법규위반","안전운전 의무 불이행","교차로","교차로내","승용차","대형","보행자","보행자","962856","1940194","127.07999561","37.4602034"
"2012","2012-09-21 19:00","50","야간","금","1","1","0","0","0","경남","김해시","차대차","정면충돌","정면충돌","운전자법규위반","직진 및 우회전차의 통행방해","교차로","교차로내","승용차","소형","이륜차","소형","1118016","1687543","128.79605038","35.17625162"
"2012","2012-09-20 05:00","40","야간","목","1","1","0","0","0","경기","시흥시","차대사람","횡단중","횡단중","운전자법규위반","안전운전 의무 불이행","단일로","횡단보도부근","화물차","중형","보행자","보행자","931767","1928845","126.72945056","37.35605218"
"2012","2012-09-24 20:00","10","야간","월","1","1","0","0","0","부산","해운대구","차대차","측면직각충돌","측면직각충돌","운전자법규위반","신호위반","교차로","교차로부근","원동기장치자전거","원동기장치자전거","승용차","소형","1150850","1686462","129.15631585","35.16211408"
"2012","2012-09-25 10:00","25","주간","화","1","1","0","0","0","강원","평창군","차대차","측면직각충돌","측면직각충돌","운전자법규위반","신호위반","교차로","교차로내","원동기장치자전거","원동기장치자전거","화물차","소형","1094199","1961072","128.56776158","37.64430302"
"2012","2012-08-06 10:00","10","주간","월","1","1","0","0","0","전남","담양군","차대사람","길가장자리구역통행중","길가장자리구역통행중","운전자법규위반","안전운전 의무 불이행","단일로","기타단일로","승용차","중형","보행자","보행자","952852","1699093","126.98150938","35.28622235"
"2012","2012-08-04 19:00","17","야간","토","1","1","0","0","0","충북","청원군","차대차","기타","기타","운전자법규위반","안전운전 의무 불이행","단일로","기타단일로","농기계","농기계","승용차","중형","1004343","1839398","127.54852786","36.5523225"
"2012","2012-08-12 08:00","55","주간","일","1","1","0","0","0","대전","동구","차대사람","기타","기타","운전자법규위반","안전운전 의무 불이행","교차로","교차로내","승용차","중형","보행자","보행자","996433","1811054","127.4602734","36.29679603"
"2012","2012-08-12 06:00","20","주간","일","1","1","0","0","0","전북","정읍시","차대차","정면충돌","정면충돌","운전자법규위반","중앙선 침범","교차로","교차로부근","승용차","중형","이륜차","소형","941990","1729168","126.85992361","35.55681513"
"2012","2012-08-16 10:00","00","주간","목","1","1","0","0","0","경북","영덕군","차량단독","공작물충돌","공작물충돌","운전자법규위반","안전운전 의무 불이행","기타/불명","기타/불명","이륜차","소형","00","00","1168043","1843100","129.37524552","36.56980942"
"2012","2012-08-17 05:00","00","야간","금","1","1","0","0","0","전북","익산시","차대사람","횡단중","횡단중","운전자법규위반","신호위반","교차로","교차로내","화물차","경형","보행자","보행자","953466","1772864","126.98179442","35.95899965"
"2012","2012-08-17 05:00","30","야간","금","1","1","0","0","0","대구","달서구","차대사람","기타","기타","운전자법규위반","안전운전 의무 불이행","단일로","기타단일로","승용차","중형","보행자","보행자","1093762","1762079","128.53822261","35.85088402"
"2012","2012-08-20 21:00","20","야간","월","1","2","1","0","0","경기","광주시","차대차","정면충돌","정면충돌","운전자법규위반","중앙선 침범","단일로","기타단일로","승용차","경형","승합차","소형","989964","1929890","127.38665705","37.36801729"
"2012","2012-08-17 23:00","45","야간","금","1","1","0","0","0","경북","포항시","차대사람","횡단중","횡단중","운전자법규위반","과속","교차로","교차로부근","승용차","경형","보행자","보행자","1168884","1781829","129.37416966","36.01867163"
"2012","2012-08-17 05:00","30","야간","금","1","1","0","0","0","서울","노원구","차대사람","횡단중","횡단중","운전자법규위반","신호위반","단일로","횡단보도상","화물차","경형","보행자","보행자","961909","1959703","127.06827473","37.63600605"
"2012","2012-08-24 19:00","50","야간","금","1","1","0","0","0","충남","예산군","차대사람","횡단중","횡단중","운전자법규위반","안전운전 의무 불이행","단일로","기타단일로","승용차","중형","보행자","보행자","938734","1856614","126.81407334","36.70555841"
"2012","2012-08-25 01:00","55","야간","토","1","1","0","0","0","인천","부평구","차대사람","횡단중","횡단중","운전자법규위반","안전운전 의무 불이행","교차로","교차로내","승용차","중형","보행자","보행자","931586","1945757","126.72591688","37.50855646"
"2013","2013-11-21 00:00","15","야간","목","1","1","0","0","0","경남","창원시(통합)","차대사람","횡단중","횡단중","운전자법규위반","안전운전 의무 불이행","단일로","기타단일로","승용차","중형","보행자","보행자","1110080","1704437","128.71127878","35.32951506"
"2013","2013-08-01 08:00","26","주간","목","1","2","1","0","0","부산","금정구","차대차","추돌","진행중 추돌","운전자법규위반","안전운전 의무 불이행","단일로","기타단일로","화물차","중형","화물차","대형","1145890","1697431","129.10381865","35.26171637"
"2013","2013-02-17 19:00","45","야간","일","1","4","2","1","0","대구","북구","차량단독","공작물충돌","공작물충돌","운전자법규위반","안전운전 의무 불이행","단일로","기타단일로","승용차","소형","00","00","1092482","1767132","128.52476731","35.89643855"
"2013","2013-01-20 21:00","27","야간","일","1","1","0","0","0","대구","달성군","차대사람","기타","기타","운전자법규위반","안전운전 의무 불이행","단일로","기타단일로","화물차","소형","보행자","보행자","1090190","1757453","128.49827935","35.8093984"
"2013","2013-04-12 09:00","45","주간","금","1","1","0","0","0","경북","상주시","차대차","기타","기타","운전자법규위반","안전운전 의무 불이행","단일로","기타단일로","화물차","소형","특수차","대형","1037800","1827611","127.92178826","36.44532518"
"2013","2013-02-21 10:00","20","주간","목","1","3","2","0","0","경기","여주시","차대차","기타","기타","운전자법규위반","직진 및 우회전차의 통행방해","교차로","교차로내","건설기계","건설기계","승용차","소형","1010891","1908467","127.62268525","37.17490082"
"2013","2013-04-18 03:00","47","야간","목","1","1","0","0","0","울산","남구","차대사람","기타","기타","운전자법규위반","과속","단일로","기타단일로","승용차","중형","보행자","보행자","1168673","1729579","129.36081931","35.54785871"
"2013","2013-04-26 21:00","05","야간","금","1","1","0","0","0","충남","서천군","차대사람","횡단중","횡단중","운전자법규위반","신호위반","교차로","교차로부근","승용차","중형","보행자","보행자","926997","1787049","126.68921705","36.07763924"
"2013","2013-04-26 20:00","55","야간","금","1","3","1","1","0","경기","연천군","차대사람","횡단중","횡단중","운전자법규위반","신호위반","단일로","횡단보도상","승합차","중형","보행자","보행자","961764","2003764","127.06430201","38.03311716"
"2013","2013-04-27 10:00","15","주간","토","1","2","1","0","0","경기","포천시","차대사람","기타","기타","운전자법규위반","안전운전 의무 불이행","단일로","기타단일로","승용차","소형","보행자","보행자","969100","1981303","127.14931569","37.83151922"
"2013","2013-04-26 14:00","25","주간","금","1","1","0","0","0","경북","성주군","차량단독","전도전복","전도전복","운전자법규위반","안전운전 의무 불이행","단일로","기타단일로","화물차","소형","00","00","1066843","1772457","128.24114188","35.94653317"
"2013","2013-04-23 21:00","00","야간","화","1","5","0","4","0","서울","용산구","차대차","정면충돌","정면충돌","운전자법규위반","중앙선 침범","단일로","교량위","승용차","대형","승합차","대형","951544","1948011","126.95705266","37.53333431"
"2013","2013-04-23 04:00","25","야간","화","1","1","0","0","0","경북","영주시","차량단독","공작물충돌","공작물충돌","운전자법규위반","안전운전 의무 불이행","단일로","기타단일로","이륜차","중형","00","00","1101402","1869152","128.63676796","36.81465938"
"2013","2013-04-30 23:00","00","야간","화","1","1","0","0","0","경기","안성시","차대사람","횡단중","횡단중","운전자법규위반","안전운전 의무 불이행","단일로","기타단일로","화물차","소형","보행자","보행자","961778","1931656","127.22500492","37.00002084"
"2013","2013-05-02 03:00","20","야간","목","2","3","1","0","0","인천","연수구","차대차","정면충돌","정면충돌","운전자법규위반","중앙선 침범","단일로","기타단일로","특수차","중형","특수차","중형","922640","1927972","126.62657016","37.34755848"
"2013","2013-05-03 01:00","30","야간","금","1","1","0","0","0","대전","중구","차대사람","횡단중","횡단중","운전자법규위반","안전운전 의무 불이행","교차로","교차로부근","승용차","중형","보행자","보행자","990639","1813418","127.39571582","36.31806973"
"2013","2013-05-03 05:00","35","야간","금","1","1","0","0","0","울산","중구","차대사람","기타","기타","운전자법규위반","신호위반","단일로","횡단보도상","승용차","중형","보행자","보행자","1160352","1730938","129.26933044","35.56148794"
"2013","2013-04-29 20:00","50","야간","월","1","1","0","0","0","전북","장수군","차량단독","공작물충돌","공작물충돌","운전자법규위반","안전운전 의무 불이행","단일로","기타단일로","화물차","소형","00","00","1003532","1742491","127.53903113","35.67863487"