"발생년","발생년월일시","발생분","주야","요일","사망자수","사상자수","중상자수","경상자수","부상신고자수","발생지시도","발생지시군구","사고유형_대분류","사고유형_중분류","사고유형","법규위반_대분류","법규위반","도로형태_대분류","도로형태","당사자종별_1당_대분류","당사자종별_1당","당사자종별_2당_대분류","당사자종별_2당","발생위치X_UTMK","발생위치Y_UTMK","경도","위도"
"2013","2013-05-16 18:00","45","야간","목","1","2","0","1","0","충남","논산시","차대차","정면충돌","정면충돌","운전자법규위반","중앙선 침범","단일로","기타단일로","원동기장치자전거","원동기장치자전거","이륜차","소형","956622","1797781","127.01803182","36.17614157"
"2013","2013-05-16 09:00","15","주간","목","2","5","2","1","0","경남","창원시(통합)","차대사람","기타","기타","운전자법규위반","기타(운전자법규위반)","단일로","횡단보도부근","화물차","중형","보행자","보행자","1102932","1696830","128.63159051","35.26163633"
"2012","2012-04-01 00:00","30","야간","일","1","1","0","0","0","인천","남구","차대사람","기타","기타","운전자법규위반","안전운전 의무 불이행","단일로","횡단보도부근","승용차","소형","보행자","보행자","926624","1939527","126.67039964","37.45202578"
"2012","2012-12-06 09:00","15","주간","목","1","1","0","0","0","경남","창원시(통합)","차대사람","기타","기타","운전자법규위반","안전운전 의무 불이행","교차로","교차로내","화물차","중형","보행자","보행자","1098502","1690904","128.58218701","35.20865624"
"2012","2012-11-09 08:00","20","주간","금","1","1","0","0","0","경북","경산시","차량단독","전도전복","전도전복","운전자법규위반","안전운전 의무 불이행","단일로","기타단일로","화물차","중형","00","00","1122093","1752130","128.85051323","35.75796772"
"2012","2012-12-05 22:00","00","야간","수","1","1","0","0","0","경북","경주시","차대사람","기타","기타","운전자법규위반","안전운전 의무 불이행","단일로","기타단일로","승용차","중형","보행자","보행자","1160282","1767363","129.2758313","35.88976252"
"2012","2012-11-08 19:00","15","야간","목","1","1","0","0","0","전북","정읍시","차량단독","공작물충돌","공작물충돌","운전자법규위반","안전운전 의무 불이행","단일로","기타단일로","승합차","중형","00","00","942913","1731152","126.86996734","35.57475661"
"2012","2012-12-01 22:00","50","야간","토","1","1","0","0","0","강원","원주시","차대차","추돌","주정차중 추돌","운전자법규위반","안전운전 의무 불이행","교차로","교차로부근","원동기장치자전거","원동기장치자전거","화물차","중형","1029170","1924987","127.8292402","37.32341839"
"2012","2012-09-07 23:00","40","야간","금","1","2","1","0","0","경남","창녕군","차량단독","공작물충돌","공작물충돌","운전자법규위반","안전운전 의무 불이행","단일로","기타단일로","화물차","소형","00","00","1089353","1726426","128.49008056","35.53048394"
"2012","2012-07-15 01:00","10","야간","일","1","3","2","0","0","서울","강서구","차대차","정면충돌","정면충돌","운전자법규위반","중앙선 침범","단일로","기타단일로","승용차","중형","승용차","중형","941927","1949511","126.84261755","37.54310018"
"2012","2012-10-21 09:00","23","주간","일","1","1","0","0","0","경북","안동시","차대사람","횡단중","횡단중","운전자법규위반","보행자 보호의무 위반","단일로","기타단일로","화물차","소형","보행자","보행자","1109758","1841701","128.72661637","36.56678353"
"2012","2012-06-23 00:00","10","야간","토","1","1","0","0","0","경남","고성군","차량단독","공작물충돌","공작물충돌","운전자법규위반","안전운전 의무 불이행","단일로","기타단일로","승용차","중형","00","00","1078036","1666829","128.35499754","34.99256127"
"2012","2012-06-19 07:00","50","주간","화","1","1","0","0","0","경기","구리시","차대사람","기타","기타","운전자법규위반","안전운전 의무 불이행","단일로","기타단일로","자전거","자전거","보행자","보행자","968635","1955352","127.14359017","37.59782429"
"2013","2013-04-19 07:00","45","주간","금","1","2","1","0","0","광주","북구","차대사람","기타","기타","운전자법규위반","중앙선 침범","교차로","교차로부근","화물차","소형","보행자","보행자","945201","1686457","126.89821642","35.17189869"
"2012","2012-11-02 19:00","10","야간","금","1","2","1","0","0","전남","고흥군","차대사람","기타","기타","운전자법규위반","기타(운전자법규위반)","단일로","기타단일로","승용차","중형","보행자","보행자","975209","1619968","127.2269097","34.57545374"
"2012","2012-11-02 17:00","46","주간","금","1","1","0","0","0","전남","담양군","차대차","기타","기타","운전자법규위반","안전운전 의무 불이행","교차로","교차로내","원동기장치자전거","원동기장치자전거","승용차","중형","944989","1698143","126.89510699","35.27725513"
"2012","2012-10-30 18:00","10","야간","화","1","1","0","0","0","충북","괴산군","차대사람","횡단중","횡단중","운전자법규위반","안전운전 의무 불이행","단일로","기타단일로","승용차","경형","보행자","보행자","1029209","1866733","127.827416","36.79830464"
"2012","2012-11-03 14:00","50","주간","토","1","1","0","0","0","경북","안동시","차대차","기타","기타","운전자법규위반","중앙선 침범","단일로","기타단일로","이륜차","소형","승합차","소형","1129141","1830342","128.94132451","36.46216733"
"2012","2012-10-30 21:00","30","야간","화","1","1","0","0","0","경북","예천군","차량단독","기타","기타","운전자법규위반","안전운전 의무 불이행","단일로","기타단일로","원동기장치자전거","원동기장치자전거","00","00","1079699","1838485","128.39039868","36.54077742"
"2012","2012-10-30 10:00","55","주간","화","1","1","0","0","0","경기","김포시","차대차","기타","기타","운전자법규위반","안전운전 의무 불이행","단일로","기타단일로","화물차","대형","원동기장치자전거","원동기장치자전거","922915","1968035","126.6204719","37.70624458"
"2012","2012-10-31 11:00","00","주간","수","1","1","0","0","0","경기","여주시","차량단독","전도전복","전도전복","운전자법규위반","안전운전 의무 불이행","단일로","기타단일로","농기계","농기계","00","00","1001247","1928719","127.51359586","37.35871441"
"2012","2012-12-29 11:00","28","주간","토","1","1","0","0","0","서울","관악구","차대사람","횡단중","횡단중","운전자법규위반","신호위반","교차로","교차로내","화물차","소형","보행자","보행자","949256","1942865","126.92603617","37.48363122"
"2012","2012-12-27 22:00","35","야간","목","1","1","0","0","0","충북","청원군","차량단독","공작물충돌","공작물충돌","운전자법규위반","안전운전 의무 불이행","단일로","기타단일로","승용차","중형","00","00","1013706","1848126","127.65330359","36.63091711"
"2012","2012-12-31 22:00","20","야간","월","1","1","0","0","0","충남","부여군","차량단독","공작물충돌","공작물충돌","운전자법규위반","안전운전 의무 불이행","단일로","기타단일로","승용차","소형","00","00","949382","1795588","126.93726624","36.1560451"
"2012","2012-12-11 06:00","40","주간","화","1","3","2","0","0","경북","청송군","차량단독","공작물충돌","공작물충돌","운전자법규위반","안전운전 의무 불이행","단일로","기타단일로","승용차","중형","00","00","1126526","1802406","128.90756189","36.21055767"
"2012","2012-12-16 00:00","43","야간","목","1","1","0","0","0","충남","당진시","차대사람","횡단중","횡단중","운전자법규위반","안전운전 의무 불이행","교차로","교차로부근","화물차","소형","보행자","보행자","922891","1878456","126.6345006","36.90128162"
"2012","2012-12-17 07:00","25","주간","월","1","3","2","0","0","전북","무주군","차대차","정면충돌","정면충돌","운전자법규위반","중앙선 침범","단일로","기타단일로","승용차","소형","승합차","소형","1017110","1780115","127.68988428","36.01771535"
"2012","2012-12-08 03:00","13","야간","토","2","4","2","0","0","전남","광양시","차량단독","공작물충돌","공작물충돌","운전자법규위반","안전운전 의무 불이행","단일로","교량위","승용차","중형","00","00","1014479","1662942","127.65859629","34.96124717"
"2012","2012-12-09 10:00","00","주간","일","1","1","0","0","0","부산","금정구","차량단독","전도전복","전도전복","운전자법규위반","안전운전 의무 불이행","기타/불명","기타/불명","이륜차","소형","00","00","1146994","1700065","129.11642272","35.2852963"
"2012","2012-12-14 07:00","45","주간","금","1","1","0","0","0","경기","평택시","차대사람","길가장자리구역통행중","길가장자리구역통행중","운전자법규위반","안전운전 의무 불이행","단일로","기타단일로","화물차","경형","보행자","보행자","960055","1897932","127.04980698","37.07526884"
"2012","2012-12-14 07:00","20","주간","금","1","2","1","0","0","경기","고양시","차대차","측면직각충돌","측면직각충돌","운전자법규위반","신호위반","교차로","교차로내","승합차","대형","승용차","중형","933944","1963556","126.75098889","37.66914639"
"2012","2012-12-23 20:00","10","야간","일","1","1","0","0","0","충북","청주시","차대사람","기타","기타","운전자법규위반","기타(운전자법규위반)","단일로","기타단일로","승용차","중형","보행자","보행자","994307","1848076","127.43632326","36.63054797"
"2012","2012-12-19 01:00","45","야간","수","5","5","0","0","0","강원","강릉시","차대차","정면충돌","정면충돌","운전자법규위반","중앙선 침범","단일로","기타단일로","승용차","중형","승용차","소형","1122670","1975406","128.8928235","37.77010039"
"2012","2012-12-19 18:00","45","야간","수","1","1","0","0","0","전남","진도군","차대사람","기타","기타","운전자법규위반","안전운전 의무 불이행","단일로","횡단보도부근","승합차","소형","보행자","보행자","882486","1606426","126.22081438","34.44500434"
"2012","2012-12-20 14:00","10","주간","목","1","1","0","0","0","강원","춘천시","차대차","기타","기타","운전자법규위반","안전운전 의무 불이행","교차로","교차로부근","승합차","소형","자전거","자전거","1020799","1984878","127.73645998","37.86346791"
"2012","2012-12-24 17:00","45","주간","월","1","2","0","1","0","경북","칠곡군","차대차","기타","기타","운전자법규위반","중앙선 침범","단일로","기타단일로","화물차","소형","화물차","소형","1082926","1779268","128.41823816","36.00452355"
"2012","2012-12-03 19:00","20","야간","월","1","1","0","0","0","경북","군위군","차대사람","횡단중","횡단중","운전자법규위반","안전운전 의무 불이행","교차로","교차로내","승합차","소형","보행자","보행자","1097011","1793360","128.57815959","36.13242764"
"2012","2012-12-04 09:00","30","주간","화","1","1","0","0","0","전남","목포시","차대차","측면직각충돌","측면직각충돌","운전자법규위반","안전운전 의무 불이행","교차로","교차로부근","화물차","소형","자전거","자전거","898188","1646058","126.38702276","34.80387238"
"2012","2012-12-08 09:00","05","주간","토","1","1","0","0","0","경기","광명시","차대사람","기타","기타","운전자법규위반","안전운전 의무 불이행","단일로","기타단일로","승합차","대형","보행자","보행자","944683","1940725","126.87447459","37.46408045"
"2012","2012-12-04 10:00","00","주간","화","1","1","0","0","0","충북","음성군","차량단독","공작물충돌","공작물충돌","운전자법규위반","안전운전 의무 불이행","단일로","기타단일로","승용차","소형","00","00","1013902","1875367","127.65599225","36.87648564"
"2012","2012-12-08 13:00","20","주간","토","1","1","0","0","0","전남","보성군","차대사람","기타","기타","운전자법규위반","안전운전 의무 불이행","단일로","기타단일로","화물차","소형","보행자","보행자","984321","1649277","127.32851583","34.83800447"
"2012","2012-06-23 15:00","24","주간","토","1","3","1","1","0","경기","양주시","차대차","추돌","주정차중 추돌","운전자법규위반","안전운전 의무 불이행","기타/불명","기타/불명","승용차","중형","화물차","대형","948734","1964609","126.91861007","37.67958275"
"2012","2012-12-10 15:00","10","주간","월","1","1","0","0","0","서울","중랑구","차대사람","횡단중","횡단중","운전자법규위반","보행자 보호의무 위반","단일로","기타단일로","승합차","중형","보행자","보행자","963573","1953432","127.08744644","37.57955136"
"2012","2012-12-12 06:00","40","주간","수","1","3","2","0","0","경기","남양주시","차대차","기타","기타","운전자법규위반","안전운전 의무 불이행","교차로","교차로부근","화물차","소형","특수차","소형","974779","1959528","127.2141479","37.6348723"
"2012","2012-12-16 07:00","15","주간","일","1","1","0","0","0","대구","달성군","차량단독","공작물충돌","공작물충돌","운전자법규위반","안전운전 의무 불이행","단일로","교량위","승용차","중형","00","00","1090922","1756283","128.50624742","35.79878348"
"2012","2012-12-16 00:00","04","야간","일","1","1","0","0","0","서울","영등포구","차대사람","횡단중","횡단중","운전자법규위반","안전운전 의무 불이행","교차로","교차로부근","승용차","중형","보행자","보행자","947457","1947510","126.90535675","37.52539681"
"2012","2012-12-24 20:00","10","야간","월","1","1","0","0","0","인천","연수구","차대사람","횡단중","횡단중","운전자법규위반","보행자 보호의무 위반","단일로","기타단일로","승합차","대형","보행자","보행자","928645","1936272","126.69356214","37.42284708"
"2012","2012-12-26 08:00","10","주간","수","1","1","0","0","0","제주","서귀포시","차대차","추돌","진행중 추돌","운전자법규위반","안전운전 의무 불이행","교차로","교차로부근","승용차","중형","농기계","농기계","878356","1476754","126.19379597","33.2753069"
"2012","2012-12-19 18:00","15","야간","수","1","2","1","0","0","충남","공주시","차대차","추돌","진행중 추돌","운전자법규위반","안전운전 의무 불이행","단일로","교량위","승용차","소형","승용차","중형","966391","1847458","127.12057523","36.60870358"
"2012","2012-12-21 03:00","55","야간","금","1","10","4","5","0","경기","수원시","차대차","정면충돌","정면충돌","운전자법규위반","신호위반","교차로","교차로내","승용차","중형","승합차","경형","953302","1917982","126.97336872","37.25956225"
"2012","2012-12-26 18:00","25","야간","수","1","1","0","0","0","경기","평택시","차대사람","횡단중","횡단중","운전자법규위반","보행자 보호의무 위반","교차로","교차로내","승용차","경형","보행자","보행자","957805","1901113","127.02510206","37.10772279"
"2012","2012-12-16 14:00","10","주간","일","1","1","0","0","0","경기","광명시","차량단독","공작물충돌","공작물충돌","운전자법규위반","안전운전 의무 불이행","단일로","기타단일로","승용차","중형","00","00","941632","1941922","126.83988101","37.47468149"
"2012","2012-09-14 11:00","40","주간","금","1","1","0","0","0","전남","영암군","차대차","측면직각충돌","측면직각충돌","운전자법규위반","안전운전 의무 불이행","교차로","교차로내","화물차","중형","승합차","소형","906029","1641399","126.47317386","34.76275373"
"2012","2012-09-14 17:00","20","주간","금","1","1","0","0","0","전남","나주시","차량단독","전도전복","전도전복","운전자법규위반","안전운전 의무 불이행","단일로","기타단일로","자전거","자전거","00","00","929410","1670881","126.72614608","35.03047267"
"2012","2012-09-18 11:00","50","주간","화","1","2","0","1","0","경북","성주군","차량단독","도로이탈","도로이탈 추락","운전자법규위반","안전운전 의무 불이행","단일로","기타단일로","승용차","소형","00","00","1075855","1760891","128.33995386","35.84160562"
"2012","2012-11-03 12:00","00","주간","토","1","1","0","0","0","경남","김해시","차대차","측면직각충돌","측면직각충돌","운전자법규위반","부당한 회전","단일로","기타단일로","자전거","자전거","화물차","소형","1123055","1690746","128.85185346","35.20452082"
"2012","2012-11-04 18:00","13","야간","일","1","1","0","0","0","충남","예산군","차대사람","횡단중","횡단중","운전자법규위반","안전운전 의무 불이행","교차로","교차로내","승용차","중형","보행자","보행자","931571","1865313","126.73310358","36.78348223"
"2012","2012-10-30 05:00","13","야간","화","1","1","0","0","0","경기","안성시","차대차","기타","기타","운전자법규위반","보행자 보호의무 위반","단일로","횡단보도상","승용차","대형","승용차","소형","978738","1889843","127.26229776","37.00298599"
"2012","2012-11-02 15:00","15","주간","금","1","1","0","0","0","충북","청주시","차대사람","횡단중","횡단중","운전자법규위반","안전운전 의무 불이행","교차로","교차로내","승용차","경형","보행자","보행자","999972","1847725","127.49968683","36.62740072"
"2012","2012-10-30 06:00","34","주간","월","1","1","0","0","0","전남","함평군","차대차","추돌","진행중 추돌","운전자법규위반","안전운전 의무 불이행","단일로","기타단일로","화물차","소형","이륜차","소형","908311","1683311","126.49349715","35.14084523"
"2012","2012-11-02 22:00","40","야간","금","1","1","0","0","0","경기","수원시","차대사람","차도통행중","차도통행중","운전자법규위반","안전운전 의무 불이행","단일로","기타단일로","승용차","소형","보행자","보행자","951282","1920893","126.95039863","37.28569732"
"2012","2012-12-30 19:00","00","야간","일","1","2","0","1","0","강원","홍천군","차량단독","전도전복","전도전복","운전자법규위반","안전운전 의무 불이행","단일로","기타단일로","승용차","소형","00","00","1042571","1976803","127.98350069","37.78993197"
"2012","2012-12-29 15:00","30","주간","토","1","1","0","0","0","경북","영덕군","차량단독","도로이탈","도로이탈 추락","운전자법규위반","안전운전 의무 불이행","교차로","교차로부근","원동기장치자전거","원동기장치자전거","00","00","1170109","1842529","129.40098416","36.56539959"
"2012","2012-12-11 18:00","19","야간","화","1","1","0","0","0","전남","무안군","차대사람","횡단중","횡단중","운전자법규위반","안전운전 의무 불이행","교차로","교차로내","화물차","소형","보행자","보행자","906256","1665817","126.47291936","34.98293173"
"2012","2012-12-15 20:00","15","야간","토","1","1","0","0","0","경기","시흥시","차대사람","기타","기타","운전자법규위반","안전운전 의무 불이행","단일로","기타단일로","승합차","소형","보행자","보행자","933543","1927140","126.74973421","37.34090437"
"2012","2012-12-12 07:00","10","주간","수","1","1","0","0","0","경기","의정부시","차대사람","횡단중","횡단중","운전자법규위반","안전운전 의무 불이행","교차로","교차로내","승용차","중형","보행자","보행자","960264","1969691","127.0503214","37.72623442"
"2012","2012-12-12 07:00","34","주간","수","1","1","0","0","0","서울","종로구","차대차","추돌","주정차중 추돌","운전자법규위반","안전운전 의무 불이행","단일로","기타단일로","승용차","중형","화물차","중형","956472","1952541","127.00707959","37.57121213"
"2012","2012-12-13 23:00","05","야간","목","1","1","0","0","0","경남","창원시(통합)","차대사람","횡단중","횡단중","운전자법규위반","안전운전 의무 불이행","단일로","기타단일로","승용차","중형","보행자","보행자","1097734","1692269","128.57391282","35.22103756"
"2013","2013-01-25 06:00","02","주간","금","1","1","0","0","0","부산","동래구","차량단독","공작물충돌","공작물충돌","운전자법규위반","안전운전 의무 불이행","교차로","교차로부근","승용차","대형","00","00","1143647","1690504","129.07795925","35.199603"
"2013","2013-01-31 06:00","25","주간","목","1","4","2","1","0","충북","충주시","차대차","추돌","진행중 추돌","운전자법규위반","안전운전 의무 불이행","단일로","기타단일로","화물차","소형","특수차","대형","1021947","1900464","127.74699378","37.10256631"
"2013","2013-01-28 06:00","50","주간","월","1","1","0","0","0","전북","전주시","차대사람","차도통행중","차도통행중","운전자법규위반","안전운전 의무 불이행","단일로","기타단일로","화물차","소형","보행자","보행자","966354","1760566","127.12743204","35.84103338"
"2013","2013-01-30 20:00","50","야간","수","2","6","4","0","0","경북","영천시","차대차","추돌","주정차중 추돌","운전자법규위반","안전운전 의무 불이행","교차로","교차로부근","승용차","대형","화물차","대형","1142932","1778851","129.08574102","35.99598712"
"2013","2013-01-30 06:00","40","주간","수","1","1","0","0","0","경남","진주시","차대사람","횡단중","횡단중","운전자법규위반","안전운전 의무 불이행","교차로","교차로내","화물차","소형","보행자","보행자","1051366","1688855","128.1120502","35.18200941"
"2013","2013-02-05 02:00","00","야간","화","1","1","0","0","0","경북","구미시","차량단독","공작물충돌","공작물충돌","운전자법규위반","안전운전 의무 불이행","단일로","기타단일로","승용차","중형","00","00","1076722","1787096","128.35208732","36.07777642"
"2013","2013-02-04 03:00","30","야간","월","1","1","0","0","0","대전","동구","차량단독","공작물충돌","공작물충돌","운전자법규위반","안전운전 의무 불이행","단일로","기타단일로","승용차","중형","00","00","993579","1816365","127.42844393","36.34466231"
"2013","2013-02-01 22:00","50","야간","금","1","1","0","0","0","충남","공주시","차대사람","기타","기타","운전자법규위반","안전운전 의무 불이행","단일로","기타단일로","승합차","소형","보행자","보행자","957769","1836205","127.0283008","36.52261436"
"2013","2013-02-02 01:00","00","야간","토","1","3","2","0","0","광주","북구","차대차","정면충돌","정면충돌","운전자법규위반","중앙선 침범","단일로","기타단일로","승용차","중형","승용차","중형","943595","1694140","126.88005449","35.24108437"
"2013","2013-02-02 10:00","59","주간","토","1","1","0","0","0","광주","북구","차대사람","길가장자리구역통행중","길가장자리구역통행중","운전자법규위반","안전운전 의무 불이행","단일로","기타단일로","승합차","대형","보행자","보행자","947161","1685862","126.92907621","35.16222851"
"2013","2013-02-12 16:00","00","주간","화","1","1","0","0","0","충북","영동군","차량단독","도로이탈","도로이탈 추락","운전자법규위반","안전운전 의무 불이행","단일로","기타단일로","화물차","중형","00","00","1040926","1796172","127.95501906","36.16176796"
"2013","2013-02-10 19:00","30","야간","일","1","1","0","0","0","제주","서귀포시","차대사람","횡단중","횡단중","운전자법규위반","안전운전 의무 불이행","단일로","기타단일로","승용차","중형","보행자","보행자","913274","1475348","126.56882568","33.26600065"
"2013","2013-02-12 11:00","10","주간","화","1","26","7","17","1","충북","청주시","차대차","추돌","진행중 추돌","운전자법규위반","중앙선 침범","단일로","기타단일로","승용차","중형","승합차","대형","998339","1846728","127.48142447","36.61841132"
"2013","2013-02-10 08:00","45","주간","일","1","1","0","0","0","경기","광주시","차량단독","공작물충돌","공작물충돌","운전자법규위반","안전운전 의무 불이행","단일로","기타단일로","승용차","중형","00","00","983777","1941157","127.316536","37.46948755"
"2013","2013-02-09 02:00","50","야간","토","1","3","2","0","0","충북","청주시","차대차","측면직각충돌","측면직각충돌","운전자법규위반","안전운전 의무 불이행","단일로","기타단일로","승용차","중형","화물차","중형","996964","1851768","127.46602743","36.66384339"
"2013","2013-02-11 12:00","25","주간","월","1","1","0","0","0","전남","여수시","차대차","추돌","진행중 추돌","운전자법규위반","안전운전 의무 불이행","단일로","기타단일로","이륜차","대형","승용차","중형","1012177","1644162","127.63310804","34.79192694"
"2013","2013-02-11 19:00","53","야간","월","1","3","0","2","0","경기","성남시","차대차","기타","기타","운전자법규위반","중앙선 침범","교차로","교차로부근","승용차","중형","승용차","소형","968735","1930438","127.14688401","37.37248406"
"2013","2013-02-07 14:00","25","주간","목","1","1","0","0","0","경북","경주시","차대차","기타","기타","운전자법규위반","안전운전 의무 불이행","교차로","교차로내","승용차","중형","원동기장치자전거","원동기장치자전거","1154581","1762024","129.21165805","35.84256408"
"2013","2013-02-07 18:00","00","야간","목","1","1","0","0","0","경기","안양시","차대사람","횡단중","횡단중","운전자법규위반","안전운전 의무 불이행","단일로","횡단보도상","승용차","소형","보행자","보행자","951267","1932733","126.94945097","37.39241633"
"2013","2013-02-06 18:00","47","야간","수","1","1","0","0","0","충남","공주시","차대사람","횡단중","횡단중","운전자법규위반","신호위반","교차로","교차로내","화물차","소형","보행자","보행자","965850","1842545","127.11827854","36.58009169"
"2013","2013-02-19 08:00","10","주간","화","1","1","0","0","0","경기","용인시","차량단독","공작물충돌","공작물충돌","운전자법규위반","안전운전 의무 불이행","단일로","기타단일로","승용차","중형","00","00","970815","1915791","127.16925726","37.24124295"
"2013","2013-02-19 08:00","20","주간","화","1","1","0","0","0","전남","영광군","차량단독","기타","기타","운전자법규위반","안전운전 의무 불이행","단일로","기타단일로","이륜차","소형","00","00","897055","1687507","126.36943289","35.17758487"
"2013","2013-02-13 17:00","40","주간","수","1","1","0","0","0","부산","북구","차대사람","기타","기타","운전자법규위반","안전운전 의무 불이행","단일로","기타단일로","승용차","소형","보행자","보행자","1136622","1691755","129.00102149","35.21186048"
"2013","2013-02-14 19:00","20","야간","목","1","1","0","0","0","대구","남구","차대사람","기타","기타","운전자법규위반","안전운전 의무 불이행","교차로","교차로부근","승용차","중형","보행자","보행자","1099708","1760125","128.60394732","35.83256432"
"2013","2013-02-14 16:00","43","주간","목","1","1","0","0","0","대구","북구","차대차","추돌","진행중 추돌","운전자법규위반","안전운전 의무 불이행","단일로","기타단일로","화물차","소형","자전거","자전거","1097387","1772683","128.57978984","35.94600178"
"2013","2013-02-13 22:00","18","야간","수","1","2","0","1","0","경기","안양시","차대차","측면직각충돌","측면직각충돌","운전자법규위반","안전운전 의무 불이행","교차로","교차로부근","승용차","중형","승용차","중형","946557","1935609","126.90119065","37.41215611"
"2013","2013-02-25 20:00","30","야간","월","1","1","0","0","0","경기","포천시","차대사람","길가장자리구역통행중","길가장자리구역통행중","운전자법규위반","안전운전 의무 불이행","단일로","교량위","승용차","중형","보행자","보행자","974349","1981975","127.20807229","37.8287151"
"2013","2013-01-01 20:00","35","야간","화","1","4","3","0","0","충남","아산시","차대차","기타","기타","운전자법규위반","중앙선 침범","단일로","교량위","승용차","대형","승용차","중형","954608","1866711","126.99118858","36.79746864"
"2013","2013-01-02 05:00","37","야간","수","1","1","0","0","0","충남","공주시","차대사람","기타","기타","운전자법규위반","안전운전 의무 불이행","단일로","기타단일로","승용차","소형","보행자","보행자","960448","1830493","127.05851545","36.47123569"
"2013","2013-12-04 08:00","45","주간","수","1","1","0","0","0","부산","북구","차대차","기타","기타","운전자법규위반","안전운전 의무 불이행","단일로","기타단일로","화물차","중형","자전거","자전거","1136780","1691573","129.0028466","35.21021133"
"2013","2013-10-24 11:00","29","주간","목","1","1","0","0","0","충남","청양군","차량단독","전도전복","전도전복","운전자법규위반","안전운전 의무 불이행","단일로","기타단일로","농기계","농기계","00","00","930721","1831169","126.72665975","36.47564076"
"2013","2013-10-24 18:00","20","야간","목","1","1","0","0","0","전북","익산시","차대사람","횡단중","횡단중","운전자법규위반","안전운전 의무 불이행","단일로","기타단일로","승합차","중형","보행자","보행자","964175","1784160","127.11373787","36.04086516"
"2013","2013-10-24 18:00","24","야간","목","2","2","0","0","0","경기","양평군","차대차","추돌","진행중 추돌","운전자법규위반","안전운전 의무 불이행","단일로","기타단일로","화물차","대형","농기계","농기계","1014798","1947236","127.66747122","37.52430535"
"2013","2013-10-30 20:00","30","야간","수","1","1","0","0","0","서울","강남구","차량단독","공작물충돌","공작물충돌","운전자법규위반","안전운전 의무 불이행","단일로","기타단일로","이륜차","소형","00","00","958430","1946453","127.02959662","37.51642968"
"2013","2013-11-01 01:00","30","야간","금","1","1","0","0","0","경기","부천시","차량단독","전도전복","전도전복","운전자법규위반","안전운전 의무 불이행","단일로","기타단일로","승용차","소형","00","00","938383","1948344","126.80260032","37.53235194"
"2013","2013-11-05 04:00","59","야간","화","1","1","0","0","0","서울","중랑구","차대사람","횡단중","횡단중","운전자법규위반","신호위반","단일로","횡단보도상","승합차","대형","보행자","보행자","964267","1955547","127.09520292","37.5986417"
"2013","2013-11-02 18:00","25","야간","토","1","1","0","0","0","광주","서구","차대차","추돌","주정차중 추돌","운전자법규위반","안전운전 의무 불이행","단일로","기타단일로","승용차","중형","승용차","소형","944569","1684590","126.89140179","35.15502985"
"2013","2013-11-02 03:00","55","야간","토","1","1","0","0","0","광주","남구","차대사람","차도통행중","차도통행중","운전자법규위반","안전운전 의무 불이행","교차로","교차로부근","승용차","중형","보행자","보행자","945069","1680055","126.89719268","35.11416639"
"2013","2013-11-10 03:00","46","야간","일","2","4","2","0","0","광주","북구","차대차","측면직각충돌","측면직각충돌","운전자법규위반","안전운전 의무 불이행","단일로","기타단일로","승용차","소형","화물차","대형","946599","1685829","126.9136087","35.16631148"
"2013","2013-11-20 11:00","25","주간","수","1","2","0","0","1","전남","영광군","차대차","측면직각충돌","측면직각충돌","운전자법규위반","안전운전 의무 불이행","교차로","교차로내","화물차","중형","이륜차","소형","903945","1709118","126.44255915","35.37310131"
"2013","2013-11-24 19:00","20","야간","일","1","1","0","0","0","전북","전주시","차대사람","기타","기타","운전자법규위반","안전운전 의무 불이행","교차로","교차로내","승용차","대형","보행자","보행자","960438","1764171","127.06174589","35.87331474"
"2013","2013-11-25 05:00","30","야간","월","1","2","0","1","0","경기","남양주시","차대차","측면직각충돌","측면직각충돌","운전자법규위반","기타(운전자법규위반)","교차로","교차로내","자전거","자전거","승용차","대형","972167","1967827","127.18397048","37.71000287"
"2013","2013-11-24 12:00","15","주간","일","1","1","0","0","0","서울","강서구","차대사람","횡단중","횡단중","운전자법규위반","보행자 보호의무 위반","교차로","교차로부근","건설기계","건설기계","보행자","보행자","941813","1952342","126.84110253","37.56860875"
"2013","2013-11-22 00:00","09","야간","금","1","1","0","0","0","제주","제주시","차대사람","횡단중","횡단중","운전자법규위반","안전운전 의무 불이행","단일로","기타단일로","승용차","중형","보행자","보행자","911312","1498182","126.54551588","33.4717716"
"2013","2013-11-22 08:00","21","주간","금","2","3","1","0","0","서울","서초구","차대사람","횡단중","횡단중","운전자법규위반","안전운전 의무 불이행","교차로","교차로부근","승용차","중형","보행자","보행자","959584","1940814","127.04296461","37.46565445"
"2013","2013-11-22 19:00","20","야간","금","1","1","0","0","0","대구","달서구","차대차","기타","기타","운전자법규위반","보행자 보호의무 위반","단일로","횡단보도상","승합차","소형","승용차","중형","1095179","1762149","128.55526441","35.85247557"
"2013","2013-11-22 12:00","18","주간","금","1","1","0","0","0","서울","강남구","차대사람","차도통행중","차도통행중","운전자법규위반","안전운전 의무 불이행","단일로","기타단일로","승합차","대형","보행자","보행자","957742","1945746","127.02185215","37.51002599"
"2013","2013-11-22 17:00","30","주간","금","1","1","0","0","0","전남","담양군","차대차","측면직각충돌","측면직각충돌","운전자법규위반","중앙선 침범","단일로","기타단일로","원동기장치자전거","원동기장치자전거","승용차","소형","951797","1703928","126.96962342","35.3297673"