"발생년","발생년월일시","발생분","주야","요일","사망자수","사상자수","중상자수","경상자수","부상신고자수","발생지시도","발생지시군구","사고유형_대분류","사고유형_중분류","사고유형","법규위반_대분류","법규위반","도로형태_대분류","도로형태","당사자종별_1당_대분류","당사자종별_1당","당사자종별_2당_대분류","당사자종별_2당","발생위치X_UTMK","발생위치Y_UTMK","경도","위도"
"2012","2012-11-09 11:00","30","주간","금","1","1","0","0","0","경북","고령군","차대사람","길가장자리구역통행중","길가장자리구역통행중","운전자법규위반","안전운전 의무 불이행","단일로","기타단일로","특수차","대형","보행자","보행자","1062280","1752998","128.18903174","35.77140227"
"2012","2012-11-09 12:00","42","주간","금","1","1","0","0","0","전남","고흥군","차대차","측면직각충돌","측면직각충돌","운전자법규위반","중앙선 침범","단일로","기타단일로","화물차","소형","원동기장치자전거","원동기장치자전거","968993","1615198","127.33552853","34.57769552"
"2012","2012-11-08 19:00","27","야간","목","1","1","0","0","0","전북","완주군","차대사람","차도통행중","차도통행중","운전자법규위반","안전운전 의무 불이행","단일로","기타단일로","승용차","경형","보행자","보행자","975708","1762091","127.23096284","35.85505937"
"2012","2012-09-24 10:00","30","주간","월","1","1","0","0","0","경기","수원시","차대차","기타","기타","운전자법규위반","안전운전 의무 불이행","단일로","횡단보도상","건설기계","건설기계","자전거","자전거","953036","1921453","126.97014982","37.29083516"
"2012","2012-09-25 00:00","51","야간","화","1","1","0","0","0","대구","달서구","차량단독","공작물충돌","공작물충돌","운전자법규위반","안전운전 의무 불이행","교차로","교차로내","승용차","중형","00","00","1088050","1761048","128.47499193","35.84200131"
"2012","2012-10-28 03:00","30","야간","일","1","2","0","1","0","경기","안성시","차량단독","도로이탈","도로이탈 추락","운전자법규위반","안전운전 의무 불이행","단일로","기타단일로","승용차","중형","00","00","978709","1881095","127.2609364","36.92798295"
"2012","2012-10-24 10:00","05","주간","수","1","1","0","0","0","경북","경주시","차대차","측면직각충돌","측면직각충돌","운전자법규위반","안전운전 의무 불이행","단일로","기타단일로","농기계","농기계","원동기장치자전거","원동기장치자전거","1155138","1781086","129.22688903","35.99020657"
"2012","2012-10-24 18:00","02","야간","수","1","1","0","0","0","인천","남동구","차대사람","횡단중","횡단중","운전자법규위반","안전운전 의무 불이행","단일로","기타단일로","승합차","대형","보행자","보행자","930967","1940005","126.71945319","37.45666842"
"2012","2012-10-28 11:00","09","주간","일","1","1","0","0","0","전남","영광군","차대차","정면충돌","정면충돌","운전자법규위반","중앙선 침범","단일로","기타단일로","이륜차","소형","승용차","중형","904009","1708132","126.44337946","35.36421834"
"2012","2012-10-29 04:00","59","야간","월","1","1","0","0","0","서울","성북구","차대사람","차도통행중","차도통행중","운전자법규위반","신호위반","교차로","교차로내","승용차","중형","보행자","보행자","956632","1954406","127.00878098","37.58802932"
"2012","2012-10-29 12:00","30","주간","월","1","1","0","0","0","울산","북구","차량단독","전도전복","전도전복","운전자법규위반","안전운전 의무 불이행","단일로","기타단일로","이륜차","중형","00","00","1170095","1731060","129.37681065","35.56096205"
"2012","2012-10-25 03:00","50","야간","목","1","2","1","0","0","경기","화성시","차대차","추돌","진행중 추돌","운전자법규위반","안전운전 의무 불이행","단일로","기타단일로","화물차","중형","화물차","대형","946005","1905601","126.89179769","37.14752414"
"2012","2012-10-22 04:00","10","야간","월","1","2","1","0","0","경북","포항시","차량단독","공작물충돌","공작물충돌","운전자법규위반","안전운전 의무 불이행","기타/불명","기타/불명","화물차","소형","00","00","1169090","1785582","129.37725729","36.05245432"
"2012","2012-10-26 08:00","00","주간","금","1","1","0","0","0","경북","김천시","차대차","측면직각충돌","측면직각충돌","운전자법규위반","안전운전 의무 불이행","단일로","기타단일로","화물차","소형","자전거","자전거","1053446","1792434","128.09395753","36.12745916"
"2012","2012-10-22 17:00","35","주간","월","1","1","0","0","0","대구","동구","차량단독","도로이탈","도로이탈 추락","운전자법규위반","안전운전 의무 불이행","단일로","기타단일로","승용차","중형","00","00","1105433","1777486","128.66962321","35.98846093"
"2012","2012-10-12 05:00","02","야간","금","1","3","2","0","0","경기","용인시","차대차","추돌","진행중 추돌","운전자법규위반","안전운전 의무 불이행","단일로","기타단일로","승용차","중형","이륜차","소형","972157","1915378","127.18609727","37.23684487"
"2012","2012-10-12 00:00","20","야간","금","1","1","0","0","0","인천","부평구","차대사람","기타","기타","운전자법규위반","안전운전 의무 불이행","단일로","기타단일로","승용차","중형","보행자","보행자","929684","1946684","126.70434903","37.51730939"
"2012","2012-10-09 07:00","30","주간","화","2","3","0","0","1","충북","괴산군","차대차","측면직각충돌","측면직각충돌","운전자법규위반","안전운전 의무 불이행","단일로","기타단일로","승용차","대형","농기계","농기계","1027130","1877588","127.85370764","36.87260006"
"2012","2012-10-05 21:00","15","야간","금","1","1","0","0","0","경북","안동시","차대사람","횡단중","횡단중","운전자법규위반","안전운전 의무 불이행","단일로","기타단일로","승용차","대형","보행자","보행자","1129475","1847244","128.91762088","36.56806344"
"2012","2012-10-10 09:00","15","주간","수","1","1","0","0","0","충남","아산시","차대차","측면직각충돌","측면직각충돌","운전자법규위반","기타(운전자법규위반)","교차로","교차로내","승용차","소형","원동기장치자전거","원동기장치자전거","962419","1863472","127.07890164","36.76861295"
"2012","2012-10-10 13:00","00","주간","수","1","1","0","0","0","인천","남동구","차대차","추돌","진행중 추돌","운전자법규위반","안전운전 의무 불이행","단일로","기타단일로","승용차","중형","자전거","자전거","932527","1935875","126.73746825","37.41956007"
"2012","2012-10-15 15:00","10","주간","월","1","1","0","0","0","충남","청양군","차대차","추돌","진행중 추돌","운전자법규위반","안전운전 의무 불이행","단일로","기타단일로","승용차","대형","이륜차","소형","940296","1833630","126.84730253","36.5290814"
"2012","2012-10-15 15:00","55","주간","월","1","1","0","0","0","서울","은평구","차대사람","횡단중","횡단중","운전자법규위반","안전운전 의무 불이행","단일로","기타단일로","승합차","대형","보행자","보행자","949487","1957216","126.92766072","37.61299149"
"2012","2012-10-15 10:00","25","주간","월","1","2","1","0","0","경기","부천시","차대차","측면직각충돌","측면직각충돌","운전자법규위반","신호위반","교차로","교차로내","이륜차","소형","승용차","중형","937224","1948311","126.78948615","37.53197632"
"2012","2012-10-15 18:00","35","야간","월","1","3","2","0","0","경북","영덕군","차대차","정면충돌","정면충돌","운전자법규위반","중앙선 침범","단일로","기타단일로","화물차","중형","화물차","중형","1163222","1827271","129.32083589","36.42917179"
"2012","2012-08-30 17:00","56","주간","목","1","1","0","0","0","경기","남양주시","차대차","기타","기타","운전자법규위반","안전운전 의무 불이행","교차로","교차로부근","원동기장치자전거","원동기장치자전거","승합차","대형","968289","1960871","127.14053381","37.64677599"
"2012","2012-08-31 10:00","10","주간","금","1","1","0","0","0","경기","성남시","차대차","추돌","진행중 추돌","운전자법규위반","차로위반(진로변경 위반)","단일로","기타단일로","자전거","자전거","화물차","소형","966393","1938036","127.12008765","37.44088755"
"2012","2012-08-31 03:00","20","야간","금","2","5","2","1","0","경기","시흥시","차량단독","공작물충돌","공작물충돌","운전자법규위반","안전운전 의무 불이행","단일로","기타단일로","승용차","중형","00","00","928138","1926448","126.68878696","37.33426468"
"2012","2012-09-07 05:00","25","야간","금","1","1","0","0","0","전북","군산시","차대사람","기타","기타","운전자법규위반","안전운전 의무 불이행","교차로","교차로내","승용차","중형","보행자","보행자","928192","1776154","126.70324305","35.97962522"
"2012","2012-11-30 20:00","55","야간","금","1","1","0","0","0","경남","거제시","차대사람","기타","기타","운전자법규위반","안전운전 의무 불이행","교차로","교차로내","화물차","소형","보행자","보행자","1099213","1651164","128.5852505","34.85029955"
"2012","2012-12-04 07:00","30","주간","화","1","1","0","0","0","전남","나주시","차량단독","전도전복","전도전복","운전자법규위반","안전운전 의무 불이행","단일로","교량위","승용차","중형","00","00","927537","1666351","126.70600957","34.98949498"
"2012","2012-12-01 16:00","00","주간","토","1","3","2","0","0","경남","통영시","차량단독","도로이탈","도로이탈 추락","운전자법규위반","안전운전 의무 불이행","단일로","기타단일로","승용차","중형","00","00","1069616","1628040","128.25962029","34.64424793"
"2012","2012-12-01 06:00","15","주간","토","1","1","0","0","0","경남","진주시","차대사람","횡단중","횡단중","운전자법규위반","안전운전 의무 불이행","단일로","기타단일로","승합차","대형","보행자","보행자","1054622","1687539","128.09991159","35.18166438"
"2012","2012-12-01 18:00","05","야간","토","1","13","1","11","0","충남","예산군","차대차","추돌","주정차중 추돌","운전자법규위반","안전거리 미확보","교차로","교차로부근","화물차","소형","화물차","소형","936584","1854842","126.79015073","36.68944414"
"2013","2013-08-05 09:00","21","주간","월","1","1","0","0","0","경남","김해시","차량단독","기타","기타","운전자법규위반","안전운전 의무 불이행","단일로","기타단일로","화물차","소형","00","00","1121722","1687626","128.83702134","35.17623001"
"2013","2013-06-23 09:00","44","주간","일","1","1","0","0","0","울산","울주군","차량단독","전도전복","전도전복","운전자법규위반","안전운전 의무 불이행","단일로","기타단일로","화물차","중형","00","00","1147368","1730285","129.12599941","35.55761968"
"2013","2013-09-24 01:00","33","야간","화","1","1","0","0","0","경북","구미시","차량단독","공작물충돌","공작물충돌","운전자법규위반","안전운전 의무 불이행","단일로","기타단일로","화물차","대형","00","00","1078602","1786218","128.37287729","36.06971119"
"2013","2013-08-27 05:00","40","야간","화","2","2","0","0","0","경북","문경시","차대차","추돌","진행중 추돌","운전자법규위반","안전운전 의무 불이행","단일로","기타단일로","화물차","소형","화물차","중형","1057746","1849454","128.14597973","36.6412362"
"2013","2013-06-23 10:00","39","주간","일","1","5","4","0","0","경남","양산시","차대차","기타","기타","운전자법규위반","안전운전 의무 불이행","단일로","기타단일로","승용차","소형","특수차","중형","1139994","1705508","129.04040252","35.33536196"
"2013","2013-06-29 17:00","45","주간","토","2","4","2","0","0","경남","김해시","차대차","기타","기타","운전자법규위반","안전운전 의무 불이행","단일로","기타단일로","화물차","중형","승용차","소형","1110806","1698828","128.7184068","35.27880786"
"2012","2012-12-14 10:00","50","주간","금","1","1","0","0","0","서울","양천구","차대사람","횡단중","횡단중","운전자법규위반","안전운전 의무 불이행","단일로","기타단일로","승합차","대형","보행자","보행자","943805","1949182","126.86390036","37.54025132"
"2012","2012-12-28 08:00","05","주간","금","1","2","0","1","0","충북","진천군","차대차","정면충돌","정면충돌","운전자법규위반","중앙선 침범","단일로","기타단일로","승용차","소형","승합차","대형","984728","1876979","127.32860277","36.89099595"
"2012","2012-09-07 17:00","09","주간","금","1","1","0","0","0","서울","강남구","차대사람","기타","기타","운전자법규위반","안전운전 의무 불이행","교차로","교차로내","승용차","중형","보행자","보행자","958998","1947513","127.03546597","37.52613347"
"2012","2012-08-18 03:00","20","야간","토","1","2","1","0","0","대전","중구","차량단독","기타","기타","운전자법규위반","안전운전 의무 불이행","교차로","교차로부근","원동기장치자전거","원동기장치자전거","00","00","990784","1812446","127.39677512","36.30887488"
"2012","2012-05-12 12:00","45","주간","토","1","1","0","0","0","울산","남구","차대차","측면직각충돌","측면직각충돌","운전자법규위반","안전운전 의무 불이행","단일로","기타단일로","이륜차","중형","승용차","대형","1160314","1727583","129.2682472","35.53125777"
"2012","2012-11-23 21:00","20","야간","금","1","1","0","0","0","경북","의성군","차대사람","기타","기타","운전자법규위반","안전운전 의무 불이행","교차로","교차로내","화물차","소형","보행자","보행자","1119409","1821812","128.83137688","36.38637002"
"2012","2012-11-07 17:00","20","주간","수","1","1","0","0","0","강원","홍천군","차량단독","공작물충돌","공작물충돌","운전자법규위반","안전운전 의무 불이행","기타/불명","기타/불명","승합차","경형","00","00","1037049","1974146","127.92065045","37.7662251"
"2012","2012-09-27 00:00","40","야간","목","2","2","0","0","0","경기","김포시","차대사람","횡단중","횡단중","운전자법규위반","신호위반","단일로","횡단보도상","화물차","중형","보행자","보행자","926759","1962002","126.66968143","37.65459554"
"2012","2012-09-28 23:00","14","야간","금","1","1","0","0","0","인천","중구","차대차","측면직각충돌","측면직각충돌","운전자법규위반","교차로 통행방법 위반","교차로","교차로내","승합차","대형","화물차","소형","922681","1938845","126.62589562","37.4455578"
"2012","2012-11-11 06:00","35","주간","일","1","1","0","0","0","서울","관악구","차량단독","전도전복","전도전복","운전자법규위반","안전운전 의무 불이행","단일로","기타단일로","화물차","소형","00","00","952774","1942019","126.96686843","37.47567424"
"2012","2012-07-20 02:00","37","야간","금","1","1","0","0","0","전북","김제시","차량단독","공작물충돌","공작물충돌","운전자법규위반","안전운전 의무 불이행","단일로","기타단일로","승용차","소형","00","00","954053","1757777","126.99138559","35.81538872"
"2013","2013-04-26 07:00","00","주간","금","1","2","0","1","0","전남","해남군","차대차","측면직각충돌","측면직각충돌","운전자법규위반","직진 및 우회전차의 통행방해","교차로","교차로내","건설기계","건설기계","승용차","중형","924497","1620242","126.6721683","34.58100482"
"2013","2013-04-28 00:00","56","야간","일","1","1","0","0","0","광주","서구","차대사람","기타","기타","운전자법규위반","안전운전 의무 불이행","교차로","교차로부근","승용차","중형","보행자","보행자","942595","1684212","126.86975591","35.15151075"
"2013","2013-04-26 23:00","50","야간","금","1","3","1","1","0","인천","서구","차대차","정면충돌","정면충돌","운전자법규위반","중앙선 침범","교차로","교차로부근","승용차","중형","화물차","소형","923749","1958019","126.63597695","37.61845392"
"2013","2013-04-23 20:00","50","야간","화","1","1","0","0","0","경북","영천시","차대차","측면직각충돌","측면직각충돌","운전자법규위반","교차로 통행방법 위반","교차로","교차로내","승용차","대형","이륜차","소형","1129516","1775029","128.93631867","35.96341397"
"2013","2013-04-23 19:00","25","야간","화","1","1","0","0","0","경북","청도군","차대차","기타","기타","운전자법규위반","안전운전 의무 불이행","단일로","기타단일로","화물차","중형","자전거","자전거","1113422","1738956","128.75272908","35.6402351"
"2013","2013-04-27 22:00","10","야간","토","1","1","0","0","0","경기","수원시","차대사람","차도통행중","차도통행중","운전자법규위반","안전운전 의무 불이행","교차로","교차로내","승용차","경형","보행자","보행자","953873","1919828","126.9850351","37.27378616"
"2013","2013-04-29 01:00","00","야간","월","1","1","0","0","0","경북","경주시","차대사람","기타","기타","운전자법규위반","안전운전 의무 불이행","단일로","기타단일로","승용차","중형","보행자","보행자","1161041","1761196","129.28299142","35.83406232"
"2013","2013-05-05 07:00","00","주간","일","1","2","1","0","0","경기","화성시","차량단독","전도전복","전도전복","운전자법규위반","안전운전 의무 불이행","교차로","교차로내","승용차","중형","00","00","958086","1913682","127.02755992","37.22103078"
"2013","2013-05-05 18:00","50","야간","일","1","1","0","0","0","부산","연제구","차대차","기타","기타","운전자법규위반","부당한 회전","단일로","횡단보도상","원동기장치자전거","원동기장치자전거","승용차","중형","1142657","1689652","129.06694024","35.19206448"
"2013","2013-05-11 04:00","59","야간","토","1","1","0","0","0","서울","양천구","차량단독","공작물충돌","공작물충돌","운전자법규위반","안전운전 의무 불이행","단일로","기타단일로","이륜차","소형","00","00","944782","1946706","126.8751451","37.51799398"
"2013","2013-05-17 15:00","10","주간","금","1","1","0","0","0","경기","광주시","차량단독","전도전복","전도전복","운전자법규위반","안전운전 의무 불이행","교차로","교차로내","농기계","농기계","00","00","984118","1920170","127.32084281","37.28032057"
"2013","2013-05-17 11:00","50","주간","금","1","1","0","0","0","경기","김포시","차대차","측면직각충돌","측면직각충돌","운전자법규위반","안전거리 미확보","단일로","기타단일로","이륜차","중형","승합차","대형","933361","1956705","126.74443612","37.60757373"
"2013","2013-05-16 05:00","40","야간","목","1","2","0","1","0","경기","수원시","차대차","측면직각충돌","측면직각충돌","운전자법규위반","신호위반","교차로","교차로내","이륜차","소형","승용차","대형","959455","1917883","127.04276168","37.25895819"
"2013","2013-05-15 20:00","45","야간","수","1","1","0","0","0","전남","고흥군","차량단독","도로이탈","도로이탈 추락","운전자법규위반","안전운전 의무 불이행","단일로","기타단일로","화물차","소형","00","00","972032","1620397","127.19506721","34.5773082"
"2013","2013-05-16 07:00","35","주간","목","1","2","0","1","0","전남","영광군","차대사람","차도통행중","차도통행중","운전자법규위반","안전운전 의무 불이행","단일로","기타단일로","이륜차","소형","보행자","보행자","909102","1698448","126.50050787","35.27738854"
"2013","2013-05-17 08:00","42","주간","금","1","1","0","0","0","충북","청주시","차대사람","기타","기타","운전자법규위반","안전운전 의무 불이행","교차로","교차로내","화물차","중형","보행자","보행자","997537","1846572","127.47245593","36.61700324"
"2013","2013-05-14 20:00","43","야간","화","1","1","0","0","0","충남","홍성군","차대차","정면충돌","정면충돌","운전자법규위반","중앙선 침범","단일로","기타단일로","화물차","소형","승용차","소형","920993","1833471","126.61784474","36.49563824"
"2012","2012-05-28 06:00","05","주간","월","1","1","0","0","0","경북","안동시","차대차","추돌","주정차중 추돌","운전자법규위반","안전운전 의무 불이행","단일로","기타단일로","이륜차","중형","화물차","소형","1109386","1841325","128.72240649","36.56343733"
"2012","2012-04-24 07:00","40","주간","화","1","4","2","1","0","강원","화천군","차량단독","도로이탈","도로이탈 기타","운전자법규위반","안전운전 의무 불이행","교차로","교차로부근","승용차","소형","00","00","1014420","2020506","127.66465567","38.18470017"
"2012","2012-02-20 19:00","59","야간","월","1","1","0","0","0","울산","중구","차대사람","횡단중","횡단중","운전자법규위반","안전운전 의무 불이행","단일로","기타단일로","승용차","대형","보행자","보행자","1166535","1729932","129.33731617","35.55140156"
"2012","2012-12-23 15:00","40","주간","일","1","1","0","0","0","대전","서구","차대사람","횡단중","횡단중","운전자법규위반","안전운전 의무 불이행","단일로","기타단일로","승용차","소형","보행자","보행자","987639","1818182","127.36221942","36.3609853"
"2012","2012-03-23 19:00","30","야간","금","1","1","0","0","0","경기","남양주시","차대사람","보도통행중","보도통행중","운전자법규위반","신호위반","단일로","기타단일로","승용차","중형","보행자","보행자","975853","1973982","127.22584101","37.76517878"
"2012","2012-11-24 10:00","00","주간","금","1","1","0","0","0","경북","영덕군","차대차","측면직각충돌","측면직각충돌","운전자법규위반","부당한 회전","단일로","횡단보도상","원동기장치자전거","원동기장치자전거","승용차","중형","1168710","1819452","129.38032887","36.35771559"
"2012","2012-11-25 03:00","09","야간","일","1","1","0","0","0","경남","양산시","차대사람","횡단중","횡단중","운전자법규위반","안전운전 의무 불이행","단일로","기타단일로","화물차","소형","보행자","보행자","1143921","1722042","129.08664649","35.48370286"
"2012","2012-10-20 13:00","20","주간","토","1","1","0","0","0","부산","진구","차대사람","기타","기타","운전자법규위반","안전운전 의무 불이행","기타/불명","기타/불명","승합차","대형","보행자","보행자","1140045","1687398","129.03787654","35.1721149"
"2012","2012-09-27 15:00","20","주간","목","1","7","0","6","0","경북","울진군","차대차","추돌","주정차중 추돌","운전자법규위반","안전운전 의무 불이행","단일로","교량위","화물차","경형","화물차","중형","1165061","1905127","129.35820313","37.13028993"
"2012","2012-06-22 09:00","05","주간","금","1","1","0","0","0","전북","남원시","차대차","측면직각충돌","측면직각충돌","운전자법규위반","안전운전 의무 불이행","교차로","교차로내","화물차","중형","이륜차","소형","988832","1713429","127.37698658","35.41653743"
"2012","2012-06-20 20:00","10","야간","수","1","1","0","0","0","경북","의성군","차량단독","공작물충돌","공작물충돌","운전자법규위반","안전운전 의무 불이행","단일로","기타단일로","화물차","소형","00","00","1107763","1810611","128.69989464","36.28687827"
"2013","2013-04-19 20:00","25","야간","금","1","1","0","0","0","전북","군산시","차대사람","보도통행중","보도통행중","운전자법규위반","보행자 보호의무 위반","단일로","횡단보도상","승용차","경형","보행자","보행자","932326","1771878","126.7344948","35.9434862"
"2013","2013-04-22 15:00","50","주간","월","1","1","0","0","0","전남","신안군","차대사람","기타","기타","운전자법규위반","안전운전 의무 불이행","단일로","기타단일로","화물차","소형","보행자","보행자","860916","1644467","125.97984314","34.78525657"
"2013","2013-04-28 17:00","30","주간","일","1","3","1","1","0","경북","경주시","차대차","기타","기타","운전자법규위반","안전운전 의무 불이행","교차로","교차로내","승용차","중형","이륜차","중형","1161111","1762566","129.28404262","35.84639699"
"2013","2013-05-07 09:00","50","주간","화","1","1","0","0","0","대전","중구","차대사람","기타","기타","운전자법규위반","안전운전 의무 불이행","교차로","교차로부근","승용차","소형","보행자","보행자","990020","1813386","127.3888204","36.31777502"
"2012","2012-02-02 16:00","50","주간","목","1","1","0","0","0","경북","울진군","차량단독","도로이탈","도로이탈 추락","운전자법규위반","안전운전 의무 불이행","단일로","기타단일로","화물차","소형","00","00","1162594","1900489","129.32943771","37.08893519"
"2012","2012-01-29 14:00","55","주간","일","1","1","0","0","0","인천","남동구","차대차","측면직각충돌","측면직각충돌","운전자법규위반","신호위반","단일로","기타단일로","승용차","중형","이륜차","소형","932685","1934556","126.73937393","37.40768342"
"2012","2012-01-30 11:00","00","주간","월","1","1","0","0","0","인천","중구","차대사람","길가장자리구역통행중","길가장자리구역통행중","운전자법규위반","안전운전 의무 불이행","단일로","기타단일로","화물차","소형","보행자","보행자","923701","1940668","126.63723697","37.46207269"
"2012","2012-02-05 19:00","35","야간","일","1","1","0","0","0","강원","원주시","차대사람","차도통행중","차도통행중","운전자법규위반","안전운전 의무 불이행","단일로","기타단일로","승용차","중형","보행자","보행자","1040723","1925169","127.95964499","37.3246242"
"2012","2012-02-07 01:00","50","야간","화","1","1","0","0","0","부산","진구","차량단독","공작물충돌","공작물충돌","운전자법규위반","안전운전 의무 불이행","교차로","교차로부근","승용차","중형","00","00","1142649","1684949","129.06603916","35.14967368"
"2012","2012-02-04 17:00","30","주간","토","1","1","0","0","0","경기","광주시","차대사람","기타","기타","운전자법규위반","안전운전 의무 불이행","단일로","기타단일로","화물차","중형","보행자","보행자","977045","1932873","127.24066295","37.39467552"
"2012","2012-02-03 06:00","15","주간","금","1","1","0","0","0","서울","영등포구","차량단독","공작물충돌","공작물충돌","운전자법규위반","안전운전 의무 불이행","단일로","기타단일로","승용차","소형","00","00","946758","1943326","126.89774941","37.48764566"
"2012","2012-02-09 05:00","47","야간","목","1","1","0","0","0","서울","성북구","차대사람","횡단중","횡단중","운전자법규위반","안전운전 의무 불이행","단일로","횡단보도상","승용차","중형","보행자","보행자","957798","1953542","127.02203735","37.58029612"
"2012","2012-02-07 07:00","10","주간","화","4","10","6","0","0","경남","의령군","차량단독","도로이탈","도로이탈 추락","운전자법규위반","앞지르기 금지위반","단일로","교량위","승합차","중형","00","00","1072170","1702127","128.29390739","35.31208495"
"2012","2012-02-12 22:00","00","야간","토","1","5","4","0","0","충남","서산시","차량단독","공작물충돌","공작물충돌","운전자법규위반","안전운전 의무 불이행","교차로","교차로부근","승용차","중형","00","00","912415","1865870","126.51838019","36.78692506"
"2012","2012-02-17 05:00","30","야간","금","1","1","0","0","0","경기","하남시","차대사람","차도통행중","차도통행중","운전자법규위반","안전운전 의무 불이행","단일로","기타단일로","승용차","소형","보행자","보행자","979908","1947610","127.27260591","37.52757627"
"2013","2013-02-03 19:00","00","야간","일","1","1","0","0","0","전북","완주군","차량단독","기타","기타","운전자법규위반","안전운전 의무 불이행","단일로","기타단일로","승용차","소형","00","00","971205","1772175","127.1770864","35.94412245"
"2013","2013-02-04 08:00","25","주간","월","1","1","0","0","0","전북","무주군","차량단독","공작물충돌","공작물충돌","운전자법규위반","안전운전 의무 불이행","단일로","기타단일로","승용차","중형","00","00","1016101","1779224","127.67866847","36.00969941"
"2013","2013-02-05 15:00","52","주간","화","1","1","0","0","0","전남","보성군","차량단독","전도전복","전도전복","운전자법규위반","안전운전 의무 불이행","단일로","기타단일로","이륜차","소형","00","00","965795","1638791","127.12632304","34.74299195"
"2013","2013-02-05 19:00","04","야간","화","1","1","0","0","0","경남","진주시","차대사람","보도통행중","보도통행중","운전자법규위반","보행자 보호의무 위반","단일로","횡단보도상","원동기장치자전거","원동기장치자전거","보행자","보행자","1051746","1689472","128.06844739","35.19924601"
"2013","2013-02-03 09:00","53","주간","일","2","7","3","2","0","경남","고성군","차대차","기타","기타","운전자법규위반","안전운전 의무 불이행","단일로","기타단일로","승용차","대형","승용차","중형","1077291","1668627","128.34709822","35.00965897"
"2013","2013-01-18 10:00","50","주간","금","1","3","1","1","0","경남","창녕군","차대차","추돌","진행중 추돌","운전자법규위반","안전운전 의무 불이행","단일로","기타단일로","화물차","대형","화물차","소형","1088611","1727276","128.47748128","35.53749314"
"2013","2013-09-12 19:00","15","야간","목","2","25","3","4","16","경기","의정부시","차대차","추돌","주정차중 추돌","운전자법규위반","안전운전 의무 불이행","단일로","기타단일로","승합차","대형","승용차","중형","959901","1966857","127.04512323","37.70040047"
"2013","2013-07-24 20:00","50","야간","수","1","1","0","0","0","경북","상주시","차대사람","기타","기타","운전자법규위반","안전운전 의무 불이행","단일로","기타단일로","불명","불명","보행자","보행자","1065610","1817296","128.23121429","36.35083983"
"2013","2013-07-17 22:00","25","야간","수","1","1","0","0","0","경남","밀양시","차대차","추돌","진행중 추돌","운전자법규위반","안전운전 의무 불이행","단일로","기타단일로","화물차","대형","화물차","대형","1117473","1725849","128.79545923","35.52162167"
"2013","2013-06-21 03:00","40","야간","금","1","1","0","0","0","대구","수성구","차대차","추돌","주정차중 추돌","운전자법규위반","안전운전 의무 불이행","단일로","기타단일로","화물차","중형","화물차","대형","1107273","1762403","128.68799614","35.85230028"
"2013","2013-07-01 12:00","10","주간","월","1","4","2","1","0","대구","달성군","차량단독","공작물충돌","공작물충돌","운전자법규위반","안전운전 의무 불이행","단일로","기타단일로","승용차","중형","00","00","1087057","1748286","128.46260944","35.7270407"
"2012","2012-01-18 20:00","28","야간","수","1","1","0","0","0","경북","영천시","차대사람","보도통행중","보도통행중","운전자법규위반","보행자 보호의무 위반","단일로","횡단보도상","화물차","소형","보행자","보행자","1129739","1775255","128.93882798","35.96542132"
"2013","2013-04-27 04:00","30","야간","토","1","1","0","0","0","경기","고양시","차량단독","공작물충돌","공작물충돌","운전자법규위반","안전운전 의무 불이행","단일로","기타단일로","승용차","경형","00","00","937081","1958537","126.78698941","37.62413196"
"2013","2013-04-24 20:00","08","야간","수","1","1","0","0","0","제주","서귀포시","차대사람","횡단중","횡단중","운전자법규위반","보행자 보호의무 위반","단일로","기타단일로","화물차","소형","보행자","보행자","911879","1475156","126.55386804","33.26415598"
"2013","2013-04-23 18:00","15","야간","화","1","4","3","0","0","경북","포항시","차대차","측면직각충돌","측면직각충돌","운전자법규위반","교차로 통행방법 위반","교차로","교차로내","화물차","대형","승용차","소형","1171728","1776856","129.40463697","35.97336288"
"2013","2013-04-30 09:00","08","주간","화","1","4","2","1","0","경기","광명시","차대차","측면직각충돌","측면직각충돌","운전자법규위반","신호위반","교차로","교차로부근","승용차","중형","승용차","중형","943107","1943083","126.85647197","37.48523774"
"2013","2013-04-27 22:00","30","야간","토","1","2","1","0","0","충북","청주시","차대차","측면직각충돌","측면직각충돌","운전자법규위반","안전운전 의무 불이행","교차로","교차로부근","원동기장치자전거","원동기장치자전거","자전거","자전거","1000701","1846568","127.50783938","36.6169701"
"2013","2013-05-07 11:00","10","주간","화","1","1","0","0","0","세종","세종","차량단독","전도전복","전도전복","운전자법규위반","안전운전 의무 불이행","단일로","횡단보도부근","승용차","중형","00","00","983133","1831377","127.31170702","36.47987319"
"2013","2013-05-07 10:00","00","주간","화","1","1","0","0","0","충남","부여군","차대사람","기타","기타","운전자법규위반","안전운전 의무 불이행","단일로","기타단일로","농기계","농기계","보행자","보행자","936007","1801798","126.78807564","36.21123704"
"2013","2013-05-07 19:00","00","야간","화","1","1","0","0","0","전북","부안군","차량단독","전도전복","전도전복","운전자법규위반","안전운전 의무 불이행","단일로","기타단일로","원동기장치자전거","원동기장치자전거","00","00","925865","1736909","126.6813062","35.62552944"
"2013","2013-05-07 15:00","35","주간","화","1","1","0","0","0","경기","이천시","차대차","정면충돌","정면충돌","운전자법규위반","중앙선 침범","교차로","교차로부근","이륜차","대형","화물차","대형","1002742","1895261","127.53083987","37.05591809"
"2013","2013-05-07 21:00","45","야간","화","1","1","0","0","0","경남","김해시","차대사람","기타","기타","운전자법규위반","안전운전 의무 불이행","단일로","기타단일로","승용차","소형","보행자","보행자","1114339","1694259","128.75661093","35.2372214"