"발생년","발생년월일시","발생분","주야","요일","사망자수","사상자수","중상자수","경상자수","부상신고자수","발생지시도","발생지시군구","사고유형_대분류","사고유형_중분류","사고유형","법규위반_대분류","법규위반","도로형태_대분류","도로형태","당사자종별_1당_대분류","당사자종별_1당","당사자종별_2당_대분류","당사자종별_2당","발생위치X_UTMK","발생위치Y_UTMK","경도","위도"
"2013","2013-05-06 14:00","30","주간","월","2","8","6","0","0","충북","제천시","차대차","기타","기타","운전자법규위반","신호위반","교차로","교차로내","승용차","소형","승용차","대형","1061042","1897307","128.18669655","37.0723776"
"2013","2013-05-06 17:00","25","주간","월","1","2","1","0","0","전남","담양군","차대차","측면직각충돌","측면직각충돌","운전자법규위반","안전운전 의무 불이행","교차로","교차로내","승용차","중형","이륜차","소형","957124","1694602","127.02872199","35.24592042"
"2013","2013-05-04 02:00","00","야간","토","1","4","2","1","0","경남","양산시","차대차","기타","기타","운전자법규위반","신호위반","교차로","교차로내","원동기장치자전거","원동기장치자전거","승용차","중형","1137534","1704295","129.01313896","35.32477007"
"2013","2013-05-04 19:00","46","야간","토","1","1","0","0","0","충남","예산군","차대사람","기타","기타","운전자법규위반","안전운전 의무 불이행","단일로","기타단일로","화물차","소형","보행자","보행자","936051","1856174","126.78407367","36.70141532"
"2013","2013-05-11 00:00","30","야간","토","1","1","0","0","0","충북","청주시","차대사람","보도통행중","보도통행중","운전자법규위반","보행자 보호의무 위반","단일로","기타단일로","승용차","소형","보행자","보행자","1000642","1845827","127.50717895","36.61029002"
"2013","2013-05-20 19:00","30","야간","월","1","1","0","0","0","부산","남구","차대사람","기타","기타","운전자법규위반","안전운전 의무 불이행","교차로","교차로내","화물차","소형","보행자","보행자","1144441","1681034","129.0850214","35.11412888"
"2013","2013-05-21 20:00","24","야간","화","1","2","0","1","0","울산","울주군","차대사람","차도통행중","차도통행중","운전자법규위반","안전운전 의무 불이행","단일로","횡단보도상","화물차","소형","보행자","보행자","1155660","1720665","129.21560826","35.46964994"
"2013","2013-05-21 20:00","30","야간","화","1","1","0","0","0","경남","김해시","차대사람","기타","기타","운전자법규위반","안전운전 의무 불이행","단일로","기타단일로","화물차","중형","보행자","보행자","1109986","1701327","128.70972715","35.3014268"
"2013","2013-05-21 16:00","40","주간","화","1","1","0","0","0","충북","청주시","차대사람","횡단중","횡단중","운전자법규위반","안전운전 의무 불이행","교차로","교차로내","건설기계","건설기계","보행자","보행자","999097","1849247","127.48995441","36.64114545"
"2013","2013-05-22 18:00","30","야간","수","1","1","0","0","0","충북","영동군","차대차","기타","기타","운전자법규위반","안전운전 의무 불이행","교차로","교차로부근","승용차","중형","자전거","자전거","1023272","1799718","127.75884788","36.19432221"
"2012","2012-04-30 04:00","06","야간","월","1","1","0","0","0","울산","북구","차대차","측면직각충돌","측면직각충돌","운전자법규위반","신호위반","교차로","교차로내","원동기장치자전거","원동기장치자전거","화물차","소형","1167616","1738164","129.35094412","35.62540481"
"2012","2012-04-12 18:00","10","야간","목","1","1","0","0","0","강원","양구군","차량단독","전도전복","전도전복","운전자법규위반","안전운전 의무 불이행","단일로","기타단일로","이륜차","사발이","00","00","1050447","2023374","128.07622354","38.20924959"
"2012","2012-01-29 01:00","43","야간","일","1","1","0","0","0","경북","경산시","차대차","추돌","진행중 추돌","운전자법규위반","안전운전 의무 불이행","단일로","기타단일로","승용차","중형","화물차","대형","1118862","1774584","128.81770308","35.96111508"
"2012","2012-06-03 16:00","05","주간","일","1","1","0","0","0","경남","김해시","차대차","측면직각충돌","측면직각충돌","운전자법규위반","안전운전 의무 불이행","교차로","교차로내","승용차","중형","원동기장치자전거","원동기장치자전거","1119548","1686887","128.8127758","35.17015673"
"2012","2012-11-08 13:00","40","주간","목","1","3","1","1","0","제주","제주시","차대사람","기타","기타","운전자법규위반","중앙선 침범","단일로","기타단일로","승용차","소형","보행자","보행자","907351","1501291","126.50257068","33.49947394"
"2012","2012-11-11 20:00","35","야간","일","1","1","0","0","0","울산","북구","차대사람","길가장자리구역통행중","길가장자리구역통행중","운전자법규위반","안전운전 의무 불이행","단일로","기타단일로","화물차","소형","보행자","보행자","1167070","1739168","129.34512554","35.63454514"
"2012","2012-11-11 23:00","45","야간","일","1","1","0","0","0","경북","포항시","차대차","추돌","진행중 추돌","운전자법규위반","안전운전 의무 불이행","교차로","교차로부근","승용차","중형","화물차","대형","1168127","1774665","129.36425316","35.95424653"
"2012","2012-11-16 13:00","30","주간","금","1","1","0","0","0","전남","영암군","차량단독","전도전복","전도전복","운전자법규위반","안전운전 의무 불이행","단일로","기타단일로","농기계","농기계","00","00","931947","1649780","126.75567705","34.84038392"
"2012","2012-11-21 18:00","19","야간","수","1","1","0","0","0","전남","고흥군","차대사람","횡단중","횡단중","운전자법규위반","안전운전 의무 불이행","단일로","기타단일로","화물차","소형","보행자","보행자","969985","1609874","127.17312028","34.48235407"
"2012","2012-11-17 13:00","15","주간","토","1","1","0","0","0","경남","밀양시","차대사람","기타","기타","운전자법규위반","안전운전 의무 불이행","단일로","기타단일로","화물차","소형","보행자","보행자","1115321","1729104","128.7723262","35.55122375"
"2012","2012-11-13 22:00","50","야간","화","1","1","0","0","0","충북","청원군","차대사람","횡단중","횡단중","운전자법규위반","안전운전 의무 불이행","단일로","기타단일로","승용차","대형","보행자","보행자","1000710","1843398","127.50798182","36.58849161"
"2012","2012-11-13 21:00","10","야간","화","1","1","0","0","0","경기","부천시","차대차","기타","기타","운전자법규위반","안전운전 의무 불이행","단일로","기타단일로","승용차","중형","승용차","중형","933568","1945400","126.74837306","37.50548369"
"2012","2012-11-01 15:00","40","주간","목","1","1","0","0","0","전남","영암군","차대차","측면직각충돌","측면직각충돌","운전자법규위반","직진 및 우회전차의 통행방해","교차로","교차로내","승용차","경형","이륜차","중형","904015","1641518","126.45115643","34.7636391"
"2012","2012-11-05 05:00","00","야간","월","1","1","0","0","0","광주","북구","차대사람","횡단중","횡단중","운전자법규위반","안전운전 의무 불이행","단일로","기타단일로","승용차","소형","보행자","보행자","945569","1684974","126.9028054","35.15855816"
"2013","2013-05-04 14:00","32","주간","토","1","1","0","0","0","인천","연수구","차대사람","횡단중","횡단중","운전자법규위반","안전운전 의무 불이행","교차로","교차로부근","승합차","대형","보행자","보행자","926718","1933429","126.67206774","37.39707295"
"2013","2013-05-05 12:00","00","주간","일","1","6","1","3","1","대구","북구","차대차","추돌","진행중 추돌","운전자법규위반","안전운전 의무 불이행","교차로","교차로부근","승용차","중형","승용차","대형","1095318","1771692","128.56024378","35.93858495"
"2013","2013-05-12 11:00","40","주간","일","1","1","0","0","0","전북","군산시","차량단독","기타","기타","운전자법규위반","기타(운전자법규위반)","단일로","기타단일로","승용차","중형","00","00","929622","1776031","126.71934886","35.97850496"
"2013","2013-05-12 13:00","01","주간","일","1","1","0","0","0","전북","전주시","차대사람","기타","기타","운전자법규위반","부당한 회전","단일로","기타단일로","승용차","대형","보행자","보행자","968450","1757305","127.15076984","35.8117018"
"2013","2013-05-16 06:00","48","주간","목","1","1","0","0","0","서울","양천구","차대차","측면직각충돌","측면직각충돌","운전자법규위반","안전운전 의무 불이행","단일로","횡단보도부근","자전거","자전거","승합차","대형","942757","1947108","126.8521999","37.52149378"
"2013","2013-05-16 21:00","30","야간","목","1","1","0","0","0","경기","화성시","차대사람","길가장자리구역통행중","길가장자리구역통행중","운전자법규위반","안전운전 의무 불이행","단일로","기타단일로","승용차","중형","보행자","보행자","951424","1907955","126.95284374","37.16908588"
"2013","2013-05-16 15:00","30","주간","목","1","1","0","0","0","경기","고양시","차대차","측면직각충돌","측면직각충돌","운전자법규위반","안전거리 미확보","단일로","횡단보도상","자전거","자전거","승합차","대형","946637","1961738","126.89503998","37.65358707"
"2013","2013-05-17 17:00","00","주간","금","1","1","0","0","0","경북","문경시","차대사람","횡단중","횡단중","운전자법규위반","안전운전 의무 불이행","단일로","기타단일로","승합차","중형","보행자","보행자","1062176","1844425","128.19512594","36.59562404"
"2013","2013-05-17 14:00","55","주간","금","1","1","0","0","0","전남","나주시","차대차","기타","기타","운전자법규위반","안전운전 의무 불이행","기타/불명","기타/불명","승용차","경형","자전거","자전거","935809","1662322","126.79695143","34.95372519"
"2012","2012-12-19 11:00","50","주간","수","1","1","0","0","0","경기","연천군","차량단독","공작물충돌","공작물충돌","운전자법규위반","안전운전 의무 불이행","단일로","기타단일로","화물차","소형","00","00","962998","2025819","127.08557406","38.2232167"
"2012","2012-12-19 11:00","50","주간","수","1","1","0","0","0","경남","거제시","차량단독","공작물충돌","공작물충돌","운전자법규위반","안전운전 의무 불이행","단일로","기타단일로","승용차","중형","00","00","1110646","1663222","128.71188418","34.95782913"
"2012","2012-12-18 23:00","55","야간","화","1","1","0","0","0","인천","서구","차량단독","전도전복","전도전복","운전자법규위반","안전운전 의무 불이행","단일로","기타단일로","승용차","중형","00","00","923893","1952579","126.66630099","37.5715687"
"2012","2012-12-25 18:00","20","야간","화","1","2","0","1","0","전남","해남군","차대차","정면충돌","정면충돌","운전자법규위반","중앙선 침범","단일로","기타단일로","승용차","경형","화물차","대형","900171","1633251","126.41013784","34.68873304"
"2012","2012-12-06 09:00","47","주간","목","1","1","0","0","0","경기","고양시","차대사람","기타","기타","운전자법규위반","안전운전 의무 불이행","단일로","횡단보도부근","승합차","대형","보행자","보행자","937482","1961640","126.78874782","37.65246228"
"2012","2012-12-03 16:00","50","주간","월","1","1","0","0","0","경남","함양군","차대차","측면직각충돌","측면직각충돌","운전자법규위반","교차로 통행방법 위반","교차로","교차로내","화물차","소형","원동기장치자전거","원동기장치자전거","1021625","1726587","127.73854483","35.53500631"
"2012","2012-12-07 18:00","20","야간","금","1","1","0","0","0","경남","진주시","차대차","추돌","진행중 추돌","운전자법규위반","안전거리 미확보","단일로","기타단일로","화물차","소형","화물차","중형","1054783","1682073","128.10096873","35.13277777"
"2012","2012-12-03 18:00","50","야간","월","1","1","0","0","0","충북","청주시","차대사람","횡단중","횡단중","운전자법규위반","안전운전 의무 불이행","단일로","교량위","승용차","중형","보행자","보행자","999779","1845350","127.49752888","36.60599004"
"2012","2012-12-08 05:00","05","야간","토","1","1","0","0","0","경기","안산시","차대사람","기타","기타","운전자법규위반","안전운전 의무 불이행","단일로","기타단일로","승용차","중형","보행자","보행자","943811","1920929","126.86768957","37.28516721"
"2012","2012-11-29 18:00","10","야간","목","1","1","0","0","0","경북","예천군","차대사람","길가장자리구역통행중","길가장자리구역통행중","운전자법규위반","안전운전 의무 불이행","단일로","기타단일로","승용차","소형","보행자","보행자","1081754","1842731","128.41380521","36.57887703"
"2012","2012-11-30 05:00","49","야간","금","1","2","0","1","0","인천","계양구","차대차","추돌","주정차중 추돌","운전자법규위반","안전운전 의무 불이행","교차로","교차로부근","화물차","대형","화물차","대형","934081","1949513","126.75380767","37.54259038"
"2012","2012-12-07 12:00","10","주간","금","1","1","0","0","0","경북","포항시","차량단독","기타","기타","운전자법규위반","기타(운전자법규위반)","교차로","교차로내","화물차","소형","00","00","1167186","1780174","129.35427186","36.00578386"
"2012","2012-12-05 04:00","52","야간","수","1","1","0","0","0","강원","동해시","차대사람","횡단중","횡단중","운전자법규위반","안전운전 의무 불이행","교차로","교차로내","승용차","중형","보행자","보행자","1143651","1944967","129.12498066","37.49279454"
"2012","2012-07-21 10:00","30","주간","토","1","5","0","4","0","경기","남양주시","차대차","측면직각충돌","측면직각충돌","운전자법규위반","안전운전 의무 불이행","단일로","기타단일로","승용차","소형","승용차","중형","984301","1959136","127.3220313","37.63171332"
"2012","2012-01-04 19:00","35","야간","수","1","1","0","0","0","경기","남양주시","차대사람","횡단중","횡단중","운전자법규위반","안전운전 의무 불이행","단일로","횡단보도상","승용차","소형","보행자","보행자","973162","1970419","127.1954201","37.73298986"
"2012","2012-01-02 20:00","15","야간","월","1","1","0","0","0","경기","부천시","차대사람","횡단중","횡단중","운전자법규위반","안전운전 의무 불이행","단일로","횡단보도부근","승용차","소형","보행자","보행자","935527","1942998","126.77074651","37.48397355"
"2012","2012-05-13 19:00","24","야간","일","1","1","0","0","0","경기","용인시","차대사람","횡단중","횡단중","운전자법규위반","안전운전 의무 불이행","교차로","교차로내","승합차","대형","보행자","보행자","974031","1915234","127.20722956","37.23560097"
"2013","2013-12-12 19:00","40","야간","목","1","1","0","0","0","경기","남양주시","차량단독","공작물충돌","공작물충돌","운전자법규위반","안전운전 의무 불이행","단일로","기타단일로","승용차","소형","00","00","966721","1961493","127.1226186","37.65132318"
"2013","2013-12-19 00:00","30","야간","목","1","2","1","0","0","경기","남양주시","차대차","추돌","주정차중 추돌","운전자법규위반","안전운전 의무 불이행","단일로","기타단일로","승용차","중형","화물차","대형","974621","1955161","127.21250875","37.59550653"
"2013","2013-04-19 12:00","23","주간","금","1","1","0","0","0","서울","서대문구","차대사람","횡단중","횡단중","운전자법규위반","안전운전 의무 불이행","단일로","기타단일로","승합차","대형","보행자","보행자","952373","1952625","126.96065798","37.5717663"
"2013","2013-04-19 21:00","00","야간","금","1","1","0","0","0","대전","유성구","차대사람","기타","기타","운전자법규위반","안전운전 의무 불이행","단일로","기타단일로","승용차","중형","보행자","보행자","985034","1817947","127.33318769","36.35882968"
"2013","2013-04-26 21:00","25","야간","금","1","1","0","0","0","경남","양산시","차대차","측면직각충돌","측면직각충돌","운전자법규위반","중앙선 침범","기타/불명","기타/불명","승합차","소형","자전거","자전거","1143985","1722090","129.08734769","35.47676065"
"2013","2013-04-27 03:00","05","야간","토","1","1","0","0","0","경남","양산시","차대사람","차도통행중","차도통행중","운전자법규위반","안전운전 의무 불이행","단일로","기타단일로","승용차","중형","보행자","보행자","1140566","1710245","129.04721385","35.37636003"
"2013","2013-04-25 08:00","45","주간","목","1","1","0","0","0","서울","노원구","차대사람","기타","기타","운전자법규위반","안전운전 의무 불이행","단일로","기타단일로","특수차","소형","보행자","보행자","959902","1958933","127.0455702","37.62898048"
"2013","2013-04-23 14:00","11","주간","화","1","4","0","3","0","충북","청주시","차대차","추돌","주정차중 추돌","운전자법규위반","안전운전 의무 불이행","교차로","교차로부근","화물차","소형","승용차","중형","1000966","1851695","127.51080936","36.66318966"
"2013","2013-05-01 11:00","05","주간","수","1","1","0","0","0","경기","시흥시","차대사람","횡단중","횡단중","운전자법규위반","안전운전 의무 불이행","단일로","기타단일로","승용차","중형","보행자","보행자","932121","1928548","126.73355285","37.35349191"
"2013","2013-05-03 16:00","34","주간","금","1","5","4","0","0","충남","청양군","차량단독","전도전복","전도전복","운전자법규위반","안전운전 의무 불이행","단일로","기타단일로","화물차","소형","00","00","937177","1824699","126.79924572","36.41776159"
"2013","2013-05-05 01:00","40","야간","일","1","1","0","0","0","경북","청도군","차량단독","도로이탈","도로이탈 추락","운전자법규위반","안전운전 의무 불이행","단일로","교량위","승용차","소형","00","00","1112702","1740235","128.74482544","35.65190233"
"2013","2013-05-04 11:00","20","주간","토","1","1","0","0","0","경남","고성군","차대차","측면직각충돌","측면직각충돌","운전자법규위반","안전운전 의무 불이행","단일로","기타단일로","특수차","중형","원동기장치자전거","원동기장치자전거","1075475","1666677","128.32687003","34.98993645"
"2013","2013-05-12 16:00","20","주간","일","1","4","0","3","0","전북","남원시","차대차","정면충돌","정면충돌","운전자법규위반","중앙선 침범","단일로","기타단일로","원동기장치자전거","원동기장치자전거","승용차","중형","1013475","1712686","127.6482343","35.40887186"
"2013","2013-05-13 11:00","50","주간","월","2","5","1","2","0","전남","강진군","차대차","추돌","진행중 추돌","운전자법규위반","안전운전 의무 불이행","단일로","기타단일로","화물차","중형","승용차","중형","935085","1622172","126.79212085","34.59164303"
"2013","2013-05-13 14:00","40","주간","월","2","2","0","0","0","충남","청양군","차량단독","기타","기타","운전자법규위반","안전운전 의무 불이행","단일로","기타단일로","승용차","중형","00","00","941577","1827065","126.84814391","36.43936832"
"2013","2013-05-13 18:00","40","야간","월","1","1","0","0","0","충남","태안군","차대차","측면직각충돌","측면직각충돌","운전자법규위반","안전운전 의무 불이행","교차로","교차로내","특수차","대형","원동기장치자전거","원동기장치자전거","891550","1858872","126.2855709","36.72169428"
"2013","2013-05-13 23:00","40","야간","월","2","4","2","0","0","충남","서산시","차량단독","공작물충돌","공작물충돌","운전자법규위반","안전운전 의무 불이행","교차로","교차로부근","승용차","중형","00","00","904430","1888436","126.41303889","36.96694124"
"2013","2013-05-13 20:00","16","야간","월","1","1","0","0","0","경기","이천시","차대차","정면충돌","정면충돌","운전자법규위반","중앙선 침범","단일로","기타단일로","승용차","소형","이륜차","소형","991333","1923815","127.40364993","37.31815843"
"2013","2013-05-13 20:00","15","야간","월","1","1","0","0","0","전남","강진군","차대사람","차도통행중","차도통행중","운전자법규위반","안전운전 의무 불이행","단일로","기타단일로","승용차","중형","보행자","보행자","938086","1628004","126.82441782","34.64441782"
"2013","2013-05-22 15:00","20","주간","수","1","2","1","0","0","서울","용산구","차량단독","도로이탈","도로이탈 추락","운전자법규위반","안전운전 의무 불이행","단일로","교량위","원동기장치자전거","원동기장치자전거","00","00","954332","1946848","126.98457118","37.51966692"
"2013","2013-05-23 11:00","15","주간","목","1","2","1","0","0","전남","광양시","차대차","측면직각충돌","측면직각충돌","운전자법규위반","신호위반","교차로","교차로내","승용차","대형","원동기장치자전거","원동기장치자전거","1018115","1659340","127.69834493","34.92870771"
"2013","2013-05-10 03:00","35","야간","금","1","1","0","0","0","부산","연제구","차량단독","공작물충돌","공작물충돌","운전자법규위반","안전운전 의무 불이행","단일로","기타단일로","원동기장치자전거","원동기장치자전거","00","00","1145091","1687668","129.09383929","35.17359033"
"2013","2013-05-17 13:00","10","주간","금","2","5","3","0","0","전남","강진군","차량단독","전도전복","전도전복","운전자법규위반","안전운전 의무 불이행","교차로","교차로부근","승용차","소형","00","00","932668","1635643","126.76469415","34.7129582"
"2013","2013-05-16 03:00","20","야간","목","1","1","0","0","0","경기","광주시","차량단독","공작물충돌","공작물충돌","운전자법규위반","안전운전 의무 불이행","단일로","기타단일로","이륜차","중형","00","00","978118","1939323","127.25259398","37.45283984"
"2013","2013-05-14 17:00","58","주간","화","1","1","0","0","0","경북","영양군","차대차","정면충돌","정면충돌","운전자법규위반","중앙선 침범","단일로","기타단일로","이륜차","소형","건설기계","건설기계","1141846","1844577","129.08564023","36.58847288"
"2013","2013-05-14 15:00","10","주간","화","1","1","0","0","0","경북","문경시","차대차","측면직각충돌","측면직각충돌","운전자법규위반","신호위반","교차로","교차로내","원동기장치자전거","원동기장치자전거","승용차","소형","1061898","1843428","128.19193787","36.58665478"
"2013","2013-05-14 12:00","45","주간","화","1","1","0","0","0","경남","고성군","차대사람","길가장자리구역통행중","길가장자리구역통행중","운전자법규위반","안전운전 의무 불이행","단일로","기타단일로","승용차","중형","보행자","보행자","1062830","1671448","128.18883241","35.03609783"
"2013","2013-05-14 09:00","30","주간","화","1","1","0","0","0","서울","금천구","차대사람","횡단중","횡단중","운전자법규위반","안전운전 의무 불이행","단일로","기타단일로","승합차","대형","보행자","보행자","946848","1940127","126.89899832","37.45881759"
"2013","2013-05-14 23:00","50","야간","화","1","1","0","0","0","서울","관악구","차대차","기타","기타","운전자법규위반","안전운전 의무 불이행","단일로","기타단일로","승용차","대형","이륜차","대형","951576","1942137","126.95232439","37.47719411"
"2013","2013-05-14 15:00","15","주간","화","1","2","0","1","0","전남","순천시","차량단독","도로이탈","도로이탈 기타","운전자법규위반","안전운전 의무 불이행","단일로","기타단일로","승용차","소형","00","00","987635","1669432","127.364463","35.01979833"
"2012","2012-05-19 12:00","15","주간","토","1","2","1","0","0","경북","고령군","차량단독","공작물충돌","공작물충돌","운전자법규위반","안전운전 의무 불이행","단일로","기타단일로","화물차","소형","00","00","1067339","1752913","128.2441904","35.76991955"
"2012","2012-04-18 01:00","15","야간","수","1","3","1","1","0","충남","천안시","차대차","측면직각충돌","측면직각충돌","운전자법규위반","안전운전 의무 불이행","교차로","교차로내","승용차","중형","승용차","경형","965917","1873996","127.1176246","36.8636139"
"2012","2012-03-29 03:00","40","야간","목","1","1","0","0","0","전남","여수시","차대사람","횡단중","횡단중","운전자법규위반","안전운전 의무 불이행","단일로","기타단일로","승용차","중형","보행자","보행자","1018137","1641555","127.6982009","34.76832908"
"2012","2012-03-09 02:00","30","야간","금","1","1","0","0","0","강원","삼척시","차량단독","공작물충돌","공작물충돌","운전자법규위반","안전운전 의무 불이행","단일로","기타단일로","승용차","중형","00","00","1137364","1917466","129.04878292","37.24595205"
"2012","2012-12-09 17:00","35","주간","일","1","1","0","0","0","대구","북구","차대차","정면충돌","정면충돌","운전자법규위반","중앙선 침범","단일로","기타단일로","승용차","대형","승용차","소형","1099283","1768145","128.60024164","35.90490354"
"2012","2012-11-03 13:00","50","주간","토","1","1","0","0","0","경북","포항시","차대사람","기타","기타","운전자법규위반","안전운전 의무 불이행","교차로","교차로내","화물차","소형","보행자","보행자","1169542","1799974","129.38534468","36.18232208"
"2012","2012-08-16 05:00","40","야간","목","1","1","0","0","0","대전","유성구","차대사람","횡단중","횡단중","운전자법규위반","안전운전 의무 불이행","단일로","기타단일로","승용차","중형","보행자","보행자","984537","1817004","127.32766684","36.35032032"
"2012","2012-08-21 15:00","15","주간","화","1","1","0","0","0","전북","정읍시","차량단독","전도전복","전도전복","운전자법규위반","안전운전 의무 불이행","단일로","기타단일로","승용차","중형","00","00","938256","1733544","126.81839139","35.59604314"
"2012","2012-09-08 13:00","35","주간","토","1","1","0","0","0","대구","수성구","차대사람","기타","기타","운전자법규위반","신호위반","단일로","기타단일로","특수차","대형","보행자","보행자","1103548","1758577","128.64421516","35.81800606"
"2012","2012-10-05 17:00","15","주간","금","1","1","0","0","0","경기","파주시","차대사람","차도통행중","차도통행중","운전자법규위반","신호위반","교차로","교차로부근","화물차","소형","보행자","보행자","945495","1983167","126.88048604","37.84665433"
"2012","2012-09-27 23:00","45","야간","목","1","2","1","0","0","경기","안양시","차대사람","보도통행중","보도통행중","운전자법규위반","보행자 보호의무 위반","교차로","교차로내","승합차","대형","보행자","보행자","947833","1933867","126.91038414","37.40267486"
"2012","2012-11-27 11:00","50","주간","화","1","1","0","0","0","강원","영월군","차량단독","전도전복","전도전복","운전자법규위반","안전운전 의무 불이행","단일로","기타단일로","이륜차","소형","00","00","1068630","1921872","128.27430861","37.29326514"
"2012","2012-07-13 19:00","27","야간","금","1","1","0","0","0","강원","강릉시","차대사람","보도통행중","보도통행중","운전자법규위반","보행자 보호의무 위반","단일로","횡단보도상","승용차","소형","보행자","보행자","1124395","1973179","128.91202256","37.74980085"
"2013","2013-04-19 14:00","15","주간","금","1","1","0","0","0","전북","고창군","차량단독","도로이탈","도로이탈 추락","운전자법규위반","안전운전 의무 불이행","단일로","기타단일로","화물차","소형","00","00","925073","1720611","126.67406924","35.4785322"
"2013","2013-04-19 23:00","14","야간","금","1","1","0","0","0","경기","포천시","차량단독","공작물충돌","공작물충돌","운전자법규위반","안전운전 의무 불이행","단일로","기타단일로","승용차","경형","00","00","988572","2002098","127.3698033","38.01883696"
"2012","2012-12-18 21:00","02","야간","화","1","6","2","3","0","경기","안산시","차대차","정면충돌","정면충돌","운전자법규위반","중앙선 침범","고가도로위","고가도로위","화물차","소형","승용차","중형","934027","1926247","126.75527737","37.33289015"
"2012","2012-12-05 17:00","30","주간","수","1","1","0","0","0","강원","양양군","차대사람","길가장자리구역통행중","길가장자리구역통행중","운전자법규위반","안전운전 의무 불이행","교차로","교차로부근","승용차","중형","보행자","보행자","1099954","2012058","128.64004343","38.1031456"
"2012","2012-12-01 22:00","10","야간","토","1","1","0","0","0","충북","청원군","차대사람","횡단중","횡단중","운전자법규위반","신호위반","교차로","교차로부근","승용차","중형","보행자","보행자","993224","1831871","127.42435235","36.48445128"
"2012","2012-12-08 04:00","10","야간","토","1","1","0","0","0","전북","익산시","차대차","추돌","진행중 추돌","운전자법규위반","안전운전 의무 불이행","단일로","기타단일로","화물차","소형","건설기계","건설기계","960141","1771160","127.0810919","35.96494114"
"2012","2012-12-03 05:00","27","야간","월","1","1","0","0","0","경기","성남시","차대차","추돌","주정차중 추돌","운전자법규위반","안전운전 의무 불이행","단일로","기타단일로","이륜차","소형","승합차","대형","969356","1935666","127.1536809","37.41962821"
"2012","2012-07-11 23:00","48","야간","수","1","4","1","2","0","경기","수원시","차대차","추돌","진행중 추돌","운전자법규위반","안전운전 의무 불이행","단일로","기타단일로","승합차","대형","화물차","대형","964087","1921271","127.09483326","37.2896871"
"2012","2012-10-30 10:00","25","주간","화","1","1","0","0","0","서울","성북구","차대사람","기타","기타","운전자법규위반","기타(운전자법규위반)","교차로","교차로내","승용차","중형","보행자","보행자","956191","1956804","127.00364249","37.60962202"
"2012","2012-10-29 17:00","25","주간","월","1","2","1","0","0","경기","안성시","차대사람","기타","기타","운전자법규위반","안전운전 의무 불이행","기타/불명","기타/불명","화물차","중형","보행자","보행자","994461","1898064","127.437681","37.08117288"
"2012","2012-11-03 03:00","25","야간","토","1","1","0","0","0","울산","남구","차대사람","횡단중","횡단중","운전자법규위반","안전운전 의무 불이행","단일로","기타단일로","승용차","중형","보행자","보행자","1165360","1729344","129.32423867","35.54629929"
"2012","2012-11-03 03:00","40","야간","토","1","1","0","0","0","인천","중구","차량단독","공작물충돌","공작물충돌","운전자법규위반","안전운전 의무 불이행","교차로","교차로부근","승용차","소형","00","00","922013","1941950","126.61801595","37.47348601"
"2012","2012-10-30 21:00","16","야간","화","1","1","0","0","0","경기","안양시","차대사람","차도통행중","차도통행중","운전자법규위반","안전운전 의무 불이행","고가도로위","고가도로위","승용차","중형","보행자","보행자","951401","1930002","126.95114416","37.36780768"
"2012","2012-10-31 13:00","00","주간","수","1","1","0","0","0","경기","남양주시","차대사람","기타","기타","운전자법규위반","안전운전 의무 불이행","단일로","기타단일로","화물차","중형","보행자","보행자","975415","1957587","127.22142148","37.6173946"
"2012","2012-11-05 09:00","20","주간","월","1","1","0","0","0","경기","시흥시","차대사람","기타","기타","운전자법규위반","안전운전 의무 불이행","교차로","교차로부근","승용차","소형","보행자","보행자","937483","1937976","126.79329538","37.43884456"
"2012","2012-12-14 06:00","50","주간","금","1","1","0","0","0","대전","동구","차대차","기타","기타","운전자법규위반","안전운전 의무 불이행","단일로","기타단일로","승용차","중형","승용차","소형","998374","1807349","127.48189853","36.26339875"
"2012","2012-12-17 15:00","40","주간","월","1","1","0","0","0","충북","청주시","차대차","측면직각충돌","측면직각충돌","운전자법규위반","보행자 보호의무 위반","교차로","교차로내","건설기계","건설기계","자전거","자전거","997696","1848635","127.47422786","36.63560158"
"2012","2012-12-14 08:00","00","주간","금","1","4","3","0","0","대구","달성군","차대차","기타","기타","운전자법규위반","안전운전 의무 불이행","단일로","기타단일로","화물차","소형","승합차","소형","1082090","1766237","128.46248239","35.85505782"
"2012","2012-12-14 09:00","30","주간","금","1","1","0","0","0","충남","홍성군","차대사람","길가장자리구역통행중","길가장자리구역통행중","운전자법규위반","안전운전 의무 불이행","단일로","기타단일로","승용차","중형","보행자","보행자","930640","1843165","126.72467708","36.58377065"
"2012","2012-12-10 20:00","30","야간","월","1","1","0","0","0","충남","당진시","차대사람","길가장자리구역통행중","길가장자리구역통행중","운전자법규위반","안전운전 의무 불이행","단일로","기타단일로","화물차","소형","보행자","보행자","921834","1876970","126.62455006","36.88903041"
"2012","2012-12-15 01:00","12","야간","토","1","2","0","0","1","경기","시흥시","차대차","추돌","주정차중 추돌","운전자법규위반","안전운전 의무 불이행","단일로","기타단일로","승용차","소형","승합차","대형","933551","1926873","126.74984845","37.33849843"
"2012","2012-12-20 09:00","50","주간","목","1","1","0","0","0","충남","청양군","차량단독","도로이탈","도로이탈 기타","운전자법규위반","안전운전 의무 불이행","단일로","기타단일로","화물차","소형","00","00","950676","1815618","126.95038844","36.33668545"