"발생년","발생년월일시","발생분","주야","요일","사망자수","사상자수","중상자수","경상자수","부상신고자수","발생지시도","발생지시군구","사고유형_대분류","사고유형_중분류","사고유형","법규위반_대분류","법규위반","도로형태_대분류","도로형태","당사자종별_1당_대분류","당사자종별_1당","당사자종별_2당_대분류","당사자종별_2당","발생위치X_UTMK","발생위치Y_UTMK","경도","위도"
"2012","2012-10-09 17:00","20","주간","화","1","1","0","0","0","광주","남구","차대사람","횡단중","횡단중","운전자법규위반","보행자 보호의무 위반","단일로","기타단일로","건설기계","건설기계","보행자","보행자","946462","1682256","126.91233607","35.13408737"
"2012","2012-09-04 22:00","36","야간","화","1","1","0","0","0","전남","고흥군","차량단독","기타","기타","운전자법규위반","안전운전 의무 불이행","단일로","기타단일로","이륜차","소형","00","00","986622","1629842","127.35399098","34.66277673"
"2012","2012-09-09 07:00","30","주간","일","1","6","0","5","0","충남","논산시","차대차","기타","기타","운전자법규위반","신호위반","교차로","교차로내","화물차","소형","승용차","소형","962192","1801644","127.07938258","36.21122705"
"2012","2012-09-09 20:00","46","야간","일","1","3","1","1","0","광주","북구","차대차","정면충돌","정면충돌","운전자법규위반","중앙선 침범","단일로","기타단일로","화물차","소형","승용차","중형","945277","1688844","126.89847747","35.19310797"
"2012","2012-09-14 19:00","14","야간","금","1","1","0","0","0","충남","논산시","차대사람","횡단중","횡단중","운전자법규위반","안전운전 의무 불이행","단일로","기타단일로","화물차","소형","보행자","보행자","962563","1801078","127.08353693","36.20613877"
"2012","2012-09-13 20:00","45","야간","목","1","1","0","0","0","경기","화성시","차대차","기타","기타","운전자법규위반","안전운전 의무 불이행","단일로","기타단일로","승용차","중형","승용차","소형","945492","1901975","126.83390759","37.24749328"
"2012","2012-09-15 09:00","15","주간","토","1","3","0","2","0","경북","경산시","차대차","측면직각충돌","측면직각충돌","운전자법규위반","보행자 보호의무 위반","교차로","교차로부근","화물차","소형","승용차","중형","1115399","1766516","128.77856378","35.88845105"
"2012","2012-09-15 15:00","26","주간","토","1","2","0","1","0","부산","금정구","차대차","추돌","진행중 추돌","운전자법규위반","안전운전 의무 불이행","단일로","기타단일로","불명","불명","원동기장치자전거","원동기장치자전거","1144745","1693765","129.09059002","35.22883872"
"2012","2012-09-21 19:00","10","야간","금","1","1","0","0","0","충남","서산시","차대사람","횡단중","횡단중","운전자법규위반","신호위반","교차로","교차로내","화물차","중형","보행자","보행자","908649","1872273","126.49946296","36.8316678"
"2012","2012-06-18 22:00","20","야간","월","1","1","0","0","0","경기","연천군","차대차","측면직각충돌","측면직각충돌","운전자법규위반","중앙선 침범","단일로","기타단일로","승용차","중형","화물차","대형","962913","2008578","127.07377156","38.10574943"
"2012","2012-06-19 06:00","00","주간","화","1","1","0","0","0","충북","음성군","차대차","추돌","진행중 추돌","운전자법규위반","안전운전 의무 불이행","단일로","기타단일로","화물차","중형","원동기장치자전거","원동기장치자전거","1005866","1887092","127.56648571","36.98240907"
"2012","2012-06-16 14:00","47","주간","토","1","3","1","1","0","강원","삼척시","차대사람","기타","기타","운전자법규위반","안전운전 의무 불이행","기타/불명","기타/불명","승용차","중형","보행자","보행자","1146367","1938990","129.15450495","37.43851553"
"2012","2012-06-15 10:00","15","주간","금","1","1","0","0","0","충남","당진시","차대차","기타","기타","운전자법규위반","신호위반","교차로","교차로내","자전거","자전거","승용차","소형","920447","1872441","126.60758779","36.84705073"
"2012","2012-06-20 06:00","10","주간","수","1","1","0","0","0","전남","나주시","차대사람","횡단중","횡단중","운전자법규위반","신호위반","단일로","횡단보도상","특수차","대형","보행자","보행자","931126","1671417","126.74491207","35.03542407"
"2012","2012-06-21 09:00","05","주간","목","1","1","0","0","0","인천","동구","차대차","추돌","진행중 추돌","운전자법규위반","안전거리 미확보","교차로","교차로내","화물차","소형","특수차","대형","924576","1943560","126.64683391","37.48820925"
"2012","2012-06-27 14:00","02","주간","수","1","4","0","3","0","경북","경주시","차대차","측면직각충돌","측면직각충돌","운전자법규위반","안전운전 의무 불이행","단일로","기타단일로","승용차","대형","화물차","소형","1164625","1747800","129.31990084","35.71274619"
"2012","2012-06-28 09:00","26","주간","목","1","4","0","3","0","전남","신안군","차대차","측면직각충돌","측면직각충돌","운전자법규위반","중앙선 침범","단일로","기타단일로","승용차","중형","농기계","농기계","876370","1627485","126.15119572","34.63414982"
"2012","2012-06-24 16:00","20","주간","일","1","1","0","0","0","강원","원주시","차량단독","공작물충돌","공작물충돌","운전자법규위반","안전운전 의무 불이행","단일로","기타단일로","승용차","중형","00","00","1049366","1937542","128.05802136","37.43572811"
"2012","2012-06-23 15:00","48","주간","토","1","2","1","0","0","경기","안성시","차량단독","공작물충돌","공작물충돌","운전자법규위반","안전운전 의무 불이행","단일로","기타단일로","승합차","소형","00","00","969407","1888859","127.15617683","36.99771403"
"2012","2012-06-30 01:00","10","야간","토","1","1","0","0","0","경기","가평군","차대사람","차도통행중","차도통행중","운전자법규위반","안전운전 의무 불이행","단일로","기타단일로","승용차","대형","보행자","보행자","1004097","1986757","127.54658887","37.88063173"
"2012","2012-06-30 08:00","00","주간","토","1","4","3","0","0","충북","충주시","차대차","측면직각충돌","측면직각충돌","운전자법규위반","신호위반","교차로","교차로내","화물차","중형","승용차","중형","1037871","1892851","127.92581673","37.03343345"
"2012","2012-06-27 23:00","49","야간","수","2","7","3","1","1","경기","수원시","차량단독","전도전복","전도전복","운전자법규위반","과속","단일로","기타단일로","승용차","중형","00","00","958205","1915479","127.02430154","37.2427054"
"2012","2012-07-04 23:00","09","야간","수","1","1","0","0","0","전남","담양군","차대차","기타","기타","운전자법규위반","안전운전 의무 불이행","단일로","기타단일로","승용차","소형","승용차","소형","944468","1696876","126.88946416","35.26580242"
"2012","2012-07-04 07:00","18","주간","수","1","1","0","0","0","경기","김포시","차대사람","횡단중","횡단중","운전자법규위반","안전운전 의무 불이행","단일로","기타단일로","승합차","대형","보행자","보행자","929139","1958858","126.69696562","37.62644686"
"2012","2012-07-03 11:00","40","주간","화","1","2","1","0","0","충북","옥천군","차대차","측면직각충돌","측면직각충돌","운전자법규위반","교차로 통행방법 위반","교차로","교차로내","승용차","경형","화물차","중형","1026276","1816309","127.79281807","36.34382013"
"2012","2012-07-08 09:00","38","주간","일","1","1","0","0","0","서울","강동구","차대사람","횡단중","횡단중","운전자법규위반","안전운전 의무 불이행","단일로","기타단일로","승합차","대형","보행자","보행자","968454","1948389","127.14294204","37.53427701"
"2012","2012-07-12 04:00","15","야간","목","1","1","0","0","0","충남","서산시","차대차","추돌","주정차중 추돌","운전자법규위반","안전운전 의무 불이행","단일로","기타단일로","승용차","중형","화물차","중형","905759","1870345","126.44323916","36.82662012"
"2012","2012-07-11 12:00","40","주간","수","1","1","0","0","0","경남","진주시","차대사람","횡단중","횡단중","운전자법규위반","안전운전 의무 불이행","교차로","교차로내","승용차","중형","보행자","보행자","1056628","1688833","128.09983699","35.22231326"
"2012","2012-07-10 21:00","50","야간","화","1","1","0","0","0","경기","고양시","차대사람","기타","기타","운전자법규위반","안전운전 의무 불이행","단일로","횡단보도부근","승용차","중형","보행자","보행자","935527","1965277","126.77024259","37.68648232"
"2012","2012-07-16 08:00","30","주간","월","1","1","0","0","0","경기","오산시","차대사람","기타","기타","운전자법규위반","보행자 보호의무 위반","교차로","교차로내","승용차","경형","보행자","보행자","959029","1907209","127.03854398","37.16272608"
"2012","2012-07-15 06:00","25","주간","일","1","2","1","0","0","강원","원주시","차대차","측면직각충돌","측면직각충돌","운전자법규위반","신호위반","교차로","교차로내","이륜차","중형","승용차","대형","1041754","1927121","127.97139157","37.342173"
"2012","2012-08-11 23:00","32","야간","토","1","1","0","0","0","경남","김해시","차대사람","횡단중","횡단중","운전자법규위반","안전운전 의무 불이행","단일로","기타단일로","승용차","소형","보행자","보행자","1126945","1694175","128.89510593","35.23494671"
"2012","2012-08-08 18:00","33","야간","수","1","3","2","0","0","강원","춘천시","차대차","측면직각충돌","측면직각충돌","운전자법규위반","신호위반","교차로","교차로내","승용차","중형","원동기장치자전거","원동기장치자전거","1021209","1987835","127.74120805","37.89010993"
"2012","2012-08-10 00:00","14","야간","금","1","1","0","0","0","광주","남구","차대차","기타","기타","운전자법규위반","과속","단일로","기타단일로","승용차","중형","승용차","중형","944972","1682749","126.89594893","35.13845222"
"2012","2012-08-10 09:00","50","주간","금","1","1","0","0","0","서울","동대문구","차대차","측면직각충돌","측면직각충돌","운전자법규위반","안전운전 의무 불이행","단일로","기타단일로","화물차","경형","원동기장치자전거","원동기장치자전거","958656","1953294","127.03176841","37.57809978"
"2012","2012-08-16 10:00","20","주간","목","1","1","0","0","0","전남","여수시","차대사람","보도통행중","보도통행중","운전자법규위반","신호위반","교차로","교차로내","화물차","대형","보행자","보행자","1022597","1639896","127.74719049","34.75350444"
"2012","2012-08-14 05:00","00","야간","화","1","1","0","0","0","경기","군포시","차대사람","횡단중","횡단중","운전자법규위반","안전운전 의무 불이행","단일로","횡단보도상","승용차","소형","보행자","보행자","950314","1927253","126.93905302","37.34297209"
"2012","2012-08-13 14:00","15","주간","월","2","4","0","2","0","세종","세종","차대사람","기타","기타","운전자법규위반","안전운전 의무 불이행","단일로","기타단일로","승용차","대형","보행자","보행자","972129","1853532","127.18866798","36.67941572"
"2012","2012-08-12 21:00","25","야간","일","1","1","0","0","0","경기","의정부시","차대사람","횡단중","횡단중","운전자법규위반","안전운전 의무 불이행","지하도로내","지하도로내","승용차","경형","보행자","보행자","961029","1970972","127.05769827","37.73753789"
"2012","2012-08-14 15:00","28","주간","화","1","4","2","1","0","강원","양구군","차량단독","공작물충돌","공작물충돌","운전자법규위반","안전운전 의무 불이행","단일로","기타단일로","승용차","소형","00","00","1038882","2023246","127.94412121","38.20867007"
"2012","2012-08-19 23:00","25","야간","일","1","1","0","0","0","강원","원주시","차대사람","길가장자리구역통행중","길가장자리구역통행중","운전자법규위반","신호위반","단일로","기타단일로","승합차","대형","보행자","보행자","1040393","1934237","127.95405712","37.40321005"
"2012","2012-08-17 14:00","36","주간","금","1","1","0","0","0","충남","논산시","차량단독","도로이탈","도로이탈 추락","운전자법규위반","안전운전 의무 불이행","단일로","기타단일로","이륜차","대형","00","00","978731","1790929","127.26366863","36.11512991"
"2012","2012-08-24 13:00","01","주간","금","1","1","0","0","0","경기","양평군","차대차","정면충돌","정면충돌","운전자법규위반","중앙선 침범","단일로","기타단일로","승용차","소형","승합차","대형","1014950","1950874","127.6650793","37.57382032"
"2012","2012-08-23 20:00","30","야간","목","1","1","0","0","0","경북","봉화군","차량단독","공작물충돌","공작물충돌","운전자법규위반","안전운전 의무 불이행","단일로","기타단일로","화물차","소형","00","00","1109141","1888049","128.72635943","36.98457541"
"2012","2012-08-30 01:00","04","야간","목","1","3","2","0","0","대전","유성구","차대차","측면직각충돌","측면직각충돌","운전자법규위반","신호위반","교차로","교차로내","승용차","중형","승용차","소형","984163","1818819","127.32366199","36.36684871"
"2012","2012-08-27 15:00","36","주간","월","1","1","0","0","0","경남","사천시","차대차","측면직각충돌","측면직각충돌","운전자법규위반","과속","교차로","교차로내","승용차","대형","원동기장치자전거","원동기장치자전거","1052576","1660163","128.07576825","34.93598176"
"2012","2012-08-26 21:00","50","야간","일","1","5","1","3","0","충북","청주시","차대차","측면직각충돌","측면직각충돌","운전자법규위반","신호위반","교차로","교차로내","승용차","중형","이륜차","중형","999464","1852202","127.4940019","36.66776057"
"2012","2012-09-01 01:00","40","야간","토","1","1","0","0","0","경기","성남시","차량단독","전도전복","전도전복","운전자법규위반","안전운전 의무 불이행","단일로","기타단일로","이륜차","소형","00","00","966286","1937180","127.11891721","37.43316804"
"2012","2012-08-31 23:00","25","야간","금","1","1","0","0","0","전남","고흥군","차량단독","공작물충돌","공작물충돌","운전자법규위반","안전운전 의무 불이행","단일로","기타단일로","이륜차","중형","00","00","965952","1606948","127.11031863","34.4674794"
"2012","2012-08-31 09:00","50","주간","금","1","1","0","0","0","전북","정읍시","차대사람","기타","기타","운전자법규위반","안전운전 의무 불이행","단일로","기타단일로","화물차","소형","보행자","보행자","941643","1729723","126.85605504","35.56179865"
"2012","2012-08-31 12:00","00","주간","금","1","2","1","0","0","경기","안산시","차대차","기타","기타","운전자법규위반","차로위반(진로변경 위반)","교차로","교차로부근","원동기장치자전거","원동기장치자전거","특수차","중형","938784","1925329","126.80904786","37.32494177"
"2012","2012-10-14 09:00","25","주간","일","1","1","0","0","0","경북","칠곡군","차대차","정면충돌","정면충돌","운전자법규위반","안전운전 의무 불이행","단일로","기타단일로","화물차","소형","이륜차","소형","1094165","1790079","128.54614213","36.10313237"
"2012","2012-10-18 15:00","50","주간","목","1","1","0","0","0","경북","포항시","차대차","기타","기타","운전자법규위반","교차로 통행방법 위반","교차로","교차로내","화물차","경형","화물차","경형","1149422","1791953","129.16019562","36.11309004"
"2012","2012-10-15 15:00","32","주간","월","1","1","0","0","0","서울","동작구","차대사람","횡단중","횡단중","운전자법규위반","보행자 보호의무 위반","교차로","교차로내","화물차","소형","보행자","보행자","951893","1946177","126.95564527","37.51362427"
"2012","2012-10-19 19:00","00","야간","금","1","1","0","0","0","경북","경산시","차대사람","길가장자리구역통행중","길가장자리구역통행중","운전자법규위반","안전운전 의무 불이행","단일로","기타단일로","승용차","소형","보행자","보행자","1114802","1765873","128.77220417","35.88219879"
"2012","2012-10-16 08:00","55","주간","화","1","1","0","0","0","서울","서초구","차대사람","기타","기타","운전자법규위반","안전운전 의무 불이행","교차로","교차로부근","건설기계","건설기계","보행자","보행자","955230","1943262","126.99353708","37.487347"
"2012","2012-10-03 20:00","20","야간","수","1","1","0","0","0","경북","성주군","차대사람","기타","기타","운전자법규위반","안전운전 의무 불이행","단일로","기타단일로","승용차","대형","보행자","보행자","1071501","1770063","128.29256908","35.92462084"
"2012","2012-09-28 18:00","22","야간","금","1","1","0","0","0","경북","영천시","차량단독","기타","기타","운전자법규위반","안전운전 의무 불이행","교차로","교차로내","원동기장치자전거","원동기장치자전거","00","00","1123082","1772761","128.86463326","35.94380419"
"2012","2012-09-28 18:00","40","야간","금","2","4","2","0","0","경남","밀양시","차대차","정면충돌","정면충돌","운전자법규위반","중앙선 침범","단일로","교량위","승용차","중형","화물차","소형","1102402","1728763","128.62977524","35.54956937"
"2012","2012-10-04 15:00","45","주간","목","1","1","0","0","0","부산","해운대구","차대사람","기타","기타","운전자법규위반","안전운전 의무 불이행","교차로","교차로부근","화물차","중형","보행자","보행자","1148071","1688291","129.12614206","35.17901313"
"2012","2012-09-30 17:00","04","주간","일","1","1","0","0","0","경남","합천군","차대사람","횡단중","횡단중","운전자법규위반","안전운전 의무 불이행","교차로","교차로부근","승용차","경형","보행자","보행자","1058397","1742794","128.14533245","35.67964366"
"2012","2012-07-10 08:00","55","주간","화","1","1","0","0","0","충남","예산군","차대차","추돌","진행중 추돌","운전자법규위반","안전거리 미확보","단일로","터널안","화물차","소형","농기계","농기계","944025","1853212","126.87355618","36.67521812"
"2012","2012-07-16 11:00","00","주간","월","1","1","0","0","0","충북","음성군","차대차","측면직각충돌","측면직각충돌","운전자법규위반","교차로 통행방법 위반","교차로","교차로내","화물차","소형","원동기장치자전거","원동기장치자전거","1019741","1881046","127.72165844","36.92757499"
"2012","2012-07-17 16:00","05","주간","화","1","1","0","0","0","경남","사천시","차대사람","기타","기타","운전자법규위반","안전운전 의무 불이행","단일로","횡단보도부근","승용차","중형","보행자","보행자","1052999","1660706","128.08037225","34.93980126"
"2012","2012-07-17 01:00","40","야간","화","1","1","0","0","0","인천","서구","차대사람","횡단중","횡단중","운전자법규위반","안전운전 의무 불이행","기타/불명","기타/불명","승용차","소형","보행자","보행자","926498","1943174","126.66861124","37.48488532"
"2012","2012-07-17 11:00","15","주간","화","1","1","0","0","0","경북","청송군","차대차","측면직각충돌","측면직각충돌","운전자법규위반","중앙선 침범","단일로","기타단일로","승용차","중형","원동기장치자전거","원동기장치자전거","1137911","1837233","129.04035259","36.52286696"
"2012","2012-07-14 18:00","55","야간","토","1","1","0","0","0","충남","공주시","차량단독","도로이탈","도로이탈 추락","운전자법규위반","안전운전 의무 불이행","교차로","교차로내","이륜차","대형","00","00","966020","1827731","127.12083075","36.44654998"
"2012","2012-07-14 09:00","10","주간","토","1","1","0","0","0","전남","여수시","차대사람","횡단중","횡단중","운전자법규위반","보행자 보호의무 위반","단일로","횡단보도상","승합차","중형","보행자","보행자","1021487","1638431","127.73472968","34.74009259"
"2012","2012-07-21 16:00","30","주간","토","1","1","0","0","0","강원","인제군","차량단독","공작물충돌","공작물충돌","운전자법규위반","안전운전 의무 불이행","단일로","기타단일로","이륜차","중형","00","00","1074251","2005839","128.34627172","38.04957987"
"2012","2012-07-30 13:00","50","주간","월","1","1","0","0","0","충북","괴산군","차대차","정면충돌","정면충돌","운전자법규위반","안전운전 의무 불이행","단일로","기타단일로","승합차","경형","원동기장치자전거","원동기장치자전거","1018144","1861195","127.70325284","36.7486579"
"2012","2012-07-28 13:00","55","주간","토","2","2","0","0","0","경북","경주시","차대차","정면충돌","정면충돌","운전자법규위반","중앙선 침범","단일로","기타단일로","화물차","소형","건설기계","건설기계","1148141","1777238","129.14320907","35.98067263"
"2012","2012-07-27 22:00","00","야간","금","1","1","0","0","0","경남","의령군","차량단독","도로이탈","도로이탈 추락","운전자법규위반","안전운전 의무 불이행","단일로","기타단일로","화물차","소형","00","00","1075093","1708690","128.32666151","35.37104154"
"2012","2012-07-27 10:00","17","주간","금","1","1","0","0","0","경남","함양군","차대차","측면직각충돌","측면직각충돌","운전자법규위반","신호위반","교차로","교차로내","특수차","대형","원동기장치자전거","원동기장치자전거","1028180","1724002","127.81076217","35.5115339"
"2012","2012-08-01 17:00","50","주간","금","1","2","0","1","0","경기","김포시","차대차","정면충돌","정면충돌","운전자법규위반","중앙선 침범","단일로","기타단일로","승용차","소형","화물차","중형","923767","1965380","126.6410531","37.67358857"
"2012","2012-07-30 16:00","20","주간","월","1","2","1","0","0","광주","광산구","차대사람","차도통행중","차도통행중","운전자법규위반","안전운전 의무 불이행","단일로","터널안","승용차","대형","보행자","보행자","936974","1685169","126.80833879","35.15694659"
"2012","2012-07-31 11:00","01","주간","화","1","2","1","0","0","경남","고성군","차대사람","기타","기타","운전자법규위반","안전운전 의무 불이행","단일로","기타단일로","승용차","대형","보행자","보행자","1078974","1674137","128.36606581","35.05920897"
"2012","2012-07-31 01:00","23","야간","화","1","1","0","0","0","전남","영암군","차대사람","횡단중","횡단중","운전자법규위반","안전운전 의무 불이행","단일로","기타단일로","승용차","대형","보행자","보행자","918658","1635817","126.61169463","34.71350779"
"2012","2012-06-12 11:00","40","주간","화","1","1","0","0","0","전남","곡성군","차대차","측면직각충돌","측면직각충돌","운전자법규위반","교차로 통행방법 위반","교차로","교차로내","화물차","소형","원동기장치자전거","원동기장치자전거","980118","1697074","127.28140158","35.2689307"
"2012","2012-06-18 11:00","44","주간","월","1","1","0","0","0","충북","단양군","차대차","정면충돌","정면충돌","운전자법규위반","교차로 통행방법 위반","교차로","교차로내","특수차","대형","원동기장치자전거","원동기장치자전거","1087702","1897774","128.4866304","37.07447136"
"2012","2012-06-18 05:00","45","야간","월","1","1","0","0","0","경북","울릉군","차량단독","기타","기타","운전자법규위반","안전운전 의무 불이행","단일로","기타단일로","화물차","소형","00","00","1300050","1947398","130.89772449","37.47932571"
"2012","2012-06-18 10:00","30","주간","월","1","1","0","0","0","충남","천안시","차대사람","횡단중","횡단중","운전자법규위반","안전운전 의무 불이행","단일로","기타단일로","승용차","소형","보행자","보행자","968956","1869059","127.15192015","36.81921409"
"2012","2012-06-16 21:00","25","야간","토","1","1","0","0","0","경기","가평군","차대사람","기타","기타","운전자법규위반","안전운전 의무 불이행","단일로","기타단일로","승용차","중형","보행자","보행자","992292","1970602","127.41252076","37.73500032"
"2012","2012-06-22 14:00","20","주간","금","1","2","1","0","0","충북","괴산군","차대차","정면충돌","정면충돌","운전자법규위반","중앙선 침범","단일로","기타단일로","승용차","중형","건설기계","건설기계","1033616","1868699","127.87690187","36.81588095"
"2012","2012-06-23 01:00","45","야간","토","1","1","0","0","0","서울","구로구","차대사람","보도통행중","보도통행중","운전자법규위반","기타(운전자법규위반)","단일로","기타단일로","화물차","중형","보행자","보행자","944523","1944570","126.87237559","37.49872643"
"2012","2012-06-23 01:00","35","야간","토","1","1","0","0","0","경북","영천시","차량단독","공작물충돌","공작물충돌","운전자법규위반","안전운전 의무 불이행","단일로","기타단일로","승용차","경형","00","00","1127455","1777939","128.91393652","35.98991382"
"2012","2012-06-22 18:00","30","야간","금","1","1","0","0","0","경북","영천시","차대차","정면충돌","정면충돌","운전자법규위반","중앙선 침범","교차로","교차로내","이륜차","소형","승용차","대형","1127271","1790481","128.91391614","36.10298048"
"2012","2012-06-21 04:00","10","야간","목","1","4","3","0","0","충남","보령시","차량단독","전도전복","전도전복","운전자법규위반","안전운전 의무 불이행","단일로","기타단일로","승용차","대형","00","00","919272","1802834","126.60098758","36.23187592"
"2012","2012-06-20 16:00","15","주간","수","1","1","0","0","0","전남","영광군","차량단독","전도전복","전도전복","운전자법규위반","안전운전 의무 불이행","단일로","기타단일로","이륜차","소형","00","00","912514","1693258","126.5385733","35.23090073"
"2012","2012-06-19 08:00","00","주간","화","1","1","0","0","0","인천","서구","차량단독","공작물충돌","공작물충돌","운전자법규위반","안전운전 의무 불이행","교차로","교차로부근","건설기계","건설기계","00","00","925948","1945613","126.66214517","37.50682338"
"2012","2012-06-27 01:00","40","야간","수","1","1","0","0","0","인천","남동구","차대사람","기타","기타","운전자법규위반","안전운전 의무 불이행","단일로","기타단일로","승용차","경형","보행자","보행자","932581","1934537","126.73820061","37.40750461"
"2012","2012-06-24 20:00","02","야간","일","1","5","3","1","0","부산","동래구","차대차","측면직각충돌","측면직각충돌","운전자법규위반","안전거리 미확보","단일로","기타단일로","승용차","중형","승용차","중형","1144996","1690514","129.09277467","35.19949914"
"2012","2012-06-24 16:00","22","주간","일","1","1","0","0","0","부산","강서구","차량단독","공작물충돌","공작물충돌","운전자법규위반","안전운전 의무 불이행","단일로","교량위","승용차","중형","00","00","1131746","1678112","128.94528923","35.08953015"
"2012","2012-08-19 04:00","20","야간","일","1","1","0","0","0","충남","홍성군","차대사람","기타","기타","운전자법규위반","안전운전 의무 불이행","단일로","기타단일로","승용차","중형","보행자","보행자","923435","1839846","126.64447562","36.55330189"
"2012","2012-08-18 20:00","10","야간","토","1","2","1","0","0","경북","포항시","차대사람","기타","기타","운전자법규위반","안전운전 의무 불이행","단일로","기타단일로","승용차","소형","보행자","보행자","1166989","1785007","129.35382125","36.04763584"
"2012","2012-08-18 20:00","40","야간","토","1","2","1","0","0","강원","춘천시","차대차","정면충돌","정면충돌","운전자법규위반","신호위반","교차로","교차로내","승용차","소형","원동기장치자전거","원동기장치자전거","1022796","1982138","127.75907687","37.83872441"
"2012","2012-08-18 14:00","34","주간","토","1","1","0","0","0","울산","울주군","차량단독","공작물충돌","공작물충돌","운전자법규위반","안전운전 의무 불이행","단일로","기타단일로","승용차","경형","00","00","1162710","1723282","129.29380072","35.4921058"
"2012","2012-08-24 03:00","38","야간","금","1","2","0","1","0","서울","서대문구","차대차","측면직각충돌","측면직각충돌","운전자법규위반","안전운전 의무 불이행","단일로","기타단일로","원동기장치자전거","원동기장치자전거","승용차","중형","950953","1954482","126.94445382","37.5884291"
"2012","2012-08-23 09:00","15","주간","목","1","1","0","0","0","강원","춘천시","차량단독","전도전복","전도전복","운전자법규위반","안전운전 의무 불이행","단일로","기타단일로","화물차","중형","00","00","1009638","2005487","127.60984927","38.04940225"
"2012","2012-08-22 18:00","20","야간","수","1","1","0","0","0","울산","북구","차대사람","차도통행중","차도통행중","운전자법규위반","안전운전 의무 불이행","교차로","교차로내","화물차","소형","보행자","보행자","1168589","1733858","129.36078469","35.58643461"
"2012","2012-08-28 17:00","20","주간","화","1","3","1","1","0","전남","담양군","차대차","기타","기타","운전자법규위반","안전운전 의무 불이행","단일로","기타단일로","화물차","소형","승용차","중형","959084","1706201","127.04970323","35.35145298"
"2012","2012-08-28 00:00","37","야간","화","1","1","0","0","0","경기","화성시","차대사람","횡단중","횡단중","운전자법규위반","안전운전 의무 불이행","단일로","횡단보도상","승용차","중형","보행자","보행자","958946","1911880","127.03735244","37.20482616"
"2012","2012-08-26 07:00","00","주간","일","1","1","0","0","0","전북","전주시","차량단독","공작물충돌","공작물충돌","운전자법규위반","안전운전 의무 불이행","단일로","기타단일로","승용차","중형","00","00","958548","1764595","127.04078765","35.87705926"
"2012","2012-09-01 06:00","00","주간","토","1","1","0","0","0","전남","목포시","차대사람","보도통행중","보도통행중","운전자법규위반","기타(운전자법규위반)","단일로","기타단일로","승용차","중형","보행자","보행자","898404","1645446","126.38937946","34.79851068"
"2012","2012-08-30 00:00","50","야간","목","1","2","0","1","0","서울","송파구","차대사람","횡단중","횡단중","운전자법규위반","신호위반","단일로","기타단일로","승용차","중형","보행자","보행자","965381","1944133","127.10836108","37.49580556"
"2012","2012-08-31 18:00","13","야간","금","1","1","0","0","0","경기","파주시","차량단독","공작물충돌","공작물충돌","운전자법규위반","안전운전 의무 불이행","단일로","기타단일로","이륜차","소형","00","00","929221","1977940","126.69603875","37.79842883"
"2012","2012-09-05 10:00","46","주간","수","1","1","0","0","0","전북","전주시","차대차","측면직각충돌","측면직각충돌","운전자법규위반","서행 및 일시정지위반","교차로","교차로내","승용차","중형","화물차","경형","970439","1759569","127.17279107","35.83209521"
"2012","2012-09-05 08:00","54","주간","수","2","2","0","0","0","부산","사상구","차량단독","공작물충돌","공작물충돌","운전자법규위반","안전운전 의무 불이행","단일로","기타단일로","승용차","대형","00","00","1137212","1685168","129.00640542","35.15240445"
"2012","2012-09-04 14:00","50","주간","화","1","1","0","0","0","부산","강서구","차대차","추돌","주정차중 추돌","운전자법규위반","안전운전 의무 불이행","단일로","기타단일로","이륜차","소형","화물차","대형","1121053","1684085","128.82888761","35.14471712"
"2012","2012-09-08 14:00","00","주간","토","1","1","0","0","0","전남","영광군","차대사람","기타","기타","운전자법규위반","안전운전 의무 불이행","단일로","기타단일로","건설기계","건설기계","보행자","보행자","903470","1696957","126.4387643","35.263419"
"2012","2012-09-13 10:00","25","주간","목","1","1","0","0","0","전북","완주군","차량단독","공작물충돌","공작물충돌","운전자법규위반","안전운전 의무 불이행","단일로","기타단일로","화물차","중형","00","00","968889","1749608","127.15592821","35.74231877"
"2012","2012-09-12 05:00","50","야간","수","1","1","0","0","0","경남","사천시","차대사람","횡단중","횡단중","운전자법규위반","안전운전 의무 불이행","단일로","횡단보도상","화물차","소형","보행자","보행자","1052432","1674813","128.0750529","35.06703332"
"2012","2012-09-11 15:00","30","주간","화","1","4","2","1","0","경기","안성시","차대차","정면충돌","정면충돌","운전자법규위반","중앙선 침범","단일로","기타단일로","화물차","대형","농기계","농기계","972167","1893472","127.18702449","37.03938264"
"2012","2012-09-11 14:00","59","주간","화","1","1","0","0","0","경기","남양주시","차대차","측면직각충돌","측면직각충돌","운전자법규위반","안전거리 미확보","단일로","기타단일로","승용차","중형","이륜차","중형","976631","1951147","127.23540568","37.5593798"
"2012","2012-09-10 17:00","01","주간","월","1","1","0","0","0","서울","서초구","차량단독","공작물충돌","공작물충돌","운전자법규위반","안전운전 의무 불이행","교차로","교차로내","승용차","대형","00","00","956336","1942343","127.00614586","37.47928813"
"2012","2012-09-17 09:00","25","주간","월","1","1","0","0","0","경기","이천시","차량단독","전도전복","전도전복","운전자법규위반","안전운전 의무 불이행","교차로","교차로부근","농기계","농기계","00","00","992413","1912394","127.41449379","37.21033199"
"2012","2012-09-17 05:00","40","야간","월","1","1","0","0","0","경북","포항시","차대사람","기타","기타","운전자법규위반","안전운전 의무 불이행","단일로","기타단일로","화물차","경형","보행자","보행자","1169054","1786022","129.37695198","36.05642542"