"발생년","발생년월일시","발생분","주야","요일","사망자수","사상자수","중상자수","경상자수","부상신고자수","발생지시도","발생지시군구","사고유형_대분류","사고유형_중분류","사고유형","법규위반_대분류","법규위반","도로형태_대분류","도로형태","당사자종별_1당_대분류","당사자종별_1당","당사자종별_2당_대분류","당사자종별_2당","발생위치X_UTMK","발생위치Y_UTMK","경도","위도"
"2012","2012-09-17 15:00","00","주간","월","1","1","0","0","0","전남","신안군","차량단독","도로이탈","도로이탈 추락","운전자법규위반","안전운전 의무 불이행","단일로","기타단일로","농기계","농기계","00","00","857058","1633722","125.93951215","34.6878622"
"2012","2012-09-16 05:00","00","야간","일","1","1","0","0","0","광주","서구","차대사람","횡단중","횡단중","운전자법규위반","보행자 보호의무 위반","교차로","교차로부근","승용차","소형","보행자","보행자","941405","1683748","126.85672467","35.14725837"
"2012","2012-09-15 10:00","20","주간","토","1","1","0","0","0","대구","서구","차대차","정면충돌","정면충돌","운전자법규위반","안전운전 의무 불이행","교차로","교차로내","승용차","중형","이륜차","소형","1094497","1764469","128.54677567","35.87224007"
"2012","2012-09-15 04:00","48","야간","토","1","1","0","0","0","충남","공주시","차대차","기타","기타","운전자법규위반","안전운전 의무 불이행","단일로","기타단일로","화물차","중형","승용차","중형","960860","1830788","127.0630992","36.47391203"
"2012","2012-09-21 17:00","28","주간","금","1","1","0","0","0","충북","충주시","차대차","기타","기타","운전자법규위반","안전운전 의무 불이행","단일로","기타단일로","화물차","중형","자전거","자전거","1038004","1886211","127.92697727","36.97357396"
"2012","2012-09-21 21:00","19","야간","금","1","1","0","0","0","경기","화성시","차량단독","공작물충돌","공작물충돌","운전자법규위반","안전운전 의무 불이행","단일로","기타단일로","승용차","중형","00","00","957378","1907163","127.01995199","37.16223758"
"2012","2012-09-21 20:00","30","야간","금","1","1","0","0","0","경북","칠곡군","차대사람","기타","기타","운전자법규위반","안전운전 의무 불이행","단일로","횡단보도부근","승용차","중형","보행자","보행자","1093668","1782513","128.53969827","36.03475271"
"2012","2012-09-19 07:00","35","주간","수","1","4","1","1","1","서울","강남구","차대사람","보도통행중","보도통행중","운전자법규위반","기타(운전자법규위반)","단일로","기타단일로","승용차","중형","보행자","보행자","961083","1945458","127.05966964","37.50757711"
"2012","2012-09-19 18:00","40","야간","수","1","1","0","0","0","경남","양산시","차대사람","횡단중","횡단중","운전자법규위반","안전운전 의무 불이행","교차로","교차로내","승합차","소형","보행자","보행자","1152353","1714700","129.17805779","35.41640052"
"2012","2012-09-26 19:00","00","야간","수","1","2","1","0","0","경남","함안군","차량단독","기타","기타","운전자법규위반","과속","단일로","기타단일로","승용차","소형","00","00","1082570","1694071","128.40749021","35.23864772"
"2012","2012-09-22 10:00","10","주간","토","1","1","0","0","0","경남","김해시","차대사람","횡단중","횡단중","운전자법규위반","보행자 보호의무 위반","교차로","교차로부근","화물차","소형","보행자","보행자","1124244","1694105","128.86541937","35.23465416"
"2012","2012-08-07 03:00","50","야간","화","1","1","0","0","0","경기","부천시","차대차","추돌","주정차중 추돌","운전자법규위반","안전운전 의무 불이행","단일로","기타단일로","승용차","중형","승용차","소형","934196","1944475","126.75556062","37.49719175"
"2012","2012-08-08 02:00","40","야간","수","1","2","0","1","0","전남","순천시","차량단독","공작물충돌","공작물충돌","운전자법규위반","안전운전 의무 불이행","단일로","기타단일로","승용차","중형","00","00","999670","1658698","127.496387","34.92308028"
"2013","2013-10-31 18:00","50","야간","목","1","1","0","0","0","인천","연수구","차대사람","횡단중","횡단중","운전자법규위반","보행자 보호의무 위반","단일로","기타단일로","화물차","소형","보행자","보행자","924584","1937564","126.64761245","37.43399617"
"2013","2013-10-29 10:00","25","주간","화","1","1","0","0","0","대구","중구","차대차","측면직각충돌","측면직각충돌","운전자법규위반","기타(운전자법규위반)","단일로","기타단일로","승용차","소형","승용차","중형","1098205","1763498","128.5877243","35.86312207"
"2013","2013-10-28 16:00","30","주간","월","1","1","0","0","0","충북","청주시","차대차","측면직각충돌","측면직각충돌","운전자법규위반","신호위반","교차로","교차로내","자전거","자전거","승합차","소형","998830","1844090","127.48685466","36.59467006"
"2013","2013-11-05 13:00","15","주간","화","1","1","0","0","0","전북","진안군","차량단독","전도전복","전도전복","운전자법규위반","안전운전 의무 불이행","단일로","기타단일로","이륜차","중형","00","00","992772","1750364","127.42005458","35.74960054"
"2013","2013-11-05 16:00","30","주간","화","1","1","0","0","0","전남","광양시","차량단독","기타","기타","운전자법규위반","안전운전 의무 불이행","기타/불명","기타/불명","농기계","농기계","00","00","1021504","1666011","127.73562366","34.98879673"
"2013","2013-11-06 18:00","10","야간","수","1","1","0","0","0","충북","괴산군","차대차","추돌","진행중 추돌","운전자법규위반","안전운전 의무 불이행","단일로","기타단일로","화물차","소형","자전거","자전거","1012390","1864607","127.63885099","36.7795089"
"2012","2012-09-20 19:00","40","야간","목","1","1","0","0","0","울산","동구","차대사람","횡단중","횡단중","운전자법규위반","안전운전 의무 불이행","단일로","기타단일로","이륜차","소형","보행자","보행자","1174940","1724539","129.42883567","35.50135402"
"2012","2012-09-21 22:00","00","야간","금","1","3","0","2","0","강원","양양군","차대차","추돌","주정차중 추돌","운전자법규위반","안전운전 의무 불이행","교차로","교차로부근","화물차","소형","화물차","소형","1105839","2004181","128.70598659","38.03149722"
"2012","2012-09-22 18:00","10","야간","토","1","1","0","0","0","대구","달서구","차대사람","보도통행중","보도통행중","운전자법규위반","안전운전 의무 불이행","단일로","횡단보도상","이륜차","중형","보행자","보행자","1094369","1761652","128.54502458","35.84685814"
"2012","2012-09-23 03:00","44","야간","일","1","1","0","0","0","경기","안산시","차대차","추돌","주정차중 추돌","운전자법규위반","안전운전 의무 불이행","단일로","기타단일로","원동기장치자전거","원동기장치자전거","화물차","중형","932536","1925034","126.73855821","37.32185008"
"2012","2012-09-23 23:00","10","야간","일","1","3","0","2","0","경남","창원시(통합)","차대사람","횡단중","횡단중","운전자법규위반","안전운전 의무 불이행","단일로","기타단일로","승합차","대형","보행자","보행자","1098327","1693911","128.58062403","35.23578303"
"2012","2012-08-08 05:00","10","야간","수","1","1","0","0","0","경북","경주시","차대사람","횡단중","횡단중","운전자법규위반","안전운전 의무 불이행","단일로","기타단일로","승용차","중형","보행자","보행자","1153835","1761335","129.20326818","35.83647204"
"2012","2012-08-06 12:00","05","주간","월","1","1","0","0","0","전북","완주군","차대차","측면직각충돌","측면직각충돌","운전자법규위반","안전운전 의무 불이행","교차로","교차로내","화물차","소형","이륜차","소형","969467","1770089","127.16153714","35.9269943"
"2012","2012-08-05 04:00","45","야간","일","1","2","1","0","0","서울","강동구","차대차","추돌","주정차중 추돌","운전자법규위반","안전운전 의무 불이행","교차로","교차로부근","이륜차","소형","승용차","중형","969299","1948862","127.15248635","37.5385689"
"2012","2012-08-11 01:00","10","야간","토","1","1","0","0","0","경기","시흥시","차대사람","횡단중","횡단중","운전자법규위반","안전운전 의무 불이행","교차로","교차로내","승용차","소형","보행자","보행자","931410","1928556","126.72552461","37.35351173"
"2012","2012-08-09 18:00","10","야간","목","1","1","0","0","0","부산","금정구","차대사람","횡단중","횡단중","운전자법규위반","보행자 보호의무 위반","교차로","교차로부근","건설기계","건설기계","보행자","보행자","1144640","1694015","129.08948054","35.23110727"
"2012","2012-08-09 14:00","30","주간","목","1","1","0","0","0","전남","나주시","차량단독","기타","기타","운전자법규위반","안전운전 의무 불이행","단일로","기타단일로","농기계","농기계","00","00","914354","1660332","126.56219543","34.93419544"
"2012","2012-08-15 05:00","00","야간","수","2","3","1","0","0","전남","해남군","차량단독","도로이탈","도로이탈 추락","운전자법규위반","안전운전 의무 불이행","단일로","기타단일로","승용차","중형","00","00","898270","1635301","126.38914049","34.7070289"
"2012","2012-08-15 06:00","05","주간","수","1","1","0","0","0","인천","남동구","차대차","추돌","주정차중 추돌","운전자법규위반","안전운전 의무 불이행","기타/불명","기타/불명","승용차","경형","특수차","대형","933048","1938447","126.74730352","37.44744797"
"2012","2012-08-20 20:00","55","야간","월","1","2","0","1","0","경기","남양주시","차대차","기타","기타","운전자법규위반","안전운전 의무 불이행","단일로","기타단일로","승용차","중형","승용차","중형","970366","1961227","127.16407361","37.65026145"
"2012","2012-08-20 09:00","25","주간","월","1","1","0","0","0","충남","홍성군","차대차","기타","기타","운전자법규위반","교차로 통행방법 위반","교차로","교차로내","화물차","경형","이륜차","소형","924604","1843867","126.65697851","36.58932392"
"2012","2012-08-25 05:00","30","야간","토","1","1","0","0","0","부산","진구","차대사람","기타","기타","운전자법규위반","안전운전 의무 불이행","단일로","기타단일로","승용차","중형","보행자","보행자","1141606","1687493","129.05502907","35.1727524"
"2012","2012-08-24 22:00","40","야간","금","1","1","0","0","0","서울","강남구","차대사람","횡단중","횡단중","운전자법규위반","안전운전 의무 불이행","단일로","횡단보도상","승용차","중형","보행자","보행자","962332","1943373","127.07390801","37.48883597"
"2012","2012-08-24 18:00","55","야간","금","1","1","0","0","0","경남","함안군","차량단독","도로이탈","도로이탈 추락","운전자법규위반","안전운전 의무 불이행","단일로","기타단일로","이륜차","중형","00","00","1077114","1704010","128.34846615","35.32869276"
"2012","2012-08-24 14:00","50","주간","금","1","5","2","2","0","제주","제주시","차대차","측면직각충돌","측면직각충돌","운전자법규위반","중앙선 침범","교차로","교차로부근","승용차","경형","승용차","소형","926209","1507035","126.7050968","33.55274555"
"2012","2012-08-24 23:00","45","야간","금","1","1","0","0","0","경남","창원시(통합)","차대사람","횡단중","횡단중","운전자법규위반","안전운전 의무 불이행","단일로","기타단일로","승용차","소형","보행자","보행자","1097182","1693416","128.56798382","35.23143203"
"2012","2012-08-23 07:00","50","주간","목","1","1","0","0","0","인천","남동구","차대차","기타","기타","운전자법규위반","기타(운전자법규위반)","단일로","기타단일로","특수차","중형","자전거","자전거","932012","1940559","126.72859719","37.45807147"
"2012","2012-08-22 10:00","50","주간","수","1","1","0","0","0","제주","제주시","차대차","측면직각충돌","측면직각충돌","운전자법규위반","직진 및 우회전차의 통행방해","교차로","교차로내","승용차","소형","이륜차","소형","889253","1495670","126.30846125","33.44706381"
"2012","2012-08-22 01:00","15","야간","수","1","1","0","0","0","경기","광주시","차량단독","도로이탈","도로이탈 기타","운전자법규위반","안전운전 의무 불이행","단일로","기타단일로","승용차","중형","00","00","981637","1931534","127.29374094","37.38164688"
"2012","2012-08-21 14:00","15","주간","화","1","1","0","0","0","인천","연수구","차대차","측면직각충돌","측면직각충돌","운전자법규위반","신호위반","교차로","교차로내","원동기장치자전거","원동기장치자전거","승합차","대형","924018","1933799","126.64152847","37.40019018"
"2012","2012-08-26 04:00","28","야간","일","1","1","0","0","0","부산","진구","차대사람","기타","기타","운전자법규위반","보행자 보호의무 위반","단일로","횡단보도상","승용차","중형","보행자","보행자","1141127","1685335","129.04940167","35.15336783"
"2012","2012-08-26 11:00","00","주간","일","2","2","0","0","0","충북","진천군","차대차","측면직각충돌","측면직각충돌","운전자법규위반","중앙선 침범","단일로","기타단일로","이륜차","소형","이륜차","대형","1000971","1876058","127.51089635","36.88281661"
"2012","2012-09-02 04:00","29","야간","일","1","1","0","0","0","부산","진구","차대사람","기타","기타","운전자법규위반","안전운전 의무 불이행","단일로","기타단일로","승용차","중형","보행자","보행자","1142044","1684284","129.05928514","35.14376511"
"2012","2012-08-31 15:00","55","주간","금","1","1","0","0","0","전남","영암군","차량단독","도로이탈","도로이탈 추락","운전자법규위반","안전운전 의무 불이행","단일로","기타단일로","이륜차","사발이","00","00","920591","1650104","126.63145298","34.84248193"
"2012","2012-09-09 05:00","10","야간","일","1","1","0","0","0","충남","천안시","차대사람","횡단중","횡단중","운전자법규위반","신호위반","교차로","교차로부근","승용차","중형","보행자","보행자","967061","1866758","127.13077252","36.79840755"
"2012","2012-09-10 10:00","40","주간","월","1","1","0","0","0","충북","진천군","차대차","추돌","주정차중 추돌","운전자법규위반","안전거리 미확보","단일로","기타단일로","화물차","소형","화물차","대형","994006","1868475","127.43279653","36.81443995"
"2012","2012-09-09 13:00","29","주간","일","1","2","0","1","0","경기","이천시","차대차","추돌","주정차중 추돌","운전자법규위반","안전운전 의무 불이행","교차로","교차로내","이륜차","소형","승용차","중형","1009971","1901835","127.59659768","37.11430443"
"2012","2012-09-13 23:00","57","야간","목","1","2","1","0","0","전남","고흥군","차량단독","전도전복","전도전복","운전자법규위반","안전운전 의무 불이행","단일로","기타단일로","승용차","중형","00","00","973493","1620685","127.2109872","34.57994412"
"2012","2012-09-12 01:00","00","야간","수","1","1","0","0","0","부산","기장군","차대차","기타","기타","운전자법규위반","안전운전 의무 불이행","단일로","기타단일로","승용차","소형","화물차","소형","1150893","1700026","129.15927518","35.28436433"
"2013","2013-12-24 18:00","54","야간","화","1","1","0","0","0","충남","아산시","차량단독","전도전복","전도전복","운전자법규위반","안전운전 의무 불이행","단일로","기타단일로","이륜차","중형","00","00","953453","1858374","126.97875114","36.72225933"
"2013","2013-12-20 01:00","15","야간","금","1","1","0","0","0","대구","동구","차대차","기타","기타","운전자법규위반","안전운전 의무 불이행","단일로","기타단일로","승용차","중형","승용차","중형","1101672","1764215","128.6262099","35.86923161"
"2013","2013-12-20 11:00","05","주간","금","1","5","1","3","0","대구","수성구","차대차","추돌","주정차중 추돌","운전자법규위반","안전운전 의무 불이행","단일로","횡단보도부근","승용차","중형","승합차","대형","1101558","1762055","128.62467225","35.84977231"
"2013","2013-12-22 01:00","18","야간","일","1","2","1","0","0","충남","태안군","차대차","정면충돌","정면충돌","운전자법규위반","중앙선 침범","단일로","기타단일로","승용차","중형","화물차","대형","891529","1864154","126.28458518","36.7692974"
"2013","2013-12-24 18:00","20","야간","화","2","2","0","0","0","경북","경주시","차대차","기타","기타","운전자법규위반","중앙선 침범","단일로","기타단일로","화물차","소형","화물차","소형","1177841","1747088","129.46576967","35.70403281"
"2013","2013-12-22 22:00","10","야간","일","1","1","0","0","0","서울","강북구","차대사람","횡단중","횡단중","운전자법규위반","안전운전 의무 불이행","단일로","기타단일로","승용차","중형","보행자","보행자","958660","1956808","127.03218928","37.61001535"
"2013","2013-12-22 06:00","00","주간","일","1","1","0","0","0","서울","강북구","차대사람","횡단중","횡단중","운전자법규위반","안전운전 의무 불이행","단일로","횡단보도상","승합차","대형","보행자","보행자","959338","1958887","127.03935568","37.62872293"
"2013","2013-12-24 17:00","51","주간","화","1","1","0","0","0","광주","서구","차대사람","횡단중","횡단중","운전자법규위반","안전운전 의무 불이행","교차로","교차로부근","승용차","중형","보행자","보행자","939781","1684249","126.83886036","35.15167974"
"2013","2013-12-25 19:00","00","야간","수","1","1","0","0","0","전남","여수시","차대사람","기타","기타","운전자법규위반","안전운전 의무 불이행","교차로","교차로부근","승용차","중형","보행자","보행자","1009265","1650826","127.56271191","34.89308071"
"2012","2012-09-06 10:00","15","주간","목","1","3","1","1","0","경기","포천시","차대차","정면충돌","정면충돌","운전자법규위반","중앙선 침범","단일로","기타단일로","화물차","중형","승용차","중형","974480","2001882","127.20926531","38.01660284"
"2012","2012-09-07 04:00","40","야간","금","1","1","0","0","0","충북","청주시","차대사람","횡단중","횡단중","운전자법규위반","보행자 보호의무 위반","교차로","교차로내","승용차","경형","보행자","보행자","1001175","1849184","127.51290925","36.64045372"
"2012","2012-09-06 17:00","15","주간","목","1","1","0","0","0","경기","의정부시","차대사람","횡단중","횡단중","운전자법규위반","안전운전 의무 불이행","단일로","기타단일로","승용차","대형","보행자","보행자","961612","1970408","127.06434465","37.73247918"
"2012","2012-09-05 04:00","45","야간","수","1","1","0","0","0","경남","창원시(통합)","차량단독","공작물충돌","공작물충돌","운전자법규위반","안전운전 의무 불이행","교차로","교차로부근","원동기장치자전거","원동기장치자전거","00","00","1109101","1685193","128.69785503","35.15607381"
"2012","2012-09-04 21:00","18","야간","화","1","1","0","0","0","광주","서구","차대사람","횡단중","횡단중","운전자법규위반","안전운전 의무 불이행","단일로","기타단일로","승용차","중형","보행자","보행자","945482","1684499","126.9007387","35.15440913"
"2012","2012-09-04 07:00","00","주간","화","1","1","0","0","0","경남","진주시","차량단독","공작물충돌","공작물충돌","운전자법규위반","안전운전 의무 불이행","단일로","기타단일로","원동기장치자전거","원동기장치자전거","00","00","1065757","1688037","128.22223873","35.18548713"
"2012","2012-09-04 21:00","40","야간","화","2","12","1","8","1","서울","광진구","차대차","기타","기타","운전자법규위반","안전운전 의무 불이행","단일로","기타단일로","승용차","중형","승합차","대형","963119","1950827","127.08243589","37.55605357"
"2012","2012-09-10 14:00","15","주간","월","1","1","0","0","0","경북","문경시","차대차","측면직각충돌","측면직각충돌","운전자법규위반","부당한 회전","단일로","횡단보도상","원동기장치자전거","원동기장치자전거","화물차","소형","1062340","1843317","128.19686953","36.5856254"
"2012","2012-09-09 09:00","20","주간","일","1","1","0","0","0","경남","진주시","차대차","정면충돌","정면충돌","운전자법규위반","중앙선 침범","단일로","기타단일로","승용차","중형","화물차","소형","1042608","1692972","127.96824785","35.23123449"
"2012","2012-09-08 02:00","40","야간","토","1","1","0","0","0","서울","강서구","차량단독","공작물충돌","공작물충돌","운전자법규위반","안전운전 의무 불이행","단일로","교량위","승용차","중형","00","00","939003","1955515","126.80337113","37.59180886"
"2012","2012-09-06 18:00","10","야간","목","1","1","0","0","0","제주","제주시","차대사람","기타","기타","운전자법규위반","안전운전 의무 불이행","단일로","기타단일로","화물차","소형","보행자","보행자","911153","1501319","126.54349393","33.50004917"
"2012","2012-09-07 23:00","33","야간","금","1","1","0","0","0","부산","북구","차대사람","횡단중","횡단중","운전자법규위반","안전운전 의무 불이행","단일로","기타단일로","승용차","중형","보행자","보행자","1137118","1690265","129.00622113","35.19836193"
"2012","2012-09-14 00:00","40","야간","금","1","5","3","1","0","경기","용인시","차대차","측면직각충돌","측면직각충돌","운전자법규위반","신호위반","교차로","교차로내","승용차","중형","화물차","대형","981009","1914951","127.28590506","37.23321836"
"2012","2012-09-14 17:00","00","주간","금","1","1","0","0","0","강원","횡성군","차량단독","전도전복","전도전복","운전자법규위반","기타(운전자법규위반)","단일로","기타단일로","농기계","농기계","00","00","1049320","1948336","128.05822481","37.53301972"
"2012","2012-09-13 13:00","25","주간","목","1","1","0","0","0","경남","양산시","차대차","기타","기타","운전자법규위반","안전운전 의무 불이행","교차로","교차로부근","화물차","소형","자전거","자전거","1135996","1701532","128.99592074","35.30019953"
"2012","2012-09-11 13:00","20","주간","화","1","1","0","0","0","경남","합천군","차대차","측면직각충돌","측면직각충돌","운전자법규위반","교차로 통행방법 위반","교차로","교차로내","건설기계","건설기계","자전거","자전거","1070233","1729139","128.27493113","35.55576232"
"2012","2012-09-17 05:00","50","야간","월","1","3","0","2","0","경기","수원시","차대차","측면직각충돌","측면직각충돌","운전자법규위반","중앙선 침범","단일로","기타단일로","승용차","소형","승합차","대형","957215","1921942","127.0172754","37.29424568"
"2012","2012-09-17 04:00","28","야간","월","1","2","1","0","0","경기","안양시","차대차","정면충돌","정면충돌","운전자법규위반","중앙선 침범","단일로","교량위","승용차","중형","승용차","중형","950394","1931763","126.93965397","37.383627"
"2012","2012-09-18 02:00","30","야간","화","1","1","0","0","0","광주","북구","차대사람","횡단중","횡단중","운전자법규위반","안전운전 의무 불이행","단일로","기타단일로","승용차","중형","보행자","보행자","943194","1687258","126.87612221","35.17900953"
"2012","2012-09-22 05:00","47","야간","토","1","1","0","0","0","전남","진도군","차대사람","횡단중","횡단중","운전자법규위반","안전운전 의무 불이행","교차로","교차로부근","승용차","소형","보행자","보행자","886061","1610136","126.25922662","34.47885505"
"2012","2012-09-21 00:00","25","야간","금","1","1","0","0","0","전북","익산시","차량단독","공작물충돌","공작물충돌","운전자법규위반","안전운전 의무 불이행","교차로","교차로내","승용차","중형","00","00","960650","1777779","127.0634202","35.99601003"
"2014","2014-03-14 11:00","40","주간","금","1","1","0","0","0","경기","오산시","차대차","측면직각충돌","측면직각충돌","운전자법규위반","안전운전 의무 불이행","단일로","기타단일로","이륜차","소형","승용차","중형","960824","1905922","127.05882791","37.15120216"
"2014","2014-03-13 13:00","23","주간","목","1","9","3","5","0","경북","문경시","차대차","정면충돌","정면충돌","운전자법규위반","중앙선 침범","단일로","기타단일로","화물차","소형","승합차","대형","1045257","1843983","128.01221855","36.58983435"
"2014","2014-03-11 21:00","10","야간","화","1","3","0","2","0","세종","세종","차대사람","기타","기타","운전자법규위반","안전운전 의무 불이행","단일로","기타단일로","승용차","소형","보행자","보행자","974095","1828345","127.21091471","36.45233748"
"2014","2014-03-12 05:00","37","야간","수","1","1","0","0","0","강원","속초시","차량단독","공작물충돌","공작물충돌","운전자법규위반","안전운전 의무 불이행","교차로","교차로부근","이륜차","소형","00","00","1094818","2021380","128.58271469","38.18770048"
"2014","2014-03-12 09:00","50","주간","수","1","1","0","0","0","대구","동구","차대사람","보도통행중","보도통행중","운전자법규위반","보행자 보호의무 위반","단일로","횡단보도상","특수차","대형","보행자","보행자","1103199","1766794","128.64345545","35.89231981"
"2014","2014-03-11 02:00","20","야간","화","1","3","1","1","0","충북","음성군","차량단독","전도전복","전도전복","운전자법규위반","안전운전 의무 불이행","교차로","교차로내","승용차","중형","00","00","1016945","1880378","127.70505351","36.94499381"
"2014","2014-03-23 19:00","25","야간","일","1","1","0","0","0","경기","평택시","차대사람","기타","기타","운전자법규위반","안전운전 의무 불이행","교차로","교차로부근","승용차","중형","보행자","보행자","960686","1897749","127.05770261","37.07752506"
"2013","2013-12-26 17:00","58","주간","목","1","1","0","0","0","경기","화성시","차대사람","횡단중","횡단중","운전자법규위반","안전운전 의무 불이행","교차로","교차로내","화물차","소형","보행자","보행자","946922","1905005","126.90234532","37.14225048"
"2013","2013-12-27 13:00","50","주간","금","1","2","1","0","0","전남","구례군","차대차","추돌","진행중 추돌","운전자법규위반","중앙선 침범","단일로","기타단일로","승용차","대형","승용차","대형","994917","1701802","127.444084","35.31174767"
"2013","2013-12-29 11:00","30","주간","일","1","3","1","1","0","대구","달성군","차대차","추돌","주정차중 추돌","운전자법규위반","안전운전 의무 불이행","단일로","기타단일로","승용차","중형","화물차","대형","1084948","1747896","128.4392513","35.72370908"
"2013","2013-12-18 19:00","30","야간","수","1","1","0","0","0","경북","김천시","차대차","측면직각충돌","측면직각충돌","운전자법규위반","안전운전 의무 불이행","단일로","기타단일로","이륜차","중형","승용차","중형","1057425","1792016","128.13814417","36.12346339"
"2013","2013-12-23 04:00","34","야간","월","1","1","0","0","0","대구","달성군","차량단독","도로이탈","도로이탈 추락","운전자법규위반","안전운전 의무 불이행","단일로","기타단일로","승용차","중형","00","00","1088769","1754097","128.4821805","35.77927388"
"2013","2013-12-24 22:00","06","야간","화","1","1","0","0","0","경기","수원시","차대사람","횡단중","횡단중","운전자법규위반","안전운전 의무 불이행","단일로","기타단일로","승용차","중형","보행자","보행자","956765","1918330","127.01392117","37.26250306"
"2013","2013-12-27 20:00","25","야간","금","1","1","0","0","0","제주","제주시","차대사람","횡단중","횡단중","운전자법규위반","안전운전 의무 불이행","단일로","기타단일로","승용차","중형","보행자","보행자","894733","1498283","126.36710438","33.4711802"
"2013","2013-12-26 09:00","50","주간","목","1","1","0","0","0","서울","강서구","차대사람","횡단중","횡단중","운전자법규위반","안전운전 의무 불이행","교차로","교차로내","화물차","소형","보행자","보행자","942092","1951160","126.84435505","37.557973"
"2013","2013-12-28 20:00","21","야간","토","1","1","0","0","0","경기","시흥시","차대사람","기타","기타","운전자법규위반","안전운전 의무 불이행","단일로","기타단일로","승용차","경형","보행자","보행자","939140","1937055","126.818768","37.41463934"
"2013","2013-12-28 23:00","20","야간","토","1","1","0","0","0","인천","남동구","차대차","기타","기타","운전자법규위반","안전운전 의무 불이행","단일로","횡단보도부근","승용차","소형","승용차","소형","930235","1940993","126.71161484","37.46447616"
"2013","2013-12-28 23:00","35","야간","토","1","1","0","0","0","경기","파주시","차대사람","차도통행중","차도통행중","운전자법규위반","안전운전 의무 불이행","단일로","기타단일로","승용차","소형","보행자","보행자","938294","1973223","126.80271243","37.75624522"
"2013","2013-12-20 08:00","50","주간","금","1","5","2","2","0","경남","함안군","차대차","기타","기타","운전자법규위반","안전운전 의무 불이행","단일로","기타단일로","승용차","소형","화물차","소형","1072798","1699710","128.304288","35.28837457"
"2013","2013-12-12 09:00","20","주간","목","1","1","0","0","0","경기","부천시","차량단독","기타","기타","운전자법규위반","안전운전 의무 불이행","단일로","기타단일로","이륜차","소형","00","00","936878","1942864","126.78603805","37.48285914"
"2013","2013-12-17 17:00","35","주간","화","1","1","0","0","0","강원","양양군","차대사람","횡단중","횡단중","운전자법규위반","안전운전 의무 불이행","교차로","교차로부근","화물차","중형","보행자","보행자","1098548","2008750","128.62355351","38.07349162"
"2013","2013-12-17 06:00","55","주간","화","1","1","0","0","0","서울","구로구","차대사람","횡단중","횡단중","운전자법규위반","안전운전 의무 불이행","단일로","기타단일로","승용차","중형","보행자","보행자","945654","1943205","126.88527103","37.48649075"
"2012","2012-06-25 20:00","40","야간","월","1","1","0","0","0","전남","보성군","차대사람","횡단중","횡단중","운전자법규위반","보행자 보호의무 위반","교차로","교차로내","승용차","대형","보행자","보행자","981259","1649572","127.29501973","34.84061285"
"2012","2012-06-25 14:00","20","주간","월","1","1","0","0","0","전남","함평군","차량단독","도로이탈","도로이탈 기타","운전자법규위반","안전운전 의무 불이행","단일로","기타단일로","화물차","소형","00","00","918948","1691457","126.60944921","35.21520381"
"2012","2012-06-23 12:00","10","주간","토","2","5","1","2","0","서울","마포구","차대차","추돌","진행중 추돌","운전자법규위반","안전운전 의무 불이행","단일로","횡단보도상","승용차","중형","승용차","중형","951053","1950949","126.94582246","37.55659103"
"2012","2012-06-25 16:00","45","주간","월","1","1","0","0","0","전남","순천시","차대차","기타","기타","운전자법규위반","안전운전 의무 불이행","단일로","기타단일로","승용차","중형","원동기장치자전거","원동기장치자전거","1000812","1655079","127.50875531","34.89046343"
"2012","2012-07-01 04:00","00","야간","일","1","1","0","0","0","충남","아산시","차대차","추돌","진행중 추돌","운전자법규위반","안전운전 의무 불이행","기타/불명","기타/불명","승용차","중형","이륜차","소형","950529","1865089","126.94557317","36.78264302"
"2012","2012-07-01 14:00","20","주간","일","1","1","0","0","0","대구","북구","차대차","측면직각충돌","측면직각충돌","운전자법규위반","안전운전 의무 불이행","단일로","횡단보도부근","승용차","중형","자전거","자전거","1095923","1771073","128.56336566","35.93163339"
"2012","2012-06-29 10:00","15","주간","금","1","3","1","1","0","광주","광산구","차대차","추돌","주정차중 추돌","운전자법규위반","안전운전 의무 불이행","교차로","교차로부근","승용차","중형","승용차","중형","936126","1683375","126.79880261","35.14357368"
"2012","2012-06-29 18:00","30","야간","금","1","1","0","0","0","경기","안산시","차대사람","기타","기타","운전자법규위반","안전운전 의무 불이행","단일로","횡단보도부근","승용차","소형","보행자","보행자","947334","1923002","126.90563473","37.30436502"
"2012","2012-06-29 14:00","20","주간","금","1","1","0","0","0","충남","청양군","차대차","측면직각충돌","측면직각충돌","운전자법규위반","안전운전 의무 불이행","단일로","기타단일로","승합차","대형","자전거","자전거","953614","1822885","126.98269145","36.40234365"
"2012","2012-06-29 19:00","43","야간","금","1","1","0","0","0","경기","안산시","차대차","정면충돌","정면충돌","운전자법규위반","안전운전 의무 불이행","단일로","기타단일로","이륜차","소형","승용차","중형","937920","1926769","126.79917589","37.3378635"
"2013","2013-11-13 19:00","20","야간","수","1","1","0","0","0","전북","군산시","차대사람","횡단중","횡단중","운전자법규위반","안전운전 의무 불이행","단일로","기타단일로","승용차","중형","보행자","보행자","938343","1772190","126.81633692","35.94415426"
"2013","2013-11-11 14:00","47","주간","월","1","2","0","1","0","전남","여수시","차대차","추돌","주정차중 추돌","운전자법규위반","안전운전 의무 불이행","교차로","교차로부근","승용차","중형","건설기계","건설기계","1016684","1647886","127.68244833","34.82544493"