"발생년","발생년월일시","발생분","주야","요일","사망자수","사상자수","중상자수","경상자수","부상신고자수","발생지시도","발생지시군구","사고유형_대분류","사고유형_중분류","사고유형","법규위반_대분류","법규위반","도로형태_대분류","도로형태","당사자종별_1당_대분류","당사자종별_1당","당사자종별_2당_대분류","당사자종별_2당","발생위치X_UTMK","발생위치Y_UTMK","경도","위도"
"2012","2012-05-18 19:00","26","야간","금","1","1","0","0","0","부산","강서구","차대차","기타","기타","운전자법규위반","안전운전 의무 불이행","단일로","기타단일로","승용차","소형","승용차","대형","1131430","1684921","128.94290573","35.15095044"
"2013","2013-11-13 12:00","27","주간","수","1","1","0","0","0","경기","의왕시","차대사람","횡단중","횡단중","운전자법규위반","안전운전 의무 불이행","교차로","교차로부근","화물차","소형","보행자","보행자","953723","1932410","126.97721616","37.38963091"
"2012","2012-10-04 07:00","30","주간","목","1","1","0","0","0","강원","동해시","차대차","기타","기타","운전자법규위반","안전운전 의무 불이행","단일로","기타단일로","화물차","소형","농기계","농기계","1139793","1943763","129.08112566","37.48253837"
"2013","2013-11-19 10:00","30","주간","화","1","2","1","0","0","전북","장수군","차대차","정면충돌","정면충돌","운전자법규위반","중앙선 침범","단일로","기타단일로","승용차","중형","농기계","농기계","1000633","1735807","127.50698985","35.61837489"
"2013","2013-11-18 01:00","25","야간","월","1","3","2","0","0","경남","창원시(통합)","차량단독","도로이탈","도로이탈 추락","운전자법규위반","안전운전 의무 불이행","교차로","교차로부근","승용차","중형","00","00","1103357","1692665","128.63573825","35.22404381"
"2013","2013-11-18 18:00","30","야간","월","1","1","0","0","0","인천","남동구","차대사람","기타","기타","운전자법규위반","안전운전 의무 불이행","교차로","교차로내","승용차","중형","보행자","보행자","931376","1939137","126.72415812","37.44887566"
"2013","2013-11-18 18:00","05","야간","월","1","1","0","0","0","경북","문경시","차대차","측면직각충돌","측면직각충돌","운전자법규위반","안전운전 의무 불이행","교차로","교차로내","화물차","소형","자전거","자전거","1050279","1849534","128.06245876","36.64238101"
"2013","2013-11-16 18:00","30","야간","토","1","1","0","0","0","울산","울주군","차대사람","기타","기타","운전자법규위반","안전운전 의무 불이행","단일로","기타단일로","승용차","중형","보행자","보행자","1154391","1718430","129.20120323","35.44970437"
"2013","2013-11-16 22:00","05","야간","토","1","9","1","7","0","전북","전주시","차대차","측면직각충돌","측면직각충돌","운전자법규위반","신호위반","교차로","교차로내","화물차","소형","승합차","대형","961364","1763676","127.07202753","35.86888886"
"2013","2013-11-17 17:00","59","주간","일","1","1","0","0","0","충남","홍성군","차대사람","횡단중","횡단중","운전자법규위반","안전운전 의무 불이행","단일로","기타단일로","화물차","소형","보행자","보행자","907634","1839881","126.46793743","36.55221999"
"2013","2013-11-17 19:00","50","야간","일","1","1","0","0","0","대구","달성군","차량단독","공작물충돌","공작물충돌","운전자법규위반","안전운전 의무 불이행","단일로","기타단일로","원동기장치자전거","원동기장치자전거","00","00","1088745","1757382","128.48227943","35.80889008"
"2013","2013-11-25 18:00","35","야간","월","1","1","0","0","0","전남","순천시","차대사람","횡단중","횡단중","운전자법규위반","안전운전 의무 불이행","단일로","기타단일로","승합차","대형","보행자","보행자","999045","1663455","127.48953876","34.96597624"
"2013","2013-11-25 18:00","30","야간","월","1","1","0","0","0","강원","강릉시","차대사람","기타","기타","운전자법규위반","안전운전 의무 불이행","기타/불명","기타/불명","승용차","중형","보행자","보행자","1117601","1969722","128.83430655","37.71915392"
"2013","2013-11-25 18:00","30","야간","월","1","1","0","0","0","충남","천안시","차대사람","횡단중","횡단중","운전자법규위반","안전운전 의무 불이행","단일로","기타단일로","승용차","소형","보행자","보행자","967608","1877395","127.13645028","36.89431347"
"2013","2013-11-26 00:00","22","야간","화","1","1","0","0","0","경기","용인시","차대차","추돌","주정차중 추돌","운전자법규위반","안전운전 의무 불이행","단일로","기타단일로","승용차","중형","건설기계","건설기계","962480","1925018","127.07651433","37.32339805"
"2013","2013-11-26 07:00","40","주간","화","1","1","0","0","0","광주","서구","차대사람","횡단중","횡단중","운전자법규위반","보행자 보호의무 위반","단일로","기타단일로","승합차","대형","보행자","보행자","943571","1680834","126.88070147","35.12110757"
"2013","2013-11-26 18:00","00","야간","화","1","1","0","0","0","충남","당진시","차대사람","길가장자리구역통행중","길가장자리구역통행중","운전자법규위반","안전운전 의무 불이행","단일로","기타단일로","화물차","소형","보행자","보행자","936032","1875935","126.80539771","36.87801068"
"2013","2013-11-22 19:00","00","야간","금","1","1","0","0","0","경남","진주시","차대사람","횡단중","횡단중","운전자법규위반","안전운전 의무 불이행","단일로","기타단일로","승용차","대형","보행자","보행자","1055943","1686037","128.11431747","35.16804863"
"2013","2013-11-23 08:00","57","주간","토","1","1","0","0","0","전남","여수시","차대사람","차도통행중","차도통행중","운전자법규위반","안전운전 의무 불이행","교차로","교차로내","건설기계","건설기계","보행자","보행자","1019756","1640363","127.71586522","34.75754986"
"2013","2013-10-26 18:00","20","야간","토","1","1","0","0","0","경기","의정부시","차대사람","횡단중","횡단중","운전자법규위반","안전운전 의무 불이행","교차로","교차로내","승용차","중형","보행자","보행자","960044","1968293","127.04709149","37.71622635"
"2013","2013-10-27 03:00","50","야간","일","1","1","0","0","0","경북","청도군","차량단독","공작물충돌","공작물충돌","운전자법규위반","안전운전 의무 불이행","단일로","기타단일로","승용차","소형","00","00","1114344","1737055","128.76267435","35.62301026"
"2013","2013-10-27 17:00","09","주간","일","1","1","0","0","0","경북","경주시","차대차","기타","기타","운전자법규위반","안전운전 의무 불이행","단일로","기타단일로","이륜차","사발이","화물차","대형","1165360","1748374","129.32814062","35.71779583"
"2013","2013-10-24 17:00","40","주간","목","1","1","0","0","0","부산","서구","차대사람","횡단중","횡단중","운전자법규위반","안전운전 의무 불이행","단일로","기타단일로","승합차","대형","보행자","보행자","1138570","1680611","129.02054582","35.11114113"
"2013","2013-10-25 06:00","12","주간","금","1","1","0","0","0","제주","서귀포시","차대사람","횡단중","횡단중","운전자법규위반","안전운전 의무 불이행","단일로","기타단일로","승합차","소형","보행자","보행자","912220","1475156","126.55752883","33.26418378"
"2013","2013-10-31 18:00","35","야간","목","1","1","0","0","0","전남","강진군","차대사람","횡단중","횡단중","운전자법규위반","안전운전 의무 불이행","단일로","기타단일로","승용차","소형","보행자","보행자","928084","1632898","126.71487199","34.68789405"
"2013","2013-10-30 18:00","45","야간","수","1","1","0","0","0","전남","화순군","차대사람","길가장자리구역통행중","길가장자리구역통행중","운전자법규위반","안전운전 의무 불이행","단일로","기타단일로","승합차","중형","보행자","보행자","964994","1670701","127.11617116","35.03074613"
"2013","2013-10-28 08:00","55","주간","월","1","1","0","0","0","경기","수원시","차대사람","기타","기타","운전자법규위반","보행자 보호의무 위반","단일로","횡단보도상","승용차","중형","보행자","보행자","956874","1918168","127.01392117","37.26250306"
"2013","2013-10-28 21:00","50","야간","월","1","1","0","0","0","충남","홍성군","차대사람","기타","기타","운전자법규위반","안전운전 의무 불이행","단일로","기타단일로","승용차","중형","보행자","보행자","925224","1847738","126.66369644","36.62458285"
"2013","2013-11-06 16:00","15","주간","수","1","1","0","0","0","전북","김제시","차대사람","횡단중","횡단중","운전자법규위반","안전운전 의무 불이행","교차로","교차로부근","화물차","소형","보행자","보행자","934643","1758136","126.77650858","35.81752424"
"2013","2013-11-04 18:00","40","야간","월","1","1","0","0","0","충남","서산시","차량단독","도로이탈","도로이탈 추락","운전자법규위반","안전운전 의무 불이행","단일로","기타단일로","자전거","자전거","00","00","915387","1851378","126.55328967","36.65656993"
"2013","2013-11-09 15:00","20","주간","토","1","1","0","0","0","충북","청원군","차대차","측면직각충돌","측면직각충돌","운전자법규위반","안전운전 의무 불이행","단일로","기타단일로","승용차","중형","이륜차","대형","1005744","1863692","127.56436445","36.77132401"
"2013","2013-11-09 08:00","00","주간","토","1","1","0","0","0","충남","서천군","차대차","정면충돌","정면충돌","운전자법규위반","안전운전 의무 불이행","단일로","기타단일로","원동기장치자전거","원동기장치자전거","승용차","중형","926778","1789576","126.68655032","36.10040341"
"2013","2013-11-15 16:00","20","주간","금","1","1","0","0","0","인천","남동구","차량단독","기타","기타","운전자법규위반","안전운전 의무 불이행","단일로","기타단일로","농기계","농기계","00","00","930598","1940374","126.71524656","37.45996654"
"2013","2013-11-13 09:00","50","주간","수","1","1","0","0","0","전북","전주시","차대사람","기타","기타","운전자법규위반","보행자 보호의무 위반","교차로","교차로내","승합차","소형","보행자","보행자","968280","1758667","127.14883405","35.82397618"
"2013","2013-11-13 03:00","39","야간","수","1","1","0","0","0","전북","전주시","차대사람","기타","기타","운전자법규위반","안전거리 미확보","단일로","기타단일로","승용차","중형","보행자","보행자","968021","1758970","127.14557487","35.82695186"
"2013","2013-11-13 00:00","40","야간","수","1","1","0","0","0","서울","광진구","차대사람","차도통행중","차도통행중","운전자법규위반","과속","단일로","기타단일로","승용차","중형","보행자","보행자","965500","1949678","127.10944685","37.54578945"
"2013","2013-11-19 18:00","33","야간","화","1","2","0","1","0","전남","광양시","차대차","추돌","주정차중 추돌","운전자법규위반","안전운전 의무 불이행","단일로","기타단일로","화물차","소형","승용차","중형","1019148","1659447","127.71103504","34.93041319"
"2013","2013-11-24 18:00","45","야간","일","1","1","0","0","0","부산","진구","차대차","기타","기타","운전자법규위반","중앙선 침범","단일로","기타단일로","원동기장치자전거","원동기장치자전거","승용차","중형","1142373","1684285","129.0628957","35.1437276"
"2013","2013-11-27 23:00","19","야간","수","1","1","0","0","0","경기","성남시","차대차","추돌","주정차중 추돌","운전자법규위반","안전운전 의무 불이행","교차로","교차로부근","화물차","소형","승합차","대형","968751","1930416","127.14706565","37.3722863"
"2013","2013-11-26 16:00","15","주간","화","1","4","3","0","0","인천","남구","차대차","기타","기타","운전자법규위반","중앙선 침범","단일로","기타단일로","승용차","중형","승용차","중형","926239","1938205","126.66617944","37.44008024"
"2013","2013-11-27 00:00","50","야간","수","1","1","0","0","0","인천","부평구","차대차","기타","기타","운전자법규위반","안전운전 의무 불이행","단일로","기타단일로","이륜차","중형","화물차","대형","929562","1942107","126.70336743","37.47550743"
"2013","2013-11-26 13:00","00","주간","화","1","1","0","0","0","경남","창원시(통합)","차대사람","차도통행중","차도통행중","운전자법규위반","안전운전 의무 불이행","단일로","기타단일로","승용차","중형","보행자","보행자","1107063","1694017","128.67663009","35.23584347"
"2013","2013-11-27 15:00","20","주간","수","1","1","0","0","0","인천","동구","차대차","기타","기타","운전자법규위반","안전운전 의무 불이행","교차로","교차로내","화물차","대형","자전거","자전거","924676","1943940","126.64792605","37.49164223"
"2013","2013-11-28 18:00","50","야간","목","1","1","0","0","0","부산","기장군","차대차","추돌","주정차중 추돌","운전자법규위반","안전운전 의무 불이행","단일로","기타단일로","승용차","중형","화물차","중형","1154708","1704655","129.20208386","35.32550287"
"2013","2013-11-27 06:00","22","주간","수","1","1","0","0","0","제주","서귀포시","차대사람","기타","기타","운전자법규위반","안전운전 의무 불이행","단일로","기타단일로","화물차","소형","보행자","보행자","917772","1474709","126.61717342","33.26058986"
"2013","2013-11-27 14:00","37","주간","수","1","1","0","0","0","경기","화성시","차대사람","기타","기타","운전자법규위반","안전운전 의무 불이행","단일로","기타단일로","승합차","대형","보행자","보행자","947736","1904249","126.91179776","37.1358901"
"2013","2013-12-03 19:00","08","야간","화","1","1","0","0","0","인천","연수구","차대사람","기타","기타","운전자법규위반","안전운전 의무 불이행","단일로","기타단일로","화물차","경형","보행자","보행자","927016","1936286","126.6751519","37.42284624"
"2013","2013-12-04 13:00","10","주간","수","1","1","0","0","0","경기","남양주시","차량단독","기타","기타","운전자법규위반","안전운전 의무 불이행","단일로","기타단일로","이륜차","사발이","00","00","975717","1959810","127.2247696","37.63743934"
"2013","2013-12-07 07:00","10","주간","토","1","1","0","0","0","전북","전주시","차대사람","보도통행중","보도통행중","운전자법규위반","신호위반","교차로","교차로부근","승용차","중형","보행자","보행자","969310","1759066","127.16022146","35.82760635"
"2013","2013-12-07 00:00","55","야간","토","1","1","0","0","0","전북","전주시","차대차","기타","기타","운전자법규위반","안전운전 의무 불이행","단일로","기타단일로","승용차","중형","승용차","대형","965934","1759388","127.12283167","35.83039803"
"2013","2013-12-03 05:00","45","야간","화","1","21","0","20","0","경기","평택시","차대차","추돌","진행중 추돌","운전자법규위반","안전운전 의무 불이행","교차로","교차로부근","승용차","대형","화물차","소형","951367","1888838","126.95344028","36.99676436"
"2013","2013-12-03 10:00","20","주간","화","1","2","1","0","0","경북","안동시","차대차","정면충돌","정면충돌","운전자법규위반","중앙선 침범","단일로","기타단일로","화물차","소형","화물차","소형","1131144","1842017","128.96560751","36.56693321"
"2013","2013-12-06 19:00","35","야간","금","1","1","0","0","0","경기","여주시","차량단독","기타","기타","운전자법규위반","안전운전 의무 불이행","단일로","기타단일로","화물차","소형","00","00","1021405","1919627","127.74144342","37.27531532"
"2013","2013-12-06 18:00","40","야간","금","1","2","1","0","0","전남","영암군","차대사람","길가장자리구역통행중","길가장자리구역통행중","운전자법규위반","안전운전 의무 불이행","단일로","기타단일로","승용차","대형","보행자","보행자","926839","1655217","126.69933845","34.88905337"
"2013","2013-10-26 12:00","00","주간","토","1","1","0","0","0","전남","무안군","차량단독","도로이탈","도로이탈 추락","운전자법규위반","안전운전 의무 불이행","단일로","기타단일로","농기계","농기계","00","00","892103","1660838","126.31852774","34.93663262"
"2013","2013-10-25 18:00","40","야간","금","1","1","0","0","0","강원","홍천군","차대사람","횡단중","횡단중","운전자법규위반","안전운전 의무 불이행","단일로","기타단일로","화물차","소형","보행자","보행자","1015842","1956788","127.67949275","37.61038514"
"2013","2013-10-25 21:00","00","야간","금","1","1","0","0","0","경남","거제시","차량단독","기타","기타","운전자법규위반","안전운전 의무 불이행","단일로","기타단일로","승용차","경형","00","00","1109587","1669061","128.70105604","35.01058569"
"2013","2013-10-25 18:00","55","야간","금","1","1","0","0","0","경기","양주시","차대사람","기타","기타","운전자법규위반","안전운전 의무 불이행","단일로","기타단일로","승용차","대형","보행자","보행자","955217","1977180","126.99135409","37.79322404"
"2013","2013-11-01 18:00","31","야간","금","1","19","0","17","1","서울","영등포구","차대차","기타","기타","운전자법규위반","과속","교차로","교차로부근","승용차","대형","승합차","중형","946779","1943314","126.89798781","37.48753872"
"2013","2013-10-28 19:00","55","야간","월","1","1","0","0","0","경남","진주시","차대사람","차도통행중","차도통행중","운전자법규위반","안전운전 의무 불이행","단일로","기타단일로","화물차","소형","보행자","보행자","1052707","1684562","128.07866259","35.15570854"
"2013","2013-10-30 00:00","10","야간","수","1","1","0","0","0","충남","천안시","차대사람","횡단중","횡단중","운전자법규위반","안전운전 의무 불이행","단일로","기타단일로","승용차","중형","보행자","보행자","967653","1868994","127.13875961","36.81860691"
"2013","2013-10-28 04:00","30","야간","월","1","1","0","0","0","경기","안산시","차대차","추돌","주정차중 추돌","운전자법규위반","안전운전 의무 불이행","단일로","기타단일로","승용차","중형","화물차","대형","943494","1926523","126.86211606","37.33600221"
"2013","2013-10-29 18:00","25","야간","화","1","1","0","0","0","강원","강릉시","차대차","추돌","진행중 추돌","운전자법규위반","안전운전 의무 불이행","단일로","기타단일로","화물차","소형","농기계","농기계","1127510","1971279","128.9470377","37.7322522"
"2013","2013-11-06 04:00","43","야간","수","1","1","0","0","0","제주","제주시","차대사람","횡단중","횡단중","운전자법규위반","보행자 보호의무 위반","교차로","교차로내","승합차","소형","보행자","보행자","911068","1502794","126.54243245","33.51334421"
"2013","2013-11-05 05:00","30","야간","화","1","1","0","0","0","대구","수성구","차대차","측면직각충돌","측면직각충돌","운전자법규위반","안전운전 의무 불이행","교차로","교차로내","승용차","중형","이륜차","소형","1100918","1763149","128.61772441","35.85970024"
"2013","2013-11-23 06:00","10","주간","토","1","1","0","0","0","부산","사하구","차량단독","도로이탈","도로이탈 기타","운전자법규위반","안전운전 의무 불이행","단일로","기타단일로","화물차","소형","00","00","1131833","1680150","128.94656792","35.10789015"
"2013","2013-11-23 02:00","09","야간","토","1","1","0","0","0","서울","동작구","차대사람","기타","기타","운전자법규위반","안전운전 의무 불이행","단일로","기타단일로","승용차","중형","보행자","보행자","950429","1946178","126.93858446","37.51339839"
"2013","2013-11-23 18:00","15","야간","토","1","1","0","0","0","전남","담양군","차대사람","보도통행중","보도통행중","운전자법규위반","보행자 보호의무 위반","교차로","교차로내","승용차","중형","보행자","보행자","951443","1704337","126.96529215","35.33419351"
"2013","2013-11-30 18:00","00","야간","토","1","1","0","0","0","전남","영광군","차대차","추돌","진행중 추돌","운전자법규위반","안전운전 의무 불이행","단일로","기타단일로","화물차","소형","자전거","자전거","893977","1692637","126.33497535","35.22351301"
"2013","2013-11-30 04:00","50","야간","토","1","1","0","0","0","충남","천안시","차대사람","기타","기타","운전자법규위반","안전운전 의무 불이행","교차로","교차로내","승용차","중형","보행자","보행자","967037","1866723","127.13050502","36.79809121"
"2013","2013-11-29 21:00","30","야간","금","1","2","1","0","0","경남","김해시","차대사람","기타","기타","운전자법규위반","안전운전 의무 불이행","교차로","교차로내","화물차","소형","보행자","보행자","1126994","1693852","128.8962332","35.2314715"
"2013","2013-12-09 11:00","25","주간","월","1","7","6","0","0","서울","서대문구","차량단독","기타","기타","운전자법규위반","안전운전 의무 불이행","단일로","기타단일로","승용차","중형","00","00","951299","1952296","126.94851807","37.56874478"
"2013","2013-12-15 19:00","05","야간","일","1","1","0","0","0","충남","공주시","차대사람","길가장자리구역통행중","길가장자리구역통행중","운전자법규위반","안전운전 의무 불이행","단일로","기타단일로","화물차","소형","보행자","보행자","968596","1833512","127.14934011","36.49875389"
"2013","2013-12-18 07:00","15","주간","수","1","2","0","1","0","경기","시흥시","차대사람","기타","기타","운전자법규위반","안전운전 의무 불이행","단일로","횡단보도부근","승용차","중형","보행자","보행자","933054","1927254","126.74478276","37.34157593"
"2012","2012-02-16 14:00","10","주간","목","1","1","0","0","0","대전","대덕구","차대차","추돌","주정차중 추돌","운전자법규위반","안전운전 의무 불이행","단일로","기타단일로","화물차","소형","화물차","소형","992699","1822764","127.41857705","36.4023454"
"2013","2013-12-09 17:00","25","주간","월","1","1","0","0","0","울산","남구","차대차","기타","기타","운전자법규위반","신호위반","교차로","교차로내","승합차","대형","원동기장치자전거","원동기장치자전거","1166817","1725817","129.3395789","35.51426981"
"2013","2013-12-11 03:00","52","야간","수","1","3","1","1","0","광주","광산구","차대차","정면충돌","정면충돌","운전자법규위반","중앙선 침범","단일로","기타단일로","승용차","대형","승합차","중형","935319","1683582","126.78992789","35.14538852"
"2013","2013-12-11 05:00","16","야간","수","1","1","0","0","0","부산","기장군","차대사람","횡단중","횡단중","운전자법규위반","신호위반","교차로","교차로내","승용차","중형","보행자","보행자","1155478","1696273","129.20896317","35.24983647"
"2013","2013-12-18 18:00","24","야간","수","1","1","0","0","0","전남","해남군","차대사람","기타","기타","운전자법규위반","안전운전 의무 불이행","단일로","기타단일로","화물차","중형","보행자","보행자","908902","1597433","126.50927582","34.36658491"
"2013","2013-12-18 15:00","50","주간","수","1","1","0","0","0","강원","양양군","차량단독","공작물충돌","공작물충돌","운전자법규위반","안전운전 의무 불이행","단일로","기타단일로","승용차","중형","00","00","1103606","2007256","128.68072459","38.05987494"
"2013","2013-12-10 17:00","00","주간","화","1","1","0","0","0","충북","청주시","차대차","추돌","주정차중 추돌","운전자법규위반","안전운전 의무 불이행","교차로","교차로내","승용차","소형","승합차","대형","997741","1844669","127.47474289","36.59984815"
"2013","2013-12-11 03:00","35","야간","수","1","1","0","0","0","경기","양주시","차량단독","공작물충돌","공작물충돌","운전자법규위반","안전운전 의무 불이행","단일로","기타단일로","승용차","중형","00","00","960052","1978729","127.046183","37.80740934"
"2013","2013-12-10 10:00","20","주간","화","1","1","0","0","0","대구","수성구","차대차","기타","기타","운전자법규위반","안전운전 의무 불이행","단일로","횡단보도부근","승용차","대형","자전거","자전거","1100569","1762750","128.61380937","35.85613937"
"2013","2013-12-08 14:00","07","주간","일","1","1","0","0","0","부산","수영구","차량단독","기타","기타","운전자법규위반","안전운전 의무 불이행","단일로","기타단일로","원동기장치자전거","원동기장치자전거","00","00","1146624","1687102","129.1100451","35.16850823"
"2013","2013-12-08 02:00","45","야간","일","1","1","0","0","0","제주","제주시","차대사람","횡단중","횡단중","운전자법규위반","안전운전 의무 불이행","단일로","기타단일로","승용차","중형","보행자","보행자","909643","1501358","126.52768682","33.50036807"
"2012","2012-09-29 13:00","20","주간","토","1","1","0","0","0","경기","파주시","차대차","기타","기타","운전자법규위반","신호위반","교차로","교차로내","원동기장치자전거","원동기장치자전거","승용차","중형","935321","1974058","126.76566789","37.76389477"
"2014","2014-02-17 18:00","15","야간","월","1","2","1","0","0","전남","광양시","차량단독","공작물충돌","공작물충돌","운전자법규위반","안전운전 의무 불이행","교차로","교차로내","화물차","경형","00","00","1025531","1669535","127.77985607","35.02048014"
"2013","2013-01-28 18:00","50","야간","월","1","1","0","0","0","충북","청주시","차대사람","차도통행중","차도통행중","운전자법규위반","안전운전 의무 불이행","단일로","기타단일로","승용차","중형","보행자","보행자","998329","1848703","127.48130836","36.63613208"
"2013","2013-06-18 15:00","10","주간","화","1","3","1","1","0","전남","보성군","차량단독","공작물충돌","공작물충돌","운전자법규위반","안전운전 의무 불이행","단일로","기타단일로","승용차","대형","00","00","973773","1647602","127.23930695","34.80846643"
"2014","2014-02-19 19:00","40","야간","수","1","1","0","0","0","경북","포항시","차대차","측면직각충돌","측면직각충돌","운전자법규위반","신호위반","교차로","교차로내","승용차","중형","화물차","대형","1169555","1780150","129.38125275","36.00342549"
"2012","2012-08-28 23:00","00","야간","화","1","1","0","0","0","경기","부천시","차대차","측면직각충돌","측면직각충돌","운전자법규위반","신호위반","교차로","교차로내","승용차","대형","이륜차","중형","934359","1945102","126.77063313","37.4816744"
"2012","2012-01-11 10:00","15","주간","수","1","27","9","17","0","경기","안양시","차대차","측면직각충돌","측면직각충돌","운전자법규위반","중앙선 침범","단일로","기타단일로","승합차","대형","승합차","대형","947251","1937122","126.90376989","37.43175583"
"2014","2014-02-25 23:00","40","야간","화","1","1","0","0","0","서울","마포구","차대사람","기타","기타","운전자법규위반","안전운전 의무 불이행","단일로","기타단일로","승용차","중형","보행자","보행자","949594","1950269","126.92935115","37.55038341"
"2014","2014-02-25 22:00","00","야간","화","1","1","0","0","0","광주","서구","차대사람","횡단중","횡단중","운전자법규위반","안전운전 의무 불이행","단일로","기타단일로","승용차","중형","보행자","보행자","943638","1684345","126.88119723","35.15276899"
"2014","2014-02-27 02:00","05","야간","목","1","1","0","0","0","경기","이천시","차량단독","공작물충돌","공작물충돌","운전자법규위반","안전운전 의무 불이행","단일로","기타단일로","승용차","경형","00","00","998124","1925390","127.48762685","37.33953297"
"2014","2014-02-25 06:00","05","주간","화","1","1","0","0","0","경북","포항시","차대차","기타","기타","운전자법규위반","신호위반","교차로","교차로내","이륜차","소형","화물차","대형","1168677","1784188","129.37237675","36.03996462"
"2014","2014-03-06 19:00","59","야간","목","1","1","0","0","0","경기","이천시","차대차","측면직각충돌","측면직각충돌","운전자법규위반","안전운전 의무 불이행","단일로","기타단일로","승용차","중형","불명","불명","996280","1919670","127.45803888","37.27594171"
"2014","2014-03-04 13:00","15","주간","화","1","1","0","0","0","충북","청주시","차대사람","차도통행중","차도통행중","운전자법규위반","안전운전 의무 불이행","단일로","기타단일로","승용차","중형","보행자","보행자","996534","1847133","127.46123671","36.62205754"
"2014","2014-03-21 10:00","55","주간","금","1","2","0","1","0","경남","창녕군","차대차","추돌","진행중 추돌","운전자법규위반","앞지르기 금지위반","교차로","교차로내","원동기장치자전거","원동기장치자전거","이륜차","사발이","1089070","1729025","128.48273629","35.55321975"
"2014","2014-03-23 05:00","42","야간","일","2","2","0","0","0","경기","광주시","차대차","측면직각충돌","측면직각충돌","운전자법규위반","신호위반","교차로","교차로내","승용차","중형","화물차","중형","977787","1932802","127.24904785","37.39405363"
"2014","2014-03-20 14:00","30","주간","목","1","1","0","0","0","인천","서구","차대사람","기타","기타","운전자법규위반","기타(운전자법규위반)","단일로","기타단일로","승용차","소형","보행자","보행자","925924","1956027","126.63734058","37.59751713"
"2014","2014-03-20 00:00","25","야간","목","1","1","0","0","0","서울","강북구","차대사람","횡단중","횡단중","운전자법규위반","과속","교차로","교차로부근","승용차","중형","보행자","보행자","959558","1959113","127.0416618","37.63058777"
"2014","2014-03-20 08:00","30","주간","목","1","1","0","0","0","충남","천안시","차대사람","기타","기타","운전자법규위반","안전운전 의무 불이행","단일로","기타단일로","승용차","대형","보행자","보행자","967404","1866788","127.134616","36.79868986"
"2013","2013-12-29 23:00","37","야간","일","1","1","0","0","0","경북","문경시","차량단독","도로이탈","도로이탈 추락","운전자법규위반","안전운전 의무 불이행","단일로","기타단일로","자전거","자전거","00","00","1064053","1846433","128.21627663","36.61360057"
"2013","2013-12-27 22:00","03","야간","금","1","2","0","1","0","서울","노원구","차대차","측면직각충돌","측면직각충돌","운전자법규위반","신호위반","교차로","교차로내","승용차","중형","승용차","경형","960794","1965111","127.05534698","37.68470224"
"2013","2013-12-10 21:00","15","야간","화","1","1","0","0","0","강원","강릉시","차량단독","전도전복","전도전복","운전자법규위반","안전운전 의무 불이행","단일로","기타단일로","원동기장치자전거","원동기장치자전거","00","00","1123954","1973195","128.90682113","37.7502479"
"2013","2013-12-07 19:00","00","야간","토","1","1","0","0","0","충남","공주시","차대차","추돌","진행중 추돌","운전자법규위반","안전운전 의무 불이행","단일로","기타단일로","이륜차","소형","승합차","소형","966486","1827343","127.12604734","36.44306854"
"2013","2013-12-10 17:00","25","주간","화","1","1","0","0","0","인천","서구","차대사람","횡단중","횡단중","운전자법규위반","안전운전 의무 불이행","교차로","교차로내","화물차","소형","보행자","보행자","926547","1943532","126.66679542","37.48950544"
"2013","2013-12-11 05:00","10","야간","수","1","1","0","0","0","서울","동작구","차량단독","기타","기타","운전자법규위반","안전운전 의무 불이행","단일로","기타단일로","이륜차","중형","00","00","950415","1945220","126.93898625","37.50492036"
"2013","2013-12-24 09:00","30","주간","화","1","1","0","0","0","경기","화성시","차대사람","차도통행중","차도통행중","운전자법규위반","안전운전 의무 불이행","단일로","기타단일로","승용차","소형","보행자","보행자","961826","1910765","127.06986403","37.194898"
"2014","2014-02-17 10:00","30","주간","월","1","1","0","0","0","경기","시흥시","차대차","기타","기타","운전자법규위반","안전운전 의무 불이행","교차로","교차로내","원동기장치자전거","원동기장치자전거","화물차","중형","935683","1936996","126.77303474","37.42988837"
"2014","2014-02-17 11:00","40","주간","월","1","1","0","0","0","대구","북구","차대차","측면직각충돌","측면직각충돌","운전자법규위반","안전운전 의무 불이행","단일로","기타단일로","건설기계","건설기계","자전거","자전거","1099252","1769117","128.60001944","35.9136687"
"2014","2014-02-25 00:00","50","야간","화","1","1","0","0","0","제주","제주시","차대사람","횡단중","횡단중","운전자법규위반","안전운전 의무 불이행","단일로","기타단일로","승용차","중형","보행자","보행자","912436","1502978","126.55714252","33.51511658"
"2014","2014-02-25 18:00","45","야간","화","1","1","0","0","0","경기","화성시","차량단독","전도전복","전도전복","운전자법규위반","안전운전 의무 불이행","단일로","기타단일로","이륜차","사발이","00","00","948319","1902471","126.91824957","37.11948787"
"2014","2014-02-24 20:00","00","야간","월","1","1","0","0","0","경북","경주시","차량단독","전도전복","전도전복","운전자법규위반","안전운전 의무 불이행","단일로","기타단일로","이륜차","소형","00","00","1158224","1779193","129.25539638","35.99670694"
"2014","2014-02-28 14:00","20","주간","금","1","3","2","0","0","전북","김제시","차량단독","공작물충돌","공작물충돌","운전자법규위반","안전운전 의무 불이행","단일로","횡단보도부근","승용차","중형","00","00","943546","1754962","126.8752818","35.78946116"