"발생년","발생년월일시","발생분","주야","요일","사망자수","사상자수","중상자수","경상자수","부상신고자수","발생지시도","발생지시군구","사고유형_대분류","사고유형_중분류","사고유형","법규위반_대분류","법규위반","도로형태_대분류","도로형태","당사자종별_1당_대분류","당사자종별_1당","당사자종별_2당_대분류","당사자종별_2당","발생위치X_UTMK","발생위치Y_UTMK","경도","위도"
"2014","2014-03-10 20:00","05","야간","월","1","1","0","0","0","충북","청주시","차대사람","횡단중","횡단중","운전자법규위반","안전운전 의무 불이행","단일로","기타단일로","승합차","소형","보행자","보행자","998976","1850825","127.48854279","36.65534659"
"2014","2014-03-09 13:00","00","주간","일","1","3","0","2","0","강원","동해시","차대차","추돌","진행중 추돌","운전자법규위반","교차로 통행방법 위반","교차로","교차로내","이륜차","소형","승용차","소형","1141750","1948544","129.10417404","37.52531751"
"2014","2014-03-13 13:00","25","주간","목","1","1","0","0","0","경북","구미시","차대사람","기타","기타","운전자법규위반","안전운전 의무 불이행","교차로","교차로부근","승합차","소형","보행자","보행자","1075254","1790209","128.33608223","36.10595442"
"2014","2014-03-21 22:00","50","야간","금","1","1","0","0","0","경기","남양주시","차량단독","공작물충돌","공작물충돌","운전자법규위반","안전운전 의무 불이행","교차로","교차로내","이륜차","중형","00","00","980954","1962002","127.28406961","37.6573202"
"2014","2014-03-20 22:00","40","야간","목","1","1","0","0","0","서울","강남구","차대사람","차도통행중","차도통행중","운전자법규위반","안전운전 의무 불이행","단일로","기타단일로","승용차","중형","보행자","보행자","959077","1945776","127.03695551","37.51035657"
"2014","2014-03-20 20:00","12","야간","목","2","3","1","0","0","충북","진천군","차대차","정면충돌","정면충돌","운전자법규위반","중앙선 침범","단일로","기타단일로","승용차","중형","화물차","대형","994979","1888570","127.44109729","36.99899965"
"2014","2014-03-24 01:00","50","야간","월","1","1","0","0","0","경북","포항시","차량단독","기타","기타","운전자법규위반","안전운전 의무 불이행","교차로","교차로부근","이륜차","중형","00","00","1169850","1776383","129.34523617","35.9717673"
"2014","2014-03-22 15:00","05","주간","토","1","1","0","0","0","전남","고흥군","차량단독","전도전복","전도전복","운전자법규위반","안전운전 의무 불이행","단일로","기타단일로","농기계","농기계","00","00","971775","1617925","127.19234731","34.55500878"
"2014","2014-03-23 13:00","20","주간","일","1","1","0","0","0","경북","고령군","차대사람","기타","기타","운전자법규위반","안전운전 의무 불이행","단일로","기타단일로","화물차","중형","보행자","보행자","1079990","1750319","128.38467941","35.74596844"
"2013","2013-12-28 04:00","15","야간","토","1","1","0","0","0","전북","전주시","차대사람","횡단중","횡단중","운전자법규위반","안전운전 의무 불이행","단일로","기타단일로","승용차","대형","보행자","보행자","965940","1757548","127.12297656","35.81380877"
"2012","2012-10-19 14:00","25","주간","금","1","2","0","0","1","경기","성남시","차대사람","기타","기타","운전자법규위반","안전운전 의무 불이행","교차로","교차로내","원동기장치자전거","원동기장치자전거","보행자","보행자","966989","1938379","127.12680968","37.44400066"
"2012","2012-10-19 18:00","20","야간","금","1","1","0","0","0","전북","완주군","차대사람","차도통행중","차도통행중","운전자법규위반","안전운전 의무 불이행","단일로","교량위","화물차","소형","보행자","보행자","970055","1750669","127.16863843","35.75229038"
"2012","2012-10-15 18:00","15","야간","월","1","1","0","0","0","전북","정읍시","차대차","추돌","진행중 추돌","운전자법규위반","안전운전 의무 불이행","단일로","기타단일로","승용차","중형","농기계","농기계","939877","1746867","126.83529034","35.71626123"
"2012","2012-10-01 02:00","55","야간","월","1","1","0","0","0","경북","안동시","차대차","추돌","주정차중 추돌","운전자법규위반","안전운전 의무 불이행","단일로","기타단일로","승합차","중형","화물차","소형","1114137","1842284","128.77563017","36.57152452"
"2012","2012-10-05 14:00","40","주간","금","1","1","0","0","0","경남","함안군","차대차","측면직각충돌","측면직각충돌","운전자법규위반","안전운전 의무 불이행","교차로","교차로부근","화물차","소형","이륜차","소형","1080477","1703659","128.38543003","35.32526286"
"2012","2012-09-30 17:00","57","주간","일","1","1","0","0","0","경북","군위군","차대사람","횡단중","횡단중","운전자법규위반","안전운전 의무 불이행","단일로","기타단일로","화물차","소형","보행자","보행자","1112469","1796448","128.75036394","36.15859216"
"2012","2012-10-02 08:00","50","주간","화","1","1","0","0","0","강원","춘천시","차량단독","기타","기타","운전자법규위반","안전운전 의무 불이행","단일로","기타단일로","자전거","자전거","00","00","1017824","1986111","127.70266841","37.87464406"
"2012","2012-09-27 00:00","47","야간","목","1","1","0","0","0","경기","시흥시","차량단독","전도전복","전도전복","운전자법규위반","안전운전 의무 불이행","교차로","교차로내","승용차","중형","00","00","933061","1928999","126.74412513","37.35762511"
"2012","2012-09-27 11:00","05","주간","목","1","1","0","0","0","전남","여수시","차대차","정면충돌","정면충돌","운전자법규위반","안전운전 의무 불이행","단일로","기타단일로","화물차","소형","원동기장치자전거","원동기장치자전거","1022841","1640704","127.75042261","34.76370595"
"2012","2012-10-01 13:00","00","주간","월","2","6","4","0","0","강원","영월군","차대차","정면충돌","정면충돌","운전자법규위반","중앙선 침범","단일로","기타단일로","승용차","소형","승용차","중형","1089524","1906014","128.50816589","37.1486277"
"2012","2012-10-02 14:00","50","주간","화","1","2","0","1","0","경기","가평군","차대차","측면직각충돌","측면직각충돌","운전자법규위반","중앙선 침범","단일로","기타단일로","이륜차","중형","승용차","중형","997777","1954631","127.4748195","37.59107681"
"2012","2012-10-02 11:00","05","주간","화","1","1","0","0","0","충남","논산시","차량단독","전도전복","전도전복","운전자법규위반","안전운전 의무 불이행","단일로","기타단일로","화물차","소형","00","00","974692","1805852","127.21830829","36.24957217"
"2012","2012-11-23 16:00","50","주간","금","1","1","0","0","0","대전","중구","차대차","측면직각충돌","측면직각충돌","운전자법규위반","안전운전 의무 불이행","교차로","교차로내","자전거","자전거","승용차","소형","990190","1814398","127.3907015","36.3269004"
"2012","2012-11-23 11:00","00","주간","금","1","1","0","0","0","전남","담양군","차량단독","도로이탈","도로이탈 추락","운전자법규위반","안전운전 의무 불이행","기타/불명","기타/불명","농기계","농기계","00","00","953479","1697342","126.98850359","35.27046352"
"2012","2012-11-28 19:00","02","야간","수","1","1","0","0","0","경남","창녕군","차대사람","기타","기타","운전자법규위반","보행자 보호의무 위반","교차로","교차로부근","화물차","소형","보행자","보행자","1084704","1724720","128.43412071","35.51479125"
"2012","2012-11-29 15:00","40","주간","목","1","1","0","0","0","경남","진주시","차대사람","횡단중","횡단중","운전자법규위반","보행자 보호의무 위반","교차로","교차로부근","화물차","소형","보행자","보행자","1053683","1688903","128.08968792","35.19401377"
"2012","2012-11-21 20:00","35","야간","수","1","1","0","0","0","경기","광주시","차대사람","차도통행중","차도통행중","운전자법규위반","안전운전 의무 불이행","교차로","교차로부근","화물차","소형","보행자","보행자","980838","1932574","127.2835223","37.39206662"
"2012","2012-11-12 13:00","17","주간","월","1","1","0","0","0","부산","사상구","차대차","기타","기타","운전자법규위반","안전거리 미확보","단일로","기타단일로","이륜차","중형","화물차","경형","1136070","1683551","128.9936052","35.13798379"
"2012","2012-11-13 17:00","55","주간","화","1","2","1","0","0","전남","여수시","차대차","측면직각충돌","측면직각충돌","운전자법규위반","중앙선 침범","교차로","교차로내","승용차","중형","이륜차","중형","1020114","1637768","127.71971494","34.73414179"
"2012","2012-11-09 22:00","30","야간","금","1","1","0","0","0","경기","포천시","차량단독","전도전복","전도전복","운전자법규위반","안전운전 의무 불이행","단일로","기타단일로","승용차","중형","00","00","983589","1994164","127.31321466","37.94725222"
"2012","2012-11-10 13:00","55","주간","토","1","1","0","0","0","전남","담양군","차대차","추돌","진행중 추돌","운전자법규위반","안전운전 의무 불이행","단일로","기타단일로","화물차","소형","자전거","자전거","952372","1691537","126.97666903","35.21806951"
"2012","2012-09-24 09:00","50","주간","월","1","1","0","0","0","전북","정읍시","차대사람","차도통행중","차도통행중","운전자법규위반","안전운전 의무 불이행","단일로","기타단일로","화물차","소형","보행자","보행자","943529","1744078","126.8289029","35.71725362"
"2012","2012-09-26 15:00","20","주간","수","1","1","0","0","0","강원","홍천군","차대차","기타","기타","운전자법규위반","안전운전 의무 불이행","단일로","기타단일로","원동기장치자전거","원동기장치자전거","화물차","소형","1033969","1962344","127.88513024","37.65997171"
"2013","2013-10-29 10:00","45","주간","화","1","1","0","0","0","경남","남해군","차대사람","횡단중","횡단중","운전자법규위반","안전운전 의무 불이행","단일로","기타단일로","화물차","소형","보행자","보행자","1045710","1648650","127.99989726","34.83144418"
"2013","2013-11-06 05:00","00","야간","수","1","1","0","0","0","서울","양천구","차대차","기타","기타","운전자법규위반","신호위반","교차로","교차로부근","승용차","소형","자전거","자전거","944817","1946170","126.8755814","37.51316505"
"2013","2013-11-04 06:00","35","주간","월","1","1","0","0","0","강원","춘천시","차대사람","횡단중","횡단중","운전자법규위반","안전운전 의무 불이행","단일로","횡단보도상","화물차","경형","보행자","보행자","1020927","1986237","127.73795457","37.87571368"
"2013","2013-11-03 14:00","00","주간","일","1","3","0","2","0","경북","영주시","차대사람","기타","기타","운전자법규위반","중앙선 침범","단일로","기타단일로","승용차","중형","보행자","보행자","1096317","1864913","128.57934877","36.77745166"
"2013","2013-11-02 18:00","20","야간","토","1","2","0","1","0","전북","정읍시","차대차","추돌","진행중 추돌","운전자법규위반","안전운전 의무 불이행","단일로","기타단일로","승용차","소형","농기계","농기계","933274","1736048","126.76319071","35.61829508"
"2013","2013-11-09 09:00","55","주간","토","1","1","0","0","0","경북","김천시","차대차","측면직각충돌","측면직각충돌","운전자법규위반","교차로 통행방법 위반","교차로","교차로내","승합차","대형","이륜차","소형","1061785","1790909","128.18650544","36.11321577"
"2013","2013-11-10 16:00","10","주간","일","1","1","0","0","0","경남","산청군","차량단독","공작물충돌","공작물충돌","운전자법규위반","안전운전 의무 불이행","단일로","기타단일로","이륜차","소형","00","00","1035976","1693643","127.89585717","35.23757937"
"2013","2013-11-10 15:00","00","주간","일","1","6","3","2","0","경북","경주시","차량단독","공작물충돌","공작물충돌","운전자법규위반","안전운전 의무 불이행","단일로","기타단일로","승합차","대형","00","00","1157456","1770688","129.24519199","35.92018587"
"2013","2013-11-08 21:00","02","야간","금","1","1","0","0","0","울산","북구","차대차","측면직각충돌","측면직각충돌","운전자법규위반","안전운전 의무 불이행","단일로","기타단일로","자전거","자전거","승용차","중형","1167318","1738659","129.34775759","35.62991616"
"2013","2013-11-14 19:00","55","야간","목","1","1","0","0","0","충남","서천군","차대사람","횡단중","횡단중","운전자법규위반","안전운전 의무 불이행","교차로","교차로내","승용차","소형","보행자","보행자","911748","1795482","126.51893443","36.15239284"
"2014","2014-02-24 21:00","47","야간","월","1","1","0","0","0","경기","안산시","차량단독","공작물충돌","공작물충돌","운전자법규위반","안전운전 의무 불이행","교차로","교차로부근","화물차","소형","00","00","941212","1927839","126.83625221","37.34772203"
"2014","2014-02-26 15:00","04","주간","수","1","7","1","5","0","전북","부안군","차대차","측면직각충돌","측면직각충돌","운전자법규위반","신호위반","교차로","교차로내","승용차","경형","승용차","중형","932324","1749150","126.75159918","35.73635364"
"2014","2014-02-26 13:00","25","주간","수","1","1","0","0","0","전북","부안군","차량단독","전도전복","전도전복","운전자법규위반","안전운전 의무 불이행","단일로","기타단일로","이륜차","중형","00","00","921352","1746589","126.62620444","35.71042571"
"2014","2014-02-26 17:00","00","주간","수","1","2","1","0","0","경기","의왕시","차대차","추돌","주정차중 추돌","운전자법규위반","안전운전 의무 불이행","단일로","기타단일로","이륜차","소형","승용차","대형","955518","1931773","126.99753157","37.38397722"
"2014","2014-02-28 12:00","25","주간","금","1","1","0","0","0","충남","천안시","차대사람","횡단중","횡단중","운전자법규위반","안전운전 의무 불이행","교차로","교차로내","화물차","중형","보행자","보행자","967640","1867055","127.13725004","36.80110485"
"2014","2014-03-04 04:00","45","야간","화","1","1","0","0","0","경기","포천시","차량단독","공작물충돌","공작물충돌","운전자법규위반","안전운전 의무 불이행","교차로","교차로내","승용차","중형","00","00","990184","2008157","127.38808533","38.07346448"
"2014","2014-03-09 08:00","00","주간","일","1","1","0","0","0","경기","성남시","차량단독","공작물충돌","공작물충돌","운전자법규위반","안전운전 의무 불이행","단일로","터널안","화물차","소형","00","00","965734","1931973","127.11291942","37.38621395"
"2014","2014-03-04 12:00","30","주간","화","1","3","2","0","0","충남","보령시","차량단독","공작물충돌","공작물충돌","운전자법규위반","과속","단일로","기타단일로","승용차","경형","00","00","923293","1820676","126.64478935","36.38048771"
"2014","2014-03-16 19:00","00","야간","일","2","5","0","3","0","전남","여수시","차대차","정면충돌","정면충돌","운전자법규위반","안전운전 의무 불이행","단일로","기타단일로","화물차","소형","승합차","대형","1012686","1643581","127.63528585","34.79346657"
"2014","2014-03-15 06:00","03","주간","토","1","1","0","0","0","부산","수영구","차대사람","횡단중","횡단중","운전자법규위반","안전운전 의무 불이행","단일로","횡단보도상","이륜차","소형","보행자","보행자","1146622","1684355","129.10953528","35.14374806"
"2014","2014-03-16 12:00","36","주간","일","1","1","0","0","0","전남","보성군","차량단독","도로이탈","도로이탈 추락","운전자법규위반","안전운전 의무 불이행","단일로","기타단일로","이륜차","중형","00","00","957984","1640641","127.04090065","34.75938267"
"2014","2014-03-15 09:00","17","주간","토","1","1","0","0","0","경기","화성시","차량단독","전도전복","전도전복","운전자법규위반","안전운전 의무 불이행","단일로","기타단일로","건설기계","건설기계","00","00","940451","1901457","126.82964478","37.1098887"
"2014","2014-03-16 23:00","45","야간","일","1","1","0","0","0","전북","익산시","차대사람","기타","기타","운전자법규위반","과속","단일로","기타단일로","승용차","중형","보행자","보행자","948275","1769033","126.92669777","35.91658175"
"2014","2014-03-15 00:00","30","야간","토","2","3","0","1","0","경북","구미시","차대사람","기타","기타","운전자법규위반","과속","교차로","교차로부근","승용차","중형","보행자","보행자","1075476","1791265","128.33864965","36.11545683"
"2014","2014-03-15 13:00","10","주간","토","1","2","1","0","0","서울","강남구","차대사람","횡단중","횡단중","운전자법규위반","안전운전 의무 불이행","단일로","기타단일로","승용차","중형","보행자","보행자","959667","1945850","127.04362711","37.51104954"
"2014","2014-03-13 11:00","00","주간","목","1","1","0","0","0","충남","천안시","차대차","기타","기타","운전자법규위반","안전운전 의무 불이행","단일로","기타단일로","자전거","자전거","화물차","중형","969079","1866942","127.15338529","36.80013431"
"2014","2014-03-14 03:00","25","야간","금","1","3","0","2","0","광주","광산구","차대차","정면충돌","정면충돌","운전자법규위반","중앙선 침범","단일로","기타단일로","승용차","중형","승용차","중형","938616","1687283","126.82584497","35.17896554"
"2014","2014-03-12 18:00","45","야간","수","1","2","0","1","0","경북","칠곡군","차대차","기타","기타","운전자법규위반","안전운전 의무 불이행","단일로","기타단일로","승용차","소형","승용차","중형","1079831","1776561","128.38554907","35.98255487"
"2014","2014-03-09 13:00","00","주간","일","1","1","0","0","0","전북","부안군","차대사람","기타","기타","운전자법규위반","안전운전 의무 불이행","단일로","기타단일로","승합차","소형","보행자","보행자","908033","1738251","126.48425432","35.63612864"
"2014","2014-03-10 19:00","30","야간","월","1","1","0","0","0","경기","의정부시","차대사람","보도통행중","보도통행중","운전자법규위반","안전운전 의무 불이행","교차로","교차로부근","화물차","경형","보행자","보행자","958982","1972332","127.03438973","37.7497061"
"2014","2014-03-04 19:00","50","야간","화","1","1","0","0","0","전북","완주군","차대사람","횡단중","횡단중","운전자법규위반","안전운전 의무 불이행","교차로","교차로내","승용차","중형","보행자","보행자","962649","1768463","127.0860366","35.91209771"
"2013","2013-12-24 09:00","55","주간","화","2","3","1","0","0","전남","나주시","차량단독","도로이탈","도로이탈 기타","운전자법규위반","안전운전 의무 불이행","단일로","기타단일로","승용차","중형","00","00","924076","1655098","126.66911422","34.88777748"
"2013","2013-12-28 10:00","00","주간","토","1","1","0","0","0","전북","완주군","차량단독","공작물충돌","공작물충돌","운전자법규위반","안전운전 의무 불이행","단일로","기타단일로","승용차","중형","00","00","975409","1748737","127.22806197","35.73465023"
"2013","2013-12-28 01:00","50","야간","토","1","5","1","3","0","전북","익산시","차대차","기타","기타","운전자법규위반","중앙선 침범","단일로","교량위","승용차","대형","승용차","중형","949626","1770302","126.94159072","35.92809315"
"2013","2013-12-21 00:00","24","야간","토","1","1","0","0","0","대구","중구","차대사람","기타","기타","운전자법규위반","안전운전 의무 불이행","단일로","기타단일로","승용차","중형","보행자","보행자","1098225","1764285","128.58804277","35.87021448"
"2013","2013-12-12 13:00","00","주간","목","1","1","0","0","0","강원","횡성군","차량단독","기타","기타","운전자법규위반","안전운전 의무 불이행","단일로","기타단일로","이륜차","사발이","00","00","1053295","1950818","128.10339364","37.555169"
"2013","2013-12-17 21:00","45","야간","화","1","1","0","0","0","경기","성남시","차대사람","기타","기타","운전자법규위반","안전운전 의무 불이행","교차로","교차로내","승용차","중형","보행자","보행자","964969","1929462","127.10448378","37.36384678"
"2013","2013-12-07 06:00","40","주간","토","1","1","0","0","0","경기","고양시","차대사람","횡단중","횡단중","운전자법규위반","안전운전 의무 불이행","단일로","기타단일로","화물차","소형","보행자","보행자","938928","1958418","126.8079285","37.62318405"
"2013","2013-12-09 23:00","42","야간","월","1","1","0","0","0","인천","중구","차대사람","기타","기타","운전자법규위반","안전운전 의무 불이행","교차로","교차로내","승용차","중형","보행자","보행자","922449","1941489","126.62299486","37.46936788"
"2013","2013-12-10 20:00","04","야간","화","1","1","0","0","0","경북","경산시","차대사람","기타","기타","운전자법규위반","안전운전 의무 불이행","단일로","기타단일로","승용차","중형","보행자","보행자","1110946","1752930","128.72734979","35.76650017"
"2013","2013-12-16 17:00","10","주간","월","1","1","0","0","0","전북","순창군","차대사람","기타","기타","운전자법규위반","안전운전 의무 불이행","단일로","기타단일로","승용차","소형","보행자","보행자","968980","1704173","127.1586745","35.33265798"
"2013","2013-12-25 04:00","00","야간","수","1","1","0","0","0","제주","제주시","차대사람","횡단중","횡단중","운전자법규위반","안전운전 의무 불이행","단일로","기타단일로","승용차","중형","보행자","보행자","912776","1503182","126.56078321","33.51698414"
"2013","2013-12-07 23:00","20","야간","토","1","2","1","0","0","경기","가평군","차량단독","공작물충돌","공작물충돌","운전자법규위반","안전운전 의무 불이행","단일로","기타단일로","화물차","소형","00","00","996132","1966867","127.45612133","37.70135982"
"2013","2013-12-23 17:00","55","주간","월","1","1","0","0","0","충북","진천군","차대사람","길가장자리구역통행중","길가장자리구역통행중","운전자법규위반","안전운전 의무 불이행","단일로","기타단일로","화물차","대형","보행자","보행자","994731","1886850","127.43913175","36.9776849"
"2013","2013-11-30 23:00","40","야간","토","2","2","0","0","0","울산","울주군","차량단독","공작물충돌","공작물충돌","운전자법규위반","안전운전 의무 불이행","교차로","교차로부근","승용차","중형","00","00","1146638","1730316","129.11795338","35.55800743"
"2013","2013-11-30 08:00","20","주간","토","1","1","0","0","0","경기","시흥시","차대차","측면직각충돌","측면직각충돌","운전자법규위반","신호위반","교차로","교차로내","화물차","중형","자전거","자전거","939109","1939325","126.81156338","37.45111169"
"2013","2013-12-01 03:00","10","야간","일","1","1","0","0","0","경기","안성시","차량단독","공작물충돌","공작물충돌","운전자법규위반","안전운전 의무 불이행","단일로","기타단일로","승용차","중형","00","00","976364","1889098","127.23435556","37.00006918"
"2013","2013-11-30 12:00","30","주간","토","1","1","0","0","0","전북","전주시","차대차","측면직각충돌","측면직각충돌","운전자법규위반","부당한 회전","교차로","교차로내","원동기장치자전거","원동기장치자전거","승용차","중형","964809","1761654","127.11027635","35.8507885"
"2013","2013-11-30 18:00","16","야간","토","1","3","1","1","0","경북","군위군","차대차","추돌","주정차중 추돌","운전자법규위반","안전운전 의무 불이행","단일로","기타단일로","화물차","소형","승용차","중형","1096824","1792097","128.57592624","36.12106145"
"2013","2013-10-27 02:00","40","야간","일","1","1","0","0","0","서울","강남구","차대사람","기타","기타","운전자법규위반","안전운전 의무 불이행","단일로","기타단일로","승용차","대형","보행자","보행자","957354","1946705","127.01740643","37.51865192"
"2013","2013-10-23 01:00","13","야간","수","1","1","0","0","0","경기","고양시","차대사람","기타","기타","운전자법규위반","안전운전 의무 불이행","단일로","기타단일로","승용차","중형","보행자","보행자","941070","1962113","126.83190206","37.65662635"
"2013","2013-10-23 10:00","18","주간","수","1","1","0","0","0","경기","부천시","차대차","측면직각충돌","측면직각충돌","운전자법규위반","안전거리 미확보","단일로","기타단일로","자전거","자전거","승합차","대형","937713","1942593","126.79528036","37.48135267"
"2013","2013-10-25 03:00","40","야간","금","1","1","0","0","0","경북","칠곡군","차대사람","기타","기타","운전자법규위반","안전운전 의무 불이행","단일로","기타단일로","불명","불명","보행자","보행자","1089332","1789656","128.49240858","36.09977601"
"2013","2013-10-24 23:00","34","야간","목","1","2","1","0","0","충남","아산시","차량단독","공작물충돌","공작물충돌","운전자법규위반","안전운전 의무 불이행","단일로","기타단일로","이륜차","중형","00","00","960683","1869430","127.05914245","36.82225074"
"2013","2013-10-22 17:00","10","주간","화","1","2","1","0","0","제주","서귀포시","차대사람","횡단중","횡단중","운전자법규위반","보행자 보호의무 위반","교차로","교차로부근","화물차","소형","보행자","보행자","912067","1473308","126.55606556","33.24750462"
"2013","2013-10-31 14:00","35","주간","목","1","4","1","2","0","경기","용인시","차대차","정면충돌","정면충돌","운전자법규위반","중앙선 침범","단일로","기타단일로","승용차","중형","승용차","중형","964835","1923682","127.10315776","37.31144785"
"2013","2013-11-01 10:00","57","주간","금","1","1","0","0","0","경기","포천시","차량단독","전도전복","전도전복","운전자법규위반","안전운전 의무 불이행","단일로","기타단일로","화물차","중형","00","00","974751","1977705","127.21333975","37.79479348"
"2013","2013-10-28 21:00","45","야간","월","1","1","0","0","0","부산","사하구","차대사람","기타","기타","운전자법규위반","안전운전 의무 불이행","교차로","교차로내","승용차","중형","보행자","보행자","1133825","1679905","128.96837964","35.10541888"
"2013","2013-10-29 00:00","55","야간","화","1","1","0","0","0","제주","제주시","차대사람","횡단중","횡단중","운전자법규위반","안전운전 의무 불이행","단일로","기타단일로","승합차","소형","보행자","보행자","905361","1499925","126.48129419","33.48698073"
"2013","2013-10-28 18:00","10","야간","월","2","2","0","0","0","경북","문경시","차대차","추돌","주정차중 추돌","운전자법규위반","안전운전 의무 불이행","단일로","기타단일로","승용차","소형","농기계","농기계","1055215","1857807","128.11827033","36.71668357"
"2013","2013-11-03 18:00","05","야간","일","1","2","1","0","0","충남","금산군","차량단독","전도전복","전도전복","운전자법규위반","안전운전 의무 불이행","교차로","교차로부근","화물차","중형","00","00","999862","1792453","127.49846633","36.12910301"
"2013","2013-11-03 21:00","30","야간","일","1","1","0","0","0","충남","서산시","차량단독","전도전복","전도전복","운전자법규위반","안전운전 의무 불이행","단일로","기타단일로","승용차","중형","00","00","905841","1880604","126.43996972","36.87744923"
"2013","2013-11-14 17:00","50","주간","목","2","2","0","0","0","울산","울주군","차대차","추돌","주정차중 추돌","운전자법규위반","안전운전 의무 불이행","교차로","교차로부근","승용차","소형","화물차","대형","1150810","1740864","129.1659386","35.65244717"
"2013","2013-11-15 15:00","45","주간","금","1","1","0","0","0","경남","양산시","차량단독","기타","기타","운전자법규위반","안전운전 의무 불이행","기타/불명","기타/불명","농기계","농기계","00","00","1150251","1712685","129.15484351","35.39870778"
"2013","2013-11-19 18:00","30","야간","화","1","1","0","0","0","전남","담양군","차대사람","횡단중","횡단중","운전자법규위반","안전운전 의무 불이행","단일로","기타단일로","승합차","소형","보행자","보행자","960204","1694419","127.06258423","35.24439743"
"2013","2013-12-04 21:00","25","야간","수","1","1","0","0","0","전북","김제시","차대차","정면충돌","정면충돌","운전자법규위반","중앙선 침범","단일로","기타단일로","승용차","중형","승용차","대형","939778","1768236","126.83258561","35.90890984"
"2013","2013-12-02 17:00","40","주간","월","1","6","0","5","0","전북","군산시","차대차","측면직각충돌","측면직각충돌","운전자법규위반","안전운전 의무 불이행","교차로","교차로내","승용차","소형","승합차","대형","918530","1773787","126.59655683","35.95741207"
"2013","2013-12-02 17:00","50","주간","월","1","1","0","0","0","전북","군산시","차대사람","횡단중","횡단중","운전자법규위반","안전운전 의무 불이행","교차로","교차로내","화물차","소형","보행자","보행자","928582","1775494","126.70786227","35.97358823"
"2013","2013-12-31 01:00","00","야간","화","1","2","1","0","0","충남","서산시","차량단독","공작물충돌","공작물충돌","운전자법규위반","안전운전 의무 불이행","단일로","기타단일로","승용차","중형","00","00","904894","1874486","126.43302258","36.86385677"
"2013","2013-12-31 04:00","10","야간","화","1","1","0","0","0","대구","서구","차대사람","횡단중","횡단중","운전자법규위반","안전운전 의무 불이행","단일로","기타단일로","화물차","소형","보행자","보행자","1095159","1762734","128.55390065","35.85653559"
"2013","2013-12-30 15:00","43","주간","월","1","1","0","0","0","경기","파주시","차량단독","전도전복","전도전복","운전자법규위반","안전운전 의무 불이행","단일로","기타단일로","화물차","소형","00","00","947580","1997059","126.90317278","37.97197896"
"2013","2013-12-31 18:00","10","야간","화","1","1","0","0","0","충남","금산군","차대사람","횡단중","횡단중","운전자법규위반","보행자 보호의무 위반","단일로","횡단보도상","승용차","경형","보행자","보행자","999336","1802168","127.49261241","36.21669016"
"2013","2013-12-31 07:00","40","주간","화","1","1","0","0","0","전북","익산시","차대차","측면직각충돌","측면직각충돌","운전자법규위반","안전운전 의무 불이행","단일로","기타단일로","불명","불명","자전거","자전거","947828","1783655","126.92078101","36.04838277"
"2013","2013-12-29 05:00","43","야간","일","2","2","0","0","0","대구","달성군","차량단독","기타","기타","운전자법규위반","안전운전 의무 불이행","단일로","기타단일로","승용차","중형","00","00","1087763","1764508","128.47066145","35.87189653"
"2013","2013-11-26 00:00","57","야간","화","1","1","0","0","0","충남","서산시","차대차","기타","기타","운전자법규위반","교차로 통행방법 위반","교차로","교차로내","승용차","대형","이륜차","소형","906572","1863098","126.45324342","36.76138189"
"2013","2013-11-26 09:00","25","주간","화","1","14","9","4","0","전북","군산시","차대차","측면직각충돌","측면직각충돌","운전자법규위반","신호위반","교차로","교차로내","건설기계","건설기계","승합차","대형","936248","1773497","126.79304458","35.95611584"
"2013","2013-11-26 04:00","25","야간","화","1","1","0","0","0","대구","달서구","차대차","기타","기타","운전자법규위반","안전운전 의무 불이행","단일로","기타단일로","승용차","소형","건설기계","건설기계","1088548","1762425","128.48734044","35.85469382"
"2013","2013-11-26 11:00","00","주간","화","1","4","0","3","0","전남","영암군","차대사람","기타","기타","운전자법규위반","안전운전 의무 불이행","기타/불명","기타/불명","화물차","소형","보행자","보행자","929623","1643959","126.73074853","34.78773834"
"2012","2012-03-26 19:00","55","야간","월","1","1","0","0","0","경남","거제시","차대차","측면직각충돌","측면직각충돌","운전자법규위반","중앙선 침범","교차로","교차로부근","원동기장치자전거","원동기장치자전거","화물차","소형","1100090","1636784","128.59313007","34.72056189"
"2013","2013-11-23 03:00","40","야간","토","1","2","0","1","0","경기","성남시","차대차","추돌","주정차중 추돌","운전자법규위반","안전운전 의무 불이행","단일로","기타단일로","승용차","대형","건설기계","건설기계","966344","1933597","127.11973611","37.40087444"
"2012","2012-11-07 09:00","05","주간","수","1","1","0","0","0","강원","원주시","차대사람","횡단중","횡단중","운전자법규위반","과속","단일로","기타단일로","승용차","중형","보행자","보행자","1040944","1925718","127.96216967","37.32956297"
"2012","2012-11-11 01:00","40","야간","일","1","1","0","0","0","제주","서귀포시","차대차","기타","기타","운전자법규위반","안전운전 의무 불이행","교차로","교차로부근","승용차","경형","승용차","중형","926871","1477069","126.69844249","33.27498546"
"2012","2012-11-07 21:00","45","야간","수","1","1","0","0","0","대전","중구","차대차","기타","기타","운전자법규위반","안전거리 미확보","단일로","기타단일로","원동기장치자전거","원동기장치자전거","승용차","중형","993206","1813635","127.424311","36.32004761"