"발생년","발생년월일시","발생분","주야","요일","사망자수","사상자수","중상자수","경상자수","부상신고자수","발생지시도","발생지시군구","사고유형_대분류","사고유형_중분류","사고유형","법규위반_대분류","법규위반","도로형태_대분류","도로형태","당사자종별_1당_대분류","당사자종별_1당","당사자종별_2당_대분류","당사자종별_2당","발생위치X_UTMK","발생위치Y_UTMK","경도","위도"
"2012","2012-11-08 11:00","00","주간","목","1","1","0","0","0","전남","순천시","차량단독","기타","기타","운전자법규위반","안전운전 의무 불이행","단일로","기타단일로","원동기장치자전거","원동기장치자전거","00","00","975559","1677006","127.26756273","35.05152781"
"2012","2012-11-12 18:00","30","야간","월","1","1","0","0","0","경남","고성군","차대사람","차도통행중","차도통행중","운전자법규위반","안전운전 의무 불이행","단일로","기타단일로","승합차","소형","보행자","보행자","1076538","1663042","128.33833274","34.95935915"
"2012","2012-11-12 17:00","50","주간","월","1","1","0","0","0","경북","경주시","차대차","추돌","진행중 추돌","운전자법규위반","안전운전 의무 불이행","단일로","기타단일로","승용차","중형","농기계","농기계","1155575","1781457","129.22646438","36.01753612"
"2012","2012-09-26 19:00","15","야간","수","1","1","0","0","0","충북","음성군","차대차","추돌","진행중 추돌","운전자법규위반","안전운전 의무 불이행","단일로","기타단일로","특수차","대형","이륜차","사발이","1006567","1882259","127.57374719","36.93869353"
"2013","2013-12-06 21:00","25","야간","금","1","1","0","0","0","서울","중구","차대사람","기타","기타","운전자법규위반","안전운전 의무 불이행","교차로","교차로내","승용차","중형","보행자","보행자","955879","1951793","127.0004096","37.56444201"
"2013","2013-12-31 06:00","40","주간","화","1","2","1","0","0","서울","광진구","차대차","정면충돌","정면충돌","운전자법규위반","중앙선 침범","단일로","교량위","승용차","중형","승용차","중형","965316","1947969","127.10744471","37.53037865"
"2013","2013-12-23 21:00","00","야간","월","1","2","1","0","0","경북","상주시","차량단독","도로이탈","도로이탈 추락","운전자법규위반","안전운전 의무 불이행","단일로","기타단일로","승용차","대형","00","00","1059971","1830575","128.16939876","36.47091416"
"2013","2013-12-26 11:00","51","주간","목","1","2","0","1","0","서울","관악구","차대차","기타","기타","운전자법규위반","안전운전 의무 불이행","단일로","기타단일로","승용차","경형","승용차","소형","954014","1942049","126.97990261","37.47652553"
"2013","2013-12-25 23:00","48","야간","수","1","1","0","0","0","서울","은평구","차대차","정면충돌","정면충돌","운전자법규위반","안전운전 의무 불이행","교차로","교차로부근","이륜차","대형","승용차","경형","950706","1956965","126.94148895","37.61079539"
"2013","2013-12-28 21:00","00","야간","토","1","8","7","0","0","전북","전주시","차대차","정면충돌","정면충돌","운전자법규위반","중앙선 침범","단일로","기타단일로","승용차","중형","승용차","대형","965600","1761207","127.1190554","35.84678645"
"2013","2013-12-29 12:00","58","주간","일","1","3","1","1","0","울산","중구","차대차","추돌","주정차중 추돌","운전자법규위반","안전운전 의무 불이행","지하도로내","지하도로내","승용차","중형","화물차","대형","1167867","1731023","129.35223101","35.56100874"
"2013","2013-12-20 05:00","40","야간","금","1","1","0","0","0","인천","중구","차량단독","전도전복","전도전복","운전자법규위반","안전운전 의무 불이행","교차로","교차로부근","승용차","중형","00","00","914204","1943333","126.52955094","37.48525799"
"2013","2013-12-22 03:00","35","야간","일","1","1","0","0","0","충남","천안시","차대사람","횡단중","횡단중","운전자법규위반","신호위반","교차로","교차로내","승용차","대형","보행자","보행자","967600","1869524","127.1366965","36.82336036"
"2013","2013-12-24 17:00","45","주간","화","1","1","0","0","0","전남","순천시","차량단독","공작물충돌","공작물충돌","운전자법규위반","안전운전 의무 불이행","단일로","기타단일로","승용차","중형","00","00","998861","1658006","127.48753064","34.91683954"
"2013","2013-12-24 23:00","00","야간","화","1","1","0","0","0","전남","화순군","차대사람","차도통행중","차도통행중","운전자법규위반","보행자 보호의무 위반","단일로","횡단보도부근","승용차","소형","보행자","보행자","953177","1673532","126.98462155","35.05999762"
"2013","2013-12-20 20:00","20","야간","금","1","1","0","0","0","경기","화성시","차대사람","기타","기타","운전자법규위반","안전운전 의무 불이행","교차로","교차로부근","승용차","중형","보행자","보행자","960824","1913217","127.05844528","37.21695842"
"2013","2013-12-23 18:00","05","야간","월","1","1","0","0","0","경북","청송군","차대사람","횡단중","횡단중","운전자법규위반","안전운전 의무 불이행","단일로","기타단일로","승용차","소형","보행자","보행자","1137099","1834861","129.0307658","36.50167177"
"2013","2013-12-11 15:00","10","주간","수","1","1","0","0","0","충남","서산시","차대사람","횡단중","횡단중","운전자법규위반","보행자 보호의무 위반","교차로","교차로부근","화물차","소형","보행자","보행자","906211","1865182","126.44894305","36.78012987"
"2013","2013-12-17 10:00","00","주간","화","1","2","1","0","0","인천","남구","차대차","정면충돌","정면충돌","운전자법규위반","중앙선 침범","교차로","교차로부근","화물차","대형","승합차","소형","923388","1937825","126.63399349","37.43642366"
"2013","2013-12-17 18:00","30","야간","화","1","1","0","0","0","경기","동두천시","차대사람","횡단중","횡단중","운전자법규위반","안전운전 의무 불이행","단일로","기타단일로","승합차","소형","보행자","보행자","957760","1990148","127.01947857","37.91022332"
"2013","2013-12-12 21:00","15","야간","목","1","2","1","0","0","인천","연수구","차대사람","횡단중","횡단중","운전자법규위반","안전운전 의무 불이행","단일로","기타단일로","승용차","대형","보행자","보행자","928845","1936304","126.69581921","37.42315089"
"2013","2013-12-09 02:00","03","야간","월","1","1","0","0","0","서울","강남구","차대차","기타","기타","운전자법규위반","안전운전 의무 불이행","단일로","기타단일로","이륜차","중형","승용차","중형","958261","1948391","127.02757414","37.53388987"
"2014","2014-02-27 14:00","00","주간","목","1","1","0","0","0","전남","나주시","차량단독","기타","기타","운전자법규위반","안전운전 의무 불이행","단일로","기타단일로","이륜차","사발이","00","00","932033","1669954","126.75494188","35.022294"
"2014","2014-03-23 08:00","10","주간","일","1","1","0","0","0","강원","속초시","차대차","측면직각충돌","측면직각충돌","운전자법규위반","안전운전 의무 불이행","교차로","교차로부근","승용차","중형","자전거","자전거","1095258","2025425","128.58828075","38.22410335"
"2014","2014-03-24 01:00","50","야간","월","1","1","0","0","0","경북","경주시","차량단독","공작물충돌","공작물충돌","운전자법규위반","안전운전 의무 불이행","단일로","기타단일로","승용차","경형","00","00","1139800","1767425","129.0484934","35.8939553"
"2014","2014-03-21 08:00","10","주간","금","1","1","0","0","0","서울","영등포구","차대사람","횡단중","횡단중","운전자법규위반","안전운전 의무 불이행","교차로","교차로내","화물차","대형","보행자","보행자","947424","1944662","126.90518705","37.49972545"
"2014","2014-03-23 14:00","00","주간","일","1","1","0","0","0","전남","구례군","차대사람","기타","기타","운전자법규위반","안전운전 의무 불이행","단일로","교량위","승용차","소형","보행자","보행자","999843","1689995","127.49827516","35.2052962"
"2014","2014-03-21 05:00","35","야간","금","1","2","1","0","0","경북","영천시","차대사람","길가장자리구역통행중","길가장자리구역통행중","운전자법규위반","안전운전 의무 불이행","단일로","기타단일로","승용차","소형","보행자","보행자","1130897","1776112","128.95100675","35.97162128"
"2014","2014-03-09 04:00","05","야간","일","1","1","0","0","0","경남","양산시","차량단독","공작물충돌","공작물충돌","운전자법규위반","안전운전 의무 불이행","단일로","기타단일로","화물차","소형","00","00","1142886","1718269","129.07167148","35.43976734"
"2014","2014-03-08 06:00","10","주간","토","1","1","0","0","0","서울","강서구","차대사람","보도통행중","보도통행중","운전자법규위반","안전운전 의무 불이행","단일로","횡단보도상","승합차","중형","보행자","보행자","939193","1951551","126.81150173","37.56131023"
"2014","2014-03-08 05:00","42","야간","토","2","2","0","0","0","충남","태안군","차량단독","공작물충돌","공작물충돌","운전자법규위반","안전운전 의무 불이행","교차로","교차로부근","승용차","소형","00","00","895615","1842701","126.33328322","36.57639937"
"2014","2014-03-17 20:00","50","야간","월","1","1","0","0","0","경기","안산시","차대사람","기타","기타","운전자법규위반","안전운전 의무 불이행","단일로","기타단일로","승용차","중형","보행자","보행자","947384","1923949","126.90620977","37.3130302"
"2014","2014-03-17 22:00","05","야간","월","1","1","0","0","0","충남","공주시","차대사람","횡단중","횡단중","운전자법규위반","안전운전 의무 불이행","단일로","기타단일로","화물차","소형","보행자","보행자","966292","1848724","127.12294798","36.63581004"
"2014","2014-03-19 05:00","35","야간","수","1","1","0","0","0","울산","북구","차대사람","기타","기타","운전자법규위반","신호위반","교차로","교차로부근","화물차","소형","보행자","보행자","1166862","1740549","129.34311531","35.6470256"
"2014","2014-03-06 18:00","48","야간","목","1","1","0","0","0","대구","달서구","차대사람","기타","기타","운전자법규위반","안전운전 의무 불이행","교차로","교차로부근","승용차","중형","보행자","보행자","1093973","1758514","128.54027066","35.81860805"
"2013","2013-12-07 18:00","05","야간","토","1","1","0","0","0","전북","정읍시","차대사람","기타","기타","운전자법규위반","안전운전 의무 불이행","단일로","기타단일로","이륜차","소형","보행자","보행자","939239","1740843","126.82869238","35.66191094"
"2012","2012-10-10 13:00","13","주간","수","1","1","0","0","0","경기","수원시","차대차","기타","기타","운전자법규위반","부당한 회전","단일로","교량위","자전거","자전거","승용차","소형","954890","1918055","126.99127212","37.26029855"
"2012","2012-10-06 20:00","50","야간","토","1","1","0","0","0","경남","진주시","차대차","측면직각충돌","측면직각충돌","운전자법규위반","직진 및 우회전차의 통행방해","교차로","교차로내","승용차","중형","이륜차","소형","1056719","1687150","128.12291492","35.17804065"
"2012","2012-10-07 15:00","00","주간","일","1","3","2","0","0","강원","삼척시","차량단독","도로이탈","도로이탈 추락","운전자법규위반","안전운전 의무 불이행","단일로","기타단일로","화물차","소형","00","00","1124369","1931735","129.34535012","37.16280212"
"2012","2012-10-11 04:00","24","야간","목","1","1","0","0","0","경기","안산시","차량단독","공작물충돌","공작물충돌","운전자법규위반","안전운전 의무 불이행","교차로","교차로부근","승용차","중형","00","00","941304","1922559","126.83770868","37.30013746"
"2012","2012-10-12 08:00","10","주간","금","1","1","0","0","0","충남","논산시","차량단독","도로이탈","도로이탈 추락","운전자법규위반","안전운전 의무 불이행","단일로","기타단일로","농기계","농기계","00","00","979828","1792846","127.27580877","36.1324364"
"2012","2012-10-08 04:00","43","야간","월","2","3","0","0","1","경남","창원시(통합)","차대차","추돌","진행중 추돌","운전자법규위반","안전운전 의무 불이행","단일로","기타단일로","승용차","소형","이륜차","소형","1086029","1679646","128.44399739","35.1083016"
"2012","2012-10-07 19:00","25","야간","일","1","1","0","0","0","경북","포항시","차대사람","길가장자리구역통행중","길가장자리구역통행중","운전자법규위반","안전운전 의무 불이행","단일로","기타단일로","화물차","소형","보행자","보행자","1149269","1790957","129.15830758","36.10413764"
"2012","2012-10-18 21:00","00","야간","목","1","1","0","0","0","인천","연수구","차대차","기타","기타","운전자법규위반","안전운전 의무 불이행","단일로","기타단일로","승용차","소형","자전거","자전거","926390","1933128","126.66839237","37.39433407"
"2012","2012-10-16 14:00","10","주간","화","1","1","0","0","0","경기","동두천시","차대사람","횡단중","횡단중","운전자법규위반","안전운전 의무 불이행","교차로","교차로부근","건설기계","건설기계","보행자","보행자","961480","1994267","127.06157563","37.94751198"
"2012","2012-10-20 04:00","50","야간","토","1","1","0","0","0","전남","함평군","차대사람","횡단중","횡단중","운전자법규위반","안전운전 의무 불이행","단일로","기타단일로","승용차","소형","보행자","보행자","911841","1673112","126.53332818","35.04920658"
"2012","2012-09-24 14:00","40","주간","월","1","1","0","0","0","서울","마포구","차대차","측면직각충돌","측면직각충돌","운전자법규위반","안전운전 의무 불이행","단일로","기타단일로","승합차","중형","자전거","자전거","945104","1952244","126.8783744","37.56792758"
"2012","2012-09-24 19:00","30","야간","월","1","1","0","0","0","경남","의령군","차대사람","차도통행중","차도통행중","운전자법규위반","안전운전 의무 불이행","단일로","교량위","승용차","중형","보행자","보행자","1067585","1703345","128.24357445","35.32338729"
"2012","2012-10-23 16:00","00","주간","화","1","1","0","0","0","경기","화성시","차대사람","기타","기타","운전자법규위반","신호위반","단일로","횡단보도상","승합차","대형","보행자","보행자","940923","1910793","126.79448103","37.15388954"
"2012","2012-10-24 07:00","00","주간","수","1","2","1","0","0","경기","이천시","차대차","측면직각충돌","측면직각충돌","운전자법규위반","신호위반","교차로","교차로내","승용차","소형","승용차","경형","995854","1921127","127.45322553","37.2890733"
"2012","2012-10-24 22:00","15","야간","수","1","1","0","0","0","전북","익산시","차대사람","횡단중","횡단중","운전자법규위반","안전운전 의무 불이행","교차로","교차로내","승용차","중형","보행자","보행자","953238","1773672","126.98143071","35.95865548"
"2012","2012-10-22 13:00","10","주간","월","2","2","0","0","0","전북","완주군","차량단독","기타","기타","운전자법규위반","안전운전 의무 불이행","단일로","기타단일로","승용차","중형","00","00","969646","1750564","127.16426392","35.75096188"
"2012","2012-10-26 00:00","47","야간","금","1","1","0","0","0","경기","평택시","차량단독","공작물충돌","공작물충돌","운전자법규위반","안전운전 의무 불이행","단일로","기타단일로","승용차","대형","00","00","961966","1890835","127.07245241","37.01525435"
"2012","2012-10-26 12:00","00","주간","금","1","1","0","0","0","전남","화순군","차량단독","전도전복","전도전복","운전자법규위반","안전운전 의무 불이행","기타/불명","기타/불명","농기계","농기계","00","00","952484","1652770","126.98011891","34.86851266"
"2012","2012-10-22 16:00","20","주간","월","1","1","0","0","0","경남","남해군","차대사람","횡단중","횡단중","운전자법규위반","신호위반","단일로","횡단보도상","승용차","소형","보행자","보행자","1036468","1649808","127.89887699","34.84225973"
"2012","2012-10-22 08:00","59","주간","월","1","1","0","0","0","대전","유성구","차량단독","공작물충돌","공작물충돌","운전자법규위반","안전운전 의무 불이행","단일로","기타단일로","승용차","중형","00","00","981994","1824533","127.29915109","36.41815235"
"2012","2012-10-13 10:00","00","주간","토","1","1","0","0","0","전북","김제시","차량단독","도로이탈","도로이탈 기타","운전자법규위반","안전운전 의무 불이행","단일로","기타단일로","원동기장치자전거","원동기장치자전거","00","00","942587","1753185","126.8658947","35.76618655"
"2012","2012-10-10 14:00","52","주간","수","1","1","0","0","0","강원","강릉시","차대사람","횡단중","횡단중","운전자법규위반","안전운전 의무 불이행","단일로","기타단일로","승용차","소형","보행자","보행자","1125298","1975556","128.92267996","37.77109554"
"2012","2012-10-10 18:00","20","야간","수","1","1","0","0","0","서울","구로구","차대차","측면직각충돌","측면직각충돌","운전자법규위반","신호위반","단일로","횡단보도상","승합차","대형","이륜차","중형","943387","1944381","126.85953903","37.49695398"
"2012","2012-10-11 16:00","00","주간","목","1","1","0","0","0","경기","의정부시","차대사람","횡단중","횡단중","운전자법규위반","보행자 보호의무 위반","교차로","교차로내","자전거","자전거","보행자","보행자","960470","1971683","127.05131539","37.74392217"
"2012","2012-10-22 10:00","50","주간","월","1","2","0","1","0","경기","과천시","차대사람","기타","기타","운전자법규위반","기타(운전자법규위반)","교차로","교차로부근","승용차","경형","보행자","보행자","955057","1936742","126.99202201","37.42874283"
"2012","2012-10-19 18:00","20","야간","금","1","1","0","0","0","경북","청도군","차대차","추돌","주정차중 추돌","운전자법규위반","안전운전 의무 불이행","단일로","기타단일로","원동기장치자전거","원동기장치자전거","농기계","농기계","1100054","1738701","128.60510555","35.63939909"
"2012","2012-10-17 03:00","48","야간","수","1","1","0","0","0","대전","서구","차대차","기타","기타","운전자법규위반","안전운전 의무 불이행","단일로","기타단일로","승용차","중형","이륜차","소형","988673","1815927","127.37358928","36.33996492"
"2012","2012-10-21 09:00","30","주간","일","1","2","1","0","0","강원","홍천군","차대차","기타","기타","운전자법규위반","중앙선 침범","단일로","기타단일로","승용차","중형","이륜차","사발이","1045681","1959827","128.0177555","37.63677754"
"2012","2012-10-17 17:00","20","주간","수","1","1","0","0","0","경북","영천시","차량단독","공작물충돌","공작물충돌","운전자법규위반","안전운전 의무 불이행","단일로","기타단일로","이륜차","소형","00","00","1131754","1777665","128.95850122","35.98654949"
"2012","2012-10-14 18:00","55","야간","일","1","1","0","0","0","전남","영암군","차대차","측면직각충돌","측면직각충돌","운전자법규위반","직진 및 우회전차의 통행방해","교차로","교차로내","이륜차","소형","승용차","대형","925778","1654561","126.68778628","34.88306139"
"2012","2012-07-20 19:00","20","야간","금","1","1","0","0","0","경북","경산시","차대차","측면직각충돌","측면직각충돌","운전자법규위반","안전운전 의무 불이행","단일로","기타단일로","원동기장치자전거","원동기장치자전거","승용차","소형","1119281","1758411","128.82035374","35.8150101"
"2012","2012-07-25 18:00","20","야간","수","1","1","0","0","0","경기","광명시","차대차","측면직각충돌","측면직각충돌","운전자법규위반","안전거리 미확보","단일로","기타단일로","화물차","소형","이륜차","중형","942437","1935528","126.84948389","37.41710181"
"2012","2012-07-23 16:00","30","주간","월","1","2","0","1","0","충남","예산군","차대차","정면충돌","정면충돌","운전자법규위반","중앙선 침범","단일로","기타단일로","화물차","소형","건설기계","건설기계","947803","1843875","126.91647059","36.59126448"
"2012","2012-07-23 15:00","30","주간","월","1","2","1","0","0","경기","하남시","차대차","측면직각충돌","측면직각충돌","운전자법규위반","안전운전 의무 불이행","단일로","횡단보도상","화물차","중형","이륜차","소형","976988","1942597","127.24082537","37.48521884"
"2012","2012-07-26 16:00","20","주간","목","1","1","0","0","0","서울","종로구","차대사람","기타","기타","운전자법규위반","안전운전 의무 불이행","단일로","기타단일로","화물차","소형","보행자","보행자","952693","1955006","126.96412781","37.5932431"
"2012","2012-08-02 22:00","10","야간","목","1","1","0","0","0","광주","남구","차대차","정면충돌","정면충돌","운전자법규위반","신호위반","교차로","교차로내","원동기장치자전거","원동기장치자전거","화물차","소형","944917","1679829","126.89553978","35.11212029"
"2012","2012-06-13 01:00","10","야간","수","1","1","0","0","0","부산","진구","차대차","측면직각충돌","측면직각충돌","운전자법규위반","중앙선 침범","단일로","기타단일로","이륜차","소형","승용차","중형","1139655","1685403","129.03325759","35.15418635"
"2012","2012-06-17 16:00","48","주간","일","1","1","0","0","0","충남","홍성군","차량단독","공작물충돌","공작물충돌","운전자법규위반","안전운전 의무 불이행","단일로","기타단일로","승합차","소형","00","00","923754","1842234","126.6478033","36.57485307"
"2012","2012-06-18 11:00","45","주간","월","1","1","0","0","0","경남","합천군","차대차","추돌","진행중 추돌","운전자법규위반","앞지르기 금지위반","교차로","교차로내","특수차","대형","원동기장치자전거","원동기장치자전거","1077055","1723646","128.34967377","35.50573209"
"2012","2012-06-18 12:00","15","주간","월","1","1","0","0","0","경기","안성시","차대차","측면직각충돌","측면직각충돌","운전자법규위반","안전운전 의무 불이행","단일로","기타단일로","승용차","소형","자전거","자전거","979555","1888952","127.27022281","36.99882793"
"2012","2012-06-22 12:00","39","주간","금","2","2","0","0","0","전남","장흥군","차량단독","공작물충돌","공작물충돌","운전자법규위반","안전운전 의무 불이행","교차로","교차로내","화물차","중형","00","00","951954","1641908","126.97494215","34.7705415"
"2012","2012-06-21 10:00","40","주간","목","1","1","0","0","0","경북","청송군","차량단독","전도전복","전도전복","운전자법규위반","기타(운전자법규위반)","단일로","기타단일로","화물차","대형","00","00","1136476","1833818","129.02372655","36.49229694"
"2012","2012-06-20 19:00","15","야간","수","1","1","0","0","0","전남","장흥군","차대차","추돌","진행중 추돌","운전자법규위반","앞지르기 금지위반","단일로","기타단일로","승합차","대형","이륜차","소형","949724","1614761","126.95218579","34.52563454"
"2012","2012-06-26 14:00","05","주간","화","1","1","0","0","0","충남","태안군","차대차","기타","기타","운전자법규위반","안전운전 의무 불이행","단일로","기타단일로","원동기장치자전거","원동기장치자전거","화물차","소형","893885","1867645","126.31049262","36.80102786"
"2012","2012-06-28 10:00","48","주간","목","1","1","0","0","0","경남","창원시(통합)","차대사람","횡단중","횡단중","운전자법규위반","안전운전 의무 불이행","단일로","횡단보도부근","승용차","대형","보행자","보행자","1097421","1691741","128.57041157","35.21630782"
"2012","2012-06-25 18:00","01","야간","월","1","2","1","0","0","대전","동구","차량단독","공작물충돌","공작물충돌","운전자법규위반","안전운전 의무 불이행","고가도로위","고가도로위","원동기장치자전거","원동기장치자전거","00","00","993104","1816108","127.42315277","36.34234206"
"2012","2012-06-24 23:00","52","야간","일","1","1","0","0","0","서울","강남구","차대사람","횡단중","횡단중","운전자법규위반","신호위반","단일로","횡단보도상","승용차","중형","보행자","보행자","961630","1943385","127.06596672","37.48891522"
"2012","2012-06-25 06:00","14","주간","월","1","1","0","0","0","경남","의령군","차대차","정면충돌","정면충돌","운전자법규위반","중앙선 침범","단일로","기타단일로","이륜차","사발이","승용차","소형","1077143","1716307","128.34994739","35.43955873"
"2012","2012-06-24 08:00","35","주간","일","1","1","0","0","0","경기","안성시","차량단독","공작물충돌","공작물충돌","운전자법규위반","안전운전 의무 불이행","단일로","기타단일로","승용차","중형","00","00","970194","1888918","127.16501916","36.99827116"
"2012","2012-06-28 18:00","50","야간","목","1","1","0","0","0","광주","북구","차대사람","횡단중","횡단중","운전자법규위반","보행자 보호의무 위반","단일로","기타단일로","승용차","중형","보행자","보행자","946540","1684805","126.9130272","35.15707522"
"2012","2012-07-04 14:00","50","주간","수","2","6","1","3","0","경북","안동시","차대차","정면충돌","정면충돌","운전자법규위반","중앙선 침범","기타/불명","기타/불명","화물차","소형","건설기계","건설기계","1126969","1841911","128.91894524","36.5665423"
"2012","2012-07-02 23:00","30","야간","월","1","2","0","1","0","경북","포항시","차대차","측면직각충돌","측면직각충돌","운전자법규위반","신호위반","교차로","교차로내","원동기장치자전거","원동기장치자전거","승용차","중형","1170791","1788865","129.39684304","36.08173992"
"2012","2012-07-09 15:00","00","주간","월","1","1","0","0","0","경기","화성시","차대차","추돌","진행중 추돌","운전자법규위반","안전거리 미확보","기타/불명","기타/불명","이륜차","중형","이륜차","소형","946845","1900300","126.90160754","37.10009677"
"2014","2014-02-27 00:00","17","야간","목","1","2","0","1","0","경남","밀양시","차대사람","횡단중","횡단중","운전자법규위반","안전운전 의무 불이행","단일로","기타단일로","승용차","소형","보행자","보행자","1127503","1726116","128.9062244","35.52279724"
"2014","2014-02-25 20:00","40","야간","화","1","1","0","0","0","경남","고성군","차대차","정면충돌","정면충돌","운전자법규위반","중앙선 침범","단일로","기타단일로","승용차","중형","승용차","소형","1088166","1673377","128.45952876","35.05252741"
"2014","2014-02-25 19:00","00","야간","화","1","1","0","0","0","전북","무주군","차량단독","도로이탈","도로이탈 추락","운전자법규위반","안전운전 의무 불이행","단일로","기타단일로","이륜차","사발이","00","00","1019599","1769103","127.71723453","35.91838505"
"2014","2014-02-25 08:00","50","주간","화","1","1","0","0","0","경북","경주시","차량단독","도로이탈","도로이탈 추락","운전자법규위반","안전운전 의무 불이행","단일로","기타단일로","승용차","경형","00","00","1150577","1762202","129.16737286","35.84479153"
"2014","2014-02-25 20:00","10","야간","화","1","1","0","0","0","서울","광진구","차량단독","기타","기타","운전자법규위반","기타(운전자법규위반)","단일로","기타단일로","화물차","소형","00","00","963185","1951252","127.08316178","37.55988688"
"2014","2014-03-10 06:00","52","주간","월","1","1","0","0","0","울산","북구","차대차","측면직각충돌","측면직각충돌","운전자법규위반","안전거리 미확보","단일로","기타단일로","화물차","중형","이륜차","소형","1170084","1731046","129.37668639","35.56083778"
"2014","2014-03-10 19:00","20","야간","월","1","1","0","0","0","경북","의성군","차대차","추돌","진행중 추돌","운전자법규위반","안전운전 의무 불이행","단일로","기타단일로","승용차","소형","농기계","농기계","1104542","1826426","128.66633577","36.42969896"
"2014","2014-03-08 09:00","10","주간","토","1","1","0","0","0","경북","예천군","차대차","측면직각충돌","측면직각충돌","운전자법규위반","부당한 회전","단일로","기타단일로","농기계","농기계","승용차","중형","1079758","1836780","128.39088145","36.52540355"
"2014","2014-03-15 04:00","56","야간","토","1","1","0","0","0","부산","기장군","차량단독","기타","기타","운전자법규위반","안전운전 의무 불이행","단일로","기타단일로","승용차","중형","00","00","1159275","1703752","129.25213332","35.31664668"
"2012","2012-09-30 16:00","30","주간","일","1","1","0","0","0","대구","서구","차대차","기타","기타","운전자법규위반","안전운전 의무 불이행","단일로","기타단일로","자전거","자전거","불명","불명","1096692","1765744","128.56956544","35.88411124"
"2012","2012-09-30 11:00","05","주간","일","1","1","0","0","0","서울","관악구","차대사람","기타","기타","운전자법규위반","안전운전 의무 불이행","단일로","기타단일로","화물차","소형","보행자","보행자","948688","1940836","126.91975325","37.46531197"
"2012","2012-09-27 00:00","11","야간","목","1","1","0","0","0","강원","강릉시","차대사람","횡단중","횡단중","운전자법규위반","안전운전 의무 불이행","단일로","기타단일로","승용차","경형","보행자","보행자","1123878","1975154","128.90649262","37.76766684"
"2012","2012-10-02 07:00","32","주간","화","1","1","0","0","0","경기","부천시","차대차","추돌","주정차중 추돌","운전자법규위반","안전운전 의무 불이행","단일로","기타단일로","화물차","경형","화물차","중형","937278","1943212","126.79053241","37.48602291"
"2012","2012-11-26 04:00","20","야간","월","2","2","0","0","0","전남","화순군","차대차","측면직각충돌","측면직각충돌","운전자법규위반","신호위반","교차로","교차로내","화물차","소형","특수차","대형","951871","1673243","126.97222991","35.05309124"
"2012","2012-11-28 05:00","33","야간","수","1","1","0","0","0","전남","여수시","차대사람","횡단중","횡단중","운전자법규위반","안전운전 의무 불이행","단일로","기타단일로","승합차","중형","보행자","보행자","1020815","1639912","127.72885183","34.74779596"
"2012","2012-11-28 18:00","30","야간","수","1","2","1","0","0","충남","아산시","차대차","기타","기타","운전자법규위반","안전운전 의무 불이행","단일로","기타단일로","승합차","소형","화물차","소형","965909","1864458","127.11796246","36.7776333"
"2012","2012-11-24 10:00","30","주간","토","1","1","0","0","0","경북","성주군","차대사람","길가장자리구역통행중","길가장자리구역통행중","운전자법규위반","안전운전 의무 불이행","교차로","교차로내","화물차","소형","보행자","보행자","1064895","1769769","128.21979049","35.92244663"
"2012","2012-11-28 09:00","05","주간","수","1","2","0","1","0","충남","당진시","차대차","측면직각충돌","측면직각충돌","운전자법규위반","신호위반","교차로","교차로내","승용차","소형","승용차","중형","934661","1867408","126.76755139","36.80258479"
"2012","2012-11-29 07:00","10","주간","목","1","1","0","0","0","강원","춘천시","차량단독","공작물충돌","공작물충돌","운전자법규위반","안전운전 의무 불이행","단일로","기타단일로","승용차","소형","00","00","1022354","1981548","127.75403534","37.83341764"
"2012","2012-11-29 14:00","03","주간","목","1","1","0","0","0","경기","수원시","차대차","측면직각충돌","측면직각충돌","운전자법규위반","중앙선 침범","단일로","기타단일로","자전거","자전거","승합차","소형","957276","1916783","127.01825235","37.24894565"
"2012","2012-11-30 00:00","03","야간","금","1","1","0","0","0","대전","중구","차대사람","차도통행중","차도통행중","운전자법규위반","신호위반","교차로","교차로내","승용차","중형","보행자","보행자","992546","1813970","127.41695503","36.32306291"
"2012","2012-11-08 11:00","15","주간","목","1","2","1","0","0","광주","북구","차량단독","공작물충돌","공작물충돌","운전자법규위반","안전운전 의무 불이행","단일로","기타단일로","원동기장치자전거","원동기장치자전거","00","00","944510","1689794","126.88950141","35.20216118"
"2012","2012-11-08 13:00","00","주간","목","1","1","0","0","0","경북","상주시","차량단독","도로이탈","도로이탈 기타","운전자법규위반","안전운전 의무 불이행","교차로","교차로부근","이륜차","중형","00","00","1049647","1838215","128.05465835","36.54037762"
"2012","2012-11-09 13:00","40","주간","금","1","3","2","0","0","경남","함안군","차대차","정면충돌","정면충돌","운전자법규위반","안전운전 의무 불이행","교차로","교차로내","건설기계","건설기계","승용차","중형","1091024","1700898","128.50114933","35.29946538"
"2012","2012-11-08 04:00","55","야간","목","1","1","0","0","0","부산","남구","차대사람","횡단중","횡단중","운전자법규위반","안전운전 의무 불이행","단일로","기타단일로","승용차","중형","보행자","보행자","1145846","1683338","129.10084023","35.13469396"
"2012","2012-11-06 23:00","55","야간","화","1","1","0","0","0","경기","파주시","차대사람","기타","기타","운전자법규위반","안전운전 의무 불이행","단일로","기타단일로","승합차","대형","보행자","보행자","942825","1975114","126.85077589","37.77391222"
"2012","2012-09-23 16:00","10","주간","일","1","1","0","0","0","충남","논산시","차량단독","전도전복","전도전복","운전자법규위반","안전운전 의무 불이행","기타/불명","기타/불명","농기계","농기계","00","00","962843","1795980","127.08689308","36.1601889"