"발생년","발생년월일시","발생분","주야","요일","사망자수","사상자수","중상자수","경상자수","부상신고자수","발생지시도","발생지시군구","사고유형_대분류","사고유형_중분류","사고유형","법규위반_대분류","법규위반","도로형태_대분류","도로형태","당사자종별_1당_대분류","당사자종별_1당","당사자종별_2당_대분류","당사자종별_2당","발생위치X_UTMK","발생위치Y_UTMK","경도","위도"
"2012","2012-09-24 16:00","45","주간","월","1","1","0","0","0","경북","의성군","차량단독","공작물충돌","공작물충돌","운전자법규위반","안전운전 의무 불이행","단일로","교량위","원동기장치자전거","원동기장치자전거","00","00","1105826","1817985","128.67944024","36.35346742"
"2012","2012-10-27 02:00","50","야간","토","2","4","2","0","0","경북","경산시","차대차","기타","기타","운전자법규위반","안전운전 의무 불이행","단일로","기타단일로","승용차","중형","특수차","중형","1114684","1763192","128.77016529","35.85857287"
"2012","2012-10-29 07:00","45","주간","월","1","1","0","0","0","경기","안양시","차량단독","기타","기타","운전자법규위반","기타(운전자법규위반)","단일로","기타단일로","승합차","중형","00","00","949068","1932587","126.92383372","37.39475503"
"2012","2012-10-29 06:00","14","주간","월","1","1","0","0","0","인천","연수구","차대사람","횡단중","횡단중","운전자법규위반","안전운전 의무 불이행","교차로","교차로내","승용차","소형","보행자","보행자","927870","1935294","126.68489962","37.41397241"
"2012","2012-10-12 13:00","25","주간","금","1","1","0","0","0","경기","동두천시","차량단독","공작물충돌","공작물충돌","운전자법규위반","안전운전 의무 불이행","교차로","교차로부근","원동기장치자전거","원동기장치자전거","00","00","961372","1994154","127.0603525","37.94648896"
"2012","2012-10-07 17:00","40","주간","일","1","1","0","0","0","인천","연수구","차대차","측면직각충돌","측면직각충돌","운전자법규위반","신호위반","교차로","교차로내","승용차","중형","이륜차","중형","923672","1933804","126.63761912","37.4002068"
"2012","2012-10-08 10:00","30","주간","월","1","1","0","0","0","경남","양산시","차대사람","횡단중","횡단중","운전자법규위반","보행자 보호의무 위반","단일로","횡단보도상","건설기계","건설기계","보행자","보행자","1136380","1704380","128.97796001","35.31765894"
"2012","2012-10-12 10:00","35","주간","금","1","1","0","0","0","부산","남구","차대사람","횡단중","횡단중","운전자법규위반","안전운전 의무 불이행","단일로","기타단일로","승용차","경형","보행자","보행자","1142776","1683306","129.06714898","35.1348459"
"2012","2012-10-11 18:00","35","야간","목","1","1","0","0","0","광주","북구","차대차","기타","기타","운전자법규위반","안전운전 의무 불이행","교차로","교차로내","승용차","소형","자전거","자전거","942162","1692947","126.8643892","35.23024594"
"2012","2012-10-12 16:00","50","주간","금","1","1","0","0","0","충남","아산시","차대사람","횡단중","횡단중","운전자법규위반","안전운전 의무 불이행","교차로","교차로부근","화물차","소형","보행자","보행자","944471","1861298","126.87796002","36.74813419"
"2012","2012-10-13 14:00","10","주간","토","1","5","1","3","0","경북","영주시","차대차","추돌","주정차중 추돌","운전자법규위반","안전운전 의무 불이행","교차로","교차로부근","승용차","대형","화물차","대형","1108426","1856973","128.71389108","36.70458164"
"2012","2012-10-05 05:00","50","야간","금","1","1","0","0","0","전남","강진군","차량단독","도로이탈","도로이탈 기타","운전자법규위반","안전운전 의무 불이행","단일로","기타단일로","원동기장치자전거","원동기장치자전거","00","00","937147","1635958","126.81358083","34.71608398"
"2012","2012-10-10 19:00","10","야간","수","1","1","0","0","0","경기","양주시","차대차","기타","기타","운전자법규위반","교차로 통행방법 위반","교차로","교차로내","승용차","중형","원동기장치자전거","원동기장치자전거","961505","1982462","127.06522914","37.84309195"
"2012","2012-10-05 22:00","25","야간","금","1","1","0","0","0","경기","여주시","차대사람","기타","기타","운전자법규위반","안전운전 의무 불이행","단일로","기타단일로","승합차","중형","보행자","보행자","1012550","1907256","127.64135322","37.16396387"
"2012","2012-10-06 12:00","05","주간","토","1","1","0","0","0","대구","수성구","차량단독","공작물충돌","공작물충돌","운전자법규위반","안전운전 의무 불이행","교차로","교차로부근","건설기계","건설기계","00","00","1101474","1759849","128.62346171","35.82989515"
"2012","2012-10-21 02:00","40","야간","일","2","4","1","1","0","전남","무안군","차량단독","공작물충돌","공작물충돌","운전자법규위반","과속","단일로","기타단일로","승용차","경형","00","00","902592","1669232","126.43238196","35.01337476"
"2012","2012-10-26 21:00","38","야간","금","1","1","0","0","0","전남","광양시","차대사람","기타","기타","운전자법규위반","안전운전 의무 불이행","단일로","기타단일로","승용차","중형","보행자","보행자","1020353","1663089","127.7229406","34.96247168"
"2012","2012-10-23 00:00","10","야간","화","1","1","0","0","0","대전","유성구","차량단독","공작물충돌","공작물충돌","운전자법규위반","안전운전 의무 불이행","단일로","기타단일로","승용차","소형","00","00","989255","1823554","127.38015766","36.40943513"
"2012","2012-10-23 08:00","30","주간","화","1","1","0","0","0","전남","진도군","차대차","추돌","진행중 추돌","운전자법규위반","교차로 통행방법 위반","교차로","교차로내","화물차","소형","농기계","농기계","888435","1605873","126.28512511","34.44100728"
"2012","2012-10-26 19:00","45","야간","금","1","1","0","0","0","경기","광명시","차대사람","기타","기타","운전자법규위반","안전운전 의무 불이행","단일로","기타단일로","승용차","소형","보행자","보행자","944092","1942802","126.86763422","37.48276521"
"2012","2012-10-23 10:00","45","주간","화","1","2","0","1","0","울산","울주군","차대차","추돌","진행중 추돌","운전자법규위반","안전거리 미확보","단일로","기타단일로","승용차","소형","농기계","농기계","1152768","1745067","129.18835723","35.69002568"
"2012","2012-10-23 15:00","20","주간","화","1","1","0","0","0","경북","예천군","차대차","기타","기타","운전자법규위반","안전운전 의무 불이행","단일로","기타단일로","원동기장치자전거","원동기장치자전거","화물차","중형","1084548","1850638","128.44590156","36.64990555"
"2012","2012-10-27 21:00","10","야간","토","1","1","0","0","0","전남","해남군","차량단독","공작물충돌","공작물충돌","운전자법규위반","안전운전 의무 불이행","단일로","기타단일로","승용차","중형","00","00","907465","1596994","126.49369736","34.36249897"
"2012","2012-10-28 21:00","49","야간","일","1","1","0","0","0","서울","강동구","차량단독","기타","기타","운전자법규위반","안전운전 의무 불이행","기타/불명","기타/불명","화물차","경형","00","00","972105","1951976","127.18426531","37.56671732"
"2012","2012-10-07 11:00","55","주간","일","1","1","0","0","0","경기","수원시","차대사람","횡단중","횡단중","운전자법규위반","안전운전 의무 불이행","단일로","기타단일로","승용차","중형","보행자","보행자","957074","1925041","127.01549771","37.32337126"
"2012","2012-10-11 15:00","00","주간","목","1","1","0","0","0","인천","중구","차대차","정면충돌","정면충돌","운전자법규위반","신호위반","교차로","교차로내","화물차","대형","이륜차","소형","922804","1939732","126.62719313","37.45356233"
"2012","2012-10-07 06:00","00","주간","일","1","2","0","1","0","충북","청주시","차대차","기타","기타","운전자법규위반","안전운전 의무 불이행","교차로","교차로부근","승용차","소형","특수차","대형","997965","1845818","127.47724431","36.61020693"
"2012","2012-10-12 07:00","40","주간","금","1","1","0","0","0","제주","제주시","차대사람","기타","기타","운전자법규위반","안전운전 의무 불이행","단일로","기타단일로","승용차","경형","보행자","보행자","904064","1500719","126.46725008","33.49402564"
"2012","2012-10-08 08:00","10","주간","월","1","1","0","0","0","경북","경산시","차량단독","전도전복","전도전복","운전자법규위반","안전운전 의무 불이행","교차로","교차로부근","특수차","소형","00","00","1115319","1757236","128.77581294","35.80322103"
"2012","2012-10-12 13:00","58","주간","금","1","1","0","0","0","대구","달성군","차대사람","횡단중","횡단중","운전자법규위반","안전운전 의무 불이행","교차로","교차로내","건설기계","건설기계","보행자","보행자","1082964","1736592","128.41615179","35.62196958"
"2012","2012-10-09 03:00","37","야간","화","1","1","0","0","0","서울","강서구","차대사람","기타","기타","운전자법규위반","안전운전 의무 불이행","단일로","기타단일로","승용차","중형","보행자","보행자","942631","1950221","126.85053079","37.54954352"
"2012","2012-10-12 18:00","25","야간","금","1","1","0","0","0","강원","영월군","차대사람","횡단중","횡단중","운전자법규위반","안전운전 의무 불이행","교차로","교차로내","승용차","소형","보행자","보행자","1080176","1911404","128.40343399","37.19799395"
"2012","2012-10-12 16:00","15","주간","금","1","1","0","0","0","서울","동작구","차대사람","횡단중","횡단중","운전자법규위반","보행자 보호의무 위반","단일로","횡단보도상","화물차","소형","보행자","보행자","954200","1942500","126.98197811","37.48059978"
"2012","2012-10-13 03:00","40","야간","토","1","1","0","0","0","대구","남구","차량단독","공작물충돌","공작물충돌","운전자법규위반","안전운전 의무 불이행","기타/불명","기타/불명","승용차","중형","00","00","1099897","1761379","128.60619649","35.84384926"
"2012","2012-10-13 05:00","50","야간","토","1","1","0","0","0","서울","동대문구","차대사람","횡단중","횡단중","운전자법규위반","안전운전 의무 불이행","단일로","횡단보도상","이륜차","중형","보행자","보행자","959377","1952787","127.03996179","37.57356216"
"2012","2012-10-13 23:00","25","야간","토","1","1","0","0","0","경북","의성군","차대사람","보도통행중","보도통행중","운전자법규위반","안전운전 의무 불이행","단일로","기타단일로","승용차","대형","보행자","보행자","1085144","1820666","128.44926306","36.37968716"
"2012","2012-10-14 18:00","48","야간","일","1","1","0","0","0","경기","수원시","차대사람","횡단중","횡단중","운전자법규위반","안전운전 의무 불이행","단일로","기타단일로","승용차","중형","보행자","보행자","953902","1920807","126.97995977","37.28505569"
"2012","2012-10-18 08:00","05","주간","목","1","1","0","0","0","전남","순천시","차대차","기타","기타","운전자법규위반","안전운전 의무 불이행","교차로","교차로내","승용차","중형","원동기장치자전거","원동기장치자전거","998430","1664122","127.4835131","34.97030397"
"2012","2012-10-18 10:00","25","주간","목","1","2","1","0","0","인천","부평구","차대차","측면직각충돌","측면직각충돌","운전자법규위반","중앙선 침범","고가도로위","고가도로위","이륜차","소형","승용차","중형","932199","1947193","126.73271971","37.52154413"
"2012","2012-10-18 18:00","20","야간","목","1","1","0","0","0","경북","청송군","차대사람","횡단중","횡단중","운전자법규위반","안전운전 의무 불이행","단일로","기타단일로","화물차","소형","보행자","보행자","1139234","1837288","129.0449928","36.52425822"
"2012","2012-10-15 20:00","15","야간","월","1","1","0","0","0","충남","논산시","차대차","측면직각충돌","측면직각충돌","운전자법규위반","직진 및 우회전차의 통행방해","교차로","교차로내","이륜차","소형","승용차","중형","958520","1794190","127.03813649","36.14398098"
"2012","2012-10-19 12:00","27","주간","금","1","3","0","2","0","대전","서구","차대차","기타","기타","운전자법규위반","안전거리 미확보","교차로","교차로부근","화물차","경형","승용차","소형","990446","1819235","127.39349436","36.37051047"
"2012","2012-10-19 23:00","00","야간","금","1","1","0","0","0","경남","창원시(통합)","차대사람","차도통행중","차도통행중","운전자법규위반","안전운전 의무 불이행","교차로","교차로부근","승용차","중형","보행자","보행자","1106536","1684717","128.66963693","35.15205765"
"2012","2012-10-15 18:00","25","야간","월","1","1","0","0","0","대전","유성구","차대사람","보도통행중","보도통행중","운전자법규위반","보행자 보호의무 위반","단일로","횡단보도상","승용차","중형","보행자","보행자","989389","1824626","127.38163754","36.41910102"
"2012","2012-10-03 20:00","05","야간","수","1","1","0","0","0","인천","연수구","차대차","측면직각충돌","측면직각충돌","운전자법규위반","안전운전 의무 불이행","교차로","교차로내","자전거","자전거","승용차","소형","925003","1936133","126.65241924","37.42130636"
"2012","2012-09-29 20:00","19","야간","토","1","1","0","0","0","부산","강서구","차대차","기타","기타","운전자법규위반","신호위반","단일로","기타단일로","이륜차","소형","승용차","중형","1126800","1681328","128.89052271","35.1182026"
"2012","2012-10-05 05:00","02","야간","금","1","1","0","0","0","부산","사상구","차대사람","횡단중","횡단중","운전자법규위반","안전운전 의무 불이행","단일로","횡단보도상","승합차","소형","보행자","보행자","1135753","1688865","128.99100072","35.18592776"
"2012","2012-09-26 20:00","25","야간","수","1","1","0","0","0","서울","마포구","차대차","기타","기타","운전자법규위반","안전운전 의무 불이행","단일로","횡단보도상","승용차","소형","이륜차","중형","945995","1953142","126.88839709","37.57607398"
"2012","2012-10-01 10:00","50","주간","월","1","4","3","0","0","경남","창원시(통합)","차대차","기타","기타","운전자법규위반","안전운전 의무 불이행","단일로","기타단일로","이륜차","소형","승용차","중형","1085398","1678855","128.43699262","35.1012236"
"2012","2012-09-27 13:00","10","주간","목","1","1","0","0","0","충남","천안시","차대사람","기타","기타","운전자법규위반","보행자 보호의무 위반","단일로","기타단일로","불명","불명","보행자","보행자","965612","1882226","127.11382924","36.93779116"
"2012","2012-11-27 20:00","10","야간","화","1","1","0","0","0","서울","송파구","차대사람","횡단중","횡단중","운전자법규위반","안전운전 의무 불이행","단일로","기타단일로","승용차","중형","보행자","보행자","968452","1943869","127.14311346","37.49353606"
"2013","2013-09-16 01:00","54","야간","월","1","1","0","0","0","경기","양주시","차량단독","기타","기타","운전자법규위반","안전운전 의무 불이행","교차로","교차로부근","승용차","중형","00","00","956588","1990125","127.00614776","37.90996084"
"2013","2013-09-16 11:00","30","주간","월","1","1","0","0","0","충남","보령시","차대사람","횡단중","횡단중","운전자법규위반","안전운전 의무 불이행","단일로","기타단일로","화물차","중형","보행자","보행자","913686","1806051","126.53931226","36.2478403"
"2013","2013-09-16 13:00","56","주간","월","1","2","1","0","0","전북","임실군","차대차","정면충돌","정면충돌","운전자법규위반","중앙선 침범","단일로","기타단일로","화물차","대형","승용차","중형","978921","1734102","127.25445579","35.53689477"
"2013","2013-09-27 17:00","15","주간","금","1","1","0","0","0","경기","가평군","차량단독","공작물충돌","공작물충돌","운전자법규위반","안전운전 의무 불이행","단일로","기타단일로","이륜차","대형","00","00","994801","1966284","127.44102661","37.69609845"
"2013","2013-09-27 20:00","45","야간","금","1","2","0","1","0","경기","포천시","차대차","측면직각충돌","측면직각충돌","운전자법규위반","신호위반","교차로","교차로내","승용차","소형","승합차","대형","975894","1975704","127.22652199","37.78047256"
"2013","2013-09-26 00:00","08","야간","목","1","1","0","0","0","경기","광명시","차량단독","공작물충돌","공작물충돌","운전자법규위반","안전운전 의무 불이행","교차로","교차로내","화물차","대형","00","00","945145","1939915","126.87842689","37.45770589"
"2013","2013-09-23 13:00","52","주간","월","1","7","3","3","0","전남","장흥군","차대차","정면충돌","정면충돌","운전자법규위반","중앙선 침범","단일로","기타단일로","승합차","소형","승합차","소형","945332","1635979","126.90296344","34.71674416"
"2013","2013-09-23 20:00","30","야간","월","1","1","0","0","0","전북","전주시","차대사람","횡단중","횡단중","운전자법규위반","보행자 보호의무 위반","교차로","교차로부근","화물차","소형","보행자","보행자","964886","1756076","127.11137432","35.80050002"
"2012","2012-10-16 12:00","40","주간","화","1","1","0","0","0","광주","남구","차대차","기타","기타","운전자법규위반","교차로 통행방법 위반","교차로","교차로내","승용차","경형","불명","불명","945254","1682338","126.89907157","35.13476173"
"2012","2012-10-17 17:00","10","주간","수","1","1","0","0","0","경기","김포시","차대사람","길가장자리구역통행중","길가장자리구역통행중","운전자법규위반","안전운전 의무 불이행","단일로","기타단일로","승용차","대형","보행자","보행자","937036","1954841","126.78679765","37.59081756"
"2012","2012-10-21 09:00","55","주간","일","1","1","0","0","0","충남","금산군","차대차","정면충돌","정면충돌","운전자법규위반","중앙선 침범","단일로","기타단일로","원동기장치자전거","원동기장치자전거","승용차","중형","999625","1793535","127.49583191","36.13885798"
"2012","2012-10-18 16:00","40","주간","목","2","3","0","1","0","경기","양평군","차대차","기타","기타","운전자법규위반","안전운전 의무 불이행","단일로","기타단일로","승용차","중형","승용차","중형","1014612","1947065","127.66536284","37.52276699"
"2012","2012-10-21 06:00","47","주간","일","1","1","0","0","0","전남","해남군","차량단독","공작물충돌","공작물충돌","운전자법규위반","안전운전 의무 불이행","단일로","기타단일로","화물차","소형","00","00","918176","1615395","126.60840317","34.52932604"
"2012","2012-10-14 16:00","15","주간","일","1","1","0","0","0","경남","창원시(통합)","차량단독","공작물충돌","공작물충돌","운전자법규위반","안전운전 의무 불이행","단일로","기타단일로","농기계","농기계","00","00","1086586","1679513","128.44850717","35.10735569"
"2012","2012-10-05 05:00","15","야간","금","1","1","0","0","0","강원","고성군","차대사람","기타","기타","운전자법규위반","안전운전 의무 불이행","단일로","기타단일로","화물차","소형","보행자","보행자","1084103","2046924","128.46341832","38.41894596"
"2012","2012-10-01 18:00","14","야간","월","1","3","1","1","0","전북","군산시","차대차","추돌","진행중 추돌","운전자법규위반","과속","단일로","기타단일로","이륜차","소형","이륜차","소형","908030","1757901","126.4819697","35.81327182"
"2012","2012-09-27 17:00","13","주간","목","1","1","0","0","0","경기","양평군","차대사람","보도통행중","보도통행중","운전자법규위반","보행자 보호의무 위반","단일로","횡단보도상","건설기계","건설기계","보행자","보행자","984108","1949427","127.32010043","37.54403588"
"2012","2012-09-27 20:00","35","야간","목","1","1","0","0","0","전남","해남군","차대사람","횡단중","횡단중","운전자법규위반","안전운전 의무 불이행","단일로","기타단일로","승용차","중형","보행자","보행자","899160","1635009","126.39467418","34.70720547"
"2012","2012-10-02 22:00","20","야간","화","1","2","0","1","0","충남","아산시","차량단독","공작물충돌","공작물충돌","운전자법규위반","안전운전 의무 불이행","고가도로위","고가도로위","승용차","중형","00","00","953050","1865610","126.97379307","36.78746783"
"2012","2012-09-27 19:00","00","야간","목","1","2","0","1","0","서울","용산구","차대차","측면직각충돌","측면직각충돌","운전자법규위반","신호위반","교차로","교차로내","이륜차","중형","이륜차","중형","952439","1947149","126.96176036","37.52241345"
"2012","2012-11-30 06:00","00","주간","금","1","1","0","0","0","경북","경산시","차대사람","기타","기타","운전자법규위반","안전운전 의무 불이행","교차로","교차로부근","승용차","중형","보행자","보행자","1118301","1758425","128.80950914","35.81517383"
"2012","2012-11-29 19:00","50","야간","목","1","1","0","0","0","부산","남구","차대사람","횡단중","횡단중","운전자법규위반","안전운전 의무 불이행","단일로","기타단일로","승용차","소형","보행자","보행자","1146639","1682549","129.10940136","35.12746689"
"2012","2012-11-26 04:00","46","야간","월","1","2","0","1","0","부산","강서구","차대차","추돌","주정차중 추돌","운전자법규위반","안전운전 의무 불이행","교차로","교차로부근","화물차","중형","화물차","중형","1128738","1678022","128.91228569","35.08910763"
"2012","2012-11-23 03:00","35","야간","금","1","1","0","0","0","경남","진주시","차대차","측면직각충돌","측면직각충돌","운전자법규위반","신호위반","교차로","교차로내","화물차","소형","화물차","소형","1052364","1689491","128.07523723","35.19938527"
"2012","2012-11-22 17:00","50","주간","목","1","1","0","0","0","충남","당진시","차대사람","횡단중","횡단중","운전자법규위반","안전운전 의무 불이행","교차로","교차로내","화물차","소형","보행자","보행자","922347","1877066","126.62853765","36.88870816"
"2012","2012-11-26 20:00","35","야간","월","1","2","1","0","0","충남","부여군","차대차","측면직각충돌","측면직각충돌","운전자법규위반","안전운전 의무 불이행","단일로","기타단일로","승용차","대형","원동기장치자전거","원동기장치자전거","946796","1808916","126.90761323","36.27606029"
"2012","2012-11-10 13:00","30","주간","토","1","12","7","4","0","전북","부안군","차대차","측면직각충돌","측면직각충돌","운전자법규위반","직진 및 우회전차의 통행방해","교차로","교차로내","승합차","소형","승합차","소형","923714","1746062","126.65668693","35.70788425"
"2012","2012-11-07 17:00","42","주간","수","1","1","0","0","0","충남","천안시","차량단독","도로이탈","도로이탈 추락","운전자법규위반","기타(운전자법규위반)","교차로","교차로부근","승용차","경형","00","00","982325","1861667","127.30199003","36.75292172"
"2012","2012-11-06 22:00","30","야간","화","1","6","0","5","0","서울","강북구","차대사람","횡단중","횡단중","운전자법규위반","안전운전 의무 불이행","단일로","횡단보도상","승합차","대형","보행자","보행자","958441","1960281","127.02893653","37.64106528"
"2012","2012-11-10 23:00","20","야간","토","1","1","0","0","0","대전","서구","차대차","추돌","주정차중 추돌","운전자법규위반","안전운전 의무 불이행","교차로","교차로부근","승합차","소형","승합차","대형","986498","1811879","127.35350698","36.30526858"
"2012","2012-09-24 05:00","45","야간","월","2","3","1","0","0","경북","상주시","차량단독","공작물충돌","공작물충돌","운전자법규위반","안전운전 의무 불이행","단일로","기타단일로","승용차","중형","00","00","1058448","1820962","128.15167529","36.38434986"
"2012","2012-09-26 07:00","40","주간","수","1","4","3","0","0","경기","수원시","차량단독","공작물충돌","공작물충돌","운전자법규위반","중앙선 침범","단일로","기타단일로","승용차","중형","00","00","957226","1926262","127.01898526","37.31630059"
"2012","2012-09-26 11:00","30","주간","수","1","1","0","0","0","대구","달서구","차량단독","기타","기타","운전자법규위반","안전운전 의무 불이행","단일로","기타단일로","자전거","자전거","00","00","1088280","1760452","128.47747251","35.83660775"
"2012","2012-10-25 09:00","15","주간","목","1","1","0","0","0","충남","당진시","차대사람","횡단중","횡단중","운전자법규위반","안전운전 의무 불이행","단일로","기타단일로","화물차","중형","보행자","보행자","924793","1871242","126.65656236","36.83641075"
"2012","2012-10-22 04:00","31","야간","월","1","1","0","0","0","울산","울주군","차량단독","공작물충돌","공작물충돌","운전자법규위반","안전운전 의무 불이행","단일로","기타단일로","화물차","중형","00","00","1167439","1719274","129.34508623","35.45519934"
"2012","2012-10-26 16:00","15","주간","금","1","1","0","0","0","강원","평창군","차대차","측면직각충돌","측면직각충돌","운전자법규위반","중앙선 침범","단일로","기타단일로","원동기장치자전거","원동기장치자전거","승용차","경형","1084521","1944580","128.4561725","37.49661406"
"2012","2012-10-26 18:00","25","야간","금","1","1","0","0","0","경북","상주시","차대차","추돌","진행중 추돌","운전자법규위반","안전운전 의무 불이행","단일로","기타단일로","승용차","소형","농기계","농기계","1063165","1825571","128.20463985","36.42559989"
"2012","2012-10-23 19:00","30","야간","화","1","1","0","0","0","경남","밀양시","차대차","측면직각충돌","측면직각충돌","운전자법규위반","교차로 통행방법 위반","교차로","교차로내","승용차","중형","이륜차","소형","1120524","1712202","128.82721024","35.39824468"
"2012","2012-10-27 19:00","55","야간","토","1","1","0","0","0","경남","창원시(통합)","차대사람","기타","기타","운전자법규위반","안전운전 의무 불이행","단일로","기타단일로","승용차","중형","보행자","보행자","1103026","1696493","128.63150689","35.26036579"
"2012","2012-10-12 05:00","30","야간","금","1","1","0","0","0","경기","화성시","차량단독","공작물충돌","공작물충돌","운전자법규위반","안전운전 의무 불이행","단일로","기타단일로","승용차","소형","00","00","929717","1907726","126.70837732","37.16564071"
"2012","2012-09-17 21:00","40","야간","월","1","1","0","0","0","서울","성북구","차대차","측면직각충돌","측면직각충돌","운전자법규위반","차로위반(진로변경 위반)","단일로","기타단일로","이륜차","소형","승용차","경형","958834","1955816","127.03364243","37.60083912"
"2012","2012-09-21 19:00","30","야간","금","1","2","0","1","0","충남","아산시","차대차","정면충돌","정면충돌","운전자법규위반","중앙선 침범","단일로","기타단일로","원동기장치자전거","원동기장치자전거","승용차","경형","961093","1882141","127.06308736","36.93684911"
"2012","2012-09-21 05:00","20","야간","금","1","1","0","0","0","부산","기장군","차대차","추돌","주정차중 추돌","운전자법규위반","안전운전 의무 불이행","단일로","기타단일로","승용차","중형","승합차","대형","1161973","1704920","129.28203149","35.32673974"
"2012","2012-09-20 02:00","35","야간","목","1","1","0","0","0","전남","해남군","차대사람","기타","기타","운전자법규위반","안전운전 의무 불이행","단일로","기타단일로","화물차","소형","보행자","보행자","913126","1621701","126.55273782","34.5857723"
"2012","2012-09-19 17:00","44","주간","수","1","1","0","0","0","대전","유성구","차량단독","기타","기타","운전자법규위반","안전운전 의무 불이행","단일로","기타단일로","이륜차","중형","00","00","988884","1821251","127.37605276","36.38866863"
"2012","2012-09-24 20:00","05","야간","월","1","1","0","0","0","경북","경산시","차량단독","전도전복","전도전복","운전자법규위반","안전운전 의무 불이행","단일로","기타단일로","이륜차","중형","00","00","1116905","1758007","128.79399881","35.81157334"
"2012","2012-08-08 09:00","23","주간","수","1","1","0","0","0","충남","청양군","차대차","측면직각충돌","측면직각충돌","운전자법규위반","직진 및 우회전차의 통행방해","교차로","교차로내","이륜차","중형","화물차","소형","951340","1823525","126.9572921","36.40800066"
"2012","2012-08-04 17:00","50","주간","토","1","1","0","0","0","경북","성주군","차대차","기타","기타","운전자법규위반","중앙선 침범","단일로","기타단일로","자전거","자전거","승용차","중형","1070033","1769221","128.27622387","35.91713633"
"2012","2012-08-04 18:00","45","야간","토","2","4","2","0","0","경기","남양주시","차량단독","전도전복","전도전복","운전자법규위반","안전운전 의무 불이행","단일로","기타단일로","승용차","중형","00","00","971033","1954916","127.17187444","37.59319226"
"2012","2012-08-12 14:00","45","주간","일","1","1","0","0","0","경남","창녕군","차량단독","공작물충돌","공작물충돌","운전자법규위반","안전운전 의무 불이행","교차로","교차로부근","승용차","중형","00","00","1104376","1715226","128.64981011","35.42732881"
"2012","2012-07-07 02:00","30","야간","토","1","1","0","0","0","대전","유성구","차량단독","공작물충돌","공작물충돌","운전자법규위반","안전운전 의무 불이행","단일로","기타단일로","승용차","중형","00","00","984490","1818827","127.32710669","36.36675457"
"2012","2012-07-12 06:00","10","주간","목","1","5","4","0","0","부산","사상구","차대차","측면직각충돌","측면직각충돌","운전자법규위반","중앙선 침범","단일로","기타단일로","승용차","중형","승용차","중형","1134273","1685689","128.97423345","35.15749769"
"2012","2012-07-13 11:00","10","주간","금","1","1","0","0","0","대전","동구","차대사람","차도통행중","차도통행중","운전자법규위반","안전운전 의무 불이행","교차로","교차로내","승용차","대형","보행자","보행자","994837","1815402","127.44246955","36.33598803"
"2012","2012-07-10 16:00","05","주간","화","1","3","2","0","0","경북","영천시","차대차","기타","기타","운전자법규위반","과속","교차로","교차로내","승용차","대형","이륜차","사발이","1134801","1764150","128.99306723","35.86464582"
"2012","2012-07-09 18:00","40","야간","월","1","2","1","0","0","광주","북구","차대사람","횡단중","횡단중","운전자법규위반","보행자 보호의무 위반","단일로","횡단보도상","승용차","소형","보행자","보행자","948299","1687804","126.93215159","35.18420846"
"2012","2012-07-15 17:00","40","주간","일","1","4","0","3","0","전남","나주시","차대차","기타","기타","운전자법규위반","직진 및 우회전차의 통행방해","교차로","교차로내","승용차","소형","화물차","소형","919839","1660890","126.62219488","34.93967536"
"2012","2012-07-14 19:00","51","야간","토","1","2","0","1","0","전북","군산시","차대차","정면충돌","정면충돌","운전자법규위반","중앙선 침범","교차로","교차로부근","승용차","경형","화물차","소형","929951","1775040","126.72291585","35.96992711"
"2012","2012-07-14 15:00","05","주간","토","1","1","0","0","0","경기","의정부시","차대차","기타","기타","운전자법규위반","교차로 통행방법 위반","교차로","교차로내","이륜차","중형","자전거","자전거","960091","1967756","127.04722921","37.70851152"
"2012","2012-07-14 20:00","20","야간","토","1","2","1","0","0","인천","서구","차대차","추돌","주정차중 추돌","운전자법규위반","안전운전 의무 불이행","교차로","교차로부근","승용차","중형","이륜차","소형","928025","1947210","126.68548658","37.52138105"
"2012","2012-07-14 05:00","30","야간","토","1","1","0","0","0","세종","세종","차대차","측면직각충돌","측면직각충돌","운전자법규위반","직진 및 우회전차의 통행방해","교차로","교차로내","화물차","소형","원동기장치자전거","원동기장치자전거","984357","1838953","127.3270752","36.546843"
"2012","2012-07-13 18:00","00","야간","금","1","1","0","0","0","경기","평택시","차대사람","기타","기타","운전자법규위반","안전운전 의무 불이행","단일로","기타단일로","승합차","대형","보행자","보행자","963342","1888751","127.08802131","36.9965235"
"2012","2012-07-18 17:00","25","주간","수","1","5","2","2","0","경기","의왕시","차대차","추돌","진행중 추돌","운전자법규위반","안전운전 의무 불이행","단일로","기타단일로","화물차","소형","화물차","소형","953711","1927209","126.97740584","37.34275112"
"2012","2012-07-18 15:00","11","주간","수","1","1","0","0","0","전북","군산시","차대사람","횡단중","횡단중","운전자법규위반","보행자 보호의무 위반","교차로","교차로내","승용차","중형","보행자","보행자","928831","1774757","126.71068998","35.96696228"
"2012","2012-07-18 20:00","27","야간","수","1","1","0","0","0","전북","전주시","차대차","측면직각충돌","측면직각충돌","운전자법규위반","신호위반","단일로","기타단일로","승용차","중형","자전거","자전거","964126","1762125","127.10269142","35.85501024"
"2012","2012-07-19 06:00","00","주간","목","1","1","0","0","0","서울","관악구","차량단독","공작물충돌","공작물충돌","운전자법규위반","기타(운전자법규위반)","단일로","기타단일로","화물차","대형","00","00","950888","1943207","126.94447204","37.48680199"