"발생년","발생년월일시","발생분","주야","요일","사망자수","사상자수","중상자수","경상자수","부상신고자수","발생지시도","발생지시군구","사고유형_대분류","사고유형_중분류","사고유형","법규위반_대분류","법규위반","도로형태_대분류","도로형태","당사자종별_1당_대분류","당사자종별_1당","당사자종별_2당_대분류","당사자종별_2당","발생위치X_UTMK","발생위치Y_UTMK","경도","위도"
"2012","2012-08-24 17:00","43","주간","금","2","4","2","0","0","경북","포항시","차량단독","공작물충돌","공작물충돌","운전자법규위반","신호위반","단일로","횡단보도부근","승용차","중형","00","00","1165919","1797632","129.34460682","36.16158413"
"2012","2012-08-24 16:00","00","주간","금","1","1","0","0","0","전북","익산시","차대차","측면직각충돌","측면직각충돌","운전자법규위반","안전운전 의무 불이행","단일로","기타단일로","승용차","대형","자전거","자전거","952503","1771474","126.97341172","35.93880361"
"2012","2012-08-25 15:00","30","주간","토","1","4","3","0","0","경남","함양군","차대차","기타","기타","운전자법규위반","신호위반","교차로","교차로내","승용차","중형","승용차","중형","1028246","1723947","127.81052057","35.511796"
"2012","2012-08-27 08:00","55","주간","월","1","1","0","0","0","전북","군산시","차량단독","공작물충돌","공작물충돌","운전자법규위반","안전운전 의무 불이행","단일로","기타단일로","화물차","소형","00","00","926835","1771766","126.68883075","35.93985045"
"2012","2012-08-27 10:00","35","주간","월","1","4","2","1","0","경북","영덕군","차대차","추돌","주정차중 추돌","운전자법규위반","안전운전 의무 불이행","기타/불명","기타/불명","화물차","중형","화물차","중형","1168715","1827538","129.38214088","36.43057343"
"2012","2012-09-02 08:00","25","주간","일","1","2","0","0","1","서울","관악구","차대사람","횡단중","횡단중","운전자법규위반","안전운전 의무 불이행","단일로","기타단일로","이륜차","중형","보행자","보행자","950113","1942996","126.93572036","37.48485865"
"2012","2012-08-31 12:00","30","주간","금","1","1","0","0","0","경기","포천시","차량단독","전도전복","전도전복","운전자법규위반","안전운전 의무 불이행","교차로","교차로부근","화물차","중형","00","00","979844","2005980","127.27025842","38.0536724"
"2012","2012-08-31 08:00","38","주간","금","1","1","0","0","0","경기","용인시","차대사람","횡단중","횡단중","운전자법규위반","신호위반","교차로","교차로내","건설기계","건설기계","보행자","보행자","973963","1910208","127.2066384","37.19029478"
"2012","2012-08-31 13:00","30","주간","금","1","1","0","0","0","경북","영주시","차대차","정면충돌","정면충돌","운전자법규위반","안전운전 의무 불이행","단일로","기타단일로","원동기장치자전거","원동기장치자전거","승용차","대형","1098667","1861190","128.60519737","36.74365401"
"2012","2012-09-03 16:00","05","주간","월","1","1","0","0","0","전남","광양시","차량단독","공작물충돌","공작물충돌","운전자법규위반","안전운전 의무 불이행","단일로","기타단일로","화물차","소형","00","00","1011763","1663077","127.62884846","34.96249974"
"2012","2012-09-04 13:00","10","주간","화","1","2","1","0","0","강원","횡성군","차대차","정면충돌","정면충돌","운전자법규위반","중앙선 침범","단일로","기타단일로","화물차","중형","건설기계","건설기계","1046678","1945068","128.02934502","37.50323677"
"2012","2012-09-13 00:00","50","야간","목","1","1","0","0","0","경북","경주시","차대사람","기타","기타","운전자법규위반","안전운전 의무 불이행","단일로","기타단일로","화물차","소형","보행자","보행자","1158984","1758179","129.2596264","35.80720894"
"2012","2012-09-13 07:00","25","주간","목","1","1","0","0","0","전남","담양군","차대사람","기타","기타","운전자법규위반","안전운전 의무 불이행","단일로","기타단일로","화물차","소형","보행자","보행자","949008","1695492","126.94151992","35.25323185"
"2012","2012-09-11 12:00","40","주간","화","1","1","0","0","0","경남","진주시","차대차","측면직각충돌","측면직각충돌","운전자법규위반","신호위반","교차로","교차로내","이륜차","소형","승용차","소형","1055320","1684682","128.10738573","35.15586551"
"2012","2012-09-16 22:00","20","야간","일","1","3","0","2","0","충북","음성군","차량단독","공작물충돌","공작물충돌","운전자법규위반","안전운전 의무 불이행","교차로","교차로내","승용차","소형","00","00","1005966","1887083","127.56827214","36.98222777"
"2012","2012-09-15 23:00","15","야간","토","1","1","0","0","0","경기","군포시","차대차","측면직각충돌","측면직각충돌","운전자법규위반","중앙선 침범","단일로","기타단일로","승용차","소형","이륜차","중형","950841","1930079","126.94481492","37.3684722"
"2012","2012-09-16 19:00","09","야간","일","1","2","0","1","0","경기","평택시","차대차","기타","기타","운전자법규위반","안전운전 의무 불이행","단일로","기타단일로","승용차","소형","건설기계","건설기계","944719","1891255","126.87855347","37.0181834"
"2012","2012-09-15 10:00","20","주간","토","1","1","0","0","0","경기","가평군","차대사람","횡단중","횡단중","운전자법규위반","안전거리 미확보","교차로","교차로내","화물차","소형","보행자","보행자","1001397","1984290","127.51588116","37.85840456"
"2012","2012-09-20 06:00","05","주간","목","1","1","0","0","0","충남","당진시","차대차","추돌","주정차중 추돌","운전자법규위반","안전운전 의무 불이행","단일로","기타단일로","화물차","소형","승용차","대형","938184","1880056","126.80601129","36.91683027"
"2012","2012-09-19 15:00","30","주간","수","1","2","0","1","0","충남","천안시","차대사람","횡단중","횡단중","운전자법규위반","안전운전 의무 불이행","단일로","기타단일로","승용차","소형","보행자","보행자","967366","1866779","127.13419043","36.79860742"
"2012","2012-09-25 18:00","43","야간","화","1","1","0","0","0","경기","여주시","차대사람","차도통행중","차도통행중","운전자법규위반","안전운전 의무 불이행","단일로","기타단일로","승용차","소형","보행자","보행자","1002800","1911030","127.53155116","37.19806339"
"2012","2012-09-26 02:00","50","야간","수","1","2","1","0","0","울산","동구","차대사람","기타","기타","운전자법규위반","안전운전 의무 불이행","단일로","기타단일로","이륜차","중형","보행자","보행자","1174757","1723613","129.42661966","35.49304153"
"2012","2012-09-22 19:00","40","야간","토","1","1","0","0","0","전남","구례군","차대차","기타","기타","운전자법규위반","안전운전 의무 불이행","교차로","교차로부근","승용차","중형","자전거","자전거","1001297","1689648","127.51457813","35.20204916"
"2012","2012-08-07 22:00","45","야간","화","1","1","0","0","0","부산","해운대구","차대사람","기타","기타","운전자법규위반","안전운전 의무 불이행","단일로","기타단일로","승용차","중형","보행자","보행자","1153631","1688174","129.18715804","35.17712353"
"2012","2012-08-05 06:00","40","주간","일","1","6","2","3","0","경남","김해시","차대차","측면직각충돌","측면직각충돌","운전자법규위반","신호위반","교차로","교차로내","승합차","대형","승용차","중형","1129899","1692878","128.92735625","35.22287668"
"2012","2012-08-05 17:00","40","주간","일","1","1","0","0","0","경남","거제시","차량단독","기타","기타","운전자법규위반","안전운전 의무 불이행","단일로","기타단일로","이륜차","소형","00","00","1103681","1654016","128.6344689","34.87556694"
"2012","2012-08-08 13:00","08","주간","수","1","1","0","0","0","경기","남양주시","차대사람","기타","기타","운전자법규위반","안전운전 의무 불이행","단일로","기타단일로","특수차","대형","보행자","보행자","977969","1955994","127.25040918","37.603101"
"2012","2012-08-13 14:00","40","주간","월","1","2","0","1","0","대구","동구","차대차","추돌","주정차중 추돌","운전자법규위반","안전거리 미확보","단일로","횡단보도부근","승용차","중형","원동기장치자전거","원동기장치자전거","1104383","1765985","128.65646585","35.88490166"
"2014","2014-03-01 21:00","36","야간","토","1","1","0","0","0","경기","의왕시","차대차","추돌","주정차중 추돌","운전자법규위반","안전운전 의무 불이행","단일로","기타단일로","승용차","중형","화물차","중형","955566","1931142","126.99811167","37.378292"
"2014","2014-02-28 18:00","50","야간","금","1","1","0","0","0","충남","부여군","차대차","추돌","진행중 추돌","운전자법규위반","안전운전 의무 불이행","교차로","교차로부근","승용차","중형","자전거","자전거","931789","1799954","126.74131428","36.19432533"
"2014","2014-03-02 18:00","40","야간","일","1","1","0","0","0","충남","서천군","차량단독","기타","기타","운전자법규위반","안전운전 의무 불이행","단일로","기타단일로","원동기장치자전거","원동기장치자전거","00","00","935540","1793637","126.7835507","36.13763483"
"2014","2014-03-02 21:00","05","야간","일","1","3","0","1","1","대구","북구","차대차","추돌","주정차중 추돌","운전자법규위반","안전운전 의무 불이행","단일로","횡단보도부근","화물차","소형","승합차","대형","1094943","1766902","128.55200545","35.89412943"
"2014","2014-03-03 01:00","52","야간","월","1","1","0","0","0","경남","양산시","차량단독","전도전복","전도전복","운전자법규위반","안전운전 의무 불이행","단일로","기타단일로","이륜차","소형","00","00","1139002","1706804","129.02971089","35.3471823"
"2014","2014-03-02 22:00","00","야간","일","1","1","0","0","0","전남","보성군","차량단독","공작물충돌","공작물충돌","운전자법규위반","안전운전 의무 불이행","단일로","기타단일로","승용차","소형","00","00","967533","1639606","127.14136735","34.76041438"
"2012","2012-10-02 18:00","55","야간","화","1","1","0","0","0","전북","고창군","차대사람","횡단중","횡단중","운전자법규위반","안전운전 의무 불이행","교차로","교차로내","승용차","중형","보행자","보행자","927527","1722250","126.69504099","35.45579016"
"2014","2014-03-09 21:00","25","야간","일","1","1","0","0","0","경북","김천시","차대사람","기타","기타","운전자법규위반","안전운전 의무 불이행","단일로","기타단일로","승용차","중형","보행자","보행자","1056393","1789349","128.12648555","36.0994803"
"2014","2014-03-08 19:00","02","야간","토","1","1","0","0","0","전남","여수시","차대사람","기타","기타","운전자법규위반","안전운전 의무 불이행","기타/불명","기타/불명","승용차","중형","보행자","보행자","1014245","1640602","127.6556532","34.75979696"
"2014","2014-03-05 04:00","17","야간","수","1","1","0","0","0","경남","통영시","차량단독","공작물충돌","공작물충돌","운전자법규위반","안전운전 의무 불이행","단일로","기타단일로","승용차","경형","00","00","1084404","1652693","128.42343524","34.86542326"
"2013","2013-12-23 13:00","15","주간","월","1","1","0","0","0","서울","광진구","차대차","기타","기타","운전자법규위반","안전운전 의무 불이행","교차로","교차로내","화물차","중형","원동기장치자전거","원동기장치자전거","963601","1951123","127.08787823","37.55874069"
"2012","2012-09-08 04:00","12","야간","토","1","1","0","0","0","서울","영등포구","차대사람","횡단중","횡단중","운전자법규위반","안전운전 의무 불이행","단일로","기타단일로","승용차","대형","보행자","보행자","948488","1946492","126.91709568","37.51627957"
"2012","2012-09-13 05:00","15","야간","목","1","1","0","0","0","서울","도봉구","차대사람","횡단중","횡단중","운전자법규위반","안전운전 의무 불이행","교차로","교차로내","승용차","중형","보행자","보행자","959999","1962834","127.04645572","37.66414504"
"2013","2013-10-31 19:00","05","야간","목","1","1","0","0","0","경남","양산시","차대차","기타","기타","운전자법규위반","안전운전 의무 불이행","교차로","교차로내","승용차","중형","자전거","자전거","1138710","1706336","129.0264191","35.3430045"
"2013","2013-10-30 18:00","00","야간","수","1","1","0","0","0","경북","경주시","차량단독","전도전복","전도전복","운전자법규위반","안전운전 의무 불이행","단일로","기타단일로","이륜차","소형","00","00","1161445","1770663","129.28938059","35.91930988"
"2013","2013-10-31 23:00","15","야간","목","1","1","0","0","0","대구","달서구","차대차","측면직각충돌","측면직각충돌","운전자법규위반","신호위반","교차로","교차로내","이륜차","소형","승용차","중형","1088318","1762295","128.47809719","35.85321872"
"2013","2013-10-29 10:00","45","주간","화","1","1","0","0","0","서울","성동구","차량단독","공작물충돌","공작물충돌","운전자법규위반","안전운전 의무 불이행","단일로","기타단일로","승용차","소형","00","00","959051","1949947","127.03642872","37.54795001"
"2013","2013-10-29 09:00","10","주간","화","1","1","0","0","0","경기","광주시","차대사람","횡단중","횡단중","운전자법규위반","보행자 보호의무 위반","단일로","횡단보도상","화물차","대형","보행자","보행자","984591","1928564","127.32600414","37.35599123"
"2013","2013-10-29 05:00","30","야간","화","1","1","0","0","0","경남","창원시(통합)","차대차","기타","기타","운전자법규위반","신호위반","교차로","교차로내","이륜차","중형","승용차","중형","1108101","1690100","128.68752111","35.20041961"
"2013","2013-11-04 12:00","45","주간","월","1","1","0","0","0","부산","영도구","차대사람","횡단중","횡단중","운전자법규위반","안전운전 의무 불이행","단일로","횡단보도부근","승용차","소형","보행자","보행자","1140276","1678355","129.03823943","35.09046014"
"2013","2013-11-05 00:00","10","야간","화","1","2","1","0","0","울산","북구","차대차","추돌","진행중 추돌","운전자법규위반","중앙선 침범","단일로","기타단일로","화물차","중형","이륜차","중형","1168692","1731402","129.36140872","35.56428406"
"2013","2013-11-06 02:00","35","야간","수","1","1","0","0","0","서울","강동구","차량단독","공작물충돌","공작물충돌","운전자법규위반","안전운전 의무 불이행","단일로","기타단일로","이륜차","소형","00","00","967974","1948027","127.13752499","37.53099759"
"2013","2013-11-04 03:00","40","야간","월","1","1","0","0","0","제주","제주시","차대사람","기타","기타","운전자법규위반","안전운전 의무 불이행","단일로","기타단일로","승용차","경형","보행자","보행자","906838","1501212","126.49705684","33.49871692"
"2013","2013-11-10 23:00","10","야간","일","1","1","0","0","0","전북","정읍시","차량단독","기타","기타","운전자법규위반","안전운전 의무 불이행","교차로","교차로내","승용차","중형","00","00","948589","1739891","126.93205009","35.65385925"
"2013","2013-11-09 20:00","55","야간","토","1","2","1","0","0","부산","기장군","차량단독","전도전복","전도전복","운전자법규위반","안전운전 의무 불이행","단일로","기타단일로","승용차","중형","00","00","1152363","1705663","129.17648193","35.33494845"
"2013","2013-11-09 16:00","05","주간","토","1","1","0","0","0","인천","옹진군","차대사람","기타","기타","운전자법규위반","안전운전 의무 불이행","단일로","기타단일로","승합차","소형","보행자","보행자","879577","1915314","126.14661372","37.22642647"
"2013","2013-11-10 00:00","40","야간","일","1","1","0","0","0","경북","포항시","차량단독","공작물충돌","공작물충돌","운전자법규위반","안전운전 의무 불이행","교차로","교차로내","승용차","중형","00","00","1166278","1780386","129.34496034","36.00611679"
"2013","2013-11-10 18:00","15","야간","일","1","2","1","0","0","경북","경주시","차대차","기타","기타","운전자법규위반","안전운전 의무 불이행","단일로","기타단일로","승용차","중형","화물차","대형","1163919","1754436","129.31345582","35.77266629"
"2013","2013-12-30 06:00","10","주간","월","1","1","0","0","0","대구","달서구","차대사람","기타","기타","운전자법규위반","안전운전 의무 불이행","단일로","기타단일로","승용차","중형","보행자","보행자","1096984","1762757","128.57402254","35.85482472"
"2013","2013-12-19 02:00","26","야간","목","1","5","4","0","0","인천","남동구","차대차","추돌","주정차중 추돌","운전자법규위반","안전운전 의무 불이행","교차로","교차로내","승용차","중형","승용차","중형","930870","1939176","126.71843427","37.44918947"
"2013","2013-12-24 01:00","00","야간","화","1","1","0","0","0","강원","영월군","차대사람","기타","기타","운전자법규위반","안전운전 의무 불이행","단일로","기타단일로","승용차","소형","보행자","보행자","1092160","1910033","128.5382832","37.18453093"
"2013","2013-12-26 08:00","40","주간","목","1","1","0","0","0","충남","서산시","차대사람","차도통행중","차도통행중","운전자법규위반","안전운전 의무 불이행","단일로","기타단일로","건설기계","건설기계","보행자","보행자","898939","1865854","126.36737335","36.78543871"
"2013","2013-12-26 08:00","30","주간","목","1","1","0","0","0","충남","서산시","차량단독","전도전복","전도전복","운전자법규위반","안전운전 의무 불이행","단일로","기타단일로","승용차","소형","00","00","910824","1868247","126.50027287","36.80820134"
"2013","2013-12-25 21:00","53","야간","수","1","1","0","0","0","경기","화성시","차대사람","횡단중","횡단중","운전자법규위반","안전운전 의무 불이행","교차로","교차로부근","승용차","중형","보행자","보행자","937905","1911841","126.80025292","37.20331133"
"2013","2013-12-28 05:00","35","야간","토","1","1","0","0","0","부산","사하구","차대차","기타","기타","운전자법규위반","안전운전 의무 불이행","단일로","기타단일로","특수차","대형","이륜차","소형","1136075","1678612","128.99284759","35.09346199"
"2013","2013-12-29 22:00","25","야간","일","1","2","1","0","0","경기","포천시","차량단독","공작물충돌","공작물충돌","운전자법규위반","안전운전 의무 불이행","단일로","기타단일로","승용차","소형","00","00","977074","1994685","127.23904678","37.95180685"
"2013","2013-12-29 14:00","30","주간","일","1","1","0","0","0","전남","목포시","차대차","추돌","주정차중 추돌","운전자법규위반","기타(운전자법규위반)","단일로","기타단일로","화물차","소형","원동기장치자전거","원동기장치자전거","897214","1645413","126.37637693","34.79809375"
"2013","2013-12-19 17:00","18","주간","목","1","1","0","0","0","경기","안양시","차대사람","기타","기타","운전자법규위반","안전운전 의무 불이행","단일로","기타단일로","승합차","중형","보행자","보행자","948813","1933249","126.91974138","37.39949425"
"2013","2013-12-10 16:00","10","주간","화","1","1","0","0","0","전북","완주군","차대차","추돌","진행중 추돌","운전자법규위반","안전운전 의무 불이행","단일로","기타단일로","화물차","중형","승용차","대형","959581","1760612","127.052433","35.84119221"
"2013","2013-12-11 06:00","30","주간","수","1","2","1","0","0","전북","익산시","차대차","추돌","진행중 추돌","운전자법규위반","안전운전 의무 불이행","교차로","교차로부근","승용차","중형","화물차","중형","952860","1771683","126.97735714","35.94070518"
"2013","2013-12-13 17:00","40","주간","금","1","1","0","0","0","충남","예산군","차대사람","횡단중","횡단중","운전자법규위반","안전운전 의무 불이행","단일로","기타단일로","화물차","소형","보행자","보행자","935976","1854565","126.78377516","36.68713245"
"2013","2013-12-13 06:00","50","주간","금","1","1","0","0","0","전북","익산시","차대사람","횡단중","횡단중","운전자법규위반","신호위반","교차로","교차로부근","승용차","소형","보행자","보행자","955580","1767850","127.00772706","35.90627541"
"2013","2013-12-08 08:00","05","주간","일","1","1","0","0","0","전북","장수군","차대사람","길가장자리구역통행중","길가장자리구역통행중","운전자법규위반","안전운전 의무 불이행","단일로","기타단일로","승합차","소형","보행자","보행자","1004132","1726260","127.54557849","35.53228517"
"2013","2013-12-18 15:00","40","주간","수","1","1","0","0","0","경기","용인시","차대차","측면직각충돌","측면직각충돌","운전자법규위반","신호위반","교차로","교차로부근","원동기장치자전거","원동기장치자전거","화물차","중형","976468","1922411","127.23447657","37.30035864"
"2013","2013-12-15 20:00","30","야간","일","1","1","0","0","0","충북","충주시","차대차","측면직각충돌","측면직각충돌","운전자법규위반","중앙선 침범","교차로","교차로부근","원동기장치자전거","원동기장치자전거","승용차","소형","1038723","1887183","127.93510495","36.98230644"
"2013","2013-12-15 21:00","40","야간","일","1","1","0","0","0","광주","서구","차대사람","횡단중","횡단중","운전자법규위반","안전운전 의무 불이행","교차로","교차로내","승용차","대형","보행자","보행자","943879","1685589","126.88375847","35.16399923"
"2013","2013-12-12 06:00","20","주간","목","1","1","0","0","0","경기","수원시","차대사람","기타","기타","운전자법규위반","신호위반","교차로","교차로내","화물차","중형","보행자","보행자","953680","1920545","126.97858648","37.28274011"
"2013","2013-12-13 17:00","50","주간","금","1","1","0","0","0","경남","거창군","차대차","측면직각충돌","측면직각충돌","운전자법규위반","교차로 통행방법 위반","교차로","교차로내","승용차","중형","원동기장치자전거","원동기장치자전거","1037984","1744036","127.9198184","35.69183952"
"2013","2013-12-12 17:00","59","주간","목","1","1","0","0","0","전남","목포시","차대사람","횡단중","횡단중","운전자법규위반","안전운전 의무 불이행","단일로","기타단일로","승합차","대형","보행자","보행자","897762","1645446","126.38236246","34.79844644"
"2014","2014-02-17 13:00","37","주간","월","1","1","0","0","0","전남","강진군","차량단독","도로이탈","도로이탈 기타","운전자법규위반","안전운전 의무 불이행","단일로","기타단일로","승용차","중형","00","00","928690","1615018","126.72299077","34.52670911"
"2014","2014-02-18 06:00","35","주간","화","1","2","0","1","0","경기","광주시","차대차","정면충돌","정면충돌","운전자법규위반","중앙선 침범","단일로","기타단일로","승용차","중형","건설기계","건설기계","980462","1941945","127.27901496","37.47656219"
"2014","2014-02-26 00:00","20","야간","수","1","2","1","0","0","경기","성남시","차량단독","공작물충돌","공작물충돌","운전자법규위반","과속","교차로","교차로내","승용차","중형","00","00","964958","1930517","127.10418054","37.35742197"
"2014","2014-02-27 08:00","50","주간","목","1","4","1","2","0","경남","김해시","차대차","측면직각충돌","측면직각충돌","운전자법규위반","교차로 통행방법 위반","교차로","교차로내","이륜차","소형","승용차","중형","1125994","1693896","128.88461457","35.23255168"
"2014","2014-02-25 18:00","40","야간","화","1","1","0","0","0","충남","당진시","차대차","기타","기타","운전자법규위반","안전운전 의무 불이행","단일로","기타단일로","건설기계","건설기계","농기계","농기계","925931","1866319","126.66980303","36.79212585"
"2012","2012-09-19 08:00","00","주간","수","1","1","0","0","0","충남","당진시","차대사람","길가장자리구역통행중","길가장자리구역통행중","운전자법규위반","안전운전 의무 불이행","교차로","교차로부근","화물차","소형","보행자","보행자","939339","1869540","126.81077208","36.84183089"
"2012","2012-09-24 12:00","35","주간","월","1","1","0","0","0","서울","마포구","차대사람","기타","기타","운전자법규위반","안전운전 의무 불이행","단일로","기타단일로","승용차","중형","보행자","보행자","947592","1952583","126.90652209","37.57112799"
"2012","2012-09-22 10:00","55","주간","토","1","1","0","0","0","세종","세종","차대차","추돌","진행중 추돌","운전자법규위반","안전운전 의무 불이행","교차로","교차로부근","원동기장치자전거","원동기장치자전거","승용차","중형","981999","1843427","127.29876654","36.58848428"
"2012","2012-08-07 18:00","25","야간","화","1","2","0","1","0","경기","성남시","차대사람","기타","기타","운전자법규위반","안전운전 의무 불이행","교차로","교차로부근","승용차","대형","보행자","보행자","967493","1936689","127.13258178","37.42878557"
"2012","2012-08-10 02:00","15","야간","금","1","2","1","0","0","전남","목포시","차량단독","도로이탈","도로이탈 추락","운전자법규위반","안전운전 의무 불이행","단일로","기타단일로","승용차","중형","00","00","902944","1645407","126.43900633","34.7986018"
"2012","2012-08-16 09:00","22","주간","목","1","1","0","0","0","경북","울진군","차대차","측면직각충돌","측면직각충돌","운전자법규위반","차로위반(진로변경 위반)","교차로","교차로내","이륜차","사발이","건설기계","건설기계","1168435","1885202","129.39170727","36.95017563"
"2012","2012-08-15 07:00","10","주간","수","1","2","0","1","0","경남","사천시","차대차","측면직각충돌","측면직각충돌","운전자법규위반","중앙선 침범","교차로","교차로내","승합차","대형","승용차","대형","1055151","1674820","128.1017278","35.06880654"
"2013","2013-11-15 17:00","12","주간","금","1","1","0","0","0","울산","북구","차대사람","기타","기타","운전자법규위반","안전운전 의무 불이행","단일로","기타단일로","승용차","중형","보행자","보행자","1172128","1727293","129.39218495","35.54854239"
"2013","2013-11-11 20:00","00","야간","월","1","1","0","0","0","경남","창원시(통합)","차대사람","횡단중","횡단중","운전자법규위반","안전운전 의무 불이행","단일로","기타단일로","이륜차","소형","보행자","보행자","1109056","1689427","128.69792094","35.19424907"
"2013","2013-11-12 06:00","10","주간","화","1","1","0","0","0","경북","구미시","차대차","기타","기타","운전자법규위반","신호위반","교차로","교차로내","승용차","소형","이륜차","소형","1077584","1788675","128.36181522","36.09194234"
"2013","2013-11-12 08:00","30","주간","화","1","1","0","0","0","충남","논산시","차대차","추돌","진행중 추돌","운전자법규위반","안전운전 의무 불이행","교차로","교차로부근","이륜차","소형","승합차","대형","976484","1793302","127.23863031","36.13647221"
"2013","2013-11-13 18:00","50","야간","수","1","1","0","0","0","충남","부여군","차대차","정면충돌","정면충돌","운전자법규위반","안전운전 의무 불이행","교차로","교차로내","승용차","중형","이륜차","소형","953076","1796414","126.97828249","36.1636777"
"2013","2013-11-12 10:00","10","주간","화","1","2","1","0","0","경북","청도군","차대차","정면충돌","정면충돌","운전자법규위반","중앙선 침범","단일로","기타단일로","화물차","소형","화물차","소형","1097794","1737113","128.57995507","35.62530986"
"2013","2013-11-12 11:00","35","주간","화","1","1","0","0","0","경남","하동군","차대사람","횡단중","횡단중","운전자법규위반","안전운전 의무 불이행","교차로","교차로부근","화물차","소형","보행자","보행자","1028003","1667058","127.80686895","34.99807878"
"2012","2012-07-30 17:00","57","주간","월","1","4","0","3","0","전북","순창군","차대차","정면충돌","정면충돌","운전자법규위반","중앙선 침범","단일로","기타단일로","승용차","소형","승용차","대형","966679","1707629","127.13321528","35.36374569"
"2012","2012-06-24 14:00","25","주간","일","1","6","2","3","0","충북","제천시","차대차","측면직각충돌","측면직각충돌","운전자법규위반","서행 및 일시정지위반","교차로","교차로내","화물차","소형","승용차","대형","1058275","1905288","128.15619124","37.14449184"
"2013","2013-11-18 20:00","48","야간","월","1","1","0","0","0","울산","중구","차대사람","기타","기타","운전자법규위반","안전운전 의무 불이행","교차로","교차로내","화물차","소형","보행자","보행자","1166516","1730440","129.33721113","35.55598283"
"2013","2013-11-17 04:00","45","야간","일","1","1","0","0","0","강원","정선군","차대사람","기타","기타","운전자법규위반","안전운전 의무 불이행","교차로","교차로내","화물차","소형","보행자","보행자","1118759","1913271","128.83821198","37.21077494"
"2013","2013-11-16 23:00","50","야간","토","1","2","0","1","0","광주","광산구","차대차","추돌","진행중 추돌","운전자법규위반","안전운전 의무 불이행","단일로","기타단일로","승용차","대형","이륜차","소형","936703","1690238","126.80460964","35.20549052"
"2013","2013-11-25 19:00","07","야간","월","1","1","0","0","0","경북","포항시","차대사람","기타","기타","운전자법규위반","안전운전 의무 불이행","단일로","기타단일로","화물차","소형","보행자","보행자","1170109","1795402","129.39068409","36.14076352"
"2013","2013-11-26 06:00","48","주간","화","1","1","0","0","0","경북","구미시","차대사람","기타","기타","운전자법규위반","안전운전 의무 불이행","단일로","기타단일로","승용차","중형","보행자","보행자","1076340","1791941","128.34831458","36.12148323"
"2013","2013-11-22 20:00","30","야간","금","1","1","0","0","0","충남","서산시","차대차","추돌","진행중 추돌","운전자법규위반","안전운전 의무 불이행","단일로","기타단일로","특수차","대형","이륜차","소형","905690","1881856","126.44103393","36.93036272"
"2013","2013-11-23 15:00","27","주간","토","1","1","0","0","0","경남","고성군","차량단독","기타","기타","운전자법규위반","안전운전 의무 불이행","단일로","기타단일로","농기계","농기계","00","00","1058079","1658356","128.13583502","34.91833285"
"2013","2013-11-23 19:00","24","야간","토","1","1","0","0","0","인천","남동구","차대사람","기타","기타","운전자법규위반","안전운전 의무 불이행","단일로","기타단일로","승용차","소형","보행자","보행자","931734","1939113","126.72820745","37.44868585"
"2013","2013-10-25 21:00","45","야간","금","1","1","0","0","0","경기","광주시","차대사람","횡단중","횡단중","운전자법규위반","안전운전 의무 불이행","교차로","교차로내","승용차","중형","보행자","보행자","982515","1930201","127.30304231","37.37017423"
"2013","2013-10-25 02:00","50","야간","금","2","2","0","0","0","경남","창원시(통합)","차대차","측면직각충돌","측면직각충돌","운전자법규위반","신호위반","교차로","교차로내","승용차","소형","승용차","중형","1106788","1691819","128.67332307","35.21605738"
"2013","2013-10-22 23:00","30","야간","화","1","1","0","0","0","경기","평택시","차대차","측면직각충돌","측면직각충돌","운전자법규위반","안전운전 의무 불이행","교차로","교차로내","승용차","중형","이륜차","소형","960298","1885112","127.05348712","36.96360429"
"2013","2013-10-30 16:00","48","주간","수","1","7","2","4","0","강원","고성군","차대차","정면충돌","정면충돌","운전자법규위반","중앙선 침범","단일로","기타단일로","승용차","대형","승합차","대형","1080654","2042255","128.42298651","38.3775854"
"2013","2013-10-29 18:00","00","야간","화","1","1","0","0","0","경기","시흥시","차량단독","기타","기타","운전자법규위반","안전운전 의무 불이행","단일로","기타단일로","원동기장치자전거","원동기장치자전거","00","00","938163","1938711","126.80092008","37.44551488"
"2013","2013-10-30 13:00","30","주간","수","1","1","0","0","0","경기","시흥시","차대사람","기타","기타","운전자법규위반","신호위반","교차로","교차로내","화물차","소형","보행자","보행자","937817","1938576","126.79702013","37.44427491"
"2013","2013-10-29 18:00","13","야간","화","1","1","0","0","0","충남","서천군","차대사람","횡단중","횡단중","운전자법규위반","안전운전 의무 불이행","단일로","기타단일로","화물차","소형","보행자","보행자","924830","1789132","126.66495368","36.09625196"
"2013","2013-10-29 20:00","50","야간","화","1","2","0","1","0","충남","공주시","차대차","추돌","진행중 추돌","운전자법규위반","안전운전 의무 불이행","기타/불명","기타/불명","화물차","경형","농기계","농기계","959444","1831506","127.04725587","36.48032585"
"2013","2013-11-04 18:00","50","야간","월","1","1","0","0","0","충북","청원군","차대사람","횡단중","횡단중","운전자법규위반","신호위반","교차로","교차로내","승합차","대형","보행자","보행자","1011662","1846014","127.63299713","36.61473254"
"2013","2013-11-02 04:00","39","야간","토","1","1","0","0","0","서울","중랑구","차대사람","기타","기타","운전자법규위반","안전운전 의무 불이행","단일로","횡단보도상","승용차","중형","보행자","보행자","962906","1954229","127.07985216","37.58670831"