"발생년","발생년월일시","발생분","주야","요일","사망자수","사상자수","중상자수","경상자수","부상신고자수","발생지시도","발생지시군구","사고유형_대분류","사고유형_중분류","사고유형","법규위반_대분류","법규위반","도로형태_대분류","도로형태","당사자종별_1당_대분류","당사자종별_1당","당사자종별_2당_대분류","당사자종별_2당","발생위치X_UTMK","발생위치Y_UTMK","경도","위도"
"2013","2013-07-26 09:00","58","주간","금","1","18","6","11","0","경북","문경시","차대차","측면직각충돌","측면직각충돌","운전자법규위반","교차로 통행방법 위반","교차로","교차로내","승합차","대형","화물차","소형","1057999","1861603","128.1497307","36.75073569"
"2013","2013-07-26 20:00","40","야간","금","1","1","0","0","0","인천","동구","차대사람","횡단중","횡단중","운전자법규위반","안전운전 의무 불이행","단일로","기타단일로","승용차","대형","보행자","보행자","926384","1942457","126.66739361","37.47841411"
"2013","2013-07-28 03:00","55","야간","일","1","1","0","0","0","부산","사상구","차대사람","횡단중","횡단중","운전자법규위반","안전운전 의무 불이행","단일로","기타단일로","승용차","중형","보행자","보행자","1137695","1685038","129.0116848","35.15116659"
"2013","2013-08-03 21:00","35","야간","토","1","1","0","0","0","경북","포항시","차대사람","기타","기타","운전자법규위반","안전운전 의무 불이행","단일로","기타단일로","화물차","소형","보행자","보행자","1168488","1783658","129.37026903","36.0348503"
"2013","2013-08-03 20:00","38","야간","토","1","1","0","0","0","서울","종로구","차대사람","차도통행중","차도통행중","운전자법규위반","안전운전 의무 불이행","단일로","횡단보도상","승용차","중형","보행자","보행자","954911","1952448","126.98940885","37.57029877"
"2013","2013-07-30 21:00","20","야간","화","1","2","1","0","0","서울","중랑구","차량단독","전도전복","전도전복","운전자법규위반","안전운전 의무 불이행","고가도로위","고가도로위","이륜차","중형","00","00","962381","1955868","127.07382162","37.60145975"
"2013","2013-07-30 15:00","43","주간","화","1","1","0","0","0","서울","용산구","차대차","측면직각충돌","측면직각충돌","운전자법규위반","안전거리 미확보","단일로","기타단일로","승용차","중형","이륜차","중형","954307","1948512","126.98281458","37.53479296"
"2013","2013-07-30 14:00","05","주간","화","1","1","0","0","0","충남","홍성군","차대사람","횡단중","횡단중","운전자법규위반","안전운전 의무 불이행","교차로","교차로부근","승용차","대형","보행자","보행자","925132","1845997","126.6628373","36.60888217"
"2013","2013-08-02 12:00","25","주간","금","1","1","0","0","0","전남","화순군","차대차","측면직각충돌","측면직각충돌","운전자법규위반","교차로 통행방법 위반","교차로","교차로내","승용차","중형","원동기장치자전거","원동기장치자전거","951758","1672005","126.9710628","35.04192282"
"2013","2013-08-08 05:00","00","야간","목","1","1","0","0","0","경기","김포시","차량단독","도로이탈","도로이탈 추락","운전자법규위반","안전운전 의무 불이행","단일로","기타단일로","승용차","중형","00","00","928014","1959739","126.68682403","37.63156903"
"2013","2013-08-08 12:00","10","주간","목","1","1","0","0","0","경남","창원시(통합)","차대차","측면직각충돌","측면직각충돌","운전자법규위반","교차로 통행방법 위반","교차로","교차로내","건설기계","건설기계","이륜차","소형","1089883","1680767","128.48640374","35.1180718"
"2013","2013-08-06 10:00","30","주간","화","1","2","1","0","0","충북","옥천군","차대차","측면직각충돌","측면직각충돌","운전자법규위반","신호위반","교차로","교차로내","화물차","소형","이륜차","중형","1003208","1814732","127.53560861","36.32989582"
"2013","2013-08-06 12:00","19","주간","화","1","2","1","0","0","충남","보령시","차대차","정면충돌","정면충돌","운전자법규위반","중앙선 침범","단일로","기타단일로","화물차","소형","화물차","소형","923674","1815813","126.64951382","36.33668099"
"2013","2013-08-06 18:00","00","야간","화","1","1","0","0","0","충남","홍성군","차량단독","기타","기타","운전자법규위반","안전운전 의무 불이행","단일로","기타단일로","원동기장치자전거","원동기장치자전거","00","00","931819","1849884","126.73725884","36.64442215"
"2013","2013-08-06 23:00","30","야간","화","1","2","1","0","0","충북","음성군","차량단독","도로이탈","도로이탈 추락","운전자법규위반","안전운전 의무 불이행","단일로","기타단일로","승용차","중형","00","00","1016663","1879868","127.68707188","36.91701537"
"2013","2013-08-07 05:00","00","야간","수","2","3","1","0","0","충남","태안군","차대사람","기타","기타","운전자법규위반","안전운전 의무 불이행","단일로","기타단일로","승용차","중형","보행자","보행자","895660","1834382","126.33491173","36.50142299"
"2013","2013-08-14 17:00","10","주간","수","1","1","0","0","0","경기","화성시","차대차","추돌","진행중 추돌","운전자법규위반","신호위반","교차로","교차로내","이륜차","소형","승용차","소형","940102","1911635","126.8250258","37.2015982"
"2013","2013-08-15 06:00","57","주간","목","1","3","1","1","0","서울","강북구","차대차","기타","기타","운전자법규위반","안전거리 미확보","교차로","교차로내","원동기장치자전거","원동기장치자전거","승용차","중형","958517","1957620","127.02994902","37.61708468"
"2013","2013-08-13 17:00","00","주간","화","1","1","0","0","0","대전","중구","차량단독","공작물충돌","공작물충돌","운전자법규위반","안전운전 의무 불이행","단일로","기타단일로","승용차","중형","00","00","991691","1816132","127.40740643","36.34254727"
"2013","2013-08-19 18:00","35","야간","월","1","1","0","0","0","부산","사상구","차대사람","횡단중","횡단중","운전자법규위반","안전운전 의무 불이행","교차로","교차로내","승용차","경형","보행자","보행자","1135782","1689264","128.99138486","35.18952046"
"2013","2013-08-16 05:00","30","야간","금","1","1","0","0","0","경기","시흥시","차대사람","기타","기타","운전자법규위반","안전운전 의무 불이행","교차로","교차로내","승용차","중형","보행자","보행자","937020","1931130","126.78864558","37.37710939"
"2013","2013-08-16 18:00","00","야간","금","1","1","0","0","0","전남","나주시","차량단독","전도전복","전도전복","운전자법규위반","안전운전 의무 불이행","단일로","기타단일로","농기계","농기계","00","00","923860","1661868","126.66613342","34.94880373"
"2013","2013-08-16 17:00","45","주간","금","1","1","0","0","0","전남","곡성군","차대차","기타","기타","운전자법규위반","안전운전 의무 불이행","교차로","교차로내","화물차","소형","이륜차","사발이","987246","1684548","127.35996626","35.15609875"
"2013","2013-08-17 07:00","20","주간","토","1","1","0","0","0","경기","고양시","차대사람","기타","기타","운전자법규위반","보행자 보호의무 위반","단일로","기타단일로","건설기계","건설기계","보행자","보행자","947204","1968771","126.90095796","37.71700751"
"2013","2013-08-16 22:00","00","야간","금","1","1","0","0","0","경기","고양시","차대사람","기타","기타","운전자법규위반","안전운전 의무 불이행","기타/불명","기타/불명","승용차","중형","보행자","보행자","937543","1961808","126.79194478","37.65364423"
"2013","2013-08-24 14:00","20","주간","토","1","1","0","0","0","경기","부천시","차대차","측면직각충돌","측면직각충돌","운전자법규위반","안전거리 미확보","단일로","기타단일로","자전거","자전거","승용차","중형","935907","1944196","126.77494001","37.49479752"
"2013","2013-07-10 17:00","25","주간","수","1","2","0","1","0","전남","순천시","차대차","추돌","진행중 추돌","운전자법규위반","안전거리 미확보","교차로","교차로내","승용차","대형","화물차","소형","998575","1662700","127.48437187","34.95922158"
"2013","2013-07-18 16:00","15","주간","목","1","1","0","0","0","서울","강서구","차대사람","차도통행중","차도통행중","운전자법규위반","안전운전 의무 불이행","교차로","교차로부근","승용차","중형","보행자","보행자","942125","1949328","126.8448732","37.54146326"
"2013","2013-07-19 13:00","40","주간","금","1","1","0","0","0","강원","속초시","차대차","측면직각충돌","측면직각충돌","운전자법규위반","부당한 회전","교차로","교차로내","자전거","자전거","승용차","중형","1095758","2023948","128.5937928","38.21074113"
"2013","2013-07-19 09:00","30","주간","금","1","1","0","0","0","세종","세종","차대사람","횡단중","횡단중","운전자법규위반","안전운전 의무 불이행","단일로","횡단보도부근","승합차","대형","보행자","보행자","981860","1844843","127.29717376","36.6012135"
"2013","2013-07-17 18:00","20","야간","수","1","1","0","0","0","경기","의정부시","차대사람","기타","기타","운전자법규위반","안전운전 의무 불이행","단일로","기타단일로","승용차","중형","보행자","보행자","959456","1970460","127.03987457","37.73285489"
"2013","2013-07-22 13:00","58","주간","월","1","2","1","0","0","제주","서귀포시","차량단독","공작물충돌","공작물충돌","운전자법규위반","안전운전 의무 불이행","단일로","기타단일로","이륜차","소형","00","00","896280","1472571","126.3867068","33.23945657"
"2013","2013-10-02 02:00","10","야간","수","1","1","0","0","0","경남","양산시","차량단독","전도전복","전도전복","운전자법규위반","안전운전 의무 불이행","교차로","교차로부근","이륜차","소형","00","00","1151060","1712607","129.16343398","35.39773328"
"2013","2013-10-02 01:00","30","야간","수","1","1","0","0","0","경남","김해시","차대차","측면직각충돌","측면직각충돌","운전자법규위반","과속","교차로","교차로내","승용차","중형","이륜차","중형","1127910","1693462","128.90559741","35.22839678"
"2013","2013-09-30 09:00","10","주간","월","1","1","0","0","0","경기","부천시","차대차","측면직각충돌","측면직각충돌","운전자법규위반","안전운전 의무 불이행","교차로","교차로내","승용차","소형","이륜차","소형","938304","1946662","126.80184753","37.51718686"
"2013","2013-10-02 07:00","15","주간","수","1","1","0","0","0","충남","천안시","차대사람","횡단중","횡단중","운전자법규위반","보행자 보호의무 위반","단일로","기타단일로","화물차","중형","보행자","보행자","976379","1864025","127.23530555","36.77404888"
"2013","2013-10-02 07:00","25","주간","수","1","1","0","0","0","충남","천안시","차대차","측면직각충돌","측면직각충돌","운전자법규위반","기타(운전자법규위반)","단일로","기타단일로","자전거","자전거","화물차","대형","966907","1869751","127.1289161","36.82538266"
"2013","2013-10-01 19:00","04","야간","화","1","1","0","0","0","충남","홍성군","차대차","기타","기타","운전자법규위반","안전운전 의무 불이행","단일로","기타단일로","승용차","중형","농기계","농기계","909802","1841331","126.49198863","36.56549705"
"2013","2013-10-07 20:00","15","야간","월","1","1","0","0","0","충남","천안시","차대사람","차도통행중","차도통행중","운전자법규위반","안전운전 의무 불이행","단일로","기타단일로","승용차","소형","보행자","보행자","968388","1871256","127.1454602","36.83900017"
"2013","2013-10-06 18:00","20","야간","일","1","1","0","0","0","강원","강릉시","차대사람","기타","기타","운전자법규위반","안전운전 의무 불이행","단일로","기타단일로","승용차","대형","보행자","보행자","1121010","1974491","128.87377041","37.76191262"
"2013","2013-10-03 05:00","35","야간","목","1","1","0","0","0","서울","강남구","차대사람","기타","기타","운전자법규위반","중앙선 침범","단일로","기타단일로","승용차","중형","보행자","보행자","959609","1942571","127.04330584","37.48168561"
"2013","2013-10-16 11:00","20","주간","수","1","2","0","1","0","전남","나주시","차량단독","공작물충돌","공작물충돌","운전자법규위반","안전운전 의무 불이행","단일로","기타단일로","승용차","소형","00","00","941711","1672941","126.86084484","35.04983234"
"2012","2012-10-18 18:00","15","야간","목","1","1","0","0","0","충남","서천군","차대차","추돌","진행중 추돌","운전자법규위반","중앙선 침범","기타/불명","기타/불명","이륜차","소형","승용차","중형","928775","1779155","126.70967362","36.00660662"
"2012","2012-10-19 09:00","03","주간","금","1","1","0","0","0","충남","아산시","차대사람","보도통행중","보도통행중","운전자법규위반","안전운전 의무 불이행","단일로","횡단보도부근","화물차","대형","보행자","보행자","955803","1865091","127.00467722","36.78292184"
"2012","2012-09-28 11:00","17","주간","금","1","1","0","0","0","부산","영도구","차대차","추돌","진행중 추돌","운전자법규위반","안전거리 미확보","단일로","기타단일로","자전거","자전거","승용차","중형","1142918","1678736","129.06791758","35.09363229"
"2012","2012-10-02 03:00","48","야간","화","1","1","0","0","0","광주","북구","차대사람","횡단중","횡단중","운전자법규위반","안전운전 의무 불이행","단일로","기타단일로","승용차","중형","보행자","보행자","945228","1688009","126.89840982","35.18589404"
"2012","2012-09-28 01:00","17","야간","금","1","1","0","0","0","부산","해운대구","차대사람","기타","기타","운전자법규위반","안전운전 의무 불이행","단일로","기타단일로","불명","불명","보행자","보행자","1147714","1687896","129.12215207","35.17550535"
"2012","2012-09-29 13:00","30","주간","토","1","1","0","0","0","경남","밀양시","차대차","추돌","주정차중 추돌","운전자법규위반","안전운전 의무 불이행","단일로","기타단일로","이륜차","중형","이륜차","중형","1099283","1731638","128.5957226","35.57580483"
"2012","2012-09-29 00:00","30","야간","토","1","2","0","1","0","충북","청원군","차대차","측면직각충돌","측면직각충돌","운전자법규위반","교차로 통행방법 위반","교차로","교차로내","승용차","경형","승용차","중형","989419","1851311","127.38160597","36.65966957"
"2012","2012-10-04 14:00","00","주간","목","1","1","0","0","0","전남","보성군","차대사람","기타","기타","운전자법규위반","안전운전 의무 불이행","단일로","기타단일로","화물차","중형","보행자","보행자","975206","1643846","127.22898457","34.7888484"
"2012","2012-11-29 04:00","07","야간","목","1","1","0","0","0","대구","수성구","차대사람","기타","기타","운전자법규위반","안전운전 의무 불이행","단일로","기타단일로","승용차","대형","보행자","보행자","1101428","1761239","128.62306118","35.84153808"
"2012","2012-11-25 19:00","35","야간","일","1","1","0","0","0","강원","춘천시","차대사람","기타","기타","운전자법규위반","기타(운전자법규위반)","기타/불명","기타/불명","화물차","소형","보행자","보행자","1018977","1986113","127.7157786","37.87463879"
"2012","2012-11-22 09:00","20","주간","목","1","1","0","0","0","대구","동구","차대차","측면직각충돌","측면직각충돌","운전자법규위반","안전운전 의무 불이행","단일로","기타단일로","이륜차","소형","승용차","중형","1102140","1766038","128.63137385","35.88575371"
"2012","2012-11-22 15:00","25","주간","목","1","1","0","0","0","충북","옥천군","차대사람","길가장자리구역통행중","길가장자리구역통행중","운전자법규위반","안전운전 의무 불이행","단일로","기타단일로","농기계","농기계","보행자","보행자","1005041","1813647","127.55615967","36.32016657"
"2012","2012-11-23 18:00","15","야간","금","1","1","0","0","0","경북","예천군","차대사람","길가장자리구역통행중","길가장자리구역통행중","운전자법규위반","안전운전 의무 불이행","단일로","기타단일로","승용차","중형","보행자","보행자","1082103","1847265","128.41818991","36.61971599"
"2012","2012-11-24 15:00","45","주간","토","1","1","0","0","0","경기","구리시","차대사람","보도통행중","보도통행중","운전자법규위반","보행자 보호의무 위반","교차로","교차로내","화물차","경형","보행자","보행자","968510","1955446","127.14327268","37.59788642"
"2012","2012-11-28 15:00","20","주간","수","1","1","0","0","0","경남","남해군","차대차","정면충돌","정면충돌","운전자법규위반","중앙선 침범","기타/불명","기타/불명","승용차","소형","건설기계","건설기계","1048053","1656923","128.02589648","34.90595441"
"2012","2012-11-28 16:00","43","주간","수","1","1","0","0","0","전남","신안군","차량단독","도로이탈","도로이탈 기타","운전자법규위반","안전운전 의무 불이행","단일로","기타단일로","화물차","소형","00","00","856333","1633880","125.93157312","34.68918492"
"2012","2012-11-10 16:00","30","주간","토","2","2","0","0","0","경남","창원시(통합)","차량단독","공작물충돌","공작물충돌","운전자법규위반","안전운전 의무 불이행","단일로","기타단일로","화물차","경형","00","00","1104175","1687566","128.64416894","35.17804321"
"2012","2012-11-07 11:00","00","주간","수","1","1","0","0","0","울산","중구","차대사람","기타","기타","운전자법규위반","안전운전 의무 불이행","교차로","교차로부근","화물차","소형","보행자","보행자","1165629","1730188","129.32737755","35.55386051"
"2012","2012-11-12 13:00","50","주간","월","1","5","3","1","0","경기","파주시","차대차","정면충돌","정면충돌","운전자법규위반","신호위반","교차로","교차로내","승합차","대형","이륜차","소형","935566","1972969","126.76854594","37.75409742"
"2012","2012-09-26 14:00","55","주간","수","1","1","0","0","0","경북","칠곡군","차대사람","기타","기타","운전자법규위반","안전운전 의무 불이행","교차로","교차로부근","화물차","소형","보행자","보행자","1077677","1782469","128.36223747","36.03598891"
"2012","2012-09-26 19:00","58","야간","수","1","1","0","0","0","전남","장흥군","차량단독","도로이탈","도로이탈 추락","운전자법규위반","안전운전 의무 불이행","단일로","기타단일로","원동기장치자전거","원동기장치자전거","00","00","948674","1624641","126.94014846","34.61467706"
"2012","2012-09-26 15:00","10","주간","수","1","1","0","0","0","전남","장성군","차대차","추돌","주정차중 추돌","운전자법규위반","안전운전 의무 불이행","단일로","기타단일로","농기계","농기계","승용차","중형","935226","1696551","126.78788691","35.26231674"
"2012","2012-09-22 13:00","30","주간","토","1","1","0","0","0","서울","강북구","차량단독","전도전복","전도전복","운전자법규위반","안전운전 의무 불이행","단일로","터널안","이륜차","소형","00","00","958454","1958817","127.02916714","37.62787061"
"2012","2012-10-27 05:00","00","야간","토","1","2","1","0","0","경남","고성군","차대차","정면충돌","정면충돌","운전자법규위반","중앙선 침범","교차로","교차로내","승용차","중형","화물차","소형","1079570","1674623","128.37264779","35.06354406"
"2012","2012-10-23 09:00","25","주간","화","3","3","0","0","0","전북","임실군","차량단독","도로이탈","도로이탈 기타","운전자법규위반","안전운전 의무 불이행","단일로","기타단일로","화물차","대형","00","00","987882","1740215","127.36612183","35.65804536"
"2012","2012-10-22 19:00","45","야간","월","1","2","0","1","0","광주","광산구","차대차","추돌","진행중 추돌","운전자법규위반","안전거리 미확보","고가도로위","고가도로위","화물차","소형","승용차","중형","936035","1685422","126.79764509","35.16202474"
"2012","2012-10-23 15:00","20","주간","화","1","1","0","0","0","충남","금산군","차대차","정면충돌","정면충돌","운전자법규위반","교차로 통행방법 위반","교차로","교차로내","이륜차","소형","화물차","소형","1000267","1789036","127.50296615","36.09829609"
"2012","2012-10-23 19:00","48","야간","화","1","1","0","0","0","경기","군포시","차대사람","기타","기타","운전자법규위반","안전운전 의무 불이행","단일로","기타단일로","승합차","중형","보행자","보행자","952140","1928824","126.95956591","37.35722824"
"2012","2012-10-23 22:00","10","야간","화","1","1","0","0","0","전남","영암군","차대사람","기타","기타","운전자법규위반","안전운전 의무 불이행","단일로","기타단일로","승용차","중형","보행자","보행자","907658","1638999","126.49123475","34.74126315"
"2012","2012-08-13 13:00","25","주간","월","1","1","0","0","0","경남","함양군","차량단독","기타","기타","운전자법규위반","안전운전 의무 불이행","단일로","기타단일로","승용차","중형","00","00","1022722","1727817","127.7506029","35.54604524"
"2012","2012-08-19 16:00","25","주간","일","1","1","0","0","0","경북","경산시","차대차","기타","기타","운전자법규위반","안전운전 의무 불이행","단일로","기타단일로","이륜차","소형","승용차","소형","1117404","1765112","128.80075192","35.87540191"
"2012","2012-08-20 05:00","36","야간","월","1","3","2","0","0","경기","남양주시","차대차","정면충돌","정면충돌","운전자법규위반","중앙선 침범","교차로","교차로부근","승용차","중형","승용차","중형","971172","1955090","127.1734421","37.59476495"
"2012","2012-08-25 04:00","35","야간","토","1","3","0","2","0","충북","제천시","차대차","측면직각충돌","측면직각충돌","운전자법규위반","안전운전 의무 불이행","교차로","교차로부근","승용차","소형","화물차","대형","1062735","1903705","128.20627596","37.12993476"
"2012","2012-08-23 23:00","10","야간","목","1","2","0","1","0","전남","순천시","차대차","추돌","주정차중 추돌","운전자법규위반","안전운전 의무 불이행","단일로","기타단일로","화물차","경형","승합차","대형","1002075","1662207","127.52490666","34.95564009"
"2012","2012-08-22 15:00","54","주간","수","1","1","0","0","0","충북","음성군","차대차","추돌","진행중 추돌","운전자법규위반","안전운전 의무 불이행","단일로","기타단일로","화물차","중형","자전거","자전거","1010853","1898256","127.62210922","37.08285714"
"2012","2012-08-22 07:00","10","주간","수","1","5","2","2","0","경남","김해시","차대차","정면충돌","정면충돌","운전자법규위반","중앙선 침범","교차로","교차로부근","화물차","대형","승용차","중형","1120835","1690817","128.82748135","35.20543067"
"2012","2012-08-21 23:00","45","야간","화","1","1","0","0","0","경남","창원시(통합)","차대차","추돌","진행중 추돌","운전자법규위반","안전운전 의무 불이행","단일로","기타단일로","승합차","대형","자전거","자전거","1107372","1684135","128.67873781","35.1467218"
"2012","2012-08-30 01:00","40","야간","목","1","1","0","0","0","경남","창원시(통합)","차량단독","공작물충돌","공작물충돌","운전자법규위반","안전운전 의무 불이행","교차로","교차로부근","승용차","소형","00","00","1102087","1695027","128.62207849","35.2454682"
"2012","2012-08-27 19:00","45","야간","월","1","1","0","0","0","전남","목포시","차대사람","횡단중","횡단중","운전자법규위반","안전운전 의무 불이행","교차로","교차로내","승용차","중형","보행자","보행자","900588","1647248","126.41303721","34.81497321"
"2012","2012-08-27 01:00","00","야간","월","1","1","0","0","0","인천","남구","차대사람","횡단중","횡단중","운전자법규위반","안전운전 의무 불이행","단일로","기타단일로","승용차","중형","보행자","보행자","927248","1940255","126.67738214","37.45863641"
"2012","2012-08-26 08:00","28","주간","일","1","2","1","0","0","경남","밀양시","차대차","측면직각충돌","측면직각충돌","운전자법규위반","안전운전 의무 불이행","교차로","교차로내","승용차","소형","승용차","중형","1112795","1722918","128.74311499","35.497036"
"2012","2012-09-02 17:00","30","주간","일","1","1","0","0","0","경기","평택시","차대사람","차도통행중","차도통행중","운전자법규위반","안전운전 의무 불이행","교차로","교차로내","승합차","중형","보행자","보행자","963401","1887993","127.08872116","36.98969303"
"2012","2012-09-02 11:00","44","주간","일","1","1","0","0","0","서울","서대문구","차대사람","횡단중","횡단중","운전자법규위반","안전운전 의무 불이행","교차로","교차로부근","승합차","대형","보행자","보행자","952037","1953024","126.95682706","37.5753451"
"2012","2012-07-19 08:00","29","주간","목","1","2","1","0","0","충남","천안시","차량단독","공작물충돌","공작물충돌","운전자법규위반","안전운전 의무 불이행","단일로","기타단일로","승용차","중형","00","00","980091","1861698","127.27696227","36.7531569"
"2012","2012-07-18 15:00","40","주간","수","1","2","0","1","0","전북","군산시","차대사람","차도통행중","차도통행중","운전자법규위반","안전운전 의무 불이행","단일로","기타단일로","화물차","대형","보행자","보행자","929280","1773169","126.71572526","35.9534807"
"2012","2012-07-18 21:00","34","야간","수","1","1","0","0","0","서울","동대문구","차대차","기타","기타","운전자법규위반","중앙선 침범","교차로","교차로부근","자전거","자전거","화물차","소형","959230","1953272","127.03827014","37.57792709"
"2012","2012-07-24 19:00","15","야간","화","1","1","0","0","0","서울","성북구","차대사람","횡단중","횡단중","운전자법규위반","안전운전 의무 불이행","교차로","교차로내","승용차","중형","보행자","보행자","957919","1953577","127.02340569","37.58061712"
"2012","2012-07-23 11:00","05","주간","월","1","1","0","0","0","강원","횡성군","차대사람","횡단중","횡단중","운전자법규위반","안전운전 의무 불이행","단일로","기타단일로","승용차","중형","보행자","보행자","1042916","1943324","127.9854515","37.4881653"
"2012","2012-07-22 07:00","11","주간","일","1","1","0","0","0","전남","목포시","차대차","기타","기타","운전자법규위반","안전운전 의무 불이행","단일로","기타단일로","원동기장치자전거","원동기장치자전거","승용차","중형","898068","1644608","126.38580866","34.79092167"
"2012","2012-07-29 02:00","25","야간","일","3","3","0","0","0","경기","포천시","차량단독","공작물충돌","공작물충돌","운전자법규위반","안전운전 의무 불이행","교차로","교차로부근","승용차","중형","00","00","975390","1991106","127.22000139","37.91950564"
"2012","2012-07-29 12:00","00","주간","일","1","2","1","0","0","강원","정선군","차량단독","도로이탈","도로이탈 추락","운전자법규위반","안전운전 의무 불이행","기타/불명","기타/불명","승용차","중형","00","00","1111463","1918545","128.75698156","37.25913534"
"2012","2012-07-30 14:00","25","주간","월","1","1","0","0","0","광주","남구","차량단독","공작물충돌","공작물충돌","운전자법규위반","안전운전 의무 불이행","기타/불명","기타/불명","승용차","소형","00","00","945812","1679404","126.90538854","35.10833673"
"2012","2012-06-11 19:00","55","야간","월","1","1","0","0","0","서울","서대문구","차대차","추돌","주정차중 추돌","운전자법규위반","안전운전 의무 불이행","단일로","기타단일로","승용차","중형","승합차","대형","953484","1956474","126.97299422","37.60651471"
"2012","2012-06-12 20:00","45","야간","화","1","1","0","0","0","강원","인제군","차대사람","횡단중","횡단중","운전자법규위반","안전운전 의무 불이행","교차로","교차로내","승용차","소형","보행자","보행자","1062496","2015397","128.2131417","38.13660524"
"2012","2012-06-18 23:00","10","야간","월","1","1","0","0","0","경기","연천군","차대차","정면충돌","정면충돌","운전자법규위반","신호위반","단일로","기타단일로","자전거","자전거","승용차","중형","961822","2003378","127.06090508","38.02950842"
"2012","2012-06-18 21:00","25","야간","월","1","1","0","0","0","전남","진도군","차대사람","기타","기타","운전자법규위반","안전운전 의무 불이행","단일로","기타단일로","승용차","중형","보행자","보행자","882041","1605138","126.21475513","34.43055796"
"2012","2012-06-16 21:00","17","야간","토","1","5","2","2","0","충남","논산시","차대차","정면충돌","정면충돌","운전자법규위반","중앙선 침범","고가도로위","고가도로위","승용차","중형","승용차","중형","956190","1795080","127.01297825","36.15179703"
"2012","2012-06-24 03:00","00","야간","일","2","4","2","0","0","부산","북구","차량단독","전도전복","전도전복","운전자법규위반","안전운전 의무 불이행","단일로","교량위","승용차","중형","00","00","1136349","1690593","128.99783064","35.20142331"
"2012","2012-06-21 20:00","40","야간","목","1","1","0","0","0","강원","양양군","차량단독","도로이탈","도로이탈 추락","운전자법규위반","안전운전 의무 불이행","단일로","기타단일로","승용차","대형","00","00","1100078","2009549","128.64110588","38.08052336"
"2013","2013-11-08 21:00","45","야간","금","1","1","0","0","0","전남","순천시","차대사람","기타","기타","운전자법규위반","안전운전 의무 불이행","단일로","기타단일로","화물차","소형","보행자","보행자","1002693","1657989","127.52948194","34.91668331"
"2013","2013-11-08 17:00","45","주간","금","1","1","0","0","0","충남","보령시","차대차","추돌","진행중 추돌","운전자법규위반","안전운전 의무 불이행","단일로","터널안","화물차","소형","건설기계","건설기계","919710","1819844","126.60493253","36.37269519"
"2013","2013-11-08 13:00","00","주간","금","1","1","0","0","0","전북","군산시","차대사람","보도통행중","보도통행중","운전자법규위반","신호위반","교차로","교차로부근","건설기계","건설기계","보행자","보행자","925877","1775636","126.67784902","35.97466656"
"2013","2013-11-07 11:00","04","주간","목","1","2","1","0","0","광주","서구","차대차","기타","기타","운전자법규위반","안전운전 의무 불이행","단일로","횡단보도상","승용차","중형","승합차","대형","943055","1683221","126.87487428","35.14260138"
"2013","2013-11-15 21:00","35","야간","금","1","1","0","0","0","전북","순창군","차대사람","차도통행중","차도통행중","운전자법규위반","안전운전 의무 불이행","단일로","기타단일로","화물차","중형","보행자","보행자","967799","1707901","127.14611082","35.36673175"
"2013","2013-11-15 06:00","55","주간","금","1","1","0","0","0","경북","경주시","차대차","기타","기타","운전자법규위반","안전운전 의무 불이행","단일로","기타단일로","원동기장치자전거","원동기장치자전거","승합차","대형","1154790","1761808","129.21392947","35.84058447"
"2013","2013-11-15 12:00","57","주간","금","1","1","0","0","0","경북","구미시","차대차","기타","기타","운전자법규위반","안전운전 의무 불이행","교차로","교차로내","이륜차","소형","승용차","중형","1073693","1802255","128.31990914","36.21470741"
"2013","2013-11-15 06:00","50","주간","금","2","2","0","0","0","경남","진주시","차량단독","공작물충돌","공작물충돌","운전자법규위반","안전운전 의무 불이행","단일로","기타단일로","승용차","중형","00","00","1053895","1679912","128.09142958","35.11293299"
"2013","2013-11-15 17:00","20","주간","금","1","1","0","0","0","인천","강화군","차대차","측면직각충돌","측면직각충돌","운전자법규위반","안전운전 의무 불이행","단일로","기타단일로","화물차","경형","화물차","중형","907525","1974604","126.45005819","37.76642644"
"2013","2013-11-16 06:00","35","주간","토","1","1","0","0","0","충남","공주시","차대사람","횡단중","횡단중","운전자법규위반","안전운전 의무 불이행","단일로","기타단일로","건설기계","건설기계","보행자","보행자","956899","1814770","127.01977516","36.32933938"
"2012","2012-05-20 23:00","20","야간","일","1","6","5","0","0","부산","수영구","차량단독","공작물충돌","공작물충돌","운전자법규위반","안전운전 의무 불이행","교차로","교차로부근","승용차","소형","00","00","1146847","1683535","129.11185859","35.13632403"
"2012","2012-08-15 13:00","56","주간","수","1","1","0","0","0","대전","동구","차대사람","보도통행중","보도통행중","운전자법규위반","기타(운전자법규위반)","기타/불명","기타/불명","화물차","소형","보행자","보행자","994187","1814329","127.43523471","36.32631076"
"2013","2013-11-12 17:00","55","주간","화","1","1","0","0","0","경북","안동시","차대사람","차도통행중","차도통행중","운전자법규위반","안전운전 의무 불이행","단일로","기타단일로","화물차","소형","보행자","보행자","1103900","1831189","128.6597469","36.47269122"
"2013","2013-11-12 02:00","40","야간","화","2","4","2","0","0","강원","정선군","차량단독","공작물충돌","공작물충돌","운전자법규위반","과속","단일로","기타단일로","승용차","대형","00","00","1115540","1915026","128.80240183","37.22692609"
"2013","2013-11-12 19:00","25","야간","화","1","1","0","0","0","경남","의령군","차대사람","차도통행중","차도통행중","운전자법규위반","안전운전 의무 불이행","단일로","기타단일로","승용차","대형","보행자","보행자","1069702","1703036","128.26683768","35.32045583"