"발생년","발생년월일시","발생분","주야","요일","사망자수","사상자수","중상자수","경상자수","부상신고자수","발생지시도","발생지시군구","사고유형_대분류","사고유형_중분류","사고유형","법규위반_대분류","법규위반","도로형태_대분류","도로형태","당사자종별_1당_대분류","당사자종별_1당","당사자종별_2당_대분류","당사자종별_2당","발생위치X_UTMK","발생위치Y_UTMK","경도","위도"
"2013","2013-11-12 13:00","07","주간","화","1","1","0","0","0","대구","북구","차대사람","기타","기타","운전자법규위반","안전운전 의무 불이행","단일로","기타단일로","특수차","소형","보행자","보행자","1098796","1766809","128.59467979","35.89290956"
"2013","2013-11-20 09:00","12","주간","수","1","1","0","0","0","전북","완주군","차대사람","횡단중","횡단중","운전자법규위반","보행자 보호의무 위반","교차로","교차로부근","화물차","소형","보행자","보행자","963657","1767199","127.09726582","35.90073966"
"2012","2012-06-30 23:00","48","야간","토","1","1","0","0","0","인천","강화군","차대사람","기타","기타","운전자법규위반","안전운전 의무 불이행","단일로","기타단일로","화물차","경형","보행자","보행자","904793","1962350","126.42698131","37.65596324"
"2013","2013-11-21 05:00","00","야간","목","1","1","0","0","0","광주","남구","차대사람","횡단중","횡단중","운전자법규위반","안전운전 의무 불이행","단일로","기타단일로","승용차","소형","보행자","보행자","944686","1683216","126.89277835","35.14264734"
"2013","2013-11-18 22:00","02","야간","월","1","1","0","0","0","부산","금정구","차대사람","기타","기타","운전자법규위반","안전운전 의무 불이행","교차로","교차로내","승용차","중형","보행자","보행자","1144727","1693165","129.09028674","35.22343314"
"2013","2013-11-17 01:00","20","야간","일","1","1","0","0","0","경남","사천시","차량단독","공작물충돌","공작물충돌","운전자법규위반","안전운전 의무 불이행","단일로","기타단일로","승용차","대형","00","00","1052986","1675580","128.0811777","35.0739203"
"2013","2013-11-16 22:00","20","야간","토","1","1","0","0","0","경남","고성군","차대차","측면직각충돌","측면직각충돌","운전자법규위반","안전운전 의무 불이행","단일로","기타단일로","승용차","중형","승용차","소형","1079625","1676346","128.37341642","35.07907478"
"2013","2013-11-17 18:00","25","야간","일","1","2","1","0","0","전남","영광군","차대사람","보도통행중","보도통행중","운전자법규위반","안전운전 의무 불이행","단일로","기타단일로","화물차","소형","보행자","보행자","891569","1693393","126.30842064","35.23007095"
"2013","2013-11-17 23:00","00","야간","일","1","1","0","0","0","강원","삼척시","차량단독","도로이탈","도로이탈 기타","운전자법규위반","안전운전 의무 불이행","단일로","기타단일로","원동기장치자전거","원동기장치자전거","00","00","1136805","1914347","129.04190971","37.21792962"
"2013","2013-11-24 23:00","50","야간","일","1","2","1","0","0","경기","용인시","차대사람","기타","기타","운전자법규위반","교차로 통행방법 위반","교차로","교차로내","승용차","중형","보행자","보행자","962512","1918793","127.08219692","37.26880934"
"2013","2013-10-23 20:00","30","야간","수","1","1","0","0","0","전남","무안군","차량단독","공작물충돌","공작물충돌","운전자법규위반","안전운전 의무 불이행","단일로","기타단일로","화물차","소형","00","00","902976","1671796","126.43629063","35.03652834"
"2013","2013-11-01 18:00","00","야간","금","1","1","0","0","0","부산","사상구","차대사람","기타","기타","운전자법규위반","안전운전 의무 불이행","단일로","기타단일로","승용차","중형","보행자","보행자","1133958","1683727","128.9704577","35.13985378"
"2012","2012-11-28 10:00","30","주간","수","1","1","0","0","0","경북","칠곡군","차대사람","횡단중","횡단중","운전자법규위반","안전운전 의무 불이행","단일로","기타단일로","승합차","대형","보행자","보행자","1081082","1777399","128.39951039","35.9900061"
"2012","2012-11-29 01:00","45","야간","목","1","1","0","0","0","경기","남양주시","차량단독","공작물충돌","공작물충돌","운전자법규위반","안전운전 의무 불이행","단일로","기타단일로","승용차","중형","00","00","973187","1955268","127.19661225","37.59635908"
"2012","2012-11-25 21:00","05","야간","일","1","1","0","0","0","충북","보은군","차대사람","차도통행중","차도통행중","운전자법규위반","안전운전 의무 불이행","단일로","기타단일로","승용차","중형","보행자","보행자","1022416","1833743","127.75364273","36.5036424"
"2012","2012-11-26 19:00","10","야간","월","2","3","1","0","0","경남","함안군","차대차","측면직각충돌","측면직각충돌","운전자법규위반","안전운전 의무 불이행","단일로","기타단일로","특수차","대형","승용차","중형","1093390","1702049","128.52729985","35.30962406"
"2012","2012-08-13 16:00","31","주간","월","1","1","0","0","0","경남","밀양시","차량단독","도로이탈","도로이탈 기타","운전자법규위반","안전운전 의무 불이행","단일로","기타단일로","화물차","소형","00","00","1108327","1711680","128.692855","35.39493986"
"2012","2012-08-13 19:00","40","야간","월","1","1","0","0","0","경기","광주시","차량단독","공작물충돌","공작물충돌","운전자법규위반","안전운전 의무 불이행","교차로","교차로부근","원동기장치자전거","원동기장치자전거","00","00","984126","1932685","127.31100182","37.40370549"
"2012","2012-08-13 06:00","10","주간","월","1","1","0","0","0","경남","창원시(통합)","차대차","측면직각충돌","측면직각충돌","운전자법규위반","안전운전 의무 불이행","교차로","교차로내","승용차","소형","이륜차","소형","1098962","1692411","128.60528204","35.21208127"
"2012","2012-08-18 13:00","45","주간","토","1","1","0","0","0","경남","하동군","차량단독","공작물충돌","공작물충돌","운전자법규위반","안전운전 의무 불이행","단일로","기타단일로","화물차","소형","00","00","1024497","1678264","127.76877991","35.09921735"
"2012","2012-08-18 20:00","10","야간","토","1","1","0","0","0","전남","장성군","차대사람","횡단중","횡단중","운전자법규위반","안전운전 의무 불이행","교차로","교차로내","화물차","소형","보행자","보행자","921840","1696988","126.64069564","35.26530123"
"2012","2012-08-16 19:00","30","야간","목","1","1","0","0","0","충북","청주시","차대사람","횡단중","횡단중","운전자법규위반","안전운전 의무 불이행","교차로","교차로부근","승용차","소형","보행자","보행자","1000844","1846213","127.50943817","36.61376966"
"2012","2012-08-23 15:00","20","주간","목","1","1","0","0","0","경북","경주시","차대사람","차도통행중","차도통행중","운전자법규위반","안전운전 의무 불이행","단일로","횡단보도부근","화물차","대형","보행자","보행자","1164746","1747647","129.32120649","35.71134716"
"2012","2012-09-03 11:00","00","주간","월","1","1","0","0","0","경기","남양주시","차대차","측면직각충돌","측면직각충돌","운전자법규위반","중앙선 침범","단일로","기타단일로","자전거","자전거","건설기계","건설기계","972039","1961218","127.18302873","37.65002547"
"2012","2012-08-31 18:00","22","야간","금","1","1","0","0","0","제주","서귀포시","차대차","측면직각충돌","측면직각충돌","운전자법규위반","직진 및 우회전차의 통행방해","교차로","교차로내","화물차","소형","이륜차","소형","913471","1475299","126.5709453","33.26557455"
"2012","2012-09-04 09:00","20","주간","토","2","2","0","0","0","전남","해남군","차량단독","도로이탈","도로이탈 추락","운전자법규위반","안전운전 의무 불이행","단일로","기타단일로","농기계","농기계","00","00","912519","1618008","126.5465002","34.55242161"
"2012","2012-09-04 10:00","40","주간","화","1","1","0","0","0","전남","고흥군","차대차","기타","기타","운전자법규위반","교차로 통행방법 위반","교차로","교차로내","화물차","소형","원동기장치자전거","원동기장치자전거","967825","1614645","127.14941698","34.52531381"
"2012","2012-09-04 16:00","00","주간","화","1","1","0","0","0","제주","서귀포시","차량단독","기타","기타","운전자법규위반","안전운전 의무 불이행","단일로","기타단일로","농기계","농기계","00","00","937388","1484361","126.77258425","33.41624617"
"2012","2012-09-03 05:00","20","야간","월","1","1","0","0","0","서울","서초구","차대사람","기타","기타","운전자법규위반","안전운전 의무 불이행","단일로","기타단일로","승용차","중형","보행자","보행자","958061","1943275","127.02560244","37.48776854"
"2012","2012-09-09 04:00","30","야간","일","1","1","0","0","0","충북","청주시","차대사람","횡단중","횡단중","운전자법규위반","안전운전 의무 불이행","교차로","교차로내","승용차","대형","보행자","보행자","999679","1848258","127.49640951","36.63220566"
"2012","2012-09-11 01:00","15","야간","화","1","2","1","0","0","제주","제주시","차대사람","횡단중","횡단중","운전자법규위반","안전운전 의무 불이행","단일로","기타단일로","승용차","경형","보행자","보행자","889498","1496959","126.31093808","33.45871302"
"2012","2012-09-14 05:00","10","야간","금","1","1","0","0","0","전남","장성군","차대사람","차도통행중","차도통행중","운전자법규위반","안전운전 의무 불이행","단일로","기타단일로","화물차","소형","보행자","보행자","934557","1699889","126.78026634","35.2923697"
"2012","2012-09-14 23:00","50","야간","금","1","1","0","0","0","충남","보령시","차량단독","전도전복","전도전복","운전자법규위반","안전운전 의무 불이행","단일로","기타단일로","농기계","농기계","00","00","916040","1833037","126.5625955","36.49130449"
"2012","2012-09-14 15:00","20","주간","금","1","4","0","3","0","대구","북구","차대차","추돌","진행중 추돌","운전자법규위반","안전운전 의무 불이행","교차로","교차로부근","화물차","소형","화물차","경형","1091775","1766936","128.5372945","35.89523109"
"2012","2012-09-11 23:00","20","야간","화","1","1","0","0","0","경북","경산시","차대사람","횡단중","횡단중","운전자법규위반","보행자 보호의무 위반","단일로","횡단보도상","승용차","중형","보행자","보행자","1112160","1758282","128.74152721","35.81460606"
"2012","2012-09-12 14:00","45","주간","수","1","3","2","0","0","충남","아산시","차대차","측면직각충돌","측면직각충돌","운전자법규위반","신호위반","교차로","교차로내","승용차","중형","화물차","중형","956247","1870450","127.00928767","36.83143064"
"2012","2012-09-11 07:00","00","주간","화","1","1","0","0","0","충북","청원군","차대차","측면직각충돌","측면직각충돌","운전자법규위반","안전운전 의무 불이행","교차로","교차로내","이륜차","소형","화물차","소형","982999","1845248","127.31192798","36.6007572"
"2012","2012-09-17 19:00","00","야간","월","1","1","0","0","0","경남","창녕군","차량단독","전도전복","전도전복","운전자법규위반","안전운전 의무 불이행","단일로","기타단일로","승용차","중형","00","00","1094216","1717131","128.53812488","35.44551675"
"2012","2012-09-18 13:00","10","주간","화","1","2","1","0","0","경남","고성군","차대차","측면직각충돌","측면직각충돌","운전자법규위반","교차로 통행방법 위반","교차로","교차로내","원동기장치자전거","원동기장치자전거","화물차","소형","1082368","1667684","128.40430827","34.9968207"
"2012","2012-09-15 19:00","40","야간","토","1","2","1","0","0","경기","용인시","차대차","정면충돌","정면충돌","운전자법규위반","신호위반","단일로","기타단일로","화물차","중형","건설기계","건설기계","967419","1921251","127.13242467","37.28962953"
"2012","2012-09-22 00:00","50","야간","토","1","1","0","0","0","전남","순천시","차대차","측면직각충돌","측면직각충돌","운전자법규위반","신호위반","교차로","교차로내","화물차","소형","이륜차","소형","1001954","1662860","127.52140306","34.9606094"
"2012","2012-09-19 09:00","30","주간","수","1","1","0","0","0","경북","경산시","차대차","기타","기타","운전자법규위반","안전운전 의무 불이행","단일로","기타단일로","화물차","소형","자전거","자전거","1118289","1759053","128.80946931","35.82083598"
"2012","2012-09-19 01:00","25","야간","수","1","1","0","0","0","제주","서귀포시","차대차","기타","기타","운전자법규위반","안전운전 의무 불이행","단일로","기타단일로","화물차","소형","화물차","중형","902975","1474124","126.45839171","33.25408474"
"2012","2012-09-20 02:00","40","야간","목","1","1","0","0","0","경북","구미시","차량단독","공작물충돌","공작물충돌","운전자법규위반","안전운전 의무 불이행","단일로","기타단일로","승용차","경형","00","00","1075375","1800650","128.33995014","36.1999221"
"2012","2012-09-25 20:00","00","야간","화","1","1","0","0","0","경북","상주시","차대사람","길가장자리구역통행중","길가장자리구역통행중","운전자법규위반","안전운전 의무 불이행","단일로","기타단일로","화물차","소형","보행자","보행자","1040245","1816564","127.94849734","36.34563619"
"2012","2012-08-07 20:00","50","야간","화","1","1","0","0","0","전남","순천시","차대사람","횡단중","횡단중","운전자법규위반","안전운전 의무 불이행","단일로","기타단일로","승용차","소형","보행자","보행자","1001260","1661059","127.51379864","34.94436996"
"2012","2012-08-06 14:00","10","주간","월","1","2","1","0","0","경북","영양군","차량단독","기타","기타","운전자법규위반","안전운전 의무 불이행","단일로","기타단일로","승용차","중형","00","00","1142547","1851088","129.09468189","36.64704234"
"2012","2012-08-06 11:00","06","주간","월","1","1","0","0","0","인천","연수구","차대사람","횡단중","횡단중","운전자법규위반","신호위반","단일로","횡단보도부근","승합차","대형","보행자","보행자","926394","1936162","126.66813524","37.42167939"
"2012","2012-08-07 19:00","40","야간","화","1","1","0","0","0","경기","안성시","차대사람","횡단중","횡단중","운전자법규위반","보행자 보호의무 위반","단일로","횡단보도상","승용차","중형","보행자","보행자","984469","1890641","127.32524653","37.01415604"
"2012","2012-08-06 05:00","20","야간","월","1","1","0","0","0","강원","평창군","차대사람","길가장자리구역통행중","길가장자리구역통행중","운전자법규위반","안전운전 의무 불이행","단일로","기타단일로","화물차","소형","보행자","보행자","1084037","1947850","128.45107167","37.52612881"
"2012","2012-08-04 09:00","50","주간","토","1","1","0","0","0","전북","남원시","차량단독","전도전복","전도전복","운전자법규위반","안전운전 의무 불이행","단일로","기타단일로","화물차","소형","00","00","1008429","1710161","127.59281011","35.38709739"
"2012","2012-08-11 20:00","05","야간","토","1","1","0","0","0","경기","화성시","차대사람","횡단중","횡단중","운전자법규위반","안전운전 의무 불이행","단일로","기타단일로","화물차","소형","보행자","보행자","947321","1898830","126.89794819","37.08042739"
"2012","2012-08-11 21:00","05","야간","토","1","1","0","0","0","충북","충주시","차량단독","공작물충돌","공작물충돌","운전자법규위반","안전운전 의무 불이행","단일로","기타단일로","승용차","중형","00","00","1033378","1885405","127.87496932","36.96648398"
"2012","2012-08-09 16:00","05","주간","목","1","1","0","0","0","부산","영도구","차량단독","전도전복","전도전복","운전자법규위반","안전운전 의무 불이행","단일로","기타단일로","이륜차","중형","00","00","1140356","1677903","129.03967846","35.08648376"
"2012","2012-08-09 09:00","55","주간","목","1","3","2","0","0","충남","태안군","차대사람","기타","기타","운전자법규위반","안전운전 의무 불이행","단일로","기타단일로","승용차","중형","보행자","보행자","894976","1843393","126.326048","36.58256638"
"2012","2012-08-16 02:00","00","야간","목","1","1","0","0","0","충남","천안시","차대사람","기타","기타","운전자법규위반","안전운전 의무 불이행","단일로","기타단일로","승합차","소형","보행자","보행자","982614","1862771","127.30520247","36.76287934"
"2013","2013-10-16 08:00","30","주간","수","1","1","0","0","0","전남","광양시","차대차","측면직각충돌","측면직각충돌","운전자법규위반","안전운전 의무 불이행","교차로","교차로내","승용차","경형","자전거","자전거","1007570","1664498","127.58293253","34.97535361"
"2013","2013-10-16 20:00","10","야간","수","1","1","0","0","0","전남","순천시","차대사람","길가장자리구역통행중","길가장자리구역통행중","운전자법규위반","안전운전 의무 불이행","단일로","기타단일로","승용차","중형","보행자","보행자","993023","1678647","127.42344512","35.10294472"
"2013","2013-10-16 17:00","00","주간","수","1","1","0","0","0","제주","제주시","차대차","추돌","진행중 추돌","운전자법규위반","안전운전 의무 불이행","단일로","기타단일로","승용차","중형","농기계","농기계","939863","1504380","126.85235209","33.52965704"
"2013","2013-10-13 11:00","00","주간","일","1","3","1","1","0","서울","광진구","차대차","측면직각충돌","측면직각충돌","운전자법규위반","신호위반","교차로","교차로내","승용차","중형","원동기장치자전거","원동기장치자전거","961488","1949288","127.0640511","37.5421153"
"2013","2013-10-14 18:00","45","야간","월","1","2","1","0","0","경북","군위군","차대사람","기타","기타","운전자법규위반","과속","단일로","기타단일로","승용차","중형","보행자","보행자","1107152","1798282","128.69151469","36.17572596"
"2013","2013-10-14 20:00","10","야간","월","1","1","0","0","0","경북","경주시","차대사람","차도통행중","차도통행중","운전자법규위반","안전운전 의무 불이행","단일로","기타단일로","승용차","중형","보행자","보행자","1145967","1762006","129.11644244","35.84380178"
"2013","2013-10-13 23:00","57","야간","일","1","1","0","0","0","울산","남구","차대차","추돌","주정차중 추돌","운전자법규위반","안전운전 의무 불이행","교차로","교차로부근","승용차","대형","이륜차","소형","1165541","1728842","129.32613194","35.54174502"
"2013","2013-10-13 06:00","00","주간","일","1","4","2","1","0","전북","전주시","차대차","측면직각충돌","측면직각충돌","운전자법규위반","신호위반","교차로","교차로내","승용차","소형","승용차","대형","964499","1759610","127.10693425","35.83234868"
"2013","2013-10-15 13:00","46","주간","화","1","1","0","0","0","경남","통영시","차대차","추돌","주정차중 추돌","운전자법규위반","안전운전 의무 불이행","단일로","기타단일로","이륜차","중형","화물차","소형","1077401","1660684","128.34756555","34.93803257"
"2013","2013-10-15 18:00","45","야간","화","1","3","1","1","0","경남","거창군","차대차","측면직각충돌","측면직각충돌","운전자법규위반","교차로 통행방법 위반","교차로","교차로내","화물차","중형","승합차","중형","1037785","1746730","127.9177457","35.71613668"
"2013","2013-10-15 22:00","38","야간","화","1","2","1","0","0","충북","제천시","차대차","기타","기타","운전자법규위반","과속","단일로","기타단일로","화물차","소형","승용차","중형","1064872","1902523","128.23023038","37.11913503"
"2013","2013-10-14 15:00","20","주간","월","1","1","0","0","0","경기","고양시","차대차","측면직각충돌","측면직각충돌","운전자법규위반","교차로 통행방법 위반","교차로","교차로내","원동기장치자전거","원동기장치자전거","승용차","중형","945530","1959718","126.88264162","37.63531594"
"2013","2013-10-13 19:00","20","야간","일","1","1","0","0","0","경기","용인시","차대사람","횡단중","횡단중","운전자법규위반","안전운전 의무 불이행","기타/불명","기타/불명","승용차","중형","보행자","보행자","968944","1925813","127.24150955","37.32903849"
"2013","2013-10-21 18:00","45","야간","월","1","2","1","0","0","울산","울주군","차대차","기타","기타","운전자법규위반","안전운전 의무 불이행","단일로","기타단일로","이륜차","중형","승용차","경형","1152451","1729611","129.18193503","35.55077583"
"2013","2013-10-21 10:00","35","주간","월","1","1","0","0","0","충북","청원군","차대차","측면직각충돌","측면직각충돌","운전자법규위반","중앙선 침범","단일로","기타단일로","자전거","자전거","승용차","소형","1000372","1837378","127.50415568","36.53412176"
"2013","2013-10-21 14:00","20","주간","월","1","1","0","0","0","강원","춘천시","차대사람","횡단중","횡단중","운전자법규위반","안전운전 의무 불이행","단일로","기타단일로","승합차","중형","보행자","보행자","1019218","1984692","127.71848106","37.86182621"
"2013","2013-10-22 16:00","10","주간","화","1","1","0","0","0","대전","유성구","차량단독","기타","기타","운전자법규위반","안전운전 의무 불이행","단일로","기타단일로","승용차","대형","00","00","986370","1818173","127.34807485","36.36088701"
"2013","2013-09-05 12:00","55","주간","목","1","1","0","0","0","전북","김제시","차대차","측면직각충돌","측면직각충돌","운전자법규위반","과속","교차로","교차로내","승용차","경형","원동기장치자전거","원동기장치자전거","938267","1748802","126.81734275","35.73360702"
"2013","2013-09-08 10:00","20","주간","일","1","1","0","0","0","경북","포항시","차대차","기타","기타","운전자법규위반","안전운전 의무 불이행","단일로","기타단일로","승용차","소형","원동기장치자전거","원동기장치자전거","1170291","1791955","129.3919602","36.10967127"
"2013","2013-09-10 00:00","05","야간","화","1","1","0","0","0","경기","의왕시","차량단독","기타","기타","운전자법규위반","기타(운전자법규위반)","단일로","기타단일로","승용차","대형","00","00","953082","1927564","126.97028234","37.34591934"
"2013","2013-09-08 00:00","08","야간","일","1","5","0","4","0","강원","원주시","차대차","정면충돌","정면충돌","운전자법규위반","신호위반","교차로","교차로내","승용차","중형","승용차","경형","1039991","1933214","127.95181758","37.39717041"
"2013","2013-09-06 06:00","35","주간","금","1","1","0","0","0","경기","안산시","차대차","기타","기타","운전자법규위반","중앙선 침범","교차로","교차로부근","원동기장치자전거","원동기장치자전거","승용차","중형","935523","1923506","126.77240161","37.30829002"
"2013","2013-09-14 20:00","30","야간","토","1","1","0","0","0","경기","양주시","차대사람","차도통행중","차도통행중","운전자법규위반","안전운전 의무 불이행","단일로","기타단일로","승용차","소형","보행자","보행자","952987","1982945","126.96565227","37.84507068"
"2013","2013-09-12 22:00","25","야간","목","1","1","0","0","0","경기","용인시","차대사람","횡단중","횡단중","운전자법규위반","안전운전 의무 불이행","교차로","교차로내","승합차","대형","보행자","보행자","972326","1914167","127.1893229","37.23672862"
"2013","2013-09-13 04:00","21","야간","금","1","2","0","1","0","경기","평택시","차대차","측면직각충돌","측면직각충돌","운전자법규위반","직진 및 우회전차의 통행방해","교차로","교차로내","승용차","중형","승용차","중형","963781","1888051","127.0929885","36.99023057"
"2013","2013-09-19 22:00","15","야간","목","1","2","1","0","0","경북","고령군","차량단독","공작물충돌","공작물충돌","운전자법규위반","안전운전 의무 불이행","단일로","기타단일로","승용차","중형","00","00","1064145","1742489","128.20882386","35.67653665"
"2013","2013-09-19 21:00","12","야간","목","1","1","0","0","0","부산","강서구","차대사람","횡단중","횡단중","운전자법규위반","안전운전 의무 불이행","기타/불명","기타/불명","승용차","중형","보행자","보행자","1120819","1679374","128.82563105","35.10227637"
"2013","2013-09-21 00:00","15","야간","토","1","1","0","0","0","경북","영천시","차량단독","기타","기타","운전자법규위반","안전운전 의무 불이행","단일로","기타단일로","승용차","중형","00","00","1126488","1772682","128.90237361","35.94265692"
"2013","2013-09-18 06:00","15","주간","수","1","2","1","0","0","경북","포항시","차량단독","공작물충돌","공작물충돌","운전자법규위반","안전운전 의무 불이행","지하도로내","지하도로내","승용차","소형","00","00","1183026","1778119","129.53016625","35.98268891"
"2013","2013-09-16 11:00","25","주간","월","1","1","0","0","0","경기","시흥시","차대차","기타","기타","운전자법규위반","과속","교차로","교차로부근","화물차","소형","자전거","자전거","932173","1928525","126.73347269","37.35326965"
"2013","2013-09-26 19:00","30","야간","목","1","2","0","1","0","경기","이천시","차대사람","횡단중","횡단중","운전자법규위반","안전운전 의무 불이행","단일로","기타단일로","승용차","중형","보행자","보행자","1002396","1913467","127.52700661","37.2200319"
"2012","2012-07-29 03:00","15","야간","일","1","3","2","0","0","경기","시흥시","차대차","기타","기타","운전자법규위반","교차로 통행방법 위반","교차로","교차로내","승용차","중형","이륜차","소형","933139","1927761","126.7455576","37.34650235"
"2012","2012-07-29 01:00","35","야간","일","1","1","0","0","0","서울","마포구","차대사람","차도통행중","차도통행중","운전자법규위반","안전운전 의무 불이행","단일로","기타단일로","승용차","대형","보행자","보행자","952355","1951123","126.96055179","37.55822759"
"2012","2012-07-29 17:00","20","주간","일","1","1","0","0","0","전남","순천시","차대차","측면직각충돌","측면직각충돌","운전자법규위반","안전운전 의무 불이행","단일로","기타단일로","화물차","경형","이륜차","소형","978798","1674304","127.268829","35.07690497"
"2012","2012-07-26 05:00","00","야간","목","1","1","0","0","0","경기","파주시","차대차","정면충돌","정면충돌","운전자법규위반","중앙선 침범","단일로","기타단일로","승용차","경형","화물차","중형","939795","1974013","126.81719455","37.75592154"
"2012","2012-08-03 08:00","50","주간","금","1","1","0","0","0","충북","청원군","차대차","기타","기타","운전자법규위반","안전운전 의무 불이행","단일로","기타단일로","승용차","중형","이륜차","사발이","1005850","1864000","127.56555459","36.77409991"
"2012","2012-08-03 00:00","00","야간","금","1","1","0","0","0","세종","세종","차량단독","도로이탈","도로이탈 기타","운전자법규위반","안전운전 의무 불이행","단일로","기타단일로","화물차","소형","00","00","982844","1841294","127.30826031","36.56927082"
"2012","2012-08-03 01:00","30","야간","금","1","1","0","0","0","경기","평택시","차대사람","차도통행중","차도통행중","운전자법규위반","안전운전 의무 불이행","단일로","기타단일로","승용차","중형","보행자","보행자","939351","1890242","126.81829387","37.00872113"
"2012","2012-06-12 07:00","00","주간","화","1","1","0","0","0","전북","익산시","차대사람","횡단중","횡단중","운전자법규위반","안전운전 의무 불이행","단일로","기타단일로","승합차","경형","보행자","보행자","952143","1771299","126.96943118","35.93720829"
"2012","2012-06-21 20:00","35","야간","목","1","1","0","0","0","인천","서구","차대사람","차도통행중","차도통행중","운전자법규위반","안전운전 의무 불이행","단일로","기타단일로","승용차","중형","보행자","보행자","927340","1944736","126.67798","37.49902987"
"2012","2012-06-21 17:00","15","주간","목","1","1","0","0","0","경기","시흥시","차대사람","기타","기타","운전자법규위반","안전운전 의무 불이행","교차로","교차로부근","화물차","중형","보행자","보행자","933988","1927808","126.75491041","37.34718358"
"2012","2012-06-20 21:00","00","야간","수","1","1","0","0","0","경남","김해시","차대사람","길가장자리구역통행중","길가장자리구역통행중","운전자법규위반","안전운전 의무 불이행","단일로","기타단일로","승용차","중형","보행자","보행자","1123153","1692072","128.85312814","35.21646217"
"2012","2012-08-31 01:00","15","야간","금","1","4","2","1","0","전남","광양시","차대차","추돌","주정차중 추돌","운전자법규위반","안전운전 의무 불이행","단일로","기타단일로","승용차","중형","승용차","중형","1010190","1663132","127.61161898","34.96301275"
"2012","2012-08-31 08:00","31","주간","금","1","1","0","0","0","서울","마포구","차대사람","기타","기타","운전자법규위반","안전운전 의무 불이행","단일로","횡단보도상","승용차","중형","보행자","보행자","951994","1951022","126.95637883","37.55755047"
"2012","2012-08-31 06:00","46","주간","금","1","1","0","0","0","전남","여수시","차대차","기타","기타","운전자법규위반","안전거리 미확보","단일로","기타단일로","승합차","중형","농기계","농기계","1009913","1633098","127.60822988","34.69217845"
"2012","2012-09-05 00:00","30","야간","수","1","1","0","0","0","충남","공주시","차량단독","기타","기타","운전자법규위반","안전운전 의무 불이행","단일로","기타단일로","화물차","소형","00","00","960942","1826833","127.06421403","36.43826108"
"2012","2012-09-04 09:00","05","주간","화","1","1","0","0","0","서울","영등포구","차량단독","공작물충돌","공작물충돌","운전자법규위반","안전운전 의무 불이행","단일로","교량위","승용차","대형","00","00","948029","1946715","126.91188616","37.51826376"
"2012","2012-09-03 13:00","34","주간","월","1","1","0","0","0","경남","산청군","차대차","추돌","주정차중 추돌","운전자법규위반","안전운전 의무 불이행","단일로","기타단일로","이륜차","소형","건설기계","건설기계","1042695","1702130","127.96968034","35.31380602"
"2012","2012-09-11 01:00","32","야간","화","1","1","0","0","0","전남","목포시","차량단독","공작물충돌","공작물충돌","운전자법규위반","안전운전 의무 불이행","교차로","교차로내","승용차","소형","00","00","901828","1648108","126.42649256","34.82284743"
"2012","2012-09-08 02:00","10","야간","토","1","1","0","0","0","서울","용산구","차대사람","차도통행중","차도통행중","운전자법규위반","안전운전 의무 불이행","단일로","기타단일로","승용차","중형","보행자","보행자","953208","1949792","126.97029419","37.54627475"
"2012","2012-09-07 08:00","50","주간","금","2","3","0","1","0","경기","평택시","차대차","기타","기타","운전자법규위반","신호위반","교차로","교차로내","이륜차","소형","승용차","소형","948237","1890410","126.88910271","36.99652279"
"2012","2012-09-14 21:00","40","야간","금","1","1","0","0","0","경북","구미시","차대사람","기타","기타","운전자법규위반","안전운전 의무 불이행","교차로","교차로내","승합차","중형","보행자","보행자","1074437","1792649","128.32217178","36.12931965"
"2012","2012-09-12 22:00","19","야간","수","1","1","0","0","0","강원","정선군","차대사람","기타","기타","운전자법규위반","보행자 보호의무 위반","기타/불명","기타/불명","승합차","중형","보행자","보행자","1119261","1912890","128.84399412","37.20720865"
"2012","2012-09-11 02:00","30","야간","화","1","1","0","0","0","경북","울진군","차량단독","도로이탈","도로이탈 추락","운전자법규위반","안전운전 의무 불이행","단일로","기타단일로","승용차","소형","00","00","1168050","1896751","129.38996014","37.05429532"
"2012","2012-09-17 17:00","56","주간","월","1","2","0","1","0","전북","김제시","차대차","측면직각충돌","측면직각충돌","운전자법규위반","교차로 통행방법 위반","교차로","교차로내","원동기장치자전거","원동기장치자전거","승용차","중형","944767","1755862","126.8887305","35.79764477"
"2012","2012-09-17 19:00","30","야간","월","1","1","0","0","0","대구","중구","차대사람","기타","기타","운전자법규위반","안전운전 의무 불이행","단일로","기타단일로","승용차","소형","보행자","보행자","1099290","1764788","128.59990055","35.87464134"
"2012","2012-09-17 09:00","04","주간","월","1","4","2","1","0","전북","전주시","차량단독","공작물충돌","공작물충돌","운전자법규위반","안전운전 의무 불이행","단일로","기타단일로","승용차","경형","00","00","962261","1761028","127.08208872","35.8450497"
"2012","2012-09-14 19:00","14","야간","금","1","1","0","0","0","경북","군위군","차대사람","기타","기타","운전자법규위반","안전운전 의무 불이행","단일로","기타단일로","화물차","소형","보행자","보행자","1096804","1791880","128.57567735","36.11910737"
"2012","2012-09-21 23:00","50","야간","금","1","1","0","0","0","충남","금산군","차량단독","기타","기타","운전자법규위반","안전운전 의무 불이행","단일로","기타단일로","원동기장치자전거","원동기장치자전거","00","00","999960","1789625","127.4995556","36.10360643"