"발생년","발생년월일시","발생분","주야","요일","사망자수","사상자수","중상자수","경상자수","부상신고자수","발생지시도","발생지시군구","사고유형_대분류","사고유형_중분류","사고유형","법규위반_대분류","법규위반","도로형태_대분류","도로형태","당사자종별_1당_대분류","당사자종별_1당","당사자종별_2당_대분류","당사자종별_2당","발생위치X_UTMK","발생위치Y_UTMK","경도","위도"
"2012","2012-09-22 02:00","36","야간","토","1","1","0","0","0","서울","광진구","차대사람","횡단중","횡단중","운전자법규위반","보행자 보호의무 위반","단일로","횡단보도상","승용차","중형","보행자","보행자","962698","1950595","127.07768127","37.55394552"
"2012","2012-09-18 18:00","55","야간","화","1","2","0","1","0","울산","동구","차대차","기타","기타","운전자법규위반","직진 및 우회전차의 통행방해","교차로","교차로부근","이륜차","소형","승용차","중형","1174898","1729042","129.42934406","35.54194038"
"2012","2012-09-25 02:00","49","야간","화","1","1","0","0","0","대전","서구","차대사람","횡단중","횡단중","운전자법규위반","안전운전 의무 불이행","교차로","교차로내","승용차","중형","보행자","보행자","988412","1817827","127.37084085","36.35779446"
"2012","2012-09-23 05:00","30","야간","일","1","1","0","0","0","경기","의정부시","차대차","추돌","진행중 추돌","운전자법규위반","신호위반","교차로","교차로내","승용차","중형","자전거","자전거","961111","1970500","127.05870913","37.73167406"
"2012","2012-09-24 12:00","50","주간","월","1","2","1","0","0","경북","영양군","차량단독","기타","기타","운전자법규위반","안전운전 의무 불이행","단일로","기타단일로","농기계","농기계","00","00","1151154","1850288","129.19077441","36.6385058"
"2012","2012-09-24 04:00","18","야간","월","1","2","1","0","0","경북","구미시","차량단독","전도전복","전도전복","운전자법규위반","안전운전 의무 불이행","단일로","기타단일로","승용차","중형","00","00","1082169","1790243","128.40860423","36.10567881"
"2012","2012-08-06 16:00","50","주간","월","1","1","0","0","0","경남","창원시(통합)","차대사람","횡단중","횡단중","운전자법규위반","안전운전 의무 불이행","단일로","기타단일로","승용차","중형","보행자","보행자","1104136","1695073","128.64460172","35.24567202"
"2012","2012-08-11 06:00","35","주간","토","1","1","0","0","0","서울","관악구","차량단독","공작물충돌","공작물충돌","운전자법규위반","안전운전 의무 불이행","단일로","기타단일로","이륜차","중형","00","00","948502","1943488","126.91763284","37.4893768"
"2012","2012-08-11 06:00","20","주간","토","1","1","0","0","0","경기","안양시","차량단독","공작물충돌","공작물충돌","운전자법규위반","안전운전 의무 불이행","고가도로위","고가도로위","원동기장치자전거","원동기장치자전거","00","00","948533","1935271","126.9183889","37.41514438"
"2012","2012-08-10 09:00","09","주간","금","1","1","0","0","0","전남","나주시","차량단독","도로이탈","도로이탈 기타","운전자법규위반","안전운전 의무 불이행","단일로","기타단일로","승용차","중형","00","00","927896","1668291","126.70977472","35.00701282"
"2014","2014-02-26 01:00","45","야간","수","1","1","0","0","0","전남","함평군","차량단독","도로이탈","도로이탈 추락","운전자법규위반","안전운전 의무 불이행","단일로","기타단일로","승용차","대형","00","00","906965","1679982","126.47909833","35.11070796"
"2014","2014-02-27 07:00","42","주간","목","1","1","0","0","0","경기","광주시","차대사람","횡단중","횡단중","운전자법규위반","신호위반","교차로","교차로부근","승합차","대형","보행자","보행자","977947","1935225","127.25078311","37.41589771"
"2014","2014-02-27 15:00","55","주간","목","1","2","1","0","0","서울","강동구","차대차","기타","기타","운전자법규위반","안전운전 의무 불이행","기타/불명","기타/불명","자전거","자전거","자전거","자전거","967957","1952030","127.13715772","37.56707769"
"2014","2014-03-03 17:00","50","주간","월","1","1","0","0","0","대전","서구","차대사람","기타","기타","운전자법규위반","안전운전 의무 불이행","단일로","횡단보도상","승합차","대형","보행자","보행자","986344","1813541","127.34786628","36.31912731"
"2014","2014-02-28 18:00","10","야간","금","1","1","0","0","0","충남","당진시","차량단독","전도전복","전도전복","운전자법규위반","안전운전 의무 불이행","기타/불명","기타/불명","이륜차","사발이","00","00","924888","1881125","126.65664858","36.92550004"
"2014","2014-03-04 08:00","30","주간","화","1","2","0","0","1","인천","부평구","차대사람","기타","기타","운전자법규위반","안전운전 의무 불이행","단일로","기타단일로","자전거","자전거","보행자","보행자","929490","1943898","126.70272919","37.49193467"
"2014","2014-03-03 09:00","10","주간","월","1","1","0","0","0","경기","가평군","차량단독","도로이탈","도로이탈 추락","운전자법규위반","안전운전 의무 불이행","단일로","기타단일로","이륜차","사발이","00","00","989756","1980703","127.38359668","37.82601797"
"2014","2014-02-27 20:00","35","야간","목","1","1","0","0","0","경북","영주시","차대차","추돌","주정차중 추돌","운전자법규위반","안전운전 의무 불이행","단일로","기타단일로","이륜차","중형","화물차","중형","1091418","1875822","128.52576954","36.87626257"
"2014","2014-03-03 21:00","30","야간","월","1","1","0","0","0","서울","영등포구","차대사람","횡단중","횡단중","운전자법규위반","신호위반","단일로","횡단보도상","승합차","대형","보행자","보행자","947983","1944205","126.91154325","37.49563809"
"2014","2014-03-04 09:00","40","주간","화","1","1","0","0","0","경기","광명시","차대차","추돌","주정차중 추돌","운전자법규위반","안전운전 의무 불이행","단일로","기타단일로","승용차","소형","화물차","소형","943679","1940995","126.86310134","37.46645336"
"2014","2014-03-20 19:00","17","야간","목","1","1","0","0","0","충남","당진시","차대차","정면충돌","정면충돌","운전자법규위반","안전운전 의무 불이행","기타/불명","기타/불명","화물차","소형","농기계","농기계","933249","1876993","126.76003296","36.89883053"
"2014","2014-03-06 18:00","00","야간","목","1","1","0","0","0","경남","진주시","차대차","기타","기타","운전자법규위반","안전운전 의무 불이행","교차로","교차로내","화물차","소형","원동기장치자전거","원동기장치자전거","1051469","1691331","128.06552079","35.21602229"
"2013","2013-12-23 16:00","05","주간","월","1","1","0","0","0","전북","익산시","차량단독","전도전복","전도전복","운전자법규위반","안전운전 의무 불이행","교차로","교차로부근","화물차","소형","00","00","952609","1786630","126.96784163","36.071582"
"2013","2013-12-23 22:00","30","야간","월","1","1","0","0","0","경기","성남시","차대사람","차도통행중","차도통행중","운전자법규위반","안전운전 의무 불이행","교차로","교차로부근","승합차","대형","보행자","보행자","967222","1936780","127.12951475","37.42959624"
"2013","2013-12-21 16:00","34","주간","토","1","1","0","0","0","경남","김해시","차량단독","공작물충돌","공작물충돌","운전자법규위반","안전운전 의무 불이행","교차로","교차로부근","승용차","경형","00","00","1127193","1697070","128.8997597","35.26147263"
"2013","2013-12-24 04:00","15","야간","화","1","1","0","0","0","부산","사하구","차대사람","기타","기타","운전자법규위반","신호위반","교차로","교차로부근","승용차","중형","보행자","보행자","1134167","1679774","128.97210986","35.1041925"
"2013","2013-11-01 10:00","25","주간","금","1","1","0","0","0","울산","울주군","차대차","측면직각충돌","측면직각충돌","운전자법규위반","중앙선 침범","단일로","기타단일로","이륜차","사발이","승용차","중형","1156940","1717303","129.22906152","35.4391481"
"2013","2013-11-01 08:00","20","주간","금","1","1","0","0","0","충남","당진시","차량단독","도로이탈","도로이탈 기타","운전자법규위반","안전운전 의무 불이행","교차로","교차로부근","원동기장치자전거","원동기장치자전거","00","00","916069","1876630","126.54998","36.88071435"
"2013","2013-11-01 14:00","45","주간","금","1","2","0","1","0","전남","완도군","차대사람","기타","기타","운전자법규위반","안전운전 의무 불이행","기타/불명","기타/불명","승합차","소형","보행자","보행자","927918","1597217","126.71608064","34.36613631"
"2013","2013-11-01 16:00","45","주간","금","1","1","0","0","0","강원","양양군","차량단독","공작물충돌","공작물충돌","운전자법규위반","안전운전 의무 불이행","단일로","기타단일로","이륜차","중형","00","00","1101000","2006448","128.65117873","38.05247779"
"2013","2013-11-01 01:00","03","야간","금","1","1","0","0","0","대전","서구","차대차","추돌","주정차중 추돌","운전자법규위반","안전운전 의무 불이행","단일로","기타단일로","승용차","중형","승용차","중형","990141","1817914","127.39011104","36.35859808"
"2013","2013-10-29 22:00","05","야간","화","1","1","0","0","0","경북","칠곡군","차대사람","기타","기타","운전자법규위반","안전운전 의무 불이행","교차로","교차로내","승용차","중형","보행자","보행자","1081672","1777049","128.40601894","35.98680165"
"2013","2013-10-29 21:00","04","야간","화","1","1","0","0","0","경남","창녕군","차대사람","기타","기타","운전자법규위반","안전운전 의무 불이행","단일로","기타단일로","승용차","소형","보행자","보행자","1093154","1717730","128.52649343","35.45101697"
"2013","2013-11-04 00:00","18","야간","월","1","1","0","0","0","경북","포항시","차량단독","도로이탈","도로이탈 추락","운전자법규위반","안전운전 의무 불이행","단일로","교량위","승용차","대형","00","00","1167971","1779851","129.36362287","36.00100546"
"2013","2013-11-02 00:00","10","야간","토","1","1","0","0","0","전남","여수시","차대사람","기타","기타","운전자법규위반","신호위반","교차로","교차로부근","승용차","중형","보행자","보행자","1020926","1639098","127.72867192","34.7467358"
"2013","2013-11-10 14:00","56","주간","일","1","1","0","0","0","서울","영등포구","차대사람","횡단중","횡단중","운전자법규위반","안전운전 의무 불이행","교차로","교차로내","승용차","중형","보행자","보행자","946885","1943451","126.89917688","37.48877963"
"2013","2013-11-10 16:00","35","주간","일","1","1","0","0","0","광주","서구","차대사람","횡단중","횡단중","운전자법규위반","신호위반","단일로","기타단일로","승용차","소형","보행자","보행자","942869","1682383","126.87289048","35.13503484"
"2013","2013-11-09 22:00","10","야간","토","1","1","0","0","0","충남","아산시","차량단독","공작물충돌","공작물충돌","운전자법규위반","안전운전 의무 불이행","단일로","교량위","승용차","중형","00","00","957993","1874181","127.04899696","36.84481231"
"2013","2013-11-10 22:00","25","야간","일","1","1","0","0","0","충북","청주시","차대사람","기타","기타","운전자법규위반","안전운전 의무 불이행","단일로","기타단일로","승용차","대형","보행자","보행자","999399","1848275","127.4932776","36.63235878"
"2013","2013-11-10 23:00","35","야간","일","1","3","2","0","0","경기","평택시","차량단독","도로이탈","도로이탈 추락","운전자법규위반","안전운전 의무 불이행","단일로","기타단일로","화물차","소형","00","00","946110","1894410","126.89396378","37.04670303"
"2013","2013-11-07 09:00","50","주간","목","1","1","0","0","0","경북","성주군","차대사람","길가장자리구역통행중","길가장자리구역통행중","운전자법규위반","안전운전 의무 불이행","단일로","기타단일로","화물차","소형","보행자","보행자","1068875","1776352","128.26400871","35.98150613"
"2013","2013-11-07 02:00","30","야간","목","1","1","0","0","0","충남","예산군","차량단독","공작물충돌","공작물충돌","운전자법규위반","안전운전 의무 불이행","단일로","기타단일로","화물차","소형","00","00","936036","1841980","126.78508894","36.57346568"
"2014","2014-03-22 09:00","40","주간","토","1","4","1","2","0","서울","노원구","차대차","기타","기타","운전자법규위반","중앙선 침범","단일로","기타단일로","승용차","중형","승용차","중형","961441","1957939","127.06306362","37.62008722"
"2014","2014-03-22 09:00","10","주간","토","1","1","0","0","0","울산","동구","차대차","추돌","진행중 추돌","운전자법규위반","안전거리 미확보","단일로","기타단일로","이륜차","소형","승합차","대형","1174980","1724709","129.42931312","35.50287894"
"2014","2014-03-23 16:00","36","주간","일","1","1","0","0","0","부산","남구","차대사람","기타","기타","운전자법규위반","안전운전 의무 불이행","단일로","기타단일로","승용차","대형","보행자","보행자","1147085","1683242","129.11441792","35.13364826"
"2014","2014-03-18 21:00","55","야간","화","1","1","0","0","0","경기","수원시","차대사람","횡단중","횡단중","운전자법규위반","안전운전 의무 불이행","단일로","기타단일로","승용차","중형","보행자","보행자","956442","1922682","127.00850306","37.3020787"
"2014","2014-03-18 10:00","20","주간","화","1","2","0","1","0","전남","나주시","차대차","기타","기타","운전자법규위반","중앙선 침범","교차로","교차로부근","건설기계","건설기계","특수차","소형","943633","1665381","126.88243169","34.98177383"
"2014","2014-03-19 23:00","46","야간","수","3","11","7","1","0","서울","송파구","차대차","추돌","주정차중 추돌","운전자법규위반","안전운전 의무 불이행","단일로","기타단일로","승합차","대형","승용차","중형","965214","1946302","127.10636924","37.51534944"
"2013","2013-12-26 04:00","20","야간","목","1","1","0","0","0","경기","평택시","차량단독","공작물충돌","공작물충돌","운전자법규위반","안전운전 의무 불이행","단일로","기타단일로","승용차","중형","00","00","962959","1891852","127.08356462","37.02446144"
"2013","2013-12-19 13:00","50","주간","목","1","1","0","0","0","서울","동작구","차대차","측면직각충돌","측면직각충돌","운전자법규위반","안전운전 의무 불이행","단일로","기타단일로","건설기계","건설기계","자전거","자전거","950642","1946179","126.94149006","37.51357621"
"2013","2013-12-24 11:00","15","주간","화","1","1","0","0","0","서울","도봉구","차대차","측면직각충돌","측면직각충돌","운전자법규위반","신호위반","교차로","교차로내","자전거","자전거","승용차","중형","959204","1962684","127.03745041","37.66275807"
"2013","2013-12-29 18:00","00","야간","일","1","1","0","0","0","전북","고창군","차대사람","기타","기타","운전자법규위반","안전운전 의무 불이행","단일로","기타단일로","화물차","소형","보행자","보행자","913149","1718948","126.54282229","35.46256841"
"2013","2013-12-21 06:00","49","주간","토","1","1","0","0","0","강원","고성군","차대사람","횡단중","횡단중","운전자법규위반","안전운전 의무 불이행","단일로","기타단일로","화물차","소형","보행자","보행자","1083788","2043487","128.46053915","38.38706265"
"2013","2013-12-26 12:00","54","주간","목","1","1","0","0","0","경남","의령군","차량단독","전도전복","전도전복","운전자법규위반","안전운전 의무 불이행","단일로","기타단일로","화물차","소형","00","00","1074995","1708525","128.32556763","35.36956128"
"2013","2013-12-28 20:00","40","야간","토","1","1","0","0","0","충남","천안시","차대사람","횡단중","횡단중","운전자법규위반","안전운전 의무 불이행","교차로","교차로부근","승용차","대형","보행자","보행자","969078","1873247","127.15311759","36.85697085"
"2013","2013-12-08 18:00","50","야간","일","1","2","1","0","0","서울","송파구","차대차","측면직각충돌","측면직각충돌","운전자법규위반","안전운전 의무 불이행","단일로","기타단일로","이륜차","중형","승합차","대형","968420","1944653","127.1427178","37.50060154"
"2013","2013-12-09 18:00","58","야간","월","1","3","1","1","0","경북","영천시","차대차","기타","기타","운전자법규위반","안전운전 의무 불이행","단일로","기타단일로","건설기계","건설기계","승용차","경형","1128465","1782727","128.92591511","36.03293612"
"2013","2013-12-15 19:00","00","야간","일","1","1","0","0","0","충남","아산시","차대사람","횡단중","횡단중","운전자법규위반","안전운전 의무 불이행","교차로","교차로내","화물차","소형","보행자","보행자","957816","1864298","127.02728042","36.77586517"
"2013","2013-12-14 23:00","20","야간","토","1","4","2","1","0","경기","안산시","차량단독","전도전복","전도전복","운전자법규위반","안전운전 의무 불이행","단일로","기타단일로","승용차","중형","00","00","942531","1923666","126.85203093","37.30924687"
"2013","2013-12-11 17:00","59","주간","수","1","1","0","0","0","전남","나주시","차대사람","기타","기타","운전자법규위반","안전운전 의무 불이행","교차로","교차로부근","승합차","대형","보행자","보행자","928750","1671468","126.71886096","35.03571903"
"2013","2013-12-18 19:00","10","야간","수","1","1","0","0","0","충북","제천시","차대사람","기타","기타","운전자법규위반","보행자 보호의무 위반","단일로","횡단보도상","승용차","소형","보행자","보행자","1061147","1906097","128.18859472","37.15160037"
"2013","2013-12-18 22:00","27","야간","수","1","1","0","0","0","충남","계룡시","차대사람","횡단중","횡단중","운전자법규위반","안전운전 의무 불이행","교차로","교차로부근","승용차","중형","보행자","보행자","976846","1809461","127.24217632","36.28216299"
"2013","2013-12-12 23:00","10","야간","목","1","1","0","0","0","전북","익산시","차대차","정면충돌","정면충돌","운전자법규위반","중앙선 침범","교차로","교차로부근","승용차","중형","이륜차","소형","951579","1771794","126.96314843","35.94164323"
"2013","2013-12-12 19:00","30","야간","목","1","2","0","0","1","경기","안양시","차대차","정면충돌","정면충돌","운전자법규위반","중앙선 침범","단일로","기타단일로","승용차","경형","승합차","중형","947750","1932560","126.90973262","37.39066536"
"2013","2013-12-12 17:00","24","주간","목","1","3","2","0","0","강원","고성군","차량단독","전도전복","전도전복","운전자법규위반","안전운전 의무 불이행","단일로","기타단일로","승용차","중형","00","00","1082970","2033724","128.44888718","38.30010534"
"2014","2014-02-18 15:00","45","주간","화","1","1","0","0","0","서울","영등포구","차대사람","기타","기타","운전자법규위반","안전운전 의무 불이행","교차로","교차로부근","승용차","대형","보행자","보행자","949660","1946908","126.9303288","37.52009377"
"2014","2014-02-27 14:00","02","주간","목","1","1","0","0","0","서울","노원구","차대사람","횡단중","횡단중","운전자법규위반","안전운전 의무 불이행","단일로","기타단일로","승합차","소형","보행자","보행자","963030","1963525","127.08078627","37.67050027"
"2014","2014-03-03 05:00","38","야간","월","1","1","0","0","0","부산","강서구","차량단독","도로이탈","도로이탈 추락","운전자법규위반","안전운전 의무 불이행","단일로","기타단일로","승용차","소형","00","00","1126723","1683882","128.89108426","35.14218864"
"2014","2014-03-03 05:00","00","야간","월","1","1","0","0","0","부산","강서구","차대사람","횡단중","횡단중","운전자법규위반","안전운전 의무 불이행","단일로","횡단보도부근","승용차","중형","보행자","보행자","1130411","1692528","128.93292517","35.21965522"
"2012","2012-08-15 15:00","50","주간","수","1","1","0","0","0","부산","동래구","차대사람","횡단중","횡단중","운전자법규위반","안전운전 의무 불이행","단일로","기타단일로","승용차","경형","보행자","보행자","1142991","1691797","129.07098002","35.21135144"
"2012","2012-08-13 22:00","35","야간","월","1","2","0","1","0","충남","아산시","차대사람","기타","기타","운전자법규위반","안전운전 의무 불이행","단일로","기타단일로","승용차","중형","보행자","보행자","960275","1881975","127.05391047","36.9353186"
"2013","2013-11-14 01:00","29","야간","목","1","1","0","0","0","부산","해운대구","차대사람","횡단중","횡단중","운전자법규위반","신호위반","단일로","기타단일로","승용차","중형","보행자","보행자","1150130","1693981","129.14956583","35.23005343"
"2013","2013-11-13 14:00","40","주간","수","1","1","0","0","0","경기","고양시","차대사람","기타","기타","운전자법규위반","안전운전 의무 불이행","단일로","기타단일로","승합차","대형","보행자","보행자","936293","1961651","126.77697747","37.65288691"
"2012","2012-02-22 06:00","35","주간","수","1","1","0","0","0","대전","동구","차대사람","횡단중","횡단중","운전자법규위반","안전운전 의무 불이행","단일로","기타단일로","승용차","중형","보행자","보행자","993927","1814955","127.43233306","36.33195282"
"2013","2013-11-21 16:00","40","주간","목","1","1","0","0","0","경북","봉화군","차대차","추돌","진행중 추돌","운전자법규위반","안전운전 의무 불이행","단일로","기타단일로","화물차","소형","농기계","농기계","1123162","1880722","128.8689049","36.92032621"
"2013","2013-11-17 14:00","50","주간","일","1","1","0","0","0","충북","청원군","차대차","측면직각충돌","측면직각충돌","운전자법규위반","신호위반","교차로","교차로내","승용차","중형","원동기장치자전거","원동기장치자전거","1002354","1856509","127.52635563","36.706585"
"2013","2013-11-17 19:00","05","야간","일","1","1","0","0","0","충북","음성군","차대사람","횡단중","횡단중","운전자법규위반","안전운전 의무 불이행","단일로","기타단일로","승용차","대형","보행자","보행자","1016949","1880367","127.6902939","36.92150851"
"2013","2013-11-18 08:00","10","주간","월","1","1","0","0","0","경북","영덕군","차대차","측면직각충돌","측면직각충돌","운전자법규위반","서행 및 일시정지위반","교차로","교차로내","승용차","중형","승용차","경형","1170014","1844395","129.40098554","36.58140777"
"2013","2013-11-18 01:00","03","야간","월","1","1","0","0","0","광주","광산구","차대사람","횡단중","횡단중","운전자법규위반","안전운전 의무 불이행","단일로","기타단일로","승용차","중형","보행자","보행자","936905","1684153","126.80729433","35.15063775"
"2013","2013-11-21 17:00","50","주간","목","1","1","0","0","0","충남","서천군","차대차","측면직각충돌","측면직각충돌","운전자법규위반","안전운전 의무 불이행","교차로","교차로부근","승용차","중형","이륜차","중형","927387","1786674","126.69358258","36.07428786"
"2013","2013-11-22 06:00","30","주간","금","1","1","0","0","0","충남","당진시","차대차","추돌","주정차중 추돌","운전자법규위반","안전운전 의무 불이행","단일로","기타단일로","화물차","소형","화물차","대형","937684","1875914","126.80073905","36.87946172"
"2013","2013-11-29 10:00","30","주간","금","1","1","0","0","0","경남","통영시","차량단독","기타","기타","운전자법규위반","안전운전 의무 불이행","단일로","기타단일로","농기계","농기계","00","00","1081487","1651497","128.39140847","34.85487761"
"2013","2013-11-29 10:00","30","주간","금","1","1","0","0","0","충북","청원군","차대차","기타","기타","운전자법규위반","안전운전 의무 불이행","교차로","교차로부근","화물차","중형","화물차","소형","994544","1857497","127.43890702","36.71547893"
"2013","2013-12-01 20:00","20","야간","일","1","3","0","2","0","강원","춘천시","차대차","측면직각충돌","측면직각충돌","운전자법규위반","안전운전 의무 불이행","단일로","기타단일로","화물차","소형","승용차","중형","1006706","1982014","127.57621296","37.83786708"
"2013","2013-11-30 14:00","58","주간","토","1","1","0","0","0","대구","수성구","차대사람","기타","기타","운전자법규위반","안전운전 의무 불이행","단일로","기타단일로","승합차","소형","보행자","보행자","1100209","1759490","128.60941368","35.82678903"
"2013","2013-12-01 19:00","20","야간","일","1","1","0","0","0","경북","구미시","차대사람","기타","기타","운전자법규위반","안전운전 의무 불이행","단일로","기타단일로","승용차","중형","보행자","보행자","1077035","1792546","128.35609609","36.12688221"
"2013","2013-11-30 19:00","57","야간","토","1","1","0","0","0","대전","동구","차대사람","횡단중","횡단중","운전자법규위반","과속","단일로","기타단일로","승용차","중형","보행자","보행자","994511","1813582","127.43783596","36.31965873"
"2013","2013-11-30 21:00","15","야간","토","1","1","0","0","0","경남","창원시(통합)","차대사람","차도통행중","차도통행중","운전자법규위반","안전운전 의무 불이행","교차로","교차로내","승용차","중형","보행자","보행자","1097932","1693079","128.57618455","35.22832081"
"2013","2013-11-30 13:00","00","주간","토","1","1","0","0","0","경기","시흥시","차대사람","횡단중","횡단중","운전자법규위반","신호위반","교차로","교차로내","승합차","대형","보행자","보행자","932153","1928532","126.73391561","37.35335004"
"2013","2013-12-01 04:00","00","야간","일","1","1","0","0","0","경기","양주시","차량단독","전도전복","전도전복","운전자법규위반","안전운전 의무 불이행","단일로","기타단일로","승용차","대형","00","00","949909","1979253","126.92549235","37.80605337"
"2013","2013-10-26 06:00","50","주간","토","1","1","0","0","0","인천","부평구","차대사람","횡단중","횡단중","운전자법규위반","안전운전 의무 불이행","단일로","횡단보도상","승용차","중형","보행자","보행자","932757","1943304","126.73938958","37.48653396"
"2013","2013-10-27 00:00","45","야간","일","1","2","1","0","0","전북","익산시","차대차","측면직각충돌","측면직각충돌","운전자법규위반","직진 및 우회전차의 통행방해","교차로","교차로내","승용차","중형","이륜차","대형","959512","1767670","127.06043039","35.91911942"
"2013","2013-10-26 18:00","15","야간","토","1","1","0","0","0","경기","파주시","차대사람","횡단중","횡단중","운전자법규위반","과속","교차로","교차로부근","화물차","소형","보행자","보행자","936812","1986536","126.78150538","37.87645659"
"2013","2013-10-24 16:00","00","주간","목","1","1","0","0","0","강원","영월군","차량단독","전도전복","전도전복","운전자법규위반","안전운전 의무 불이행","단일로","기타단일로","화물차","소형","00","00","1077956","1910697","128.37834763","37.19180982"
"2013","2013-10-31 03:00","40","야간","목","1","1","0","0","0","부산","해운대구","차량단독","전도전복","전도전복","운전자법규위반","안전운전 의무 불이행","지하도로내","지하도로내","이륜차","소형","00","00","1151655","1686953","129.16524158","35.16641849"
"2013","2013-10-28 18:00","20","야간","월","1","1","0","0","0","경기","안산시","차대사람","횡단중","횡단중","운전자법규위반","안전운전 의무 불이행","교차로","교차로부근","승용차","중형","보행자","보행자","936223","1922263","126.78040703","37.29713484"
"2013","2013-10-29 23:00","20","야간","화","1","1","0","0","0","경기","안산시","차량단독","공작물충돌","공작물충돌","운전자법규위반","신호위반","교차로","교차로부근","이륜차","소형","00","00","941680","1924181","126.84182357","37.3147808"
"2013","2013-10-30 01:00","10","야간","수","1","2","1","0","0","경기","양주시","차대사람","기타","기타","운전자법규위반","안전운전 의무 불이행","교차로","교차로부근","화물차","소형","보행자","보행자","960043","1977740","127.04613531","37.79849517"
"2013","2013-11-06 00:00","18","야간","수","1","1","0","0","0","전북","남원시","차량단독","도로이탈","도로이탈 기타","운전자법규위반","안전운전 의무 불이행","단일로","기타단일로","승용차","소형","00","00","1004606","1717096","127.55075501","35.44965399"
"2013","2013-11-05 07:00","50","주간","화","1","1","0","0","0","경북","청도군","차대사람","기타","기타","운전자법규위반","보행자 보호의무 위반","지하도로내","지하도로내","승합차","소형","보행자","보행자","1112796","1739063","128.74586467","35.64128902"
"2013","2013-11-05 18:00","15","야간","화","1","1","0","0","0","충북","음성군","차대차","추돌","진행중 추돌","운전자법규위반","안전운전 의무 불이행","단일로","기타단일로","승용차","소형","농기계","농기계","1002897","1890098","127.53256332","37.00937639"
"2013","2013-11-05 05:00","30","야간","화","1","1","0","0","0","충남","아산시","차대차","추돌","주정차중 추돌","운전자법규위반","안전운전 의무 불이행","기타/불명","기타/불명","화물차","소형","화물차","대형","959691","1866876","127.04807235","36.79796882"
"2013","2013-11-02 15:00","40","주간","토","1","1","0","0","0","대전","서구","차대사람","기타","기타","운전자법규위반","안전운전 의무 불이행","지하도로내","지하도로내","화물차","소형","보행자","보행자","988866","1818609","127.3758899","36.36484985"
"2013","2013-11-02 14:00","40","주간","토","1","1","0","0","0","경기","수원시","차대사람","횡단중","횡단중","운전자법규위반","보행자 보호의무 위반","교차로","교차로부근","승용차","중형","보행자","보행자","954523","1921242","126.98693851","37.28900719"
"2013","2013-11-10 15:00","30","주간","일","1","1","0","0","0","강원","정선군","차량단독","전도전복","전도전복","운전자법규위반","안전운전 의무 불이행","기타/불명","기타/불명","승용차","중형","00","00","1104538","1923716","128.67963034","37.30654012"
"2013","2013-11-10 04:00","20","야간","일","1","1","0","0","0","경기","이천시","차량단독","공작물충돌","공작물충돌","운전자법규위반","안전운전 의무 불이행","교차로","교차로부근","승용차","소형","00","00","997215","1920335","127.46858307","37.28193929"
"2013","2013-11-09 03:00","30","야간","토","1","1","0","0","0","부산","사상구","차대사람","기타","기타","운전자법규위반","안전운전 의무 불이행","교차로","교차로내","승용차","대형","보행자","보행자","1135286","1685857","128.98537977","35.15887624"
"2013","2013-11-09 09:00","30","주간","토","1","1","0","0","0","충남","공주시","차량단독","도로이탈","도로이탈 기타","운전자법규위반","안전운전 의무 불이행","단일로","기타단일로","농기계","농기계","00","00","947192","1830832","126.9039802","36.50144957"
"2013","2013-11-07 16:00","35","주간","목","1","1","0","0","0","부산","사상구","차대사람","횡단중","횡단중","운전자법규위반","안전운전 의무 불이행","단일로","기타단일로","건설기계","건설기계","보행자","보행자","1134772","1687556","128.98001547","35.17426038"
"2013","2013-11-07 18:00","15","야간","목","1","2","0","1","0","전남","곡성군","차대차","추돌","진행중 추돌","운전자법규위반","안전운전 의무 불이행","교차로","교차로부근","이륜차","소형","승용차","중형","979907","1681642","127.27945815","35.12977495"
"2013","2013-11-07 15:00","10","주간","목","1","2","0","1","0","전남","장흥군","차량단독","도로이탈","도로이탈 추락","운전자법규위반","안전운전 의무 불이행","단일로","기타단일로","승용차","대형","00","00","949896","1615120","126.95403872","34.5288803"
"2012","2012-06-20 12:00","45","주간","수","1","1","0","0","0","인천","계양구","차대사람","기타","기타","운전자법규위반","안전운전 의무 불이행","단일로","기타단일로","승용차","소형","보행자","보행자","931470","1948715","126.72432852","37.53520773"
"2012","2012-06-30 03:00","25","야간","토","1","1","0","0","0","경기","의정부시","차대사람","횡단중","횡단중","운전자법규위반","과속","교차로","교차로내","승용차","중형","보행자","보행자","960957","1971310","127.05686297","37.74058123"
"2012","2012-06-30 00:00","35","야간","토","1","1","0","0","0","서울","중구","차대사람","횡단중","횡단중","운전자법규위반","안전운전 의무 불이행","기타/불명","기타/불명","승합차","대형","보행자","보행자","953832","1951747","126.97723479","37.56392705"
"2012","2012-06-30 20:00","30","야간","토","1","1","0","0","0","부산","중구","차대사람","횡단중","횡단중","운전자법규위반","안전운전 의무 불이행","단일로","기타단일로","승용차","중형","보행자","보행자","1138859","1679446","129.02352058","35.1005999"
"2012","2012-06-30 20:00","50","야간","토","2","2","0","0","0","경기","화성시","차량단독","도로이탈","도로이탈 추락","운전자법규위반","안전운전 의무 불이행","단일로","기타단일로","승용차","대형","00","00","937518","1891121","126.79676581","37.03348375"