"발생년","발생년월일시","발생분","주야","요일","사망자수","사상자수","중상자수","경상자수","부상신고자수","발생지시도","발생지시군구","사고유형_대분류","사고유형_중분류","사고유형","법규위반_대분류","법규위반","도로형태_대분류","도로형태","당사자종별_1당_대분류","당사자종별_1당","당사자종별_2당_대분류","당사자종별_2당","발생위치X_UTMK","발생위치Y_UTMK","경도","위도"
"2012","2012-07-01 22:00","50","야간","일","1","1","0","0","0","서울","강서구","차대사람","기타","기타","운전자법규위반","안전운전 의무 불이행","교차로","교차로부근","승용차","중형","보행자","보행자","941461","1950864","126.83723482","37.55526527"
"2012","2012-06-29 07:00","45","주간","금","1","1","0","0","0","경북","경주시","차대차","기타","기타","운전자법규위반","안전운전 의무 불이행","교차로","교차로내","화물차","소형","자전거","자전거","1154156","1762256","129.20699876","35.84472183"
"2012","2012-07-05 08:00","50","주간","목","1","18","0","16","1","울산","북구","차대차","정면충돌","정면충돌","운전자법규위반","교차로 통행방법 위반","교차로","교차로내","승합차","대형","화물차","중형","1169223","1732214","129.36743503","35.57151104"
"2012","2012-07-03 14:00","00","주간","화","1","1","0","0","0","광주","광산구","차대사람","기타","기타","운전자법규위반","중앙선 침범","단일로","기타단일로","승용차","중형","보행자","보행자","932877","1681272","126.68045613","35.12795312"
"2012","2012-07-02 12:00","55","주간","월","1","2","1","0","0","서울","금천구","차량단독","전도전복","전도전복","운전자법규위반","안전운전 의무 불이행","단일로","기타단일로","이륜차","대형","00","00","948631","1939604","126.9191946","37.45420446"
"2012","2012-07-02 12:00","55","주간","월","1","4","1","2","0","경기","이천시","차량단독","전도전복","전도전복","운전자법규위반","안전운전 의무 불이행","단일로","기타단일로","승용차","중형","00","00","1008521","1905787","127.5959571","37.15076749"
"2012","2012-07-08 20:00","55","야간","일","1","1","0","0","0","경북","칠곡군","차대사람","횡단중","횡단중","운전자법규위반","과속","교차로","교차로내","승용차","중형","보행자","보행자","1081125","1785646","128.40076401","36.06410457"
"2012","2012-07-06 02:00","30","야간","금","2","2","0","0","0","서울","서초구","차량단독","공작물충돌","공작물충돌","운전자법규위반","안전운전 의무 불이행","단일로","기타단일로","승용차","대형","00","00","962638","1938930","127.07759472","37.44880156"
"2012","2012-07-13 15:00","10","주간","금","1","2","0","1","0","인천","옹진군","차대차","정면충돌","정면충돌","운전자법규위반","중앙선 침범","단일로","기타단일로","화물차","소형","승용차","중형","755096","2000166","124.71204003","37.96844207"
"2012","2012-07-17 09:00","55","주간","화","1","1","0","0","0","서울","금천구","차대사람","횡단중","횡단중","운전자법규위반","안전운전 의무 불이행","단일로","기타단일로","화물차","소형","보행자","보행자","947102","1940952","126.90181098","37.46626808"
"2012","2012-07-17 01:00","34","야간","화","1","1","0","0","0","부산","사상구","차대사람","기타","기타","운전자법규위반","안전운전 의무 불이행","단일로","기타단일로","승용차","소형","보행자","보행자","1134353","1687958","128.97548102","35.17794021"
"2012","2012-07-14 12:00","30","주간","토","1","1","0","0","0","충남","부여군","차대사람","기타","기타","운전자법규위반","안전운전 의무 불이행","교차로","교차로내","승용차","중형","보행자","보행자","947312","1808539","126.91338366","36.27268993"
"2012","2012-07-14 03:00","18","야간","토","1","1","0","0","0","경기","수원시","차대사람","기타","기타","운전자법규위반","안전운전 의무 불이행","단일로","기타단일로","승용차","중형","보행자","보행자","958742","1916469","127.03479958","37.24618143"
"2012","2012-07-13 19:00","20","야간","금","1","2","1","0","0","경기","고양시","차량단독","공작물충돌","공작물충돌","운전자법규위반","안전운전 의무 불이행","단일로","기타단일로","승용차","경형","00","00","947869","1960851","126.90906944","37.64566337"
"2012","2012-07-21 10:00","45","주간","토","1","2","0","1","0","충남","논산시","차대사람","기타","기타","운전자법규위반","안전운전 의무 불이행","단일로","기타단일로","승용차","중형","보행자","보행자","962779","1802371","127.07885456","36.21426343"
"2012","2012-07-21 03:00","20","야간","토","1","2","0","1","0","경기","광명시","차량단독","공작물충돌","공작물충돌","운전자법규위반","안전운전 의무 불이행","단일로","기타단일로","원동기장치자전거","원동기장치자전거","00","00","945796","1937260","126.88731451","37.43291556"
"2012","2012-07-22 12:00","53","주간","일","1","1","0","0","0","서울","강남구","차량단독","공작물충돌","공작물충돌","운전자법규위반","안전운전 의무 불이행","단일로","기타단일로","원동기장치자전거","원동기장치자전거","00","00","964401","1940784","127.09551543","37.4653773"
"2012","2012-07-21 21:00","40","야간","토","1","1","0","0","0","경남","함양군","차량단독","기타","기타","운전자법규위반","안전운전 의무 불이행","단일로","기타단일로","원동기장치자전거","원동기장치자전거","00","00","1026454","1737451","127.79220223","35.63302417"
"2012","2012-07-19 00:00","50","야간","목","1","1","0","0","0","경기","고양시","차대사람","기타","기타","운전자법규위반","안전운전 의무 불이행","단일로","기타단일로","승용차","중형","보행자","보행자","939584","1956272","126.84410936","37.58728322"
"2012","2012-07-20 00:00","00","야간","금","1","1","0","0","0","서울","강서구","차대사람","기타","기타","운전자법규위반","안전운전 의무 불이행","단일로","기타단일로","승용차","중형","보행자","보행자","942168","1949866","126.84471757","37.53337732"
"2012","2012-07-20 04:00","30","야간","금","1","1","0","0","0","경기","성남시","차대사람","횡단중","횡단중","운전자법규위반","신호위반","단일로","횡단보도상","이륜차","소형","보행자","보행자","969057","1938133","127.15019839","37.44185482"
"2012","2012-07-24 13:00","20","주간","화","1","1","0","0","0","전북","부안군","차량단독","전도전복","전도전복","운전자법규위반","안전운전 의무 불이행","단일로","기타단일로","화물차","소형","00","00","927683","1745457","126.70061326","35.70272929"
"2012","2012-07-24 15:00","10","주간","화","1","1","0","0","0","충남","계룡시","차대사람","기타","기타","운전자법규위반","기타(운전자법규위반)","단일로","기타단일로","건설기계","건설기계","보행자","보행자","978622","1807960","127.2619933","36.2686718"
"2012","2012-07-24 07:00","30","주간","화","1","3","1","1","0","경북","경산시","차대차","기타","기타","운전자법규위반","안전운전 의무 불이행","교차로","교차로부근","화물차","중형","화물차","중형","1118200","1759343","128.80852721","35.82346072"
"2012","2012-07-24 05:00","33","야간","월","1","9","7","1","0","경기","안양시","차대차","측면직각충돌","측면직각충돌","운전자법규위반","부당한 회전","교차로","교차로내","자전거","자전거","승합차","중형","953186","1934097","126.97104313","37.4048096"
"2012","2012-07-28 20:00","10","야간","토","1","1","0","0","0","충남","서산시","차대차","기타","기타","운전자법규위반","안전운전 의무 불이행","교차로","교차로내","화물차","소형","자전거","자전거","918782","1866454","126.58966836","36.79275645"
"2013","2013-03-14 16:00","10","주간","목","1","1","0","0","0","제주","제주시","차대사람","횡단중","횡단중","운전자법규위반","보행자 보호의무 위반","교차로","교차로부근","화물차","소형","보행자","보행자","912894","1501810","126.56218717","33.50462049"
"2013","2013-03-14 06:00","07","주간","목","1","1","0","0","0","서울","금천구","차대사람","횡단중","횡단중","운전자법규위반","보행자 보호의무 위반","교차로","교차로부근","건설기계","건설기계","보행자","보행자","946884","1939921","126.89942021","37.45696293"
"2013","2013-03-12 15:00","36","주간","화","1","1","0","0","0","강원","평창군","차대사람","길가장자리구역통행중","길가장자리구역통행중","운전자법규위반","안전운전 의무 불이행","단일로","기타단일로","화물차","소형","보행자","보행자","1094375","1962119","128.57192857","37.65426068"
"2013","2013-03-12 18:00","10","야간","화","1","6","4","1","0","경기","김포시","차대차","기타","기타","운전자법규위반","중앙선 침범","단일로","기타단일로","승용차","경형","승용차","소형","919545","1966673","126.58739135","37.6960878"
"2013","2013-03-11 05:00","30","야간","월","1","1","0","0","0","경남","창원시(통합)","차대사람","횡단중","횡단중","운전자법규위반","안전운전 의무 불이행","단일로","횡단보도상","승용차","중형","보행자","보행자","1109330","1692339","128.70131673","35.22047137"
"2013","2013-03-19 02:00","15","야간","화","1","1","0","0","0","인천","서구","차대사람","기타","기타","운전자법규위반","안전운전 의무 불이행","단일로","기타단일로","승용차","중형","보행자","보행자","927496","1943781","126.67983884","37.49043496"
"2013","2013-03-19 11:00","45","주간","화","1","4","3","0","0","경북","포항시","차대차","기타","기타","운전자법규위반","안전운전 의무 불이행","교차로","교차로내","화물차","중형","화물차","중형","1165926","1791404","129.19833486","36.19293761"
"2013","2013-03-21 07:00","15","주간","목","1","1","0","0","0","충북","진천군","차대사람","횡단중","횡단중","운전자법규위반","안전운전 의무 불이행","단일로","기타단일로","승용차","중형","보행자","보행자","995319","1882080","127.4489917","36.93801226"
"2013","2013-03-16 10:00","20","주간","토","1","2","0","1","0","충북","청주시","차대사람","횡단중","횡단중","운전자법규위반","보행자 보호의무 위반","교차로","교차로내","화물차","소형","보행자","보행자","996582","1850162","127.46176005","36.64936409"
"2013","2013-03-17 15:00","50","주간","일","1","1","0","0","0","충남","서천군","차량단독","전도전복","전도전복","운전자법규위반","안전운전 의무 불이행","교차로","교차로부근","농기계","농기계","00","00","934324","1794304","126.76998058","36.14356622"
"2013","2013-03-18 06:00","54","주간","월","1","1","0","0","0","경기","파주시","차량단독","공작물충돌","공작물충돌","운전자법규위반","안전운전 의무 불이행","단일로","기타단일로","승용차","중형","00","00","941372","1992579","126.8328611","37.93122375"
"2013","2013-03-18 06:00","40","주간","월","1","1","0","0","0","충남","청양군","차량단독","기타","기타","운전자법규위반","안전운전 의무 불이행","단일로","기타단일로","농기계","농기계","00","00","953719","1821509","126.9839444","36.3899441"
"2013","2013-12-26 08:00","04","주간","목","1","2","1","0","0","전북","전주시","차대차","측면직각충돌","측면직각충돌","운전자법규위반","신호위반","교차로","교차로내","화물차","중형","원동기장치자전거","원동기장치자전거","964850","1761681","127.1107292","35.8510334"
"2013","2013-12-20 10:00","30","주간","금","1","1","0","0","0","경기","화성시","차대사람","기타","기타","운전자법규위반","안전운전 의무 불이행","교차로","교차로내","건설기계","건설기계","보행자","보행자","938352","1912201","126.80446579","37.20569076"
"2013","2013-12-20 06:00","45","주간","금","1","1","0","0","0","전남","영광군","차대사람","길가장자리구역통행중","길가장자리구역통행중","운전자법규위반","안전운전 의무 불이행","단일로","기타단일로","화물차","소형","보행자","보행자","904371","1711641","126.44695256","35.39588796"
"2013","2013-12-22 20:00","21","야간","일","1","1","0","0","0","경남","남해군","차량단독","기타","기타","운전자법규위반","안전운전 의무 불이행","기타/불명","기타/불명","승용차","중형","00","00","1050378","1644537","128.050699","34.79413554"
"2013","2013-12-28 20:00","15","야간","토","1","1","0","0","0","대구","동구","차량단독","공작물충돌","공작물충돌","운전자법규위반","안전운전 의무 불이행","단일로","기타단일로","승용차","경형","00","00","1107260","1773689","128.68937361","35.95403534"
"2013","2013-12-07 22:00","38","야간","토","1","1","0","0","0","대구","달서구","차대사람","횡단중","횡단중","운전자법규위반","안전운전 의무 불이행","단일로","기타단일로","승용차","중형","보행자","보행자","1093848","1760610","128.53235777","35.84353265"
"2013","2013-12-13 05:00","20","야간","금","1","1","0","0","0","강원","인제군","차대차","정면충돌","정면충돌","운전자법규위반","중앙선 침범","단일로","기타단일로","승용차","대형","건설기계","건설기계","1052844","2016652","128.103102","38.14853252"
"2013","2013-12-16 01:00","00","야간","월","1","1","0","0","0","서울","강북구","차대사람","횡단중","횡단중","운전자법규위반","안전운전 의무 불이행","단일로","기타단일로","승용차","중형","보행자","보행자","958323","1958244","127.0280725","37.62158119"
"2013","2013-12-17 10:00","40","주간","화","1","1","0","0","0","대구","달서구","차대사람","기타","기타","운전자법규위반","안전운전 의무 불이행","교차로","교차로부근","화물차","소형","보행자","보행자","1089596","1759816","128.47391727","35.84466967"
"2013","2013-12-11 07:00","30","주간","수","1","3","2","0","0","전북","익산시","차대차","추돌","진행중 추돌","운전자법규위반","안전운전 의무 불이행","단일로","기타단일로","화물차","소형","승용차","중형","949195","1769627","126.93685633","35.92198529"
"2013","2013-12-08 08:00","30","주간","일","1","2","0","1","0","경기","이천시","차대차","정면충돌","정면충돌","운전자법규위반","안전운전 의무 불이행","교차로","교차로내","승용차","소형","화물차","대형","990710","1917363","127.39615025","37.25521128"
"2013","2013-12-07 20:00","20","야간","토","1","1","0","0","0","전남","목포시","차대사람","횡단중","횡단중","운전자법규위반","안전운전 의무 불이행","단일로","기타단일로","승용차","중형","보행자","보행자","901911","1646363","126.42726248","34.80731765"
"2013","2013-12-14 22:00","35","야간","토","1","4","3","0","0","경기","의정부시","차대차","측면직각충돌","측면직각충돌","운전자법규위반","안전운전 의무 불이행","교차로","교차로부근","승용차","소형","승용차","중형","960332","1971650","127.04975087","37.74361877"
"2014","2014-02-19 06:00","10","주간","수","1","1","0","0","0","제주","제주시","차대사람","횡단중","횡단중","운전자법규위반","안전운전 의무 불이행","교차로","교차로내","승용차","중형","보행자","보행자","910228","1500732","126.53359565","33.49467812"
"2014","2014-02-18 08:00","15","주간","화","1","2","1","0","0","강원","횡성군","차량단독","도로이탈","도로이탈 기타","운전자법규위반","안전운전 의무 불이행","단일로","기타단일로","화물차","중형","00","00","1059888","1947366","128.17775185","37.52365117"
"2014","2014-02-17 20:00","50","야간","월","1","1","0","0","0","경기","오산시","차대사람","기타","기타","운전자법규위반","안전운전 의무 불이행","단일로","기타단일로","승용차","소형","보행자","보행자","960482","1905376","127.05500549","37.14626616"
"2014","2014-02-16 14:00","10","주간","일","1","1","0","0","0","충남","논산시","차대차","측면직각충돌","측면직각충돌","운전자법규위반","교차로 통행방법 위반","교차로","교차로내","승용차","중형","농기계","농기계","961351","1792391","127.07048205","36.12777399"
"2014","2014-02-18 06:00","50","주간","화","1","1","0","0","0","울산","동구","차대사람","횡단중","횡단중","운전자법규위반","신호위반","교차로","교차로부근","승용차","대형","보행자","보행자","1174726","1723437","129.4262402","35.49146094"
"2014","2014-02-18 16:00","40","주간","화","1","1","0","0","0","경기","안산시","차대차","측면직각충돌","측면직각충돌","운전자법규위반","안전운전 의무 불이행","교차로","교차로내","승합차","대형","자전거","자전거","940194","1923441","126.82511383","37.30801648"
"2014","2014-02-27 07:00","50","주간","목","1","1","0","0","0","전남","진도군","차대차","측면직각충돌","측면직각충돌","운전자법규위반","신호위반","교차로","교차로내","화물차","소형","이륜차","소형","879972","1602421","126.19401648","34.40860616"
"2014","2014-02-25 23:00","10","야간","화","1","4","0","3","0","광주","광산구","차량단독","전도전복","전도전복","운전자법규위반","과속","단일로","기타단일로","승용차","중형","00","00","930981","1684606","126.74222305","35.15433293"
"2014","2014-02-26 10:00","00","주간","수","1","1","0","0","0","전북","김제시","차량단독","기타","기타","운전자법규위반","안전운전 의무 불이행","단일로","기타단일로","원동기장치자전거","원동기장치자전거","00","00","954006","1746936","126.98874668","35.70541608"
"2014","2014-03-01 01:00","00","야간","토","1","1","0","0","0","경남","통영시","차대사람","횡단중","횡단중","운전자법규위반","안전운전 의무 불이행","교차로","교차로내","승용차","중형","보행자","보행자","1083476","1654578","128.41347145","34.88249599"
"2014","2014-03-01 03:00","42","야간","토","1","4","2","1","0","서울","영등포구","차대차","측면직각충돌","측면직각충돌","운전자법규위반","안전운전 의무 불이행","단일로","기타단일로","승용차","중형","승용차","중형","948266","1946869","126.91463627","37.5195294"
"2014","2014-03-01 00:00","19","야간","토","1","3","2","0","0","경북","경산시","차대차","기타","기타","운전자법규위반","안전운전 의무 불이행","교차로","교차로부근","승용차","소형","승용차","중형","1115569","1764722","128.78057749","35.87239028"
"2014","2014-03-02 02:00","10","야간","일","1","1","0","0","0","경남","함안군","차량단독","공작물충돌","공작물충돌","운전자법규위반","안전운전 의무 불이행","단일로","기타단일로","승용차","소형","00","00","1092616","1701976","128.51877872","35.30903795"
"2013","2013-12-27 19:00","10","야간","금","1","1","0","0","0","충남","홍성군","차대사람","기타","기타","운전자법규위반","안전운전 의무 불이행","단일로","기타단일로","화물차","소형","보행자","보행자","920888","1832590","126.61676266","36.48768812"
"2013","2013-12-24 03:00","09","야간","화","1","1","0","0","0","대구","동구","차대차","기타","기타","운전자법규위반","안전운전 의무 불이행","단일로","기타단일로","승용차","중형","화물차","대형","1110391","1764240","128.72277384","35.86851284"
"2013","2013-12-22 00:00","30","야간","일","1","1","0","0","0","부산","북구","차대차","기타","기타","운전자법규위반","안전운전 의무 불이행","기타/불명","기타/불명","승용차","중형","승용차","중형","1135633","1691166","128.98996144","35.20659648"
"2013","2013-12-08 00:00","50","야간","일","1","1","0","0","0","서울","동작구","차대사람","횡단중","횡단중","운전자법규위반","안전운전 의무 불이행","단일로","기타단일로","승용차","중형","보행자","보행자","951465","1944613","126.9509057","37.49950514"
"2013","2013-12-17 03:00","00","야간","화","1","1","0","0","0","울산","중구","차대사람","기타","기타","운전자법규위반","보행자 보호의무 위반","교차로","교차로내","화물차","소형","보행자","보행자","1167045","1731832","129.34333235","35.56843837"
"2013","2013-12-28 05:00","29","야간","토","1","1","0","0","0","경남","김해시","차량단독","공작물충돌","공작물충돌","운전자법규위반","안전운전 의무 불이행","단일로","기타단일로","승용차","대형","00","00","1114649","1688181","128.7591708","35.18239316"
"2013","2013-12-08 06:00","40","주간","일","1","1","0","0","0","경북","경주시","차대사람","횡단중","횡단중","운전자법규위반","보행자 보호의무 위반","교차로","교차로내","승용차","중형","보행자","보행자","1153967","1761583","129.20477694","35.83868634"
"2014","2014-03-07 18:00","54","야간","금","1","1","0","0","0","부산","남구","차대사람","횡단중","횡단중","운전자법규위반","안전운전 의무 불이행","교차로","교차로부근","승합차","경형","보행자","보행자","1146905","1682296","129.1122748","35.12514763"
"2014","2014-03-07 15:00","46","주간","금","1","1","0","0","0","충남","천안시","차대사람","횡단중","횡단중","운전자법규위반","안전운전 의무 불이행","교차로","교차로내","승용차","대형","보행자","보행자","970188","1868111","127.16577084","36.81070792"
"2014","2014-03-06 00:00","15","야간","목","1","1","0","0","0","강원","원주시","차대차","정면충돌","정면충돌","운전자법규위반","중앙선 침범","단일로","기타단일로","승용차","중형","승용차","경형","1038445","1927240","127.93404103","37.34338858"
"2014","2014-03-05 05:00","45","야간","수","1","1","0","0","0","광주","남구","차대사람","횡단중","횡단중","운전자법규위반","안전운전 의무 불이행","단일로","기타단일로","승용차","중형","보행자","보행자","945347","1681969","126.90011676","35.1314396"
"2014","2014-03-06 19:00","00","야간","목","1","1","0","0","0","서울","강남구","차대차","측면직각충돌","측면직각충돌","운전자법규위반","안전거리 미확보","단일로","기타단일로","승용차","대형","이륜차","소형","957652","1945952","127.0210381","37.51187679"
"2014","2014-03-05 22:00","10","야간","수","1","3","1","1","0","경남","거제시","차대차","기타","기타","운전자법규위반","안전운전 의무 불이행","단일로","기타단일로","승용차","소형","이륜차","소형","1096705","1656847","128.55847736","34.90177964"
"2014","2014-03-05 22:00","20","야간","수","2","4","2","0","0","충남","당진시","차대차","추돌","진행중 추돌","운전자법규위반","안전운전 의무 불이행","교차로","교차로내","승용차","중형","특수차","대형","929790","1887081","126.71112944","36.97956331"
"2014","2014-03-06 01:00","30","야간","목","2","2","0","0","0","전남","목포시","차대차","측면직각충돌","측면직각충돌","운전자법규위반","안전운전 의무 불이행","교차로","교차로부근","승용차","중형","승용차","경형","903515","1646112","126.44516645","34.80501248"
"2014","2014-03-05 07:00","45","주간","수","1","1","0","0","0","경기","김포시","차대사람","횡단중","횡단중","운전자법규위반","안전운전 의무 불이행","단일로","기타단일로","승용차","소형","보행자","보행자","925705","1963487","126.65758238","37.66789431"
"2014","2014-03-03 20:00","45","야간","월","1","1","0","0","0","경기","연천군","차대사람","횡단중","횡단중","운전자법규위반","과속","교차로","교차로부근","승용차","소형","보행자","보행자","966759","2002871","127.12126008","38.025266"
"2014","2014-03-09 18:00","30","야간","일","1","1","0","0","0","충북","청주시","차대사람","횡단중","횡단중","운전자법규위반","보행자 보호의무 위반","교차로","교차로내","화물차","소형","보행자","보행자","998244","1846722","127.48036207","36.61835706"
"2014","2014-03-09 04:00","15","야간","일","1","1","0","0","0","경남","진주시","차량단독","전도전복","전도전복","운전자법규위반","안전운전 의무 불이행","단일로","기타단일로","승용차","소형","00","00","1050679","1687583","128.05661035","35.18226786"
"2014","2014-03-22 22:00","20","야간","토","1","1","0","0","0","대전","동구","차대사람","횡단중","횡단중","운전자법규위반","신호위반","교차로","교차로내","승용차","중형","보행자","보행자","994892","1814691","127.44308706","36.32957835"
"2014","2014-03-21 07:00","32","주간","금","1","1","0","0","0","경기","남양주시","차대차","추돌","진행중 추돌","운전자법규위반","안전운전 의무 불이행","단일로","기타단일로","이륜차","중형","건설기계","건설기계","975177","1959594","127.21865677","37.63540592"
"2014","2014-03-19 06:00","10","주간","수","1","1","0","0","0","대전","대덕구","차대사람","차도통행중","차도통행중","운전자법규위반","안전운전 의무 불이행","단일로","기타단일로","승용차","중형","보행자","보행자","992930","1818187","127.42119488","36.36108383"
"2014","2014-03-19 16:00","30","주간","수","1","1","0","0","0","충남","당진시","차대차","정면충돌","정면충돌","운전자법규위반","기타(운전자법규위반)","단일로","기타단일로","화물차","대형","승합차","소형","933292","1867086","126.7486392","36.79697697"
"2014","2014-03-19 14:00","55","주간","수","1","1","0","0","0","경기","양주시","차대차","추돌","진행중 추돌","운전자법규위반","진로양보 의무 불이행","교차로","교차로내","원동기장치자전거","원동기장치자전거","화물차","대형","955504","1980983","126.99438004","37.8275139"
"2014","2014-03-07 10:00","00","주간","금","1","1","0","0","0","충남","당진시","차량단독","전도전복","전도전복","운전자법규위반","안전운전 의무 불이행","단일로","기타단일로","승용차","중형","00","00","919238","1881679","126.59315866","36.93002616"
"2014","2014-03-08 00:00","50","야간","토","1","1","0","0","0","인천","서구","차량단독","전도전복","전도전복","운전자법규위반","안전운전 의무 불이행","단일로","기타단일로","승용차","경형","00","00","923985","1952625","126.64352037","37.57029698"
"2014","2014-03-06 13:00","16","주간","목","1","1","0","0","0","서울","송파구","차대차","측면직각충돌","측면직각충돌","운전자법규위반","중앙선 침범","단일로","기타단일로","자전거","자전거","승합차","대형","966636","1948531","127.12235869","37.53549291"
"2014","2014-03-03 14:00","50","주간","월","1","13","4","8","0","제주","서귀포시","차대차","추돌","진행중 추돌","운전자법규위반","보행자 보호의무 위반","단일로","기타단일로","건설기계","건설기계","승용차","중형","903533","1474010","126.46439337","33.25310666"
"2013","2013-12-27 07:00","36","주간","금","1","1","0","0","0","경기","수원시","차대사람","기타","기타","운전자법규위반","신호위반","단일로","횡단보도상","건설기계","건설기계","보행자","보행자","958429","1916291","127.03128042","37.24456307"
"2013","2013-12-20 23:00","50","야간","금","1","1","0","0","0","전북","임실군","차대차","추돌","주정차중 추돌","운전자법규위반","안전운전 의무 불이행","단일로","기타단일로","화물차","소형","승용차","대형","985913","1723420","127.34542797","35.50933751"
"2013","2013-12-20 20:00","45","야간","금","1","5","3","1","0","전남","고흥군","차대차","기타","기타","운전자법규위반","중앙선 침범","단일로","기타단일로","승용차","소형","승합차","소형","986946","1633844","127.35746531","34.6988705"
"2013","2013-12-26 12:00","35","주간","목","1","1","0","0","0","강원","춘천시","차대사람","기타","기타","운전자법규위반","보행자 보호의무 위반","단일로","횡단보도상","승합차","대형","보행자","보행자","1019665","1986400","127.72360929","37.87721093"
"2012","2012-09-28 14:00","50","주간","금","1","1","0","0","0","경남","창녕군","차대차","측면직각충돌","측면직각충돌","운전자법규위반","안전운전 의무 불이행","단일로","기타단일로","화물차","소형","농기계","농기계","1078181","1732515","128.36294503","35.58560338"
"2012","2012-09-28 21:00","10","야간","금","1","1","0","0","0","전북","익산시","차대사람","길가장자리구역통행중","길가장자리구역통행중","운전자법규위반","안전운전 의무 불이행","단일로","기타단일로","화물차","소형","보행자","보행자","953224","1789036","126.9803666","36.09716942"
"2012","2012-10-04 02:00","16","야간","목","1","2","0","1","0","경기","평택시","차대차","기타","기타","운전자법규위반","신호위반","교차로","교차로내","자전거","자전거","승합차","경형","966061","1888126","127.12341449","36.99125947"
"2012","2012-09-29 00:00","09","야간","토","2","2","0","0","0","인천","남구","차대사람","기타","기타","운전자법규위반","안전운전 의무 불이행","단일로","횡단보도부근","승용차","소형","보행자","보행자","925613","1941302","126.65879103","37.46794263"
"2012","2012-09-29 17:00","57","주간","토","1","1","0","0","0","서울","중구","차대사람","횡단중","횡단중","운전자법규위반","안전운전 의무 불이행","단일로","횡단보도부근","승용차","중형","보행자","보행자","956806","1950776","127.01096576","37.55531949"
"2012","2012-11-24 18:00","20","야간","토","1","1","0","0","0","대구","서구","차대사람","횡단중","횡단중","운전자법규위반","안전운전 의무 불이행","단일로","횡단보도상","승용차","중형","보행자","보행자","1097094","1765660","128.57604687","35.88005041"
"2012","2012-11-22 09:00","04","주간","목","1","1","0","0","0","경남","창원시(통합)","차대사람","횡단중","횡단중","운전자법규위반","안전운전 의무 불이행","단일로","기타단일로","승합차","대형","보행자","보행자","1097728","1690688","128.5736592","35.20678459"
"2012","2012-11-26 22:00","26","야간","월","1","1","0","0","0","경남","창원시(통합)","차대사람","횡단중","횡단중","운전자법규위반","안전운전 의무 불이행","단일로","기타단일로","승합차","중형","보행자","보행자","1114515","1680313","128.76444865","35.11468756"
"2012","2012-11-22 18:00","30","야간","목","1","1","0","0","0","전북","순창군","차대차","추돌","진행중 추돌","운전자법규위반","안전운전 의무 불이행","단일로","기타단일로","승용차","중형","농기계","농기계","964171","1708209","127.10558331","35.36888843"
"2012","2012-11-27 05:00","27","야간","화","1","1","0","0","0","대구","남구","차대사람","횡단중","횡단중","운전자법규위반","안전운전 의무 불이행","단일로","기타단일로","승용차","소형","보행자","보행자","1097624","1761009","128.58098552","35.84074292"
"2012","2012-11-23 05:00","40","야간","금","1","1","0","0","0","경기","김포시","차대사람","횡단중","횡단중","운전자법규위반","안전운전 의무 불이행","단일로","횡단보도상","승용차","소형","보행자","보행자","930487","1958963","126.71223054","37.62749616"
"2012","2012-11-23 12:00","05","주간","금","1","11","9","1","0","충남","논산시","차대차","기타","기타","운전자법규위반","안전운전 의무 불이행","단일로","기타단일로","승용차","대형","화물차","소형","967119","1812589","127.13084921","36.31484962"
"2012","2012-11-27 15:00","25","주간","화","1","1","0","0","0","경기","광명시","차대차","측면직각충돌","측면직각충돌","운전자법규위반","안전운전 의무 불이행","교차로","교차로내","승용차","중형","자전거","자전거","945477","1939040","126.88357734","37.44894037"
"2012","2012-11-06 03:00","03","야간","화","1","1","0","0","0","서울","은평구","차량단독","기타","기타","운전자법규위반","안전운전 의무 불이행","단일로","기타단일로","이륜차","소형","00","00","948661","1957519","126.91828086","37.61567668"
"2012","2012-11-06 01:00","52","야간","화","1","1","0","0","0","서울","은평구","차량단독","공작물충돌","공작물충돌","운전자법규위반","안전운전 의무 불이행","교차로","교차로부근","승용차","소형","00","00","948806","1958361","126.91994515","37.62605925"
"2012","2012-11-06 12:00","56","주간","화","1","1","0","0","0","전남","순천시","차대사람","횡단중","횡단중","운전자법규위반","안전운전 의무 불이행","단일로","기타단일로","화물차","경형","보행자","보행자","1001068","1660684","127.51169551","34.94098861"
"2012","2012-11-07 03:00","10","야간","수","1","2","1","0","0","경기","김포시","차대사람","기타","기타","운전자법규위반","안전운전 의무 불이행","단일로","기타단일로","화물차","소형","보행자","보행자","917795","1967492","126.56745086","37.70331348"
"2012","2012-11-10 22:00","46","야간","토","1","2","1","0","0","전남","해남군","차대차","추돌","주정차중 추돌","운전자법규위반","안전운전 의무 불이행","단일로","기타단일로","화물차","소형","화물차","소형","921359","1622587","126.64850049","34.58930059"
"2012","2012-11-11 19:00","25","야간","일","1","1","0","0","0","경북","영덕군","차대사람","횡단중","횡단중","운전자법규위반","안전운전 의무 불이행","기타/불명","기타/불명","화물차","중형","보행자","보행자","1170238","1821764","129.39785659","36.37827854"
"2012","2012-11-13 09:00","47","주간","화","1","1","0","0","0","전남","곡성군","차량단독","전도전복","전도전복","운전자법규위반","안전운전 의무 불이행","기타/불명","기타/불명","농기계","농기계","00","00","970121","1699343","127.17140537","35.28914149"
"2012","2012-09-22 13:00","02","주간","토","1","1","0","0","0","서울","도봉구","차대사람","차도통행중","차도통행중","운전자법규위반","안전운전 의무 불이행","교차로","교차로내","승용차","중형","보행자","보행자","957897","1961338","127.02270962","37.65056738"