"발생년","발생년월일시","발생분","주야","요일","사망자수","사상자수","중상자수","경상자수","부상신고자수","발생지시도","발생지시군구","사고유형_대분류","사고유형_중분류","사고유형","법규위반_대분류","법규위반","도로형태_대분류","도로형태","당사자종별_1당_대분류","당사자종별_1당","당사자종별_2당_대분류","당사자종별_2당","발생위치X_UTMK","발생위치Y_UTMK","경도","위도"
"2014","2014-03-07 06:00","35","주간","금","1","1","0","0","0","강원","동해시","차대사람","횡단중","횡단중","운전자법규위반","안전운전 의무 불이행","교차로","교차로부근","승용차","중형","보행자","보행자","1143635","1947149","129.12522594","37.51245691"
"2012","2012-10-23 19:00","05","야간","화","1","2","1","0","0","경기","김포시","차대차","기타","기타","운전자법규위반","교차로 통행방법 위반","교차로","교차로내","원동기장치자전거","원동기장치자전거","화물차","소형","922603","1958125","126.5741995","37.61209977"
"2012","2012-10-23 17:00","30","주간","화","3","3","0","0","0","인천","서구","차대사람","기타","기타","운전자법규위반","안전운전 의무 불이행","단일로","횡단보도부근","화물차","소형","보행자","보행자","927745","1944309","126.68260339","37.49521322"
"2012","2012-10-06 16:00","05","주간","토","1","1","0","0","0","전남","진도군","차대차","추돌","진행중 추돌","운전자법규위반","안전거리 미확보","교차로","교차로내","승용차","중형","이륜차","소형","890281","1615681","126.3044589","34.52930781"
"2012","2012-10-07 10:00","55","주간","일","1","1","0","0","0","경기","광명시","차대차","추돌","진행중 추돌","운전자법규위반","차로위반(진로변경 위반)","교차로","교차로부근","자전거","자전거","승합차","대형","945688","1937104","126.8861053","37.43150316"
"2012","2012-10-17 18:00","25","야간","수","1","1","0","0","0","전남","담양군","차대차","기타","기타","운전자법규위반","안전운전 의무 불이행","단일로","기타단일로","승용차","중형","자전거","자전거","952468","1703818","126.97433506","35.33109532"
"2012","2012-10-22 09:00","20","주간","월","1","1","0","0","0","경기","남양주시","차량단독","공작물충돌","공작물충돌","운전자법규위반","안전거리 미확보","단일로","기타단일로","승용차","소형","00","00","987816","1962661","127.36185495","37.66337678"
"2012","2012-10-14 05:00","00","야간","일","1","3","2","0","0","대구","동구","차대차","측면직각충돌","측면직각충돌","운전자법규위반","신호위반","교차로","교차로내","화물차","중형","승용차","중형","1106582","1764907","128.68067988","35.87494732"
"2012","2012-10-14 10:00","10","주간","일","1","3","1","1","0","전남","영암군","차대차","측면직각충돌","측면직각충돌","운전자법규위반","직진 및 우회전차의 통행방해","교차로","교차로내","승용차","중형","승합차","대형","902761","1641729","126.43743146","34.76542273"
"2012","2012-10-18 20:00","25","야간","목","1","1","0","0","0","경기","화성시","차량단독","공작물충돌","공작물충돌","운전자법규위반","안전운전 의무 불이행","단일로","기타단일로","승용차","중형","00","00","944421","1907815","126.87397693","37.16743351"
"2012","2012-10-18 21:00","52","야간","목","1","1","0","0","0","부산","해운대구","차대사람","횡단중","횡단중","운전자법규위반","안전운전 의무 불이행","단일로","기타단일로","승용차","중형","보행자","보행자","1147131","1689491","129.11603664","35.18996756"
"2012","2012-09-28 04:00","06","야간","금","1","1","0","0","0","서울","강동구","차대사람","기타","기타","운전자법규위반","안전운전 의무 불이행","단일로","기타단일로","화물차","중형","보행자","보행자","970795","1949587","127.1693909","37.54515227"
"2012","2012-09-29 17:00","40","주간","토","1","1","0","0","0","충북","음성군","차대차","기타","기타","운전자법규위반","차로위반(진로변경 위반)","단일로","기타단일로","원동기장치자전거","원동기장치자전거","승용차","중형","1012589","1901700","127.64169905","37.11388051"
"2012","2012-10-04 08:00","27","주간","목","1","1","0","0","0","제주","제주시","차대차","기타","기타","운전자법규위반","과속","단일로","기타단일로","승용차","소형","원동기장치자전거","원동기장치자전거","886067","1491709","126.27469154","33.41101066"
"2012","2012-10-04 08:00","40","주간","목","1","1","0","0","0","서울","광진구","차대차","기타","기타","운전자법규위반","안전운전 의무 불이행","단일로","기타단일로","승용차","소형","농기계","농기계","962849","1948199","127.08164297","37.53181336"
"2012","2012-10-05 20:00","30","야간","금","1","1","0","0","0","부산","사상구","차대사람","기타","기타","운전자법규위반","안전운전 의무 불이행","단일로","기타단일로","승용차","대형","보행자","보행자","1136642","1684929","129.00010994","35.15032771"
"2012","2012-09-30 15:00","50","주간","일","1","1","0","0","0","강원","평창군","차량단독","전도전복","전도전복","운전자법규위반","안전운전 의무 불이행","단일로","기타단일로","원동기장치자전거","원동기장치자전거","00","00","1070831","1956047","128.30242215","37.60111474"
"2012","2012-09-26 19:00","24","야간","수","1","1","0","0","0","전북","군산시","차대사람","기타","기타","운전자법규위반","안전운전 의무 불이행","단일로","기타단일로","승용차","중형","보행자","보행자","938221","1772521","126.80959955","35.94729558"
"2012","2012-11-23 23:00","16","야간","금","1","1","0","0","0","경기","부천시","차량단독","공작물충돌","공작물충돌","운전자법규위반","안전운전 의무 불이행","교차로","교차로내","이륜차","중형","00","00","937491","1947230","126.79259992","37.52225148"
"2012","2012-10-09 22:00","55","야간","화","1","2","1","0","0","경남","창원시(통합)","차대차","측면직각충돌","측면직각충돌","운전자법규위반","신호위반","교차로","교차로내","원동기장치자전거","원동기장치자전거","승용차","소형","1108427","1685560","128.67927727","35.15367734"
"2012","2012-10-07 14:00","20","주간","일","1","1","0","0","0","인천","계양구","차대차","측면직각충돌","측면직각충돌","운전자법규위반","안전운전 의무 불이행","단일로","횡단보도상","자전거","자전거","승용차","중형","930853","1948211","126.71739294","37.53061921"
"2012","2012-10-12 12:00","10","주간","금","1","1","0","0","0","강원","영월군","차대차","기타","기타","운전자법규위반","안전운전 의무 불이행","단일로","횡단보도부근","이륜차","사발이","화물차","경형","1086206","1919025","128.47225389","37.2661427"
"2012","2012-10-08 09:00","41","주간","월","1","1","0","0","0","서울","종로구","차대사람","횡단중","횡단중","운전자법규위반","안전운전 의무 불이행","단일로","기타단일로","승용차","중형","보행자","보행자","955771","1954895","126.99899943","37.59239578"
"2012","2012-10-12 22:00","40","야간","금","1","1","0","0","0","경북","구미시","차대사람","기타","기타","운전자법규위반","안전운전 의무 불이행","단일로","기타단일로","승합차","중형","보행자","보행자","1075952","1792362","128.34404405","36.1253089"
"2012","2012-10-17 18:00","40","야간","수","1","1","0","0","0","대전","서구","차량단독","전도전복","전도전복","운전자법규위반","안전운전 의무 불이행","단일로","기타단일로","원동기장치자전거","원동기장치자전거","00","00","982713","1806142","127.30797994","36.25242734"
"2012","2012-10-21 04:00","35","야간","일","1","5","4","0","0","경기","양주시","차량단독","공작물충돌","공작물충돌","운전자법규위반","안전운전 의무 불이행","교차로","교차로부근","승용차","소형","00","00","959539","1978393","127.04037416","37.80435841"
"2012","2012-10-17 21:00","30","야간","수","1","1","0","0","0","경남","양산시","차량단독","공작물충돌","공작물충돌","운전자법규위반","안전운전 의무 불이행","교차로","교차로내","승용차","소형","00","00","1140665","1710472","129.04863762","35.38001121"
"2012","2012-10-13 17:00","20","주간","토","1","1","0","0","0","세종","세종","차대차","정면충돌","정면충돌","운전자법규위반","안전운전 의무 불이행","교차로","교차로내","화물차","소형","자전거","자전거","981211","1845050","127.28991787","36.6031004"
"2012","2012-10-13 13:00","57","주간","토","1","1","0","0","0","충남","당진시","차량단독","공작물충돌","공작물충돌","운전자법규위반","안전운전 의무 불이행","단일로","기타단일로","화물차","중형","00","00","926323","1878654","126.67299962","36.90334068"
"2012","2012-10-13 04:00","50","야간","토","1","2","1","0","0","충북","청주시","차량단독","공작물충돌","공작물충돌","운전자법규위반","안전운전 의무 불이행","단일로","기타단일로","승용차","대형","00","00","991293","1847021","127.40262339","36.62101437"
"2012","2012-10-18 13:00","04","주간","목","1","1","0","0","0","서울","강서구","차량단독","공작물충돌","공작물충돌","운전자법규위반","안전운전 의무 불이행","단일로","기타단일로","승용차","중형","00","00","942814","1950577","126.85257464","37.55276353"
"2012","2012-10-18 18:00","30","야간","목","1","1","0","0","0","충북","영동군","차대사람","기타","기타","운전자법규위반","안전운전 의무 불이행","기타/불명","기타/불명","승용차","대형","보행자","보행자","1019883","1803443","127.72124778","36.22798074"
"2012","2012-10-19 13:00","49","주간","금","2","5","3","0","0","전북","익산시","차대차","측면직각충돌","측면직각충돌","운전자법규위반","신호위반","교차로","교차로내","승용차","소형","화물차","중형","947533","1785779","126.92207762","36.07603119"
"2012","2012-06-20 11:00","00","주간","수","1","1","0","0","0","부산","해운대구","차량단독","공작물충돌","공작물충돌","운전자법규위반","안전운전 의무 불이행","단일로","기타단일로","승용차","소형","00","00","1152054","1688310","129.16948398","35.17898233"
"2012","2012-06-21 04:00","30","야간","목","1","1","0","0","0","서울","구로구","차대사람","횡단중","횡단중","운전자법규위반","안전운전 의무 불이행","단일로","횡단보도상","승용차","중형","보행자","보행자","942295","1944465","126.84717941","37.49764346"
"2012","2012-06-26 21:00","45","야간","화","1","1","0","0","0","광주","북구","차대사람","횡단중","횡단중","운전자법규위반","안전운전 의무 불이행","단일로","기타단일로","승용차","중형","보행자","보행자","945987","1684857","126.90695233","35.15751452"
"2012","2012-06-25 21:00","35","야간","월","1","1","0","0","0","대전","중구","차대사람","횡단중","횡단중","운전자법규위반","보행자 보호의무 위반","교차로","교차로부근","승용차","중형","보행자","보행자","990923","1812997","127.39925328","36.31341177"
"2012","2012-06-25 20:00","45","야간","월","1","1","0","0","0","경남","양산시","차대사람","횡단중","횡단중","운전자법규위반","안전운전 의무 불이행","단일로","기타단일로","화물차","중형","보행자","보행자","1146360","1702403","129.10987074","35.30646265"
"2012","2012-06-25 21:00","15","야간","월","1","1","0","0","0","경북","구미시","차대사람","기타","기타","운전자법규위반","안전운전 의무 불이행","단일로","기타단일로","승용차","소형","보행자","보행자","1078147","1788113","128.36801276","36.0868309"
"2012","2012-07-01 13:00","54","주간","일","1","1","0","0","0","충북","음성군","차량단독","도로이탈","도로이탈 추락","운전자법규위반","안전운전 의무 불이행","단일로","기타단일로","이륜차","대형","00","00","1013343","1902244","127.65019557","37.1187738"
"2012","2012-07-05 23:00","47","야간","목","1","1","0","0","0","충북","충주시","차대사람","횡단중","횡단중","운전자법규위반","안전운전 의무 불이행","단일로","기타단일로","승용차","소형","보행자","보행자","1038809","1885738","127.93599694","36.96927737"
"2012","2012-07-05 22:00","16","야간","목","1","1","0","0","0","경기","의정부시","차대사람","기타","기타","운전자법규위반","안전운전 의무 불이행","교차로","교차로내","승용차","대형","보행자","보행자","960186","1969671","127.04820216","37.72577565"
"2012","2012-07-08 07:00","40","주간","일","1","2","0","1","0","경기","고양시","차대사람","보도통행중","보도통행중","운전자법규위반","기타(운전자법규위반)","교차로","교차로부근","화물차","소형","보행자","보행자","942655","1965098","126.84963562","37.68363003"
"2012","2012-07-07 03:00","05","야간","토","2","3","1","0","0","경기","평택시","차대차","측면직각충돌","측면직각충돌","운전자법규위반","신호위반","교차로","교차로내","승용차","중형","승용차","대형","962668","1888954","127.08043674","36.99832685"
"2012","2012-07-07 23:00","35","야간","토","1","1","0","0","0","광주","서구","차대사람","횡단중","횡단중","운전자법규위반","안전운전 의무 불이행","단일로","기타단일로","승용차","경형","보행자","보행자","940436","1683895","126.83581804","35.1545305"
"2012","2012-07-12 03:00","20","야간","목","1","1","0","0","0","경북","문경시","차대사람","기타","기타","운전자법규위반","안전운전 의무 불이행","단일로","기타단일로","승용차","중형","보행자","보행자","1062563","1845004","128.19949942","36.60081805"
"2012","2012-07-18 08:00","20","주간","수","1","1","0","0","0","제주","제주시","차량단독","공작물충돌","공작물충돌","운전자법규위반","안전운전 의무 불이행","교차로","교차로내","화물차","소형","00","00","901024","1498265","126.43480031","33.47161814"
"2012","2012-07-18 08:00","05","주간","수","1","1","0","0","0","충남","아산시","차대사람","횡단중","횡단중","운전자법규위반","안전운전 의무 불이행","교차로","교차로부근","화물차","대형","보행자","보행자","949184","1866345","126.93041648","36.79389378"
"2012","2012-07-29 16:00","40","주간","일","1","1","0","0","0","전남","영암군","차량단독","전도전복","전도전복","운전자법규위반","안전운전 의무 불이행","단일로","기타단일로","원동기장치자전거","원동기장치자전거","00","00","917208","1648899","126.59457393","34.83134716"
"2012","2012-07-28 09:00","22","주간","토","1","5","1","2","1","경남","창녕군","차대차","측면직각충돌","측면직각충돌","운전자법규위반","교차로 통행방법 위반","교차로","교차로내","승용차","소형","건설기계","건설기계","1089571","1711216","128.48630041","35.39261944"
"2012","2012-07-26 10:00","00","주간","목","1","1","0","0","0","경북","상주시","차량단독","전도전복","전도전복","운전자법규위반","안전운전 의무 불이행","단일로","기타단일로","원동기장치자전거","원동기장치자전거","00","00","1063388","1835258","128.20792098","36.5129091"
"2012","2012-07-27 13:00","20","주간","금","1","2","1","0","0","울산","남구","차대차","추돌","진행중 추돌","운전자법규위반","안전운전 의무 불이행","교차로","교차로부근","화물차","소형","화물차","소형","1167977","1726023","129.35240754","35.51593055"
"2012","2012-06-12 20:00","47","야간","화","2","5","0","3","0","경기","오산시","차량단독","공작물충돌","공작물충돌","운전자법규위반","안전운전 의무 불이행","단일로","기타단일로","승용차","대형","00","00","960189","1909286","127.05149804","37.18149809"
"2012","2012-06-19 10:00","25","주간","화","1","1","0","0","0","충북","충주시","차대차","추돌","진행중 추돌","운전자법규위반","안전운전 의무 불이행","단일로","기타단일로","승용차","대형","자전거","자전거","1039251","1885688","127.94095983","36.96880832"
"2012","2012-06-18 10:00","10","주간","월","1","1","0","0","0","충남","부여군","차대차","정면충돌","정면충돌","운전자법규위반","안전운전 의무 불이행","교차로","교차로내","이륜차","중형","건설기계","건설기계","931157","1818124","126.73268397","36.35807801"
"2012","2012-06-23 21:00","30","야간","토","1","1","0","0","0","대전","중구","차량단독","전도전복","전도전복","운전자법규위반","안전운전 의무 불이행","교차로","교차로내","이륜차","소형","00","00","992027","1815435","127.41115787","36.33626636"
"2012","2012-06-22 15:00","30","주간","금","1","3","1","1","0","충북","청원군","차량단독","전도전복","전도전복","운전자법규위반","안전운전 의무 불이행","단일로","기타단일로","승용차","경형","00","00","984615","1853363","127.32781154","36.67810257"
"2012","2012-06-20 10:00","50","주간","수","1","1","0","0","0","충남","청양군","차량단독","전도전복","전도전복","운전자법규위반","안전운전 의무 불이행","단일로","기타단일로","건설기계","건설기계","00","00","940660","1822548","126.83825864","36.39859258"
"2012","2012-06-20 19:00","50","야간","수","1","2","1","0","0","전북","순창군","차대차","정면충돌","정면충돌","운전자법규위반","중앙선 침범","단일로","기타단일로","화물차","소형","승용차","경형","964590","1715921","127.1098608","35.43843965"
"2012","2012-06-27 14:00","25","주간","수","1","1","0","0","0","울산","울주군","차대차","정면충돌","정면충돌","운전자법규위반","안전운전 의무 불이행","단일로","기타단일로","화물차","중형","승용차","중형","1163588","1722541","129.30332673","35.48528347"
"2012","2012-06-24 12:00","24","주간","일","1","1","0","0","0","충남","홍성군","차량단독","전도전복","전도전복","운전자법규위반","안전운전 의무 불이행","단일로","기타단일로","농기계","농기계","00","00","922134","1834174","126.63051242","36.5020687"
"2012","2012-07-01 01:00","20","야간","일","1","1","0","0","0","경북","포항시","차대사람","횡단중","횡단중","운전자법규위반","안전운전 의무 불이행","교차로","교차로부근","승용차","중형","보행자","보행자","1166466","1781699","129.34732148","36.01791644"
"2012","2012-11-26 18:00","57","야간","월","1","1","0","0","0","전북","정읍시","차대사람","기타","기타","운전자법규위반","안전운전 의무 불이행","단일로","기타단일로","승용차","중형","보행자","보행자","948645","1740404","126.93069993","35.66042576"
"2012","2012-11-21 22:00","00","야간","수","1","1","0","0","0","경기","광명시","차대사람","기타","기타","운전자법규위반","안전운전 의무 불이행","단일로","기타단일로","자전거","자전거","보행자","보행자","944670","1942293","126.87420978","37.47821232"
"2012","2012-11-26 19:00","06","야간","월","1","1","0","0","0","충북","제천시","차량단독","전도전복","전도전복","운전자법규위반","안전운전 의무 불이행","단일로","기타단일로","승용차","소형","00","00","1065082","1883115","128.23091564","36.94418363"
"2012","2012-11-12 20:00","55","야간","월","1","7","1","5","0","광주","북구","차대차","추돌","주정차중 추돌","운전자법규위반","안전운전 의무 불이행","교차로","교차로부근","화물차","소형","화물차","소형","941632","1690339","126.85878437","35.2107218"
"2012","2012-11-10 00:00","05","야간","토","1","1","0","0","0","전남","영광군","차대차","기타","기타","운전자법규위반","안전운전 의무 불이행","단일로","기타단일로","불명","불명","승용차","소형","907909","1698778","126.48735471","35.28025461"
"2012","2012-11-10 11:00","30","주간","토","2","2","0","0","0","경북","경산시","차대차","측면직각충돌","측면직각충돌","운전자법규위반","직진 및 우회전차의 통행방해","교차로","교차로내","이륜차","소형","승용차","대형","1117124","1759390","128.79662505","35.82401345"
"2012","2012-09-26 07:00","40","주간","수","1","1","0","0","0","경기","용인시","차대사람","횡단중","횡단중","운전자법규위반","안전운전 의무 불이행","단일로","횡단보도부근","승용차","중형","보행자","보행자","968826","1919685","127.1483637","37.27556211"
"2012","2012-10-24 22:00","28","야간","수","1","1","0","0","0","서울","강서구","차대차","기타","기타","운전자법규위반","신호위반","교차로","교차로부근","승용차","대형","이륜차","중형","935452","1951054","126.77941768","37.55501669"
"2012","2012-10-26 02:00","10","야간","금","1","2","1","0","0","전북","전주시","차량단독","공작물충돌","공작물충돌","운전자법규위반","안전운전 의무 불이행","단일로","기타단일로","승용차","대형","00","00","969062","1762137","127.15735676","35.85528676"
"2012","2012-10-26 18:00","35","야간","금","1","1","0","0","0","울산","남구","차대사람","횡단중","횡단중","운전자법규위반","안전운전 의무 불이행","단일로","횡단보도상","승용차","중형","보행자","보행자","1164196","1727044","129.3109372","35.52576496"
"2012","2012-10-23 19:00","40","야간","화","1","1","0","0","0","서울","영등포구","차대차","정면충돌","정면충돌","운전자법규위반","신호위반","교차로","교차로내","원동기장치자전거","원동기장치자전거","건설기계","건설기계","949302","1947649","126.92622654","37.52675292"
"2012","2012-10-13 09:00","10","주간","토","1","1","0","0","0","전남","해남군","차대차","측면직각충돌","측면직각충돌","운전자법규위반","교차로 통행방법 위반","교차로","교차로내","화물차","소형","원동기장치자전거","원동기장치자전거","924658","1609995","126.68468627","34.4824974"
"2012","2012-10-08 02:00","15","야간","일","1","1","0","0","0","인천","서구","차대사람","횡단중","횡단중","운전자법규위반","안전운전 의무 불이행","교차로","교차로부근","승용차","소형","보행자","보행자","926596","1956819","126.66835444","37.60787066"
"2012","2012-10-10 10:00","30","주간","수","1","1","0","0","0","전남","목포시","차대사람","횡단중","횡단중","운전자법규위반","안전운전 의무 불이행","단일로","기타단일로","승용차","중형","보행자","보행자","901567","1645836","126.42390535","34.80233758"
"2012","2012-10-06 03:00","20","야간","토","1","1","0","0","0","부산","사하구","차대차","기타","기타","운전자법규위반","안전거리 미확보","교차로","교차로부근","승용차","중형","이륜차","대형","1133383","1679996","128.96355995","35.10646896"
"2012","2012-10-06 21:00","29","야간","토","1","1","0","0","0","경북","포항시","차대차","기타","기타","운전자법규위반","신호위반","교차로","교차로내","승용차","중형","원동기장치자전거","원동기장치자전거","1166244","1792489","129.34710951","36.11472528"
"2012","2012-10-11 18:00","25","야간","목","1","1","0","0","0","경남","진주시","차대차","추돌","진행중 추돌","운전자법규위반","안전운전 의무 불이행","단일로","기타단일로","승용차","중형","승용차","중형","1051868","1684859","128.06949735","35.15764554"
"2012","2012-10-11 19:00","05","야간","목","1","3","1","1","0","전북","정읍시","차대차","측면직각충돌","측면직각충돌","운전자법규위반","안전운전 의무 불이행","단일로","기타단일로","자전거","자전거","이륜차","소형","942543","1729940","126.8659702","35.56380776"
"2012","2012-10-19 18:00","30","야간","금","1","1","0","0","0","전남","순천시","차대사람","기타","기타","운전자법규위반","안전운전 의무 불이행","단일로","기타단일로","승용차","소형","보행자","보행자","995041","1658515","127.44570764","34.92141799"
"2012","2012-10-16 18:00","10","야간","화","1","1","0","0","0","경남","고성군","차대사람","횡단중","횡단중","운전자법규위반","교차로 통행방법 위반","교차로","교차로내","승용차","중형","보행자","보행자","1082522","1667284","128.40428983","34.99713644"
"2012","2012-10-20 19:00","00","야간","토","1","1","0","0","0","전남","화순군","차량단독","전도전복","전도전복","운전자법규위반","안전운전 의무 불이행","단일로","기타단일로","농기계","농기계","00","00","959214","1652447","127.05376664","34.86589257"
"2012","2012-10-16 23:00","17","야간","화","1","3","1","1","0","인천","옹진군","차대차","정면충돌","정면충돌","운전자법규위반","중앙선 침범","단일로","기타단일로","승용차","중형","승용차","중형","750468","1999037","124.65980624","37.95701901"
"2012","2012-10-17 07:00","40","주간","수","1","1","0","0","0","제주","서귀포시","차대차","기타","기타","운전자법규위반","신호위반","교차로","교차로내","화물차","중형","이륜차","소형","880126","1474576","126.21308602","33.25586456"
"2012","2012-10-21 08:00","35","주간","일","1","1","0","0","0","서울","노원구","차대차","기타","기타","운전자법규위반","안전운전 의무 불이행","단일로","기타단일로","자전거","자전거","자전거","자전거","962094","1958361","127.0704411","37.62391797"
"2012","2012-10-14 07:00","05","주간","일","1","1","0","0","0","부산","해운대구","차대차","추돌","진행중 추돌","운전자법규위반","안전운전 의무 불이행","단일로","터널안","승용차","소형","건설기계","건설기계","1151210","1687614","129.16047825","35.17244341"
"2012","2012-10-13 23:00","25","야간","토","1","1","0","0","0","강원","양양군","차대사람","횡단중","횡단중","운전자법규위반","안전운전 의무 불이행","단일로","기타단일로","승용차","중형","보행자","보행자","1097194","2017942","128.60937154","38.15646757"
"2012","2012-10-01 23:00","00","야간","월","1","1","0","0","0","서울","동작구","차량단독","기타","기타","운전자법규위반","안전운전 의무 불이행","교차로","교차로부근","화물차","중형","00","00","950271","1945200","126.93735843","37.50473235"
"2012","2012-10-01 09:00","40","주간","월","1","1","0","0","0","전북","익산시","차대사람","횡단중","횡단중","운전자법규위반","안전운전 의무 불이행","단일로","기타단일로","승용차","소형","보행자","보행자","952144","1771284","126.96944317","35.93707311"
"2012","2012-09-27 18:00","57","야간","목","1","1","0","0","0","충남","공주시","차대사람","횡단중","횡단중","운전자법규위반","안전운전 의무 불이행","단일로","기타단일로","승용차","대형","보행자","보행자","952744","1846228","126.97156095","36.61273357"
"2012","2012-09-27 23:00","54","야간","목","1","1","0","0","0","경기","수원시","차대사람","차도통행중","차도통행중","운전자법규위반","안전운전 의무 불이행","단일로","기타단일로","화물차","소형","보행자","보행자","955892","1918473","127.002547","37.26411429"
"2012","2012-10-02 16:00","15","주간","화","1","1","0","0","0","전북","익산시","차대차","측면직각충돌","측면직각충돌","운전자법규위반","중앙선 침범","단일로","기타단일로","원동기장치자전거","원동기장치자전거","승합차","대형","950629","1770623","126.95268884","35.93103837"
"2012","2012-10-02 14:00","50","주간","화","1","1","0","0","0","울산","울주군","차대차","기타","기타","운전자법규위반","안전운전 의무 불이행","단일로","기타단일로","원동기장치자전거","원동기장치자전거","화물차","중형","1166668","1717928","129.32799523","35.42199476"
"2012","2012-09-28 12:00","10","주간","금","1","1","0","0","0","경북","의성군","차대사람","기타","기타","운전자법규위반","부당한 회전","단일로","기타단일로","승용차","중형","보행자","보행자","1106321","1807228","128.68348985","36.25645405"
"2012","2012-10-02 20:00","00","야간","화","1","1","0","0","0","경기","화성시","차대차","측면직각충돌","측면직각충돌","운전자법규위반","중앙선 침범","단일로","기타단일로","화물차","소형","이륜차","소형","939404","1912284","126.81710803","37.20740287"
"2012","2012-09-27 18:00","45","야간","목","1","1","0","0","0","경북","구미시","차대사람","횡단중","횡단중","운전자법규위반","보행자 보호의무 위반","단일로","횡단보도상","승용차","중형","보행자","보행자","1087137","1793523","128.46845502","36.13483446"
"2012","2012-10-03 09:00","10","주간","수","1","1","0","0","0","경북","영천시","차대차","측면직각충돌","측면직각충돌","운전자법규위반","앞지르기 금지위반","교차로","교차로내","승용차","중형","이륜차","중형","1114520","1784207","128.77138146","36.04801694"
"2012","2012-10-04 14:00","30","주간","목","1","1","0","0","0","충남","공주시","차량단독","공작물충돌","공작물충돌","운전자법규위반","안전운전 의무 불이행","단일로","기타단일로","승용차","소형","00","00","964872","1825681","127.10811386","36.42802771"
"2012","2012-11-27 18:00","09","야간","화","1","1","0","0","0","강원","고성군","차대차","추돌","진행중 추돌","운전자법규위반","안전운전 의무 불이행","단일로","기타단일로","화물차","소형","승용차","소형","1083004","2048632","128.45103249","38.43443956"
"2012","2012-11-23 14:00","50","주간","금","1","3","0","2","0","충남","아산시","차대차","추돌","진행중 추돌","운전자법규위반","안전운전 의무 불이행","단일로","터널안","승합차","소형","건설기계","건설기계","957442","1872896","127.02254082","36.85339904"
"2012","2012-11-23 05:00","43","야간","금","1","1","0","0","0","광주","남구","차대사람","횡단중","횡단중","운전자법규위반","안전운전 의무 불이행","단일로","기타단일로","승합차","대형","보행자","보행자","945763","1682186","126.89874215","35.12044367"
"2012","2012-11-23 20:00","26","야간","금","1","1","0","0","0","경기","파주시","차대차","추돌","주정차중 추돌","운전자법규위반","안전운전 의무 불이행","단일로","기타단일로","승용차","중형","승합차","대형","933158","1982922","126.74029435","37.84362518"
"2012","2012-11-10 18:00","11","야간","토","1","1","0","0","0","서울","영등포구","차대사람","횡단중","횡단중","운전자법규위반","안전운전 의무 불이행","단일로","횡단보도부근","승합차","대형","보행자","보행자","947447","1947366","126.90525389","37.52409835"
"2012","2012-08-19 03:00","13","야간","일","1","1","0","0","0","경기","수원시","차량단독","공작물충돌","공작물충돌","운전자법규위반","안전운전 의무 불이행","단일로","기타단일로","승용차","중형","00","00","957929","1918383","127.02552478","37.26339735"
"2013","2013-08-09 12:00","00","주간","금","1","3","1","0","1","충남","당진시","차대차","정면충돌","정면충돌","운전자법규위반","중앙선 침범","단일로","기타단일로","화물차","대형","승용차","중형","911131","1895184","126.50594105","37.04890884"
"2013","2013-08-11 05:00","15","야간","일","1","1","0","0","0","부산","진구","차대차","추돌","진행중 추돌","운전자법규위반","안전운전 의무 불이행","단일로","터널안","승용차","중형","이륜차","중형","1138651","1687469","129.02255018","35.17288649"
"2013","2013-08-08 09:00","05","주간","목","1","1","0","0","0","부산","해운대구","차대사람","횡단중","횡단중","운전자법규위반","보행자 보호의무 위반","단일로","횡단보도상","화물차","대형","보행자","보행자","1147346","1691222","129.11864946","35.20541301"
"2013","2013-08-08 01:00","05","야간","목","1","2","1","0","0","울산","울주군","차대차","정면충돌","정면충돌","운전자법규위반","중앙선 침범","단일로","기타단일로","화물차","소형","승용차","중형","1155725","1738488","129.2197521","35.63027053"
"2013","2013-08-08 17:00","54","주간","목","1","1","0","0","0","울산","중구","차대사람","횡단중","횡단중","운전자법규위반","안전운전 의무 불이행","단일로","기타단일로","승용차","중형","보행자","보행자","1166541","1730451","129.33748909","35.55607776"
"2013","2013-08-08 16:00","50","주간","목","1","1","0","0","0","전북","익산시","차대차","정면충돌","정면충돌","운전자법규위반","중앙선 침범","단일로","기타단일로","이륜차","중형","화물차","중형","955995","1786445","127.01129314","36.07393983"
"2013","2013-08-13 22:00","18","야간","화","1","1","0","0","0","대구","달성군","차대사람","기타","기타","운전자법규위반","안전운전 의무 불이행","단일로","기타단일로","승용차","중형","보행자","보행자","1086836","1755258","128.46092161","35.78991306"
"2013","2013-08-10 17:00","10","주간","토","1","2","1","0","0","경남","함안군","차량단독","공작물충돌","공작물충돌","운전자법규위반","안전운전 의무 불이행","단일로","기타단일로","승용차","경형","00","00","1077296","1696205","128.34973263","35.25830874"
"2013","2013-08-16 21:00","32","야간","금","1","1","0","0","0","대구","달성군","차대사람","길가장자리구역통행중","길가장자리구역통행중","운전자법규위반","안전운전 의무 불이행","단일로","기타단일로","승용차","중형","보행자","보행자","1085434","1741974","128.44399478","35.67027917"
"2013","2013-08-17 19:00","59","야간","토","3","5","1","1","0","전남","화순군","차대차","추돌","진행중 추돌","운전자법규위반","안전운전 의무 불이행","단일로","기타단일로","승용차","중형","농기계","농기계","963832","1668536","127.10359287","35.01114709"
"2013","2013-08-16 17:00","51","주간","금","1","1","0","0","0","서울","송파구","차대차","기타","기타","운전자법규위반","안전운전 의무 불이행","단일로","횡단보도부근","자전거","자전거","승용차","중형","963369","1945939","127.10458413","37.51846939"