"발생년","발생년월일시","발생분","주야","요일","사망자수","사상자수","중상자수","경상자수","부상신고자수","발생지시도","발생지시군구","사고유형_대분류","사고유형_중분류","사고유형","법규위반_대분류","법규위반","도로형태_대분류","도로형태","당사자종별_1당_대분류","당사자종별_1당","당사자종별_2당_대분류","당사자종별_2당","발생위치X_UTMK","발생위치Y_UTMK","경도","위도"
"2012","2012-08-18 23:00","40","야간","토","1","2","1","0","0","경기","연천군","차대사람","횡단중","횡단중","운전자법규위반","과속","단일로","기타단일로","승용차","중형","보행자","보행자","961925","2001281","127.06458605","38.01015359"
"2012","2012-08-17 21:00","00","야간","금","1","1","0","0","0","전북","완주군","차대사람","차도통행중","차도통행중","운전자법규위반","안전운전 의무 불이행","단일로","기타단일로","승용차","중형","보행자","보행자","967559","1768562","127.14062717","35.9130579"
"2012","2012-08-24 06:00","20","주간","금","1","1","0","0","0","전남","광양시","차량단독","공작물충돌","공작물충돌","운전자법규위반","안전운전 의무 불이행","단일로","기타단일로","승용차","대형","00","00","1004893","1663352","127.55359815","34.96503607"
"2012","2012-08-25 01:00","45","야간","토","1","2","1","0","0","대구","서구","차대차","측면직각충돌","측면직각충돌","운전자법규위반","부당한 회전","교차로","교차로부근","승용차","중형","이륜차","소형","1096185","1763155","128.56531279","35.86023053"
"2012","2012-08-21 22:00","55","야간","화","1","1","0","0","0","경북","청도군","차대차","추돌","진행중 추돌","운전자법규위반","안전운전 의무 불이행","단일로","횡단보도부근","승용차","중형","이륜차","소형","1108100","1742788","128.69428887","35.67489058"
"2012","2012-08-22 03:00","43","야간","수","1","1","0","0","0","서울","노원구","차대사람","횡단중","횡단중","운전자법규위반","안전운전 의무 불이행","단일로","기타단일로","화물차","중형","보행자","보행자","961588","1959437","127.06465059","37.63359517"
"2012","2012-08-21 20:00","05","야간","화","1","1","0","0","0","울산","울주군","차량단독","전도전복","전도전복","운전자법규위반","안전운전 의무 불이행","단일로","기타단일로","자전거","자전거","00","00","1166164","1716262","129.33042806","35.4282686"
"2012","2012-08-26 13:00","50","주간","일","1","1","0","0","0","강원","원주시","차대사람","기타","기타","운전자법규위반","안전운전 의무 불이행","단일로","기타단일로","승합차","대형","보행자","보행자","1051322","1914729","128.0785514","37.2299976"
"2012","2012-08-26 08:00","18","주간","일","1","1","0","0","0","전남","함평군","차대차","측면직각충돌","측면직각충돌","운전자법규위반","신호위반","교차로","교차로내","이륜차","사발이","화물차","소형","908542","1677412","126.4966848","35.08768157"
"2012","2012-08-25 19:00","15","야간","토","1","1","0","0","0","부산","동래구","차대차","측면직각충돌","측면직각충돌","운전자법규위반","안전운전 의무 불이행","단일로","기타단일로","이륜차","소형","승용차","대형","1143493","1692902","129.07668605","35.22123989"
"2012","2012-09-02 11:00","00","주간","일","1","1","0","0","0","대구","북구","차량단독","공작물충돌","공작물충돌","운전자법규위반","안전운전 의무 불이행","교차로","교차로내","이륜차","소형","00","00","1097030","1766751","128.57510821","35.89256347"
"2012","2012-09-03 05:00","30","야간","월","1","1","0","0","0","경기","동두천시","차대사람","횡단중","횡단중","운전자법규위반","신호위반","교차로","교차로내","화물차","소형","보행자","보행자","960592","1986827","127.0518759","37.88041899"
"2012","2012-09-02 11:00","08","주간","일","1","1","0","0","0","충북","청원군","차대차","기타","기타","운전자법규위반","교차로 통행방법 위반","교차로","교차로내","이륜차","소형","승용차","대형","996342","1860324","127.45902639","36.74097252"
"2012","2012-08-30 02:00","25","야간","목","2","4","1","1","0","충북","청원군","차대차","정면충돌","정면충돌","운전자법규위반","신호위반","교차로","교차로내","승용차","중형","승용차","중형","993742","1856996","127.42993082","36.71095754"
"2012","2012-09-06 05:00","45","야간","목","1","1","0","0","0","서울","구로구","차대사람","횡단중","횡단중","운전자법규위반","안전운전 의무 불이행","단일로","기타단일로","승용차","중형","보행자","보행자","945302","1943601","126.88126019","37.49003918"
"2012","2012-09-06 09:00","10","주간","목","1","1","0","0","0","강원","인제군","차대차","정면충돌","정면충돌","운전자법규위반","안전운전 의무 불이행","교차로","교차로내","승용차","중형","원동기장치자전거","원동기장치자전거","1065477","2015717","128.24718468","38.13927763"
"2012","2012-09-09 21:00","30","야간","일","1","1","0","0","0","경기","용인시","차대사람","횡단중","횡단중","운전자법규위반","안전운전 의무 불이행","교차로","교차로내","승용차","소형","보행자","보행자","975485","1919921","127.22346716","37.27788867"
"2012","2012-09-10 09:00","05","주간","월","1","1","0","0","0","경남","진주시","차대차","측면직각충돌","측면직각충돌","운전자법규위반","안전운전 의무 불이행","교차로","교차로부근","승용차","대형","자전거","자전거","1051836","1688590","128.06938053","35.19128864"
"2012","2012-09-10 07:00","25","주간","월","1","1","0","0","0","인천","중구","차대차","추돌","진행중 추돌","운전자법규위반","직진 및 우회전차의 통행방해","교차로","교차로내","승합차","중형","이륜차","사발이","901904","1940053","126.39088338","37.45447398"
"2012","2012-09-08 21:00","43","야간","토","1","1","0","0","0","전북","남원시","차대차","기타","기타","운전자법규위반","차로위반(진로변경 위반)","단일로","기타단일로","자전거","자전거","승용차","대형","988694","1711600","127.3754919","35.40004412"
"2012","2012-09-13 19:00","30","야간","목","1","1","0","0","0","전남","나주시","차대사람","횡단중","횡단중","운전자법규위반","안전운전 의무 불이행","교차로","교차로내","승합차","대형","보행자","보행자","928939","1671470","126.72093269","35.03575038"
"2012","2012-09-12 11:00","40","주간","수","1","1","0","0","0","전남","영광군","차량단독","기타","기타","운전자법규위반","안전운전 의무 불이행","단일로","기타단일로","이륜차","소형","00","00","905406","1706720","126.45822563","35.35240951"
"2012","2012-09-12 04:00","30","야간","수","2","2","0","0","0","강원","강릉시","차량단독","도로이탈","도로이탈 기타","운전자법규위반","안전운전 의무 불이행","단일로","기타단일로","이륜차","중형","00","00","1125402","1974314","128.9236459","37.75989027"
"2012","2012-09-11 14:00","00","주간","화","1","1","0","0","0","경남","창원시(통합)","차대사람","기타","기타","운전자법규위반","신호위반","교차로","교차로내","화물차","중형","보행자","보행자","1119423","1679555","128.81034378","35.10407457"
"2012","2012-09-11 19:00","10","야간","화","1","1","0","0","0","충북","충주시","차대사람","횡단중","횡단중","운전자법규위반","안전운전 의무 불이행","단일로","기타단일로","화물차","중형","보행자","보행자","1039776","1885649","127.946726","36.96931862"
"2012","2012-09-11 13:00","15","주간","화","1","1","0","0","0","강원","홍천군","차량단독","기타","기타","운전자법규위반","안전운전 의무 불이행","단일로","기타단일로","원동기장치자전거","원동기장치자전거","00","00","1035199","1956227","127.89878057","37.60479133"
"2012","2012-09-18 19:00","50","야간","화","1","1","0","0","0","제주","서귀포시","차대사람","횡단중","횡단중","운전자법규위반","안전운전 의무 불이행","교차로","교차로부근","승용차","중형","보행자","보행자","907443","1473966","126.50636747","33.25305228"
"2012","2012-09-18 05:00","30","야간","화","1","1","0","0","0","인천","서구","차대사람","횡단중","횡단중","운전자법규위반","신호위반","교차로","교차로내","승용차","소형","보행자","보행자","928122","1957468","126.68557817","37.6138404"
"2012","2012-09-17 08:00","22","주간","월","1","1","0","0","0","전남","순천시","차대사람","횡단중","횡단중","운전자법규위반","안전운전 의무 불이행","단일로","횡단보도상","승용차","경형","보행자","보행자","998589","1663005","127.48454442","34.96191784"
"2012","2012-09-16 05:00","00","야간","일","1","1","0","0","0","경북","문경시","차대차","기타","기타","운전자법규위반","안전운전 의무 불이행","단일로","기타단일로","원동기장치자전거","원동기장치자전거","화물차","소형","1061796","1843906","128.19083613","36.59097028"
"2012","2012-09-15 13:00","20","주간","토","1","1","0","0","0","충남","예산군","차대차","추돌","주정차중 추돌","운전자법규위반","안전운전 의무 불이행","단일로","기타단일로","이륜차","소형","승용차","소형","940170","1856366","126.83016901","36.70341442"
"2012","2012-09-21 14:00","20","주간","금","1","3","2","0","0","경남","남해군","차량단독","도로이탈","도로이탈 기타","운전자법규위반","안전운전 의무 불이행","단일로","기타단일로","승용차","소형","00","00","1047108","1650752","128.01530375","34.85033478"
"2012","2012-09-21 09:00","05","주간","금","1","1","0","0","0","서울","마포구","차대차","정면충돌","정면충돌","운전자법규위반","신호위반","교차로","교차로내","화물차","소형","이륜차","소형","946902","1952840","126.87680378","37.56888373"
"2012","2012-09-20 22:00","27","야간","목","1","1","0","0","0","서울","마포구","차량단독","전도전복","전도전복","운전자법규위반","안전운전 의무 불이행","단일로","기타단일로","화물차","소형","00","00","946636","1951335","126.89578758","37.55982477"
"2012","2012-09-20 17:00","34","주간","목","1","1","0","0","0","경남","남해군","차대차","기타","기타","운전자법규위반","안전운전 의무 불이행","교차로","교차로내","농기계","농기계","농기계","농기계","1035038","1642199","127.88291886","34.77369567"
"2012","2012-09-20 15:00","30","주간","목","1","3","1","1","0","서울","은평구","차대사람","횡단중","횡단중","운전자법규위반","안전운전 의무 불이행","단일로","기타단일로","승합차","대형","보행자","보행자","948855","1957993","126.9204458","37.61995967"
"2012","2012-09-26 18:00","50","야간","수","1","1","0","0","0","전북","군산시","차대차","기타","기타","운전자법규위반","안전운전 의무 불이행","단일로","기타단일로","화물차","소형","자전거","자전거","942228","1777395","126.85779725","35.9939585"
"2012","2012-08-07 14:00","50","주간","화","1","1","0","0","0","세종","세종","차대차","추돌","주정차중 추돌","운전자법규위반","안전운전 의무 불이행","단일로","기타단일로","화물차","소형","화물차","소형","979372","1838050","127.2695435","36.53995733"
"2012","2012-08-08 15:00","35","주간","수","1","1","0","0","0","대전","유성구","차대사람","기타","기타","운전자법규위반","안전운전 의무 불이행","단일로","기타단일로","화물차","소형","보행자","보행자","984976","1817034","127.3332396","36.35016595"
"2012","2012-08-05 22:00","30","야간","일","1","3","1","1","0","제주","서귀포시","차대차","정면충돌","정면충돌","운전자법규위반","중앙선 침범","단일로","기타단일로","승용차","경형","승용차","경형","924185","1476818","126.68549856","33.2801327"
"2012","2012-08-10 17:00","45","주간","금","1","1","0","0","0","대구","달성군","차량단독","공작물충돌","공작물충돌","운전자법규위반","안전운전 의무 불이행","단일로","기타단일로","화물차","경형","00","00","1087039","1761129","128.46576462","35.84352736"
"2012","2012-08-10 00:00","02","야간","금","1","1","0","0","0","대구","달서구","차대사람","기타","기타","운전자법규위반","안전운전 의무 불이행","교차로","교차로내","화물차","소형","보행자","보행자","1094910","1757572","128.55052972","35.81002599"
"2013","2013-11-15 19:00","30","야간","금","1","1","0","0","0","경북","포항시","차대사람","횡단중","횡단중","운전자법규위반","안전운전 의무 불이행","단일로","기타단일로","승용차","소형","보행자","보행자","1166657","1778701","129.34880907","35.99086811"
"2013","2013-11-19 14:00","25","주간","화","1","1","0","0","0","경남","창원시(통합)","차량단독","전도전복","전도전복","운전자법규위반","안전운전 의무 불이행","단일로","기타단일로","원동기장치자전거","원동기장치자전거","00","00","1117779","1681322","128.79256101","35.12019763"
"2013","2013-10-14 23:00","15","야간","월","1","1","0","0","0","경기","광주시","차량단독","도로이탈","도로이탈 추락","운전자법규위반","안전운전 의무 불이행","단일로","기타단일로","원동기장치자전거","원동기장치자전거","00","00","990575","1928766","127.39357176","37.35789212"
"2013","2013-10-15 05:00","00","야간","화","1","1","0","0","0","경기","양주시","차대차","측면직각충돌","측면직각충돌","운전자법규위반","부당한 회전","단일로","기타단일로","승용차","중형","원동기장치자전거","원동기장치자전거","960215","1980214","127.04788636","37.82055702"
"2013","2013-10-15 00:00","15","야간","화","1","3","2","0","0","경기","평택시","차대차","추돌","주정차중 추돌","운전자법규위반","안전운전 의무 불이행","단일로","기타단일로","승용차","중형","건설기계","건설기계","945084","1887676","126.88291722","36.98594406"
"2013","2013-10-15 07:00","40","주간","화","1","1","0","0","0","인천","중구","차대차","정면충돌","정면충돌","운전자법규위반","중앙선 침범","교차로","교차로부근","승용차","중형","화물차","대형","922880","1938271","126.62522563","37.44290288"
"2013","2013-10-15 11:00","50","주간","화","1","1","0","0","0","경북","의성군","차량단독","전도전복","전도전복","운전자법규위반","안전운전 의무 불이행","단일로","기타단일로","화물차","대형","00","00","1116699","1813015","128.79984951","36.30741479"
"2013","2013-10-14 18:00","30","야간","월","1","1","0","0","0","경북","군위군","차대차","추돌","진행중 추돌","운전자법규위반","안전운전 의무 불이행","단일로","기타단일로","승용차","중형","자전거","자전거","1101571","1799272","128.62959406","36.18525126"
"2013","2013-10-20 18:00","20","야간","일","1","1","0","0","0","전남","나주시","차량단독","도로이탈","도로이탈 기타","운전자법규위반","안전운전 의무 불이행","교차로","교차로부근","농기계","농기계","00","00","927363","1675974","126.70326151","35.07624847"
"2013","2013-10-22 07:00","45","주간","화","1","1","0","0","0","광주","광산구","차대사람","횡단중","횡단중","운전자법규위반","신호위반","교차로","교차로내","승합차","중형","보행자","보행자","935056","1681373","126.78721448","35.12545403"
"2013","2013-10-22 06:00","10","주간","화","1","1","0","0","0","대전","동구","차대사람","차도통행중","차도통행중","운전자법규위반","안전운전 의무 불이행","단일로","기타단일로","승용차","중형","보행자","보행자","993637","1816846","127.42908635","36.34899911"
"2013","2013-10-21 16:00","30","주간","월","1","1","0","0","0","대전","서구","차대차","추돌","주정차중 추돌","운전자법규위반","중앙선 침범","단일로","기타단일로","승용차","중형","승합차","대형","986578","1812048","127.35049883","36.30567055"
"2013","2013-10-21 19:00","33","야간","월","1","1","0","0","0","경기","파주시","차대사람","기타","기타","운전자법규위반","안전운전 의무 불이행","단일로","기타단일로","승용차","중형","보행자","보행자","937723","1974513","126.7921164","37.76796829"
"2013","2013-10-20 01:00","30","야간","일","1","1","0","0","0","경기","안성시","차량단독","공작물충돌","공작물충돌","운전자법규위반","안전운전 의무 불이행","교차로","교차로내","승용차","중형","00","00","975891","1890647","127.22999438","37.01380034"
"2013","2013-10-19 20:00","30","야간","토","1","1","0","0","0","광주","광산구","차대사람","횡단중","횡단중","운전자법규위반","안전운전 의무 불이행","단일로","기타단일로","화물차","소형","보행자","보행자","936292","1683398","126.80062303","35.14379159"
"2013","2013-10-20 02:00","00","야간","일","1","3","2","0","0","광주","광산구","차량단독","공작물충돌","공작물충돌","운전자법규위반","안전운전 의무 불이행","단일로","기타단일로","승용차","중형","00","00","935845","1683291","126.7977991","35.14346327"
"2013","2013-10-19 18:00","50","야간","토","1","1","0","0","0","인천","강화군","차대사람","횡단중","횡단중","운전자법규위반","안전운전 의무 불이행","단일로","기타단일로","승용차","중형","보행자","보행자","912701","1971482","126.50836931","37.73924383"
"2013","2013-08-31 15:00","55","주간","토","1","4","2","1","0","경남","거제시","차량단독","전도전복","전도전복","운전자법규위반","안전운전 의무 불이행","단일로","기타단일로","승용차","대형","00","00","1100139","1648116","128.59501403","34.82272789"
"2013","2013-09-01 13:00","40","주간","일","1","1","0","0","0","전남","여수시","차대사람","기타","기타","운전자법규위반","안전운전 의무 불이행","기타/불명","기타/불명","승용차","소형","보행자","보행자","1015603","1640388","127.66787581","34.75755333"
"2013","2013-09-07 04:00","29","야간","토","1","1","0","0","0","충남","홍성군","차량단독","공작물충돌","공작물충돌","운전자법규위반","안전운전 의무 불이행","교차로","교차로부근","승용차","중형","00","00","924308","1845645","126.65365903","36.60564415"
"2013","2013-09-06 21:00","35","야간","금","1","2","0","1","0","경기","포천시","차대차","측면직각충돌","측면직각충돌","운전자법규위반","신호위반","교차로","교차로내","원동기장치자전거","원동기장치자전거","승용차","중형","968277","1980309","127.13954944","37.82197278"
"2013","2013-09-15 18:00","30","야간","일","1","1","0","0","0","강원","영월군","차대차","추돌","주정차중 추돌","운전자법규위반","안전운전 의무 불이행","기타/불명","기타/불명","화물차","소형","승용차","중형","1073109","1909746","128.32364761","37.18363054"
"2013","2013-09-16 09:00","58","주간","월","1","1","0","0","0","서울","영등포구","차대사람","횡단중","횡단중","운전자법규위반","안전운전 의무 불이행","교차로","교차로내","건설기계","건설기계","보행자","보행자","948099","1945278","126.91277974","37.50531577"
"2013","2013-09-26 12:00","48","주간","목","1","1","0","0","0","광주","남구","차대차","기타","기타","운전자법규위반","안전운전 의무 불이행","교차로","교차로부근","자전거","자전거","승용차","소형","946875","1682354","126.91686288","35.13499291"
"2013","2013-09-25 22:00","10","야간","수","1","1","0","0","0","경남","함안군","차대차","기타","기타","운전자법규위반","안전운전 의무 불이행","단일로","기타단일로","승용차","중형","자전거","자전거","1077798","1702400","128.3558383","35.31412402"
"2013","2013-09-28 03:00","35","야간","토","1","1","0","0","0","부산","동래구","차대사람","횡단중","횡단중","운전자법규위반","과속","단일로","횡단보도부근","승용차","중형","보행자","보행자","1144654","1690648","129.08904263","35.20075633"
"2013","2013-09-26 13:00","09","주간","목","1","1","0","0","0","경북","경주시","차대차","기타","기타","운전자법규위반","안전운전 의무 불이행","단일로","기타단일로","화물차","소형","원동기장치자전거","원동기장치자전거","1181324","1760266","129.5072301","35.8221418"
"2013","2013-09-24 02:00","00","야간","화","1","2","1","0","0","전남","해남군","차대차","추돌","주정차중 추돌","운전자법규위반","안전운전 의무 불이행","단일로","기타단일로","화물차","중형","화물차","중형","895499","1622447","126.36047435","34.59085543"
"2013","2013-10-01 15:00","40","주간","화","1","1","0","0","0","경기","남양주시","차량단독","공작물충돌","공작물충돌","운전자법규위반","안전운전 의무 불이행","단일로","기타단일로","승용차","경형","00","00","973661","1960333","127.20144773","37.64209665"
"2013","2013-10-03 14:00","35","주간","목","1","2","1","0","0","전남","구례군","차량단독","기타","기타","운전자법규위반","안전운전 의무 불이행","단일로","기타단일로","원동기장치자전거","원동기장치자전거","00","00","1005230","1685851","127.5574316","35.16791547"
"2013","2013-10-04 14:00","00","주간","금","1","1","0","0","0","충북","영동군","차량단독","공작물충돌","공작물충돌","운전자법규위반","안전운전 의무 불이행","교차로","교차로내","화물차","소형","00","00","1027008","1809075","127.80072477","36.27858283"
"2012","2012-07-28 01:00","20","야간","토","1","1","0","0","0","충남","홍성군","차대사람","기타","기타","운전자법규위반","안전운전 의무 불이행","단일로","기타단일로","승용차","대형","보행자","보행자","923785","1840801","126.64829159","36.56193836"
"2012","2012-08-04 03:00","10","야간","토","1","1","0","0","0","부산","강서구","차량단독","전도전복","전도전복","운전자법규위반","안전운전 의무 불이행","단일로","기타단일로","특수차","대형","00","00","1121012","1675407","128.82716868","35.06649114"
"2012","2012-08-01 15:00","40","주간","수","1","2","0","1","0","전북","익산시","차대차","기타","기타","운전자법규위반","안전운전 의무 불이행","교차로","교차로부근","화물차","중형","이륜차","소형","954329","1779780","126.99358669","36.01390245"
"2012","2012-06-11 20:00","00","야간","월","1","1","0","0","0","전남","여수시","차대사람","기타","기타","운전자법규위반","신호위반","교차로","교차로내","승합차","중형","보행자","보행자","1022454","1638431","127.74509608","34.73985574"
"2012","2012-06-18 09:00","42","주간","월","1","1","0","0","0","충북","진천군","차대차","측면직각충돌","측면직각충돌","운전자법규위반","안전운전 의무 불이행","교차로","교차로내","이륜차","소형","건설기계","건설기계","989112","1875980","127.37781851","36.88205116"
"2012","2012-06-18 16:00","30","주간","월","1","2","0","1","0","경남","함안군","차대차","정면충돌","정면충돌","운전자법규위반","안전운전 의무 불이행","단일로","기타단일로","건설기계","건설기계","화물차","소형","1074564","1702959","128.32031601","35.31941054"
"2012","2012-06-17 22:00","30","야간","일","1","1","0","0","0","서울","성동구","차대사람","기타","기타","운전자법규위반","안전운전 의무 불이행","교차로","교차로내","승용차","중형","보행자","보행자","958609","1951748","127.03132347","37.56416317"
"2012","2012-06-16 22:00","50","야간","토","2","4","2","0","0","경남","밀양시","차대사람","길가장자리구역통행중","길가장자리구역통행중","운전자법규위반","안전운전 의무 불이행","단일로","기타단일로","승용차","중형","보행자","보행자","1129539","1723407","128.92870586","35.49201464"
"2012","2012-06-15 10:00","00","주간","금","1","1","0","0","0","전남","나주시","차량단독","전도전복","전도전복","운전자법규위반","안전운전 의무 불이행","단일로","기타단일로","이륜차","사발이","00","00","926150","1667847","126.6906805","35.0028834"
"2012","2012-06-23 19:00","20","야간","토","1","1","0","0","0","전남","영암군","차대차","측면직각충돌","측면직각충돌","운전자법규위반","직진 및 우회전차의 통행방해","교차로","교차로내","화물차","중형","이륜차","소형","921521","1642308","126.64022128","34.77017981"
"2012","2012-06-27 03:00","40","야간","수","1","1","0","0","0","서울","관악구","차량단독","전도전복","전도전복","운전자법규위반","안전운전 의무 불이행","단일로","기타단일로","원동기장치자전거","원동기장치자전거","00","00","949907","1941641","126.93348257","37.47263453"
"2012","2012-06-28 02:00","00","야간","목","1","1","0","0","0","충남","천안시","차대차","기타","기타","운전자법규위반","안전운전 의무 불이행","교차로","교차로내","화물차","대형","승용차","중형","974331","1877292","127.21190799","36.89359188"
"2012","2012-06-28 01:00","48","야간","목","1","1","0","0","0","경남","진주시","차량단독","공작물충돌","공작물충돌","운전자법규위반","중앙선 침범","단일로","기타단일로","승용차","소형","00","00","1057577","1691090","128.1333851","35.21393698"
"2012","2012-06-27 21:00","40","야간","수","1","1","0","0","0","대전","서구","차대사람","횡단중","횡단중","운전자법규위반","신호위반","교차로","교차로내","승용차","소형","보행자","보행자","985188","1812306","127.33501145","36.30797617"
"2012","2012-09-06 11:00","30","주간","목","1","1","0","0","0","서울","관악구","차대사람","기타","기타","운전자법규위반","보행자 보호의무 위반","교차로","교차로부근","승용차","소형","보행자","보행자","952178","1942157","126.95896985","37.47785568"
"2012","2012-09-03 16:00","25","주간","월","1","1","0","0","0","울산","울주군","차대차","측면직각충돌","측면직각충돌","운전자법규위반","안전운전 의무 불이행","교차로","교차로내","승용차","소형","이륜차","소형","1158255","1727002","129.24543269","35.52635231"
"2012","2012-09-10 05:00","00","야간","월","1","2","0","1","0","경남","창원시(통합)","차대차","추돌","주정차중 추돌","운전자법규위반","안전운전 의무 불이행","교차로","교차로부근","화물차","소형","화물차","소형","1103087","1694329","128.63298044","35.23907312"
"2012","2012-09-07 05:00","40","야간","금","1","1","0","0","0","경기","평택시","차대차","추돌","진행중 추돌","운전자법규위반","안전운전 의무 불이행","단일로","기타단일로","승합차","중형","농기계","농기계","950500","1889285","126.9436676","37.00074835"
"2012","2012-09-13 00:00","10","야간","목","1","1","0","0","0","부산","사하구","차량단독","기타","기타","운전자법규위반","안전운전 의무 불이행","단일로","기타단일로","자전거","자전거","00","00","1133674","1679913","128.96672458","35.10551105"
"2012","2012-09-11 23:00","10","야간","화","1","2","0","1","0","전북","완주군","차량단독","전도전복","전도전복","운전자법규위반","안전운전 의무 불이행","단일로","기타단일로","원동기장치자전거","원동기장치자전거","00","00","972876","1761983","127.21715485","35.85430637"
"2012","2012-09-17 10:00","50","주간","월","1","1","0","0","0","경기","남양주시","차대사람","기타","기타","운전자법규위반","안전운전 의무 불이행","단일로","기타단일로","승용차","중형","보행자","보행자","976640","1960955","127.23519441","37.64778357"
"2012","2012-09-16 13:00","45","주간","일","1","1","0","0","0","전북","전주시","차대차","측면직각충돌","측면직각충돌","운전자법규위반","신호위반","교차로","교차로내","이륜차","소형","승용차","중형","968332","1756429","127.14949841","35.80379993"
"2012","2012-09-21 20:00","30","야간","금","1","1","0","0","0","경기","고양시","차대사람","차도통행중","차도통행중","운전자법규위반","안전운전 의무 불이행","단일로","기타단일로","승합차","대형","보행자","보행자","941512","1958821","126.83593437","37.6277525"
"2012","2012-09-22 11:00","10","주간","토","1","1","0","0","0","충북","충주시","차대차","측면직각충돌","측면직각충돌","운전자법규위반","안전운전 의무 불이행","단일로","기타단일로","승용차","중형","자전거","자전거","1036680","1882793","127.91193641","36.94281578"
"2012","2012-09-22 02:00","35","야간","토","1","1","0","0","0","대구","수성구","차대사람","횡단중","횡단중","운전자법규위반","안전운전 의무 불이행","단일로","기타단일로","승용차","중형","보행자","보행자","1100843","1761215","128.61663854","35.83754992"
"2012","2012-09-20 19:00","30","야간","목","1","1","0","0","0","대구","중구","차대사람","기타","기타","운전자법규위반","안전운전 의무 불이행","교차로","교차로부근","승합차","대형","보행자","보행자","1098826","1764851","128.59476918","35.87525621"
"2012","2012-09-21 06:00","03","주간","금","1","2","1","0","0","경기","남양주시","차대차","측면직각충돌","측면직각충돌","운전자법규위반","신호위반","교차로","교차로내","원동기장치자전거","원동기장치자전거","승용차","중형","978779","1961775","127.25941775","37.65522646"
"2012","2012-09-21 19:00","25","야간","금","1","1","0","0","0","경기","고양시","차대사람","기타","기타","운전자법규위반","안전운전 의무 불이행","단일로","교량위","승합차","중형","보행자","보행자","944058","1965286","126.86553206","37.68541112"
"2012","2012-09-20 19:00","15","야간","목","1","1","0","0","0","경기","파주시","차대사람","기타","기타","운전자법규위반","안전운전 의무 불이행","단일로","기타단일로","원동기장치자전거","원동기장치자전거","보행자","보행자","934970","1988172","126.7604146","37.89107108"
"2012","2012-09-19 17:00","15","주간","수","1","1","0","0","0","경기","남양주시","차대차","측면직각충돌","측면직각충돌","운전자법규위반","안전운전 의무 불이행","단일로","기타단일로","승용차","중형","이륜차","중형","967215","1966285","127.12811607","37.69553581"
"2012","2012-09-26 05:00","10","야간","수","1","2","0","1","0","경북","경산시","차대차","기타","기타","운전자법규위반","중앙선 침범","단일로","기타단일로","승용차","대형","승합차","소형","1114119","1761766","128.76375778","35.8449189"
"2012","2012-09-25 20:00","36","야간","화","1","2","1","0","0","서울","은평구","차대사람","횡단중","횡단중","운전자법규위반","과속","단일로","횡단보도상","승합차","소형","보행자","보행자","949633","1961253","126.92903659","37.64938506"
"2012","2012-09-25 18:00","45","야간","화","1","1","0","0","0","경북","경주시","차대사람","기타","기타","운전자법규위반","안전운전 의무 불이행","교차로","교차로부근","화물차","소형","보행자","보행자","1157041","1785971","129.24362305","36.05797969"
"2012","2012-08-07 19:00","40","야간","화","1","2","0","1","0","경남","사천시","차대차","기타","기타","운전자법규위반","중앙선 침범","단일로","기타단일로","승합차","중형","승용차","중형","1043427","1673929","127.97624676","35.05949029"
"2012","2012-08-07 05:00","05","야간","화","1","1","0","0","0","강원","춘천시","차대차","정면충돌","정면충돌","운전자법규위반","중앙선 침범","단일로","기타단일로","승용차","중형","이륜차","소형","1021752","1990599","127.74746689","37.91500895"
"2012","2012-08-05 08:00","35","주간","일","2","3","1","0","0","충남","청양군","차대차","정면충돌","정면충돌","운전자법규위반","중앙선 침범","단일로","기타단일로","승용차","중형","화물차","중형","945585","1826503","126.88993832","36.43524393"
"2012","2012-08-04 18:00","30","야간","토","1","4","3","0","0","경북","상주시","차대차","정면충돌","정면충돌","운전자법규위반","교차로 통행방법 위반","교차로","교차로내","화물차","소형","승합차","대형","1059484","1840159","128.16470162","36.55734006"
"2012","2012-08-04 04:00","25","야간","토","1","1","0","0","0","충남","당진시","차대차","측면직각충돌","측면직각충돌","운전자법규위반","중앙선 침범","단일로","기타단일로","화물차","대형","승합차","소형","929958","1880703","126.71360814","36.92208676"
"2014","2014-03-09 21:00","00","야간","일","1","1","0","0","0","대전","서구","차대사람","횡단중","횡단중","운전자법규위반","안전운전 의무 불이행","단일로","기타단일로","승용차","중형","보행자","보행자","987050","1817205","127.35567047","36.35216952"
"2014","2014-03-10 12:00","55","주간","월","1","1","0","0","0","경기","성남시","차대차","측면직각충돌","측면직각충돌","운전자법규위반","안전운전 의무 불이행","단일로","기타단일로","승합차","대형","자전거","자전거","970440","1940147","127.16575179","37.46005343"
"2014","2014-03-15 21:00","58","야간","토","1","1","0","0","0","부산","북구","차대사람","횡단중","횡단중","운전자법규위반","보행자 보호의무 위반","단일로","횡단보도상","승용차","소형","보행자","보행자","1138136","1697415","129.01860101","35.26267189"
"2014","2014-03-15 20:00","45","야간","토","1","2","1","0","0","대구","달성군","차대사람","기타","기타","운전자법규위반","안전운전 의무 불이행","단일로","기타단일로","승용차","대형","보행자","보행자","1102610","1755251","128.63544642","35.78832847"
"2014","2014-03-17 10:00","10","주간","월","1","1","0","0","0","전남","해남군","차대차","기타","기타","운전자법규위반","안전운전 의무 불이행","교차로","교차로내","승용차","중형","승용차","중형","917900","1619463","126.6050034","34.56598525"