"발생년","발생년월일시","발생분","주야","요일","사망자수","사상자수","중상자수","경상자수","부상신고자수","발생지시도","발생지시군구","사고유형_대분류","사고유형_중분류","사고유형","법규위반_대분류","법규위반","도로형태_대분류","도로형태","당사자종별_1당_대분류","당사자종별_1당","당사자종별_2당_대분류","당사자종별_2당","발생위치X_UTMK","발생위치Y_UTMK","경도","위도"
"2014","2014-03-14 10:00","12","주간","금","1","1","0","0","0","경남","거창군","차대차","측면직각충돌","측면직각충돌","운전자법규위반","안전운전 의무 불이행","단일로","횡단보도부근","승용차","중형","자전거","자전거","1037590","1743727","127.91544937","35.68906863"
"2014","2014-03-17 09:00","13","주간","월","1","1","0","0","0","경북","상주시","차대차","추돌","진행중 추돌","운전자법규위반","안전운전 의무 불이행","단일로","기타단일로","승합차","대형","이륜차","소형","1035157","1846982","127.89318018","36.62005389"
"2014","2014-03-15 14:00","40","주간","토","1","1","0","0","0","서울","성동구","차대차","측면직각충돌","측면직각충돌","운전자법규위반","안전운전 의무 불이행","단일로","교량위","이륜차","소형","화물차","소형","957589","1948853","127.01994161","37.53802334"
"2013","2013-12-23 17:00","34","주간","월","1","1","0","0","0","전남","함평군","차대사람","기타","기타","운전자법규위반","안전운전 의무 불이행","기타/불명","기타/불명","화물차","소형","보행자","보행자","908821","1677321","126.4997551","35.0868864"
"2013","2013-12-19 08:00","10","주간","목","1","1","0","0","0","전북","진안군","차량단독","도로이탈","도로이탈 추락","운전자법규위반","안전운전 의무 불이행","단일로","교량위","승용차","중형","00","00","1004021","1759638","127.54452097","35.83323564"
"2013","2013-12-24 02:00","08","야간","화","1","4","3","0","0","제주","제주시","차대차","측면직각충돌","측면직각충돌","운전자법규위반","과속","단일로","기타단일로","승용차","경형","승용차","중형","924716","1506259","126.68908044","33.54564276"
"2013","2013-12-28 23:00","00","야간","토","1","1","0","0","0","경기","안양시","차대차","추돌","주정차중 추돌","운전자법규위반","안전운전 의무 불이행","교차로","교차로부근","이륜차","소형","화물차","대형","947277","1934300","126.90426528","37.40632177"
"2013","2013-12-22 20:00","15","야간","일","1","1","0","0","0","경기","안산시","차대사람","차도통행중","차도통행중","운전자법규위반","안전운전 의무 불이행","교차로","교차로부근","승용차","중형","보행자","보행자","942602","1923565","126.85227592","37.30928598"
"2013","2013-12-23 07:00","20","주간","월","1","1","0","0","0","충북","충주시","차량단독","공작물충돌","공작물충돌","운전자법규위반","안전운전 의무 불이행","단일로","기타단일로","승용차","중형","00","00","1038663","1891047","127.934629","37.01713966"
"2013","2013-12-27 13:00","40","주간","금","1","1","0","0","0","경북","포항시","차대사람","기타","기타","운전자법규위반","안전운전 의무 불이행","단일로","기타단일로","승용차","중형","보행자","보행자","1168507","1785910","129.37085783","36.0555111"
"2013","2013-12-30 02:00","58","야간","월","1","5","2","2","0","서울","양천구","차대차","측면직각충돌","측면직각충돌","운전자법규위반","신호위반","교차로","교차로부근","승용차","소형","화물차","소형","942477","1947822","126.8489755","37.52791167"
"2013","2013-12-09 02:00","00","야간","월","1","1","0","0","0","제주","서귀포시","차량단독","공작물충돌","공작물충돌","운전자법규위반","안전운전 의무 불이행","단일로","기타단일로","승용차","중형","00","00","889391","1476643","126.31227927","33.27549437"
"2013","2013-12-08 19:00","15","야간","일","1","2","0","1","0","충남","천안시","차대차","추돌","진행중 추돌","운전자법규위반","안전운전 의무 불이행","단일로","기타단일로","화물차","소형","승용차","중형","968474","1875605","127.14624406","36.87820698"
"2013","2013-11-11 08:00","25","주간","월","1","1","0","0","0","충북","충주시","차대차","측면직각충돌","측면직각충돌","운전자법규위반","신호위반","교차로","교차로내","화물차","소형","원동기장치자전거","원동기장치자전거","1037692","1885674","127.9234452","36.96874588"
"2013","2013-11-09 18:00","20","야간","토","5","7","1","1","0","전남","화순군","차대차","기타","기타","운전자법규위반","중앙선 침범","교차로","교차로부근","승용차","소형","특수차","대형","956792","1652374","127.02518056","34.8655228"
"2013","2013-11-09 13:00","05","주간","토","1","1","0","0","0","인천","연수구","차대사람","횡단중","횡단중","운전자법규위반","안전운전 의무 불이행","교차로","교차로부근","승합차","대형","보행자","보행자","927864","1935288","126.68525203","37.41430023"
"2013","2013-11-09 04:00","50","야간","토","1","3","0","2","0","서울","강남구","차대차","추돌","주정차중 추돌","운전자법규위반","안전운전 의무 불이행","교차로","교차로부근","화물차","경형","화물차","경형","960956","1941969","127.0584179","37.47612396"
"2013","2013-11-08 08:00","00","주간","금","1","10","2","7","0","대전","서구","차대사람","기타","기타","운전자법규위반","안전운전 의무 불이행","단일로","기타단일로","승합차","대형","보행자","보행자","987852","1812220","127.36468658","36.30723811"
"2013","2013-11-08 17:00","50","주간","금","1","1","0","0","0","전북","군산시","차대사람","차도통행중","차도통행중","운전자법규위반","과속","단일로","기타단일로","승용차","중형","보행자","보행자","942957","1771091","126.86849913","35.93472544"
"2013","2013-11-07 23:00","04","야간","목","1","1","0","0","0","서울","은평구","차대사람","차도통행중","차도통행중","운전자법규위반","안전운전 의무 불이행","단일로","기타단일로","승합차","대형","보행자","보행자","946706","1953750","126.89640447","37.58159535"
"2013","2013-11-08 13:00","15","주간","금","1","1","0","0","0","서울","서대문구","차대사람","횡단중","횡단중","운전자법규위반","안전운전 의무 불이행","단일로","횡단보도상","화물차","소형","보행자","보행자","952120","1952902","126.95788224","37.57429087"
"2013","2013-11-09 08:00","40","주간","토","1","2","1","0","0","경기","화성시","차대차","추돌","주정차중 추돌","운전자법규위반","안전운전 의무 불이행","단일로","기타단일로","승용차","소형","승용차","중형","943009","1914347","126.85883353","37.22760421"
"2013","2013-11-09 17:00","50","주간","토","1","2","0","1","0","전남","순천시","차대사람","횡단중","횡단중","운전자법규위반","안전운전 의무 불이행","교차로","교차로부근","화물차","소형","보행자","보행자","990337","1649902","127.39430662","34.84371547"
"2013","2013-11-14 06:00","26","주간","목","1","1","0","0","0","충남","아산시","차대사람","횡단중","횡단중","운전자법규위반","안전운전 의무 불이행","단일로","기타단일로","승용차","소형","보행자","보행자","960230","1864193","127.05433674","36.77502306"
"2013","2013-11-14 05:00","29","야간","목","1","1","0","0","0","광주","동구","차대사람","기타","기타","운전자법규위반","신호위반","기타/불명","기타/불명","승용차","중형","보행자","보행자","947824","1682240","126.93017248","35.12861892"
"2013","2013-12-18 19:00","34","야간","수","1","1","0","0","0","전남","여수시","차대차","기타","기타","운전자법규위반","안전운전 의무 불이행","교차로","교차로부근","자전거","자전거","승용차","경형","1020082","1640232","127.71942413","34.75636217"
"2013","2013-12-19 06:00","50","주간","목","1","1","0","0","0","경기","고양시","차대사람","차도통행중","차도통행중","운전자법규위반","안전운전 의무 불이행","단일로","기타단일로","승용차","중형","보행자","보행자","933712","1965224","126.74820676","37.68416271"
"2013","2013-12-24 00:00","29","야간","화","1","3","2","0","0","대전","유성구","차대차","측면직각충돌","측면직각충돌","운전자법규위반","안전거리 미확보","교차로","교차로부근","승용차","중형","승합차","소형","983604","1812717","127.31735895","36.31165586"
"2013","2013-12-12 12:00","20","주간","목","1","3","0","2","0","울산","울주군","차대차","측면직각충돌","측면직각충돌","운전자법규위반","신호위반","교차로","교차로내","승용차","소형","승용차","중형","1167960","1717875","129.35053595","35.44250361"
"2013","2013-12-12 14:00","10","주간","목","1","1","0","0","0","경남","창원시(통합)","차대사람","보도통행중","보도통행중","운전자법규위반","보행자 보호의무 위반","교차로","교차로부근","화물차","중형","보행자","보행자","1096856","1688991","128.56388117","35.1915697"
"2013","2013-12-17 06:00","30","주간","화","1","1","0","0","0","충남","논산시","차대사람","횡단중","횡단중","운전자법규위반","과속","단일로","횡단보도상","화물차","소형","보행자","보행자","959959","1799948","127.05462754","36.19584711"
"2013","2013-12-17 09:00","40","주간","화","1","1","0","0","0","경기","평택시","차대사람","횡단중","횡단중","운전자법규위반","안전운전 의무 불이행","교차로","교차로부근","화물차","대형","보행자","보행자","949613","1893674","126.93340531","37.04026347"
"2013","2013-12-10 08:00","30","주간","화","1","3","0","2","0","경기","화성시","차대차","측면직각충돌","측면직각충돌","운전자법규위반","안전운전 의무 불이행","교차로","교차로부근","화물차","소형","화물차","소형","950615","1899376","126.94429735","37.09171402"
"2013","2013-12-11 16:00","30","주간","수","1","1","0","0","0","서울","관악구","차대차","추돌","주정차중 추돌","운전자법규위반","안전운전 의무 불이행","단일로","기타단일로","승용차","중형","이륜차","소형","950662","1941902","126.94200324","37.47502763"
"2013","2013-12-08 06:00","53","주간","일","1","1","0","0","0","강원","춘천시","차대사람","횡단중","횡단중","운전자법규위반","안전운전 의무 불이행","교차로","교차로부근","승용차","대형","보행자","보행자","1021809","1987015","127.74800695","37.88270509"
"2013","2013-12-09 18:00","35","야간","월","1","4","0","3","0","경기","고양시","차대차","추돌","주정차중 추돌","운전자법규위반","안전운전 의무 불이행","교차로","교차로부근","화물차","소형","화물차","소형","946156","1958681","126.89827802","37.62396556"
"2013","2013-12-29 22:00","30","야간","일","1","1","0","0","0","경남","거제시","차량단독","공작물충돌","공작물충돌","운전자법규위반","안전운전 의무 불이행","단일로","기타단일로","승용차","중형","00","00","1098573","1653797","128.5785608","34.87410106"
"2013","2013-12-19 07:00","30","주간","목","1","3","2","0","0","경남","함안군","차대차","정면충돌","정면충돌","운전자법규위반","중앙선 침범","단일로","기타단일로","승용차","중형","승용차","경형","1087229","1704003","128.45974511","35.32779745"
"2014","2014-02-25 00:00","57","야간","화","1","2","1","0","0","경남","김해시","차대사람","기타","기타","운전자법규위반","보행자 보호의무 위반","교차로","교차로내","승용차","중형","보행자","보행자","1129527","1693419","128.92335493","35.22780154"
"2014","2014-02-26 21:00","50","야간","수","1","1","0","0","0","부산","연제구","차대사람","횡단중","횡단중","운전자법규위반","안전운전 의무 불이행","단일로","기타단일로","승합차","대형","보행자","보행자","1143854","1689076","129.07998308","35.18670176"
"2014","2014-02-26 13:00","55","주간","수","1","2","0","0","1","경기","용인시","차대차","측면직각충돌","측면직각충돌","운전자법규위반","신호위반","교차로","교차로내","화물차","중형","화물차","소형","992002","1904485","127.40994644","37.13903562"
"2014","2014-03-10 02:00","09","야간","월","1","1","0","0","0","충남","홍성군","차량단독","기타","기타","운전자법규위반","안전운전 의무 불이행","단일로","기타단일로","승용차","중형","00","00","926914","1843701","126.68297976","36.58832406"
"2014","2014-03-19 12:00","20","주간","수","1","1","0","0","0","전남","고흥군","차대차","측면직각충돌","측면직각충돌","운전자법규위반","안전운전 의무 불이행","교차로","교차로내","승용차","대형","이륜차","사발이","984725","1642793","127.33305239","34.77953993"
"2014","2014-03-19 17:00","10","주간","수","1","1","0","0","0","전북","완주군","차량단독","공작물충돌","공작물충돌","운전자법규위반","안전운전 의무 불이행","단일로","기타단일로","이륜차","소형","00","00","965235","1749412","127.11552611","35.74042925"
"2014","2014-03-20 07:00","35","주간","목","1","1","0","0","0","경기","화성시","차량단독","기타","기타","운전자법규위반","중앙선 침범","단일로","기타단일로","이륜차","소형","00","00","930023","1909707","126.71163811","37.18351905"
"2014","2014-03-05 05:00","25","야간","수","1","1","0","0","0","대전","동구","차대사람","보도통행중","보도통행중","운전자법규위반","신호위반","단일로","횡단보도상","승용차","중형","보행자","보행자","993969","1817558","127.43278087","36.35542022"
"2014","2014-03-07 06:00","14","주간","금","1","1","0","0","0","서울","마포구","차대차","정면충돌","정면충돌","운전자법규위반","신호위반","교차로","교차로내","승합차","소형","이륜차","중형","950031","1949944","126.93432037","37.54747794"
"2014","2014-03-05 19:00","05","야간","수","1","1","0","0","0","대구","달성군","차대차","측면직각충돌","측면직각충돌","운전자법규위반","신호위반","교차로","교차로내","승용차","대형","이륜차","소형","1087359","1764118","128.46767765","35.8697388"
"2014","2014-03-05 01:00","40","야간","수","1","2","0","1","0","광주","광산구","차대차","추돌","진행중 추돌","운전자법규위반","안전운전 의무 불이행","교차로","교차로부근","승용차","경형","화물차","중형","936378","1685411","126.80141193","35.16194733"
"2014","2014-03-03 23:00","28","야간","월","1","1","0","0","0","대구","동구","차대차","측면직각충돌","측면직각충돌","운전자법규위반","교차로 통행방법 위반","교차로","교차로내","이륜차","중형","승용차","중형","1103104","1765738","128.64298052","35.88317355"
"2014","2014-03-04 02:00","40","야간","화","1","3","2","0","0","경기","시흥시","차대사람","횡단중","횡단중","운전자법규위반","안전운전 의무 불이행","단일로","기타단일로","승용차","소형","보행자","보행자","936640","1927645","126.78465204","37.34567259"
"2014","2014-03-14 19:00","00","야간","금","1","1","0","0","0","대구","달성군","차대사람","횡단중","횡단중","운전자법규위반","안전운전 의무 불이행","교차로","교차로내","화물차","소형","보행자","보행자","1089321","1757240","128.48863821","35.80755771"
"2014","2014-03-16 03:00","35","야간","일","1","1","0","0","0","경기","화성시","차대사람","기타","기타","운전자법규위반","안전운전 의무 불이행","기타/불명","기타/불명","화물차","대형","보행자","보행자","946761","1900940","126.89786131","37.10563052"
"2014","2014-03-15 09:00","40","주간","토","1","1","0","0","0","전남","순천시","차대사람","횡단중","횡단중","운전자법규위반","중앙선 침범","단일로","기타단일로","승용차","중형","보행자","보행자","986135","1670634","127.34800097","35.03061773"
"2013","2013-12-20 21:00","15","야간","금","1","1","0","0","0","서울","구로구","차대차","기타","기타","운전자법규위반","중앙선 침범","단일로","기타단일로","승용차","소형","이륜차","소형","941941","1943990","126.84321232","37.49334004"
"2013","2013-12-21 04:00","06","야간","토","1","1","0","0","0","서울","용산구","차대차","측면직각충돌","측면직각충돌","운전자법규위반","안전거리 미확보","교차로","교차로부근","승용차","중형","화물차","경형","954138","1948505","126.98090222","37.53472148"
"2012","2012-04-18 20:00","35","야간","수","1","1","0","0","0","충남","금산군","차대사람","기타","기타","운전자법규위반","보행자 보호의무 위반","단일로","횡단보도상","승용차","중형","보행자","보행자","997124","1799046","127.46801338","36.18853929"
"2012","2012-03-09 22:00","15","야간","금","1","1","0","0","0","경기","포천시","차대사람","횡단중","횡단중","운전자법규위반","안전운전 의무 불이행","교차로","교차로부근","승합차","대형","보행자","보행자","974005","1988388","127.20434188","37.89496997"
"2013","2013-11-25 02:00","25","야간","월","1","1","0","0","0","충남","당진시","차량단독","공작물충돌","공작물충돌","운전자법규위반","안전운전 의무 불이행","단일로","기타단일로","승용차","중형","00","00","922133","1878029","126.62603732","36.89737057"
"2013","2013-11-30 02:00","47","야간","토","1","1","0","0","0","서울","동작구","차대사람","기타","기타","운전자법규위반","안전운전 의무 불이행","단일로","기타단일로","승용차","중형","보행자","보행자","951308","1944833","126.94797696","37.50300407"
"2013","2013-12-02 06:00","45","주간","월","1","1","0","0","0","경남","거제시","차량단독","전도전복","전도전복","운전자법규위반","안전운전 의무 불이행","단일로","기타단일로","이륜차","중형","00","00","1110837","1652804","128.71259375","34.86388428"
"2013","2013-12-01 07:00","08","주간","일","1","2","1","0","0","경남","김해시","차량단독","공작물충돌","공작물충돌","운전자법규위반","안전운전 의무 불이행","단일로","기타단일로","승용차","소형","00","00","1122776","1706618","128.84915891","35.32831631"
"2013","2013-12-01 05:00","15","야간","일","1","1","0","0","0","경기","남양주시","차대차","추돌","진행중 추돌","운전자법규위반","안전거리 미확보","단일로","기타단일로","화물차","소형","승합차","대형","979928","1961583","127.27244914","37.65352174"
"2013","2013-11-30 08:00","25","주간","토","1","1","0","0","0","전남","순천시","차대사람","횡단중","횡단중","운전자법규위반","안전운전 의무 불이행","단일로","기타단일로","승용차","소형","보행자","보행자","1001342","1661365","127.48771201","34.96327353"
"2013","2013-11-27 23:00","58","야간","수","1","1","0","0","0","경기","과천시","차대사람","횡단중","횡단중","운전자법규위반","안전운전 의무 불이행","교차로","교차로부근","승용차","중형","보행자","보행자","954699","1935542","126.98809773","37.41886673"
"2013","2013-11-27 18:00","20","야간","수","1","1","0","0","0","경기","시흥시","차대사람","횡단중","횡단중","운전자법규위반","안전운전 의무 불이행","단일로","기타단일로","화물차","소형","보행자","보행자","941315","1936234","126.83674888","37.42339467"
"2013","2013-10-30 23:00","49","야간","수","1","1","0","0","0","부산","연제구","차대사람","횡단중","횡단중","운전자법규위반","신호위반","단일로","횡단보도상","승용차","대형","보행자","보행자","1142978","1689463","129.07055989","35.19010618"
"2013","2013-10-31 20:00","13","야간","목","1","1","0","0","0","인천","남구","차대사람","횡단중","횡단중","운전자법규위반","안전운전 의무 불이행","단일로","기타단일로","원동기장치자전거","원동기장치자전거","보행자","보행자","927660","1939440","126.68331271","37.45114317"
"2013","2013-11-05 11:00","05","주간","화","1","1","0","0","0","전북","김제시","차대차","측면직각충돌","측면직각충돌","운전자법규위반","직진 및 우회전차의 통행방해","교차로","교차로내","원동기장치자전거","원동기장치자전거","화물차","소형","936037","1758993","126.79187025","35.82534242"
"2013","2013-11-05 17:00","40","주간","화","1","2","0","1","0","경기","김포시","차대차","정면충돌","정면충돌","운전자법규위반","중앙선 침범","단일로","기타단일로","화물차","소형","화물차","중형","924118","1968234","126.64840819","37.71957273"
"2013","2013-11-03 09:00","10","주간","일","1","1","0","0","0","서울","서초구","차대사람","기타","기타","운전자법규위반","안전운전 의무 불이행","교차로","교차로내","승합차","소형","보행자","보행자","955102","1943543","126.9921162","37.49004498"
"2013","2013-11-09 03:00","30","야간","토","1","1","0","0","0","충북","청주시","차대사람","기타","기타","운전자법규위반","안전운전 의무 불이행","단일로","기타단일로","승용차","경형","보행자","보행자","997057","1848593","127.46708028","36.63522119"
"2013","2013-11-06 21:00","23","야간","수","1","1","0","0","0","서울","서초구","차대사람","기타","기타","운전자법규위반","보행자 보호의무 위반","단일로","횡단보도상","승용차","중형","보행자","보행자","955229","1942444","126.99361963","37.48014549"
"2013","2013-11-12 23:00","15","야간","화","1","2","1","0","0","경기","고양시","차량단독","공작물충돌","공작물충돌","운전자법규위반","안전운전 의무 불이행","단일로","기타단일로","승용차","소형","00","00","941591","1954804","126.83839247","37.59078456"
"2013","2013-11-13 13:00","55","주간","수","1","1","0","0","0","전북","익산시","차대사람","기타","기타","운전자법규위반","안전운전 의무 불이행","교차로","교차로부근","화물차","소형","보행자","보행자","949925","1778651","126.94437798","36.00337952"
"2013","2013-11-13 06:00","30","주간","수","1","1","0","0","0","전남","보성군","차대사람","차도통행중","차도통행중","운전자법규위반","안전운전 의무 불이행","단일로","기타단일로","화물차","소형","보행자","보행자","962242","1630939","127.08786001","34.67206015"
"2013","2013-11-12 13:00","47","주간","화","1","1","0","0","0","전남","담양군","차대차","기타","기타","운전자법규위반","안전운전 의무 불이행","단일로","기타단일로","화물차","소형","농기계","농기계","958027","1699445","127.03839954","35.28962678"
"2013","2013-11-11 08:00","43","주간","월","1","2","1","0","0","경기","양평군","차대차","정면충돌","정면충돌","운전자법규위반","안전운전 의무 불이행","단일로","기타단일로","건설기계","건설기계","이륜차","소형","992394","1960015","127.4137889","37.63957663"
"2013","2013-11-20 23:00","37","야간","수","1","1","0","0","0","부산","사상구","차량단독","공작물충돌","공작물충돌","운전자법규위반","안전운전 의무 불이행","단일로","기타단일로","승용차","중형","00","00","1134650","1683776","128.97596437","35.13784293"
"2013","2013-11-21 08:00","05","주간","목","1","1","0","0","0","울산","중구","차대사람","기타","기타","운전자법규위반","안전운전 의무 불이행","단일로","기타단일로","승용차","중형","보행자","보행자","1166216","1731568","129.33413435","35.56619872"
"2013","2013-11-19 17:00","10","주간","화","1","1","0","0","0","경기","용인시","차대차","측면직각충돌","측면직각충돌","운전자법규위반","안전운전 의무 불이행","단일로","기타단일로","이륜차","중형","화물차","소형","973948","1907070","127.20657881","37.16200829"
"2013","2013-11-20 06:00","15","주간","수","1","1","0","0","0","세종","세종","차대사람","횡단중","횡단중","운전자법규위반","신호위반","교차로","교차로내","화물차","소형","보행자","보행자","980262","1839790","127.27952592","36.55561288"
"2013","2013-11-19 07:00","43","주간","화","1","1","0","0","0","울산","북구","차대차","기타","기타","운전자법규위반","신호위반","교차로","교차로내","이륜차","소형","승합차","대형","1169268","1731057","129.36768933","35.5610767"
"2012","2012-02-27 08:00","04","주간","월","1","1","0","0","0","대전","동구","차대사람","기타","기타","운전자법규위반","안전운전 의무 불이행","교차로","교차로내","승합차","소형","보행자","보행자","994610","1814860","127.43994387","36.33110042"
"2013","2013-11-29 18:00","10","야간","금","1","1","0","0","0","경북","구미시","차대차","기타","기타","운전자법규위반","안전운전 의무 불이행","단일로","기타단일로","화물차","소형","자전거","자전거","1082408","1796231","128.41618623","36.15965932"
"2013","2013-11-30 00:00","32","야간","토","1","4","1","2","0","서울","마포구","차대차","추돌","주정차중 추돌","운전자법규위반","안전운전 의무 불이행","단일로","교량위","승용차","중형","화물차","중형","943455","1952219","126.8597046","37.56760246"
"2013","2013-11-29 16:00","50","주간","금","1","1","0","0","0","부산","강서구","차대차","기타","기타","운전자법규위반","안전운전 의무 불이행","단일로","기타단일로","건설기계","건설기계","자전거","자전거","1131941","1691923","128.9496347","35.21400148"
"2013","2013-11-28 08:00","30","주간","목","1","1","0","0","0","대구","수성구","차대사람","기타","기타","운전자법규위반","안전운전 의무 불이행","단일로","기타단일로","화물차","중형","보행자","보행자","1103771","1763616","128.63639448","35.82303886"
"2013","2013-11-28 20:00","38","야간","목","2","4","1","1","0","전남","보성군","차대사람","기타","기타","운전자법규위반","과속","단일로","교량위","승용차","대형","보행자","보행자","962538","1639340","127.09055624","34.74781598"
"2013","2013-11-26 13:00","00","주간","화","1","1","0","0","0","대구","달서구","차대사람","기타","기타","운전자법규위반","안전운전 의무 불이행","단일로","기타단일로","건설기계","건설기계","보행자","보행자","1091713","1762032","128.51566043","35.85053592"
"2013","2013-11-27 14:00","55","주간","수","1","1","0","0","0","전북","임실군","차량단독","공작물충돌","공작물충돌","운전자법규위반","안전운전 의무 불이행","단일로","기타단일로","승용차","중형","00","00","979138","1741598","127.26788801","35.67201581"
"2013","2013-12-06 11:00","35","주간","금","1","1","0","0","0","경기","광명시","차대차","추돌","진행중 추돌","운전자법규위반","안전운전 의무 불이행","단일로","기타단일로","화물차","소형","자전거","자전거","942078","1938303","126.84520927","37.442091"
"2013","2013-12-06 02:00","08","야간","금","1","1","0","0","0","서울","금천구","차량단독","전도전복","전도전복","운전자법규위반","안전운전 의무 불이행","단일로","기타단일로","이륜차","중형","00","00","946831","1942062","126.89866643","37.47625719"
"2013","2013-10-27 06:00","00","주간","일","1","3","0","2","0","충남","당진시","차대차","추돌","진행중 추돌","운전자법규위반","안전거리 미확보","단일로","기타단일로","승용차","중형","농기계","농기계","925486","1878656","126.6610908","36.90331127"
"2013","2013-10-24 23:00","30","야간","목","1","2","1","0","0","경기","김포시","차대차","측면직각충돌","측면직각충돌","운전자법규위반","신호위반","교차로","교차로내","이륜차","중형","승용차","중형","931680","1957748","126.72586287","37.61663527"
"2013","2013-10-23 07:00","05","주간","수","1","1","0","0","0","세종","세종","차대차","기타","기타","운전자법규위반","중앙선 침범","단일로","기타단일로","농기계","농기계","원동기장치자전거","원동기장치자전거","979198","1841919","127.26749511","36.5748327"
"2013","2013-11-25 07:00","00","주간","월","1","1","0","0","0","전북","익산시","차대사람","보도통행중","보도통행중","운전자법규위반","보행자 보호의무 위반","단일로","횡단보도상","승용차","중형","보행자","보행자","950527","1772793","126.95142296","35.9505971"
"2013","2013-11-25 08:00","50","주간","월","1","2","1","0","0","경기","성남시","차대사람","횡단중","횡단중","운전자법규위반","안전운전 의무 불이행","단일로","기타단일로","승합차","대형","보행자","보행자","967708","1938144","127.13494813","37.44190786"
"2013","2013-11-22 06:00","00","주간","금","2","5","0","3","0","경기","과천시","차대차","기타","기타","운전자법규위반","안전운전 의무 불이행","단일로","기타단일로","특수차","소형","승용차","중형","955696","1939041","126.99859867","37.44929504"
"2013","2013-12-24 13:00","20","주간","화","2","2","0","0","0","경남","창원시(통합)","차대차","측면직각충돌","측면직각충돌","운전자법규위반","신호위반","교차로","교차로내","승용차","소형","승용차","중형","1097861","1691150","128.5750344","35.21043492"
"2013","2013-12-26 11:00","15","주간","목","1","1","0","0","0","경남","김해시","차대차","측면직각충돌","측면직각충돌","운전자법규위반","안전운전 의무 불이행","교차로","교차로내","화물차","대형","자전거","자전거","1127914","1693872","128.90570512","35.23209216"
"2013","2013-12-24 04:00","40","야간","화","1","1","0","0","0","충북","청원군","차대차","정면충돌","정면충돌","운전자법규위반","중앙선 침범","단일로","기타단일로","승용차","중형","화물차","대형","986753","1845786","127.35187074","36.60982856"
"2013","2013-12-07 19:00","56","야간","토","1","2","1","0","0","부산","사하구","차량단독","기타","기타","운전자법규위반","안전운전 의무 불이행","단일로","기타단일로","이륜차","소형","00","00","1133576","1681964","128.96360812","35.12124785"
"2013","2013-12-10 06:00","25","주간","화","1","1","0","0","0","서울","서초구","차대사람","횡단중","횡단중","운전자법규위반","보행자 보호의무 위반","교차로","교차로내","승합차","대형","보행자","보행자","954629","1943704","126.98681094","37.49136598"
"2013","2013-12-15 10:00","20","주간","일","1","3","2","0","0","충남","서천군","차대차","정면충돌","정면충돌","운전자법규위반","중앙선 침범","단일로","기타단일로","화물차","소형","건설기계","건설기계","932136","1786423","126.74634084","36.07236831"
"2013","2013-12-15 00:00","29","야간","일","1","1","0","0","0","충남","당진시","차대사람","횡단중","횡단중","운전자법규위반","안전운전 의무 불이행","단일로","횡단보도부근","화물차","소형","보행자","보행자","925427","1878673","126.68313413","36.87290626"
"2013","2013-12-18 17:00","50","주간","수","1","1","0","0","0","경북","구미시","차량단독","전도전복","전도전복","운전자법규위반","안전운전 의무 불이행","단일로","기타단일로","이륜차","사발이","00","00","1082381","1796417","128.41590559","36.16133832"
"2013","2013-12-13 22:00","07","야간","금","1","1","0","0","0","강원","횡성군","차대사람","기타","기타","운전자법규위반","안전운전 의무 불이행","단일로","기타단일로","승용차","소형","보행자","보행자","1044138","1943092","127.99925997","37.4860166"
"2013","2013-12-19 07:00","55","주간","목","1","1","0","0","0","강원","강릉시","차대차","정면충돌","정면충돌","운전자법규위반","중앙선 침범","단일로","기타단일로","승용차","소형","승용차","소형","1124982","1974304","128.99128613","37.70922331"
"2013","2013-12-19 05:00","00","야간","목","1","1","0","0","0","대구","북구","차대차","측면직각충돌","측면직각충돌","운전자법규위반","안전운전 의무 불이행","교차로","교차로부근","화물차","대형","자전거","자전거","1095045","1774051","128.55399044","35.95856438"
"2013","2013-12-18 06:00","30","주간","수","1","1","0","0","0","대구","남구","차대사람","보도통행중","보도통행중","운전자법규위반","안전운전 의무 불이행","단일로","횡단보도상","승용차","중형","보행자","보행자","1095805","1760740","128.55927077","35.83813242"
"2013","2013-12-18 11:00","40","주간","수","1","1","0","0","0","부산","동래구","차대차","측면직각충돌","측면직각충돌","운전자법규위반","안전운전 의무 불이행","단일로","기타단일로","승용차","경형","자전거","자전거","1143490","1690425","129.07622143","35.19891337"
"2013","2013-12-18 23:00","45","야간","수","1","1","0","0","0","경남","김해시","차대사람","횡단중","횡단중","운전자법규위반","안전운전 의무 불이행","단일로","기타단일로","화물차","중형","보행자","보행자","1112176","1701904","128.73388884","35.30638507"
"2014","2014-02-20 20:00","07","야간","목","1","1","0","0","0","인천","남구","차대사람","횡단중","횡단중","운전자법규위반","안전운전 의무 불이행","단일로","기타단일로","화물차","소형","보행자","보행자","928329","1940364","126.68959344","37.45970326"
"2014","2014-02-17 19:00","00","야간","월","1","1","0","0","0","대구","수성구","차대사람","횡단중","횡단중","운전자법규위반","안전운전 의무 불이행","단일로","횡단보도상","특수차","경형","보행자","보행자","1100785","1758144","128.61561969","35.81459649"
"2014","2014-02-17 18:00","30","야간","월","1","2","0","0","1","전남","순천시","차량단독","도로이탈","도로이탈 추락","운전자법규위반","안전운전 의무 불이행","단일로","기타단일로","승용차","중형","00","00","990992","1650179","127.40146798","34.84621938"
"2014","2014-02-20 06:00","22","주간","목","1","1","0","0","0","경북","포항시","차대차","기타","기타","운전자법규위반","안전운전 의무 불이행","교차로","교차로부근","건설기계","건설기계","자전거","자전거","1165631","1782523","129.33823205","36.02548406"