"발생년","발생년월일시","발생분","주야","요일","사망자수","사상자수","중상자수","경상자수","부상신고자수","발생지시도","발생지시군구","사고유형_대분류","사고유형_중분류","사고유형","법규위반_대분류","법규위반","도로형태_대분류","도로형태","당사자종별_1당_대분류","당사자종별_1당","당사자종별_2당_대분류","당사자종별_2당","발생위치X_UTMK","발생위치Y_UTMK","경도","위도"
"2012","2012-01-18 13:00","45","주간","수","1","1","0","0","0","강원","원주시","차량단독","공작물충돌","공작물충돌","운전자법규위반","안전운전 의무 불이행","단일로","기타단일로","승용차","중형","00","00","1041011","1925454","127.96131431","37.33181977"
"2014","2014-02-18 06:00","10","주간","화","1","1","0","0","0","경기","파주시","차대사람","횡단중","횡단중","운전자법규위반","안전운전 의무 불이행","교차로","교차로부근","승용차","대형","보행자","보행자","936674","1973079","126.78111343","37.75516619"
"2014","2014-02-27 09:00","05","주간","목","1","10","9","0","0","경북","경주시","차량단독","기타","기타","운전자법규위반","안전운전 의무 불이행","단일로","기타단일로","승합차","중형","00","00","1143720","1761820","129.09140188","35.84237814"
"2014","2014-02-27 11:00","55","주간","목","1","1","0","0","0","경기","화성시","차대차","측면직각충돌","측면직각충돌","운전자법규위반","신호위반","교차로","교차로내","화물차","중형","원동기장치자전거","원동기장치자전거","944954","1897591","126.88170605","37.07580069"
"2014","2014-03-02 01:00","45","야간","일","1","1","0","0","0","경기","평택시","차대사람","길가장자리구역통행중","길가장자리구역통행중","운전자법규위반","안전운전 의무 불이행","단일로","기타단일로","특수차","대형","보행자","보행자","946506","1881802","126.89931127","36.93307784"
"2014","2014-03-01 02:00","25","야간","토","1","1","0","0","0","서울","강서구","차대차","기타","기타","운전자법규위반","안전운전 의무 불이행","단일로","기타단일로","승합차","중형","화물차","대형","944529","1951055","126.8719536","37.55717662"
"2014","2014-03-02 00:00","53","야간","일","1","1","0","0","0","울산","남구","차대사람","횡단중","횡단중","운전자법규위반","안전운전 의무 불이행","단일로","횡단보도부근","승용차","대형","보행자","보행자","1164153","1727857","129.31062781","35.53309894"
"2014","2014-03-03 05:00","50","야간","월","1","1","0","0","0","충북","보은군","차량단독","전도전복","전도전복","운전자법규위반","안전운전 의무 불이행","단일로","기타단일로","이륜차","사발이","00","00","1009393","1835053","127.60490263","36.51311547"
"2014","2014-03-02 21:00","55","야간","일","1","1","0","0","0","강원","홍천군","차대사람","길가장자리구역통행중","길가장자리구역통행중","운전자법규위반","안전운전 의무 불이행","단일로","기타단일로","승용차","대형","보행자","보행자","1058664","1969754","128.1656978","37.72550993"
"2014","2014-03-02 16:00","30","주간","일","1","2","1","0","0","경기","평택시","차량단독","전도전복","전도전복","운전자법규위반","안전운전 의무 불이행","단일로","기타단일로","승용차","중형","00","00","968375","1889172","127.14456564","37.00050133"
"2014","2014-03-02 17:00","30","주간","일","1","1","0","0","0","충남","태안군","차대사람","횡단중","횡단중","운전자법규위반","안전운전 의무 불이행","교차로","교차로부근","승용차","경형","보행자","보행자","896601","1836493","126.34513458","36.52055229"
"2014","2014-03-01 20:00","40","야간","토","1","1","0","0","0","전남","광양시","차대사람","횡단중","횡단중","운전자법규위반","안전운전 의무 불이행","단일로","횡단보도상","승용차","중형","보행자","보행자","1007463","1664226","127.58175786","34.97290166"
"2014","2014-03-08 18:00","10","야간","토","1","2","0","1","0","전남","장성군","차대차","기타","기타","운전자법규위반","신호위반","교차로","교차로내","이륜차","소형","승용차","소형","933987","1700751","126.77389492","35.3001789"
"2012","2012-10-29 19:00","15","야간","월","1","1","0","0","0","강원","철원군","차대사람","기타","기타","운전자법규위반","안전운전 의무 불이행","단일로","기타단일로","화물차","소형","보행자","보행자","995027","2026941","127.44317031","38.24279775"
"2013","2013-12-23 08:00","10","주간","월","1","1","0","0","0","전남","무안군","차대사람","횡단중","횡단중","운전자법규위반","안전운전 의무 불이행","교차로","교차로내","건설기계","건설기계","보행자","보행자","887716","1674451","126.26866249","35.0588821"
"2013","2013-12-23 12:00","30","주간","월","1","1","0","0","0","강원","춘천시","차량단독","공작물충돌","공작물충돌","운전자법규위반","안전운전 의무 불이행","단일로","기타단일로","승용차","소형","00","00","1016574","1980442","127.68832531","37.8235725"
"2013","2013-12-23 13:00","00","주간","월","1","1","0","0","0","충남","논산시","차대사람","횡단중","횡단중","운전자법규위반","안전운전 의무 불이행","교차로","교차로내","이륜차","중형","보행자","보행자","963221","1799725","127.09092006","36.19396617"
"2013","2013-12-23 00:00","45","야간","월","1","2","1","0","0","경북","영주시","차대차","추돌","주정차중 추돌","운전자법규위반","안전운전 의무 불이행","단일로","기타단일로","승용차","중형","화물차","소형","1100093","1869193","128.62221886","36.81563591"
"2013","2013-12-23 01:00","34","야간","월","1","1","0","0","0","서울","도봉구","차대사람","기타","기타","운전자법규위반","안전운전 의무 불이행","단일로","기타단일로","승용차","중형","보행자","보행자","959115","1961921","127.0364841","37.65587709"
"2014","2014-03-14 21:00","10","야간","금","1","1","0","0","0","경북","경주시","차대사람","기타","기타","운전자법규위반","안전운전 의무 불이행","단일로","기타단일로","화물차","소형","보행자","보행자","1180639","1758704","129.49929837","35.80819343"
"2014","2014-03-16 21:00","45","야간","일","1","1","0","0","0","경기","수원시","차대사람","기타","기타","운전자법규위반","안전운전 의무 불이행","단일로","기타단일로","승용차","중형","보행자","보행자","954338","1916684","126.98513128","37.24791389"
"2014","2014-03-10 21:00","20","야간","월","1","1","0","0","0","경북","의성군","차대차","추돌","진행중 추돌","운전자법규위반","안전운전 의무 불이행","교차로","교차로내","승용차","중형","자전거","자전거","1105577","1823256","128.67738159","36.40100476"
"2014","2014-03-14 15:00","10","주간","금","1","1","0","0","0","부산","영도구","차대사람","횡단중","횡단중","운전자법규위반","안전운전 의무 불이행","단일로","기타단일로","화물차","대형","보행자","보행자","1140603","1678141","129.04237337","35.08863142"
"2014","2014-03-13 01:00","20","야간","목","1","3","1","1","0","대구","달성군","차량단독","공작물충돌","공작물충돌","운전자법규위반","안전운전 의무 불이행","단일로","기타단일로","승용차","소형","00","00","1083967","1748706","128.42849063","35.73109553"
"2014","2014-03-13 14:00","30","주간","목","1","1","0","0","0","경기","고양시","차대차","추돌","주정차중 추돌","운전자법규위반","안전운전 의무 불이행","단일로","횡단보도상","화물차","경형","이륜차","중형","935488","1964191","126.76843885","37.67497931"
"2013","2013-12-09 01:00","25","야간","월","1","1","0","0","0","경남","창원시(통합)","차량단독","공작물충돌","공작물충돌","운전자법규위반","안전운전 의무 불이행","단일로","기타단일로","승용차","중형","00","00","1110304","1689688","128.71166177","35.19646565"
"2013","2013-12-08 18:00","30","야간","일","1","1","0","0","0","경기","남양주시","차량단독","공작물충돌","공작물충돌","운전자법규위반","안전운전 의무 불이행","기타/불명","기타/불명","승용차","중형","00","00","973143","1971134","127.19507845","37.73684883"
"2013","2013-12-09 19:00","30","야간","월","1","3","2","0","0","경남","의령군","차대차","기타","기타","운전자법규위반","중앙선 침범","단일로","기타단일로","승용차","경형","승용차","중형","1065852","1704391","128.22459341","35.33293402"
"2013","2013-12-09 22:00","10","야간","월","1","1","0","0","0","경남","밀양시","차대사람","기타","기타","운전자법규위반","안전운전 의무 불이행","단일로","기타단일로","승용차","소형","보행자","보행자","1114346","1728067","128.76142502","35.5419888"
"2013","2013-12-13 12:00","30","주간","금","1","1","0","0","0","경기","평택시","차대사람","기타","기타","운전자법규위반","부당한 회전","단일로","기타단일로","화물차","소형","보행자","보행자","961032","1885330","127.06223789","36.965593"
"2013","2013-12-18 09:00","42","주간","수","1","3","0","2","0","경기","부천시","차대차","추돌","진행중 추돌","운전자법규위반","안전거리 미확보","단일로","기타단일로","승용차","대형","승용차","소형","936673","1948328","126.78324878","37.53209185"
"2013","2013-12-07 16:00","58","주간","토","1","1","0","0","0","전남","보성군","차량단독","공작물충돌","공작물충돌","운전자법규위반","안전운전 의무 불이행","단일로","기타단일로","이륜차","사발이","00","00","973681","1643040","127.21234069","34.78154193"
"2013","2013-12-10 15:00","05","주간","화","1","1","0","0","0","울산","남구","차대차","기타","기타","운전자법규위반","안전운전 의무 불이행","교차로","교차로내","자전거","자전거","승용차","중형","1165009","1728650","129.32022684","35.54010342"
"2014","2014-02-18 05:00","30","야간","화","3","3","0","0","0","전남","여수시","차량단독","공작물충돌","공작물충돌","운전자법규위반","안전운전 의무 불이행","단일로","기타단일로","승용차","중형","00","00","1017803","1637112","127.69445705","34.72826904"
"2014","2014-02-17 01:00","05","야간","월","1","1","0","0","0","서울","중구","차대차","측면직각충돌","측면직각충돌","운전자법규위반","신호위반","교차로","교차로내","자전거","자전거","승용차","중형","954755","1951984","126.987671","37.56610899"
"2014","2014-02-28 01:00","25","야간","금","1","1","0","0","0","경북","청송군","차대차","정면충돌","정면충돌","운전자법규위반","중앙선 침범","단일로","기타단일로","특수차","대형","승용차","대형","1135562","1810792","129.00950732","36.28491162"
"2014","2014-02-28 04:00","50","야간","금","1","1","0","0","0","대전","유성구","차대사람","횡단중","횡단중","운전자법규위반","안전운전 의무 불이행","단일로","기타단일로","승용차","중형","보행자","보행자","985124","1818698","127.33417647","36.36560161"
"2014","2014-02-27 14:00","20","주간","목","1","1","0","0","0","경남","창원시(통합)","차량단독","전도전복","전도전복","운전자법규위반","안전운전 의무 불이행","단일로","기타단일로","원동기장치자전거","원동기장치자전거","00","00","1110545","1684667","128.7136356","35.15117405"
"2014","2014-02-27 23:00","55","야간","목","1","3","2","0","0","충북","청주시","차대차","정면충돌","정면충돌","운전자법규위반","중앙선 침범","단일로","기타단일로","승용차","대형","승용차","소형","1001505","1852158","127.5141555","36.6652988"
"2014","2014-02-26 11:00","58","주간","수","1","1","0","0","0","전남","목포시","차대차","기타","기타","운전자법규위반","신호위반","단일로","횡단보도상","화물차","대형","자전거","자전거","901939","1647459","126.42778198","34.81700666"
"2014","2014-03-01 18:00","00","야간","토","1","4","2","1","0","경북","안동시","차량단독","도로이탈","도로이탈 기타","운전자법규위반","안전운전 의무 불이행","교차로","교차로부근","승용차","중형","00","00","1129973","1829156","128.92116908","36.46029068"
"2014","2014-03-04 09:00","50","주간","화","1","1","0","0","0","경기","시흥시","차대사람","횡단중","횡단중","운전자법규위반","안전운전 의무 불이행","교차로","교차로내","승용차","대형","보행자","보행자","936051","1938434","126.77706922","37.44287464"
"2014","2014-03-03 14:00","13","주간","월","1","1","0","0","0","전남","고흥군","차량단독","도로이탈","도로이탈 추락","운전자법규위반","안전운전 의무 불이행","교차로","교차로부근","원동기장치자전거","원동기장치자전거","00","00","971345","1623081","127.18748639","34.60149334"
"2014","2014-03-02 14:00","10","주간","일","1","3","0","2","0","울산","중구","차대사람","차도통행중","차도통행중","운전자법규위반","과속","단일로","기타단일로","승용차","중형","보행자","보행자","1166638","1731024","129.3386768","35.5612253"
"2014","2014-03-01 16:00","00","주간","토","1","1","0","0","0","경기","가평군","차량단독","기타","기타","운전자법규위반","기타(운전자법규위반)","단일로","기타단일로","승합차","중형","00","00","996882","1965340","127.46463588","37.68759927"
"2014","2014-03-10 11:00","00","주간","월","1","2","0","1","0","전남","해남군","차대차","기타","기타","운전자법규위반","중앙선 침범","교차로","교차로부근","자전거","자전거","화물차","소형","916659","1618747","126.59154659","34.55942918"
"2014","2014-03-12 06:00","10","주간","수","1","1","0","0","0","광주","북구","차대사람","횡단중","횡단중","운전자법규위반","신호위반","교차로","교차로내","승용차","중형","보행자","보행자","943559","1688167","126.88006842","35.18722623"
"2014","2014-03-14 06:00","50","주간","금","1","2","0","1","0","경남","남해군","차대차","측면직각충돌","측면직각충돌","운전자법규위반","중앙선 침범","기타/불명","기타/불명","이륜차","소형","승용차","경형","1035956","1651019","127.89332895","34.8531981"
"2014","2014-03-05 11:00","10","주간","수","1","1","0","0","0","경기","동두천시","차대사람","횡단중","횡단중","운전자법규위반","안전운전 의무 불이행","단일로","기타단일로","승용차","소형","보행자","보행자","957999","1990125","127.02219868","37.9100271"
"2014","2014-03-04 18:00","40","야간","화","1","1","0","0","0","경남","거창군","차대사람","횡단중","횡단중","운전자법규위반","안전운전 의무 불이행","단일로","기타단일로","승용차","중형","보행자","보행자","1037985","1743822","127.91981935","35.68991002"
"2014","2014-03-06 22:00","29","야간","목","1","1","0","0","0","강원","고성군","차대사람","기타","기타","운전자법규위반","안전운전 의무 불이행","단일로","기타단일로","승용차","소형","보행자","보행자","1091706","2031116","128.54844364","38.27575417"
"2014","2014-03-15 16:00","10","주간","토","1","1","0","0","0","경북","울진군","차량단독","전도전복","전도전복","운전자법규위반","안전운전 의무 불이행","단일로","기타단일로","건설기계","건설기계","00","00","1175425","1860951","129.46457266","36.73041375"
"2014","2014-03-12 19:00","23","야간","수","1","1","0","0","0","제주","제주시","차대차","기타","기타","운전자법규위반","안전운전 의무 불이행","교차로","교차로내","승용차","중형","승용차","소형","898635","1498491","126.40906788","33.47343263"
"2014","2014-03-11 05:00","55","야간","화","1","1","0","0","0","전북","전주시","차대사람","차도통행중","차도통행중","운전자법규위반","안전운전 의무 불이행","단일로","기타단일로","화물차","소형","보행자","보행자","965801","1762600","127.12122149","35.85935273"
"2014","2014-03-24 00:00","38","야간","월","1","1","0","0","0","인천","중구","차대사람","길가장자리구역통행중","길가장자리구역통행중","운전자법규위반","안전운전 의무 불이행","단일로","기타단일로","화물차","소형","보행자","보행자","903445","1938320","126.40853063","37.43901822"
"2014","2014-03-20 20:00","18","야간","목","1","2","1","0","0","광주","서구","차대차","기타","기타","운전자법규위반","교차로 통행방법 위반","교차로","교차로내","승용차","중형","원동기장치자전거","원동기장치자전거","939107","1683752","126.83149767","35.14715788"
"2013","2013-12-18 14:00","29","주간","수","1","4","2","1","0","충남","논산시","차대차","측면직각충돌","측면직각충돌","운전자법규위반","교차로 통행방법 위반","교차로","교차로내","승용차","중형","승용차","중형","963311","1787000","127.09251468","36.07924723"
"2014","2014-02-20 14:00","20","주간","목","1","1","0","0","0","서울","송파구","차대차","기타","기타","운전자법규위반","안전운전 의무 불이행","단일로","기타단일로","원동기장치자전거","원동기장치자전거","승용차","중형","962490","1945887","127.07556698","37.51150213"
"2013","2013-12-28 04:00","00","야간","토","1","1","0","0","0","경북","경주시","차대차","기타","기타","운전자법규위반","안전운전 의무 불이행","기타/불명","기타/불명","화물차","대형","화물차","대형","1159688","1773328","129.27045076","35.94361476"
"2012","2012-11-28 06:00","00","주간","수","1","1","0","0","0","경남","밀양시","차대사람","기타","기타","운전자법규위반","안전운전 의무 불이행","교차로","교차로부근","승용차","중형","보행자","보행자","1116723","1719638","128.78642899","35.46572923"
"2012","2012-11-29 07:00","04","주간","목","1","1","0","0","0","대전","유성구","차대차","기타","기타","운전자법규위반","안전운전 의무 불이행","단일로","기타단일로","승용차","중형","농기계","농기계","984714","1817919","127.3296215","36.35857221"
"2012","2012-11-24 15:00","56","주간","토","1","1","0","0","0","울산","북구","차대사람","횡단중","횡단중","운전자법규위반","안전운전 의무 불이행","교차로","교차로내","화물차","소형","보행자","보행자","1167420","1738751","129.34890258","35.63072796"
"2012","2012-11-25 05:00","58","야간","일","1","2","1","0","0","경남","창원시(통합)","차대사람","횡단중","횡단중","운전자법규위반","안전운전 의무 불이행","단일로","기타단일로","승합차","대형","보행자","보행자","1098404","1694057","128.58148761","35.23709173"
"2012","2012-11-26 00:00","45","야간","월","1","1","0","0","0","대구","서구","차대사람","기타","기타","운전자법규위반","안전운전 의무 불이행","단일로","기타단일로","화물차","소형","보행자","보행자","1096728","1763647","128.57114304","35.86551595"
"2012","2012-11-12 18:00","10","야간","월","1","2","0","1","0","부산","사상구","차대사람","횡단중","횡단중","운전자법규위반","안전운전 의무 불이행","단일로","기타단일로","승용차","소형","보행자","보행자","1134471","1683519","128.9760534","35.13791037"
"2012","2012-11-12 12:00","20","주간","월","1","1","0","0","0","울산","북구","차대사람","횡단중","횡단중","운전자법규위반","안전운전 의무 불이행","단일로","기타단일로","화물차","대형","보행자","보행자","1170827","1729307","129.38451369","35.54503852"
"2012","2012-11-06 12:00","25","주간","화","1","1","0","0","0","부산","기장군","차대차","측면직각충돌","측면직각충돌","운전자법규위반","신호위반","교차로","교차로내","원동기장치자전거","원동기장치자전거","승용차","대형","1153722","1704217","129.19115797","35.32170737"
"2013","2013-12-22 05:00","55","야간","일","1","1","0","0","0","경기","고양시","차대사람","횡단중","횡단중","운전자법규위반","보행자 보호의무 위반","교차로","교차로부근","화물차","소형","보행자","보행자","936600","1961210","126.781307","37.64818997"
"2013","2013-12-25 04:00","00","야간","수","1","1","0","0","0","서울","중구","차대차","기타","기타","운전자법규위반","안전거리 미확보","교차로","교차로내","승용차","중형","승용차","중형","954338","1952261","126.98293205","37.56858506"
"2013","2013-12-26 20:00","15","야간","목","1","1","0","0","0","경기","화성시","차대사람","횡단중","횡단중","운전자법규위반","안전운전 의무 불이행","단일로","기타단일로","화물차","경형","보행자","보행자","955339","1902800","126.93811837","37.07971407"
"2013","2013-12-30 02:00","55","야간","월","1","1","0","0","0","경남","진주시","차대사람","기타","기타","운전자법규위반","안전운전 의무 불이행","단일로","기타단일로","승합차","대형","보행자","보행자","1048495","1691500","128.03285492","35.21769434"
"2013","2013-12-10 09:00","45","주간","화","1","1","0","0","0","경북","김천시","차량단독","공작물충돌","공작물충돌","운전자법규위반","안전운전 의무 불이행","단일로","기타단일로","화물차","중형","00","00","1052938","1781737","128.08759432","36.03104983"
"2013","2013-12-16 11:00","30","주간","월","1","1","0","0","0","부산","해운대구","차대사람","기타","기타","운전자법규위반","신호위반","교차로","교차로부근","특수차","대형","보행자","보행자","1148383","1692825","129.12977813","35.21997763"
"2013","2013-12-18 05:00","00","야간","수","1","1","0","0","0","강원","춘천시","차량단독","공작물충돌","공작물충돌","운전자법규위반","안전운전 의무 불이행","단일로","기타단일로","화물차","소형","00","00","1020112","1997576","127.72900427","37.97792977"
"2013","2013-12-16 21:00","20","야간","월","1","1","0","0","0","대구","북구","차량단독","공작물충돌","공작물충돌","운전자법규위반","안전운전 의무 불이행","단일로","기타단일로","자전거","자전거","00","00","1099649","1765180","128.6039258","35.87813853"
"2013","2013-12-16 10:00","40","주간","월","1","2","1","0","0","경북","영천시","차대차","정면충돌","정면충돌","운전자법규위반","중앙선 침범","단일로","기타단일로","승용차","중형","승합차","대형","1126845","1773625","128.90648125","35.95111016"
"2013","2013-12-15 20:00","47","야간","일","1","1","0","0","0","경기","수원시","차대사람","기타","기타","운전자법규위반","안전운전 의무 불이행","단일로","기타단일로","승합차","대형","보행자","보행자","955841","1918792","127.0019529","37.26698723"
"2013","2013-12-11 08:00","40","주간","수","1","1","0","0","0","경남","거제시","차량단독","전도전복","전도전복","운전자법규위반","안전운전 의무 불이행","단일로","기타단일로","건설기계","건설기계","00","00","1098160","1654311","128.57410285","34.8787753"
"2012","2012-10-02 19:00","50","야간","화","1","1","0","0","0","경기","안양시","차대사람","횡단중","횡단중","운전자법규위반","안전운전 의무 불이행","단일로","기타단일로","승용차","중형","보행자","보행자","948160","1933874","126.914272","37.40253194"
"2012","2012-09-28 18:00","55","야간","금","1","1","0","0","0","경북","경산시","차대사람","횡단중","횡단중","운전자법규위반","안전운전 의무 불이행","교차로","교차로내","승용차","중형","보행자","보행자","1122689","1751058","128.85723815","35.74820034"
"2012","2012-10-03 11:00","10","주간","수","1","1","0","0","0","전북","임실군","차대사람","기타","기타","운전자법규위반","안전운전 의무 불이행","단일로","기타단일로","승용차","소형","보행자","보행자","968698","1741029","127.15428246","35.66501699"
"2012","2012-09-30 03:00","10","야간","일","1","1","0","0","0","충남","서천군","차대사람","기타","기타","운전자법규위반","안전운전 의무 불이행","단일로","기타단일로","승용차","중형","보행자","보행자","928439","1779240","126.70593793","36.00734828"
"2012","2012-11-27 17:00","20","주간","화","1","1","0","0","0","경북","상주시","차대차","기타","기타","운전자법규위반","안전운전 의무 불이행","단일로","기타단일로","화물차","중형","원동기장치자전거","원동기장치자전거","1053797","1810529","128.09910019","36.29056863"
"2012","2012-11-23 15:00","00","주간","금","1","1","0","0","0","경북","경주시","차대사람","기타","기타","운전자법규위반","안전운전 의무 불이행","단일로","기타단일로","농기계","농기계","보행자","보행자","1161380","1776191","129.29628547","35.9966784"
"2012","2012-11-28 14:00","15","주간","수","1","1","0","0","0","충남","홍성군","차대차","측면직각충돌","측면직각충돌","운전자법규위반","신호위반","교차로","교차로내","원동기장치자전거","원동기장치자전거","승용차","중형","924242","1844820","126.65300244","36.59820232"
"2012","2012-11-28 09:00","30","주간","수","1","1","0","0","0","전남","여수시","차대사람","기타","기타","운전자법규위반","안전운전 의무 불이행","교차로","교차로내","화물차","중형","보행자","보행자","1017695","1641591","127.69337151","34.76866148"
"2012","2012-11-28 06:00","45","주간","수","1","1","0","0","0","광주","서구","차대차","측면직각충돌","측면직각충돌","운전자법규위반","안전운전 의무 불이행","단일로","기타단일로","승용차","중형","자전거","자전거","940788","1685234","126.85117329","35.16063707"
"2012","2012-11-28 06:00","25","주간","수","1","1","0","0","0","전남","화순군","차대사람","횡단중","횡단중","운전자법규위반","안전운전 의무 불이행","단일로","기타단일로","승합차","소형","보행자","보행자","952091","1675086","126.97453581","35.06971999"
"2012","2012-11-10 22:00","25","야간","토","1","1","0","0","0","전남","목포시","차대사람","기타","기타","운전자법규위반","안전운전 의무 불이행","교차로","교차로부근","승용차","중형","보행자","보행자","899622","1646422","126.4025755","34.80743114"
"2012","2012-11-11 05:00","12","야간","일","1","1","0","0","0","전남","목포시","차대사람","횡단중","횡단중","운전자법규위반","안전운전 의무 불이행","단일로","기타단일로","승용차","중형","보행자","보행자","898535","1645465","126.39080898","34.79869504"
"2012","2012-11-12 06:00","05","주간","월","1","1","0","0","0","부산","남구","차대사람","기타","기타","운전자법규위반","안전운전 의무 불이행","단일로","기타단일로","승용차","중형","보행자","보행자","1146878","1681609","129.11185656","35.11895917"
"2012","2012-11-10 18:00","30","야간","토","1","1","0","0","0","경기","용인시","차대사람","횡단중","횡단중","운전자법규위반","과속","교차로","교차로내","승용차","중형","보행자","보행자","972619","1920103","127.19113195","37.27944926"
"2012","2012-11-09 16:00","15","주간","금","1","1","0","0","0","경기","동두천시","차대차","추돌","진행중 추돌","운전자법규위반","안전운전 의무 불이행","교차로","교차로부근","화물차","소형","자전거","자전거","959718","1989341","127.04179717","37.90303886"
"2012","2012-09-26 15:00","48","주간","수","1","1","0","0","0","전남","강진군","차량단독","전도전복","전도전복","운전자법규위반","안전운전 의무 불이행","단일로","기타단일로","농기계","농기계","00","00","933269","1640722","126.77085477","34.75879549"
"2012","2012-09-23 06:00","20","주간","일","1","7","5","1","0","경남","하동군","차대차","정면충돌","정면충돌","운전자법규위반","중앙선 침범","단일로","기타단일로","특수차","대형","승용차","대형","1017774","1682052","127.69509734","35.13351564"
"2012","2012-10-27 04:00","27","야간","토","1","1","0","0","0","인천","남동구","차대사람","기타","기타","운전자법규위반","안전운전 의무 불이행","교차로","교차로부근","승용차","중형","보행자","보행자","929343","1939306","126.70115947","37.45024573"
"2012","2012-10-23 05:00","55","야간","화","1","2","1","0","0","인천","서구","차대차","기타","기타","운전자법규위반","중앙선 침범","교차로","교차로내","승용차","중형","승합차","소형","927002","1942427","126.67438557","37.47819277"
"2012","2012-10-24 11:00","00","주간","수","1","1","0","0","0","경북","문경시","차대차","측면직각충돌","측면직각충돌","운전자법규위반","직진 및 우회전차의 통행방해","교차로","교차로내","건설기계","건설기계","화물차","소형","1065663","1842538","128.23394661","36.57838029"
"2012","2012-10-28 19:00","16","야간","일","1","1","0","0","0","전남","나주시","차대사람","기타","기타","운전자법규위반","안전운전 의무 불이행","단일로","기타단일로","승용차","중형","보행자","보행자","936533","1672312","126.80411829","35.04384843"
"2012","2012-10-10 08:00","06","주간","수","1","1","0","0","0","충북","음성군","차량단독","공작물충돌","공작물충돌","운전자법규위반","중앙선 침범","단일로","기타단일로","화물차","중형","00","00","997790","1886218","127.47517018","36.97440222"
"2012","2012-10-07 03:00","48","야간","일","1","1","0","0","0","경기","고양시","차대사람","횡단중","횡단중","운전자법규위반","안전운전 의무 불이행","단일로","기타단일로","승용차","중형","보행자","보행자","933603","1964361","126.74704928","37.67637694"
"2012","2012-10-11 10:00","10","주간","목","1","1","0","0","0","경북","상주시","차대차","측면직각충돌","측면직각충돌","운전자법규위반","안전운전 의무 불이행","단일로","기타단일로","이륜차","소형","농기계","농기계","1060628","1821111","128.17599168","36.38555798"
"2012","2012-10-11 13:00","20","주간","목","1","1","0","0","0","경북","의성군","차대차","기타","기타","운전자법규위반","안전운전 의무 불이행","단일로","기타단일로","화물차","소형","농기계","농기계","1114902","1825202","128.7816384","36.41747384"
"2012","2012-10-12 10:00","28","주간","금","1","1","0","0","0","전남","목포시","차대차","측면직각충돌","측면직각충돌","운전자법규위반","교차로 통행방법 위반","교차로","교차로내","화물차","대형","이륜차","소형","898234","1644073","126.38780796","34.78610676"
"2012","2012-10-12 11:00","05","주간","금","1","13","5","7","0","부산","해운대구","차대차","기타","기타","운전자법규위반","중앙선 침범","단일로","기타단일로","화물차","소형","승합차","대형","1147424","1690547","129.11944264","35.19944288"
"2012","2012-10-11 23:00","25","야간","목","1","1","0","0","0","충북","단양군","차대사람","횡단중","횡단중","운전자법규위반","안전운전 의무 불이행","단일로","기타단일로","승용차","중형","보행자","보행자","1074990","1887896","128.34415826","36.98234703"
"2012","2012-10-09 09:00","15","주간","화","1","1","0","0","0","전남","해남군","차대사람","기타","기타","운전자법규위반","안전운전 의무 불이행","단일로","기타단일로","화물차","소형","보행자","보행자","890793","1623091","126.30908473","34.59617187"
"2012","2012-10-13 14:00","21","주간","토","1","1","0","0","0","경북","포항시","차량단독","기타","기타","운전자법규위반","안전운전 의무 불이행","단일로","기타단일로","이륜차","소형","00","00","1175772","1778363","129.45443306","35.99238437"
"2012","2012-10-13 13:00","49","주간","토","2","2","0","0","0","경기","화성시","차대차","측면직각충돌","측면직각충돌","운전자법규위반","중앙선 침범","단일로","기타단일로","이륜차","소형","화물차","소형","946266","1899781","126.90023021","37.10636366"
"2012","2012-10-10 17:00","45","주간","수","2","3","1","0","0","대전","서구","차량단독","전도전복","전도전복","운전자법규위반","안전운전 의무 불이행","단일로","기타단일로","이륜차","소형","00","00","987032","1811436","127.35556588","36.3001593"
"2013","2013-11-21 23:00","55","야간","목","1","1","0","0","0","울산","동구","차대차","기타","기타","운전자법규위반","신호위반","교차로","교차로내","이륜차","중형","이륜차","중형","1174899","1724305","129.42836696","35.49922586"
"2013","2013-11-22 06:00","20","주간","금","1","1","0","0","0","울산","울주군","차대사람","횡단중","횡단중","운전자법규위반","안전운전 의무 불이행","교차로","교차로내","승용차","중형","보행자","보행자","1158464","1730993","129.24851767","35.56228751"
"2013","2013-11-21 21:00","55","야간","목","1","1","0","0","0","경북","포항시","차대차","기타","기타","운전자법규위반","안전운전 의무 불이행","교차로","교차로내","승합차","대형","원동기장치자전거","원동기장치자전거","1171255","1788348","129.40189876","36.07679205"
"2013","2013-11-22 03:00","25","야간","금","1","1","0","0","0","경기","성남시","차량단독","기타","기타","운전자법규위반","안전운전 의무 불이행","단일로","기타단일로","이륜차","소형","00","00","964788","1931934","127.10203434","37.38813183"
"2013","2013-11-22 06:00","05","주간","금","1","1","0","0","0","전북","전주시","차대사람","횡단중","횡단중","운전자법규위반","안전운전 의무 불이행","단일로","기타단일로","승용차","중형","보행자","보행자","965812","1762733","127.12133762","35.86055224"
"2013","2013-11-22 21:00","40","야간","금","1","1","0","0","0","제주","제주시","차대차","측면직각충돌","측면직각충돌","운전자법규위반","교차로 통행방법 위반","교차로","교차로내","승용차","대형","원동기장치자전거","원동기장치자전거","910777","1500446","126.53953345","33.49214481"