"발생년","발생년월일시","발생분","주야","요일","사망자수","사상자수","중상자수","경상자수","부상신고자수","발생지시도","발생지시군구","사고유형_대분류","사고유형_중분류","사고유형","법규위반_대분류","법규위반","도로형태_대분류","도로형태","당사자종별_1당_대분류","당사자종별_1당","당사자종별_2당_대분류","당사자종별_2당","발생위치X_UTMK","발생위치Y_UTMK","경도","위도"
"2012","2012-07-23 23:00","14","야간","월","1","2","1","0","0","경기","용인시","차대차","측면직각충돌","측면직각충돌","운전자법규위반","신호위반","교차로","교차로내","승용차","중형","이륜차","중형","963079","1923596","127.08334579","37.31060456"
"2012","2012-07-28 20:00","00","야간","토","1","2","0","1","0","경북","경산시","차대사람","횡단중","횡단중","운전자법규위반","안전운전 의무 불이행","교차로","교차로내","이륜차","소형","보행자","보행자","1110660","1759664","128.72290677","35.83173718"
"2012","2012-07-28 07:00","53","주간","토","1","1","0","0","0","경북","칠곡군","차량단독","공작물충돌","공작물충돌","운전자법규위반","안전운전 의무 불이행","단일로","기타단일로","이륜차","소형","00","00","1083761","1786547","128.43019646","36.07224613"
"2012","2012-07-28 14:00","25","주간","토","1","1","0","0","0","강원","춘천시","차량단독","공작물충돌","공작물충돌","운전자법규위반","안전운전 의무 불이행","단일로","기타단일로","이륜차","사발이","00","00","1005841","1979828","127.61057827","37.80598729"
"2012","2012-08-01 06:00","30","주간","수","1","1","0","0","0","전북","익산시","차대차","측면직각충돌","측면직각충돌","운전자법규위반","직진 및 우회전차의 통행방해","교차로","교차로내","승용차","소형","이륜차","소형","948031","1771436","126.9235458","35.93854745"
"2012","2012-06-12 15:00","20","주간","화","1","3","1","1","0","경북","예천군","차대차","정면충돌","정면충돌","운전자법규위반","중앙선 침범","교차로","교차로내","승용차","중형","이륜차","중형","1086400","1849580","128.46649946","36.64020275"
"2012","2012-06-11 16:00","25","주간","월","1","1","0","0","0","경북","안동시","차량단독","전도전복","전도전복","운전자법규위반","안전운전 의무 불이행","단일로","기타단일로","원동기장치자전거","원동기장치자전거","00","00","1107531","1840408","128.70155272","36.55538303"
"2013","2013-10-05 16:00","10","주간","토","1","2","1","0","0","경북","경주시","차대차","기타","기타","운전자법규위반","안전운전 의무 불이행","교차로","교차로부근","건설기계","건설기계","원동기장치자전거","원동기장치자전거","1158754","1762520","129.25794462","35.84636705"
"2013","2013-10-05 17:00","20","주간","토","1","2","1","0","0","울산","울주군","차량단독","공작물충돌","공작물충돌","운전자법규위반","안전운전 의무 불이행","단일로","기타단일로","승용차","중형","00","00","1161795","1716090","129.28228697","35.42743831"
"2013","2013-10-05 19:00","50","야간","토","1","1","0","0","0","경기","고양시","차대차","기타","기타","운전자법규위반","중앙선 침범","단일로","기타단일로","자전거","자전거","자전거","자전거","939307","1957959","126.81226118","37.61907227"
"2013","2013-10-06 18:00","05","야간","일","1","1","0","0","0","서울","영등포구","차대사람","보도통행중","보도통행중","운전자법규위반","안전운전 의무 불이행","단일로","기타단일로","승용차","대형","보행자","보행자","946785","1943687","126.8980287","37.49090098"
"2013","2013-10-06 16:00","25","주간","일","1","1","0","0","0","경기","김포시","차량단독","전도전복","전도전복","운전자법규위반","안전운전 의무 불이행","단일로","기타단일로","이륜차","대형","00","00","933020","1957038","126.73675091","37.62337603"
"2013","2013-10-11 11:00","45","주간","금","1","1","0","0","0","대구","북구","차대차","측면직각충돌","측면직각충돌","운전자법규위반","교차로 통행방법 위반","교차로","교차로내","자전거","자전거","승용차","중형","1099706","1768808","128.60501159","35.91083705"
"2013","2013-10-10 18:00","35","야간","목","1","1","0","0","0","경남","진주시","차대사람","차도통행중","차도통행중","운전자법규위반","안전운전 의무 불이행","단일로","기타단일로","화물차","소형","보행자","보행자","1055403","1692088","128.10879488","35.22263824"
"2013","2013-10-09 18:00","45","야간","수","1","1","0","0","0","경북","예천군","차대사람","보도통행중","보도통행중","운전자법규위반","보행자 보호의무 위반","단일로","횡단보도상","승용차","대형","보행자","보행자","1085936","1850452","128.46140735","36.64810469"
"2013","2013-09-03 13:00","40","주간","화","1","1","0","0","0","울산","중구","차대차","측면직각충돌","측면직각충돌","운전자법규위반","안전운전 의무 불이행","단일로","기타단일로","승합차","소형","이륜차","중형","1160787","1730469","129.27403502","35.55719066"
"2013","2013-08-31 19:00","45","야간","토","1","1","0","0","0","충남","당진시","차대사람","횡단중","횡단중","운전자법규위반","보행자 보호의무 위반","교차로","교차로부근","승용차","소형","보행자","보행자","922209","1877169","126.62697853","36.88962519"
"2013","2013-08-31 22:00","15","야간","토","1","1","0","0","0","충남","청양군","차대차","측면직각충돌","측면직각충돌","운전자법규위반","안전운전 의무 불이행","단일로","기타단일로","승용차","중형","이륜차","소형","938002","1828352","126.8081553","36.45074568"
"2013","2013-09-03 15:00","48","주간","화","1","1","0","0","0","전남","완도군","차량단독","전도전복","전도전복","운전자법규위반","안전운전 의무 불이행","단일로","기타단일로","이륜차","소형","00","00","923330","1573183","126.67143965","34.14665503"
"2013","2013-09-01 10:00","10","주간","일","1","1","0","0","0","경기","안산시","차대차","측면직각충돌","측면직각충돌","운전자법규위반","안전운전 의무 불이행","교차로","교차로내","자전거","자전거","승합차","대형","938467","1925226","126.80547862","37.32399245"
"2013","2013-08-31 16:00","15","주간","토","1","1","0","0","0","대구","동구","차대차","측면직각충돌","측면직각충돌","운전자법규위반","교차로 통행방법 위반","교차로","교차로내","승용차","중형","자전거","자전거","1101685","1765430","128.62650894","35.88018274"
"2013","2013-09-10 22:00","30","야간","화","1","1","0","0","0","부산","금정구","차대사람","횡단중","횡단중","운전자법규위반","안전운전 의무 불이행","단일로","기타단일로","이륜차","대형","보행자","보행자","1145374","1692454","129.09726804","35.21693088"
"2013","2013-09-10 21:00","29","야간","화","1","1","0","0","0","부산","금정구","차대사람","기타","기타","운전자법규위반","안전운전 의무 불이행","교차로","교차로내","승용차","대형","보행자","보행자","1144596","1698726","129.08982623","35.27357663"
"2013","2013-09-08 10:00","40","주간","일","1","2","1","0","0","강원","정선군","차량단독","도로이탈","도로이탈 기타","운전자법규위반","안전운전 의무 불이행","기타/불명","기타/불명","승용차","중형","00","00","1120600","1918773","128.86003206","37.26005133"
"2013","2013-09-08 15:00","10","주간","일","1","1","0","0","0","인천","강화군","차량단독","전도전복","전도전복","운전자법규위반","안전운전 의무 불이행","단일로","기타단일로","승용차","소형","00","00","915127","1958470","126.53518509","37.62827228"
"2013","2013-09-05 20:00","05","야간","목","1","1","0","0","0","경기","고양시","차량단독","전도전복","전도전복","운전자법규위반","안전운전 의무 불이행","교차로","교차로부근","승용차","대형","00","00","933538","1966707","126.74609823","37.69751579"
"2013","2013-09-06 19:00","10","야간","금","1","2","0","1","0","경북","경산시","차대차","추돌","진행중 추돌","운전자법규위반","안전운전 의무 불이행","단일로","기타단일로","승용차","중형","승합차","대형","1112439","1760455","128.74492076","35.83416171"
"2013","2013-09-16 05:00","40","야간","월","1","1","0","0","0","대구","동구","차대사람","기타","기타","운전자법규위반","안전운전 의무 불이행","기타/불명","기타/불명","화물차","소형","보행자","보행자","1101885","1765137","128.62868676","35.87752073"
"2013","2013-09-14 21:00","55","야간","토","1","1","0","0","0","경기","평택시","차대사람","기타","기타","운전자법규위반","안전운전 의무 불이행","단일로","기타단일로","승용차","중형","보행자","보행자","961200","1901365","127.06342684","37.10889618"
"2013","2013-09-13 17:00","40","주간","금","1","1","0","0","0","경기","김포시","차대사람","기타","기타","운전자법규위반","안전운전 의무 불이행","단일로","기타단일로","화물차","소형","보행자","보행자","914527","1969518","126.53014486","37.72127287"
"2013","2013-09-13 14:00","20","주간","금","1","2","1","0","0","경기","용인시","차대차","정면충돌","정면충돌","운전자법규위반","중앙선 침범","단일로","기타단일로","화물차","소형","화물차","중형","987424","1908021","127.35834106","37.17085935"
"2013","2013-09-20 15:00","27","주간","금","1","1","0","0","0","전남","해남군","차대차","기타","기타","운전자법규위반","안전운전 의무 불이행","단일로","기타단일로","승용차","중형","승용차","중형","913610","1615568","126.55863788","34.53051265"
"2013","2013-09-20 18:00","10","야간","금","1","1","0","0","0","강원","원주시","차대사람","기타","기타","운전자법규위반","안전운전 의무 불이행","교차로","교차로부근","승용차","중형","보행자","보행자","1040019","1925668","127.95172601","37.32915261"
"2013","2013-09-18 22:00","11","야간","수","1","1","0","0","0","전남","순천시","차량단독","공작물충돌","공작물충돌","운전자법규위반","안전운전 의무 불이행","단일로","기타단일로","승용차","대형","00","00","998477","1658330","127.48702732","34.91508106"
"2013","2013-09-16 16:00","30","주간","월","1","1","0","0","0","전남","목포시","차대사람","기타","기타","운전자법규위반","안전운전 의무 불이행","기타/불명","기타/불명","승용차","중형","보행자","보행자","903792","1646220","126.44818196","34.80601244"
"2013","2013-09-16 16:00","50","주간","월","1","1","0","0","0","전남","순천시","차대사람","길가장자리구역통행중","길가장자리구역통행중","운전자법규위반","안전운전 의무 불이행","단일로","기타단일로","승용차","소형","보행자","보행자","998049","1664007","127.47862712","34.97095247"
"2013","2013-09-16 15:00","10","주간","월","1","1","0","0","0","강원","춘천시","차량단독","공작물충돌","공작물충돌","운전자법규위반","안전운전 의무 불이행","단일로","기타단일로","승용차","경형","00","00","1021902","1986842","127.75018801","37.87966849"
"2013","2013-09-17 00:00","05","야간","화","1","1","0","0","0","경기","시흥시","차대사람","기타","기타","운전자법규위반","안전운전 의무 불이행","단일로","횡단보도상","승용차","중형","보행자","보행자","931422","1928559","126.72647928","37.3534684"
"2013","2013-09-18 07:00","03","주간","수","1","1","0","0","0","서울","도봉구","차대사람","횡단중","횡단중","운전자법규위반","보행자 보호의무 위반","단일로","횡단보도상","승용차","소형","보행자","보행자","959541","1961526","127.04133545","37.65233578"
"2012","2012-06-17 10:00","12","주간","일","1","1","0","0","0","부산","북구","차대차","측면직각충돌","측면직각충돌","운전자법규위반","중앙선 침범","교차로","교차로부근","승용차","소형","이륜차","중형","1138713","1691722","129.02398188","35.21127606"
"2012","2012-06-16 13:00","05","주간","토","1","3","2","0","0","전북","익산시","차대차","측면직각충돌","측면직각충돌","운전자법규위반","신호위반","교차로","교차로내","승용차","소형","승용차","소형","954124","1773255","126.99127981","35.954938"
"2012","2012-06-22 08:00","35","주간","금","1","1","0","0","0","경남","진주시","차대차","기타","기타","운전자법규위반","안전운전 의무 불이행","교차로","교차로내","원동기장치자전거","원동기장치자전거","승용차","소형","1069123","1688197","128.25921963","35.18670365"
"2012","2012-06-21 07:00","08","주간","목","1","1","0","0","0","부산","남구","차대차","정면충돌","정면충돌","운전자법규위반","신호위반","교차로","교차로내","화물차","대형","이륜차","중형","1144303","1680435","129.08340311","35.10874939"
"2012","2012-06-30 10:00","00","주간","토","1","1","0","0","0","경북","고령군","차량단독","전도전복","전도전복","운전자법규위반","안전운전 의무 불이행","단일로","교량위","화물차","소형","00","00","1063193","1753454","128.19916799","35.7754551"
"2012","2012-06-29 13:00","55","주간","금","1","1","0","0","0","전북","남원시","차대차","측면직각충돌","측면직각충돌","운전자법규위반","차로위반(진로변경 위반)","단일로","기타단일로","승용차","경형","원동기장치자전거","원동기장치자전거","989028","1712782","127.37915419","35.41070573"
"2012","2012-06-29 08:00","06","주간","금","1","1","0","0","0","전북","전주시","차대사람","횡단중","횡단중","운전자법규위반","보행자 보호의무 위반","교차로","교차로내","화물차","경형","보행자","보행자","964983","1761830","127.11219555","35.85238154"
"2012","2012-07-02 19:00","13","야간","월","1","1","0","0","0","경남","창원시(통합)","차대사람","기타","기타","운전자법규위반","안전운전 의무 불이행","단일로","교량위","화물차","소형","보행자","보행자","1107458","1685142","128.6798128","35.15579102"
"2012","2012-07-02 13:00","55","주간","월","1","2","0","1","0","충남","공주시","차대차","정면충돌","정면충돌","운전자법규위반","중앙선 침범","단일로","기타단일로","건설기계","건설기계","건설기계","건설기계","973051","1836417","127.19898297","36.52507843"
"2012","2012-07-02 16:00","37","주간","월","1","1","0","0","0","경남","양산시","차대사람","기타","기타","운전자법규위반","안전운전 의무 불이행","단일로","기타단일로","건설기계","건설기계","보행자","보행자","1138789","1705516","129.02714906","35.33560227"
"2012","2012-07-06 20:00","30","야간","금","1","1","0","0","0","경남","합천군","차량단독","공작물충돌","공작물충돌","운전자법규위반","안전운전 의무 불이행","단일로","기타단일로","이륜차","소형","00","00","1069711","1726262","128.26895632","35.52974328"
"2012","2012-07-11 23:00","50","야간","수","1","1","0","0","0","경기","김포시","차량단독","공작물충돌","공작물충돌","운전자법규위반","안전운전 의무 불이행","단일로","기타단일로","승용차","소형","00","00","928471","1960240","126.68760369","37.64010992"
"2013","2013-04-02 20:00","10","야간","화","1","1","0","0","0","경남","밀양시","차대차","기타","기타","운전자법규위반","안전운전 의무 불이행","단일로","기타단일로","승용차","소형","농기계","농기계","1122484","1726673","128.85007676","35.52855987"
"2013","2013-04-02 08:00","10","주간","화","1","3","1","1","0","경기","화성시","차대차","측면직각충돌","측면직각충돌","운전자법규위반","교차로 통행방법 위반","교차로","교차로내","승용차","소형","승용차","소형","939095","1898915","126.8147141","37.08688048"
"2013","2013-04-01 15:00","50","주간","월","1","1","0","0","0","대전","유성구","차대사람","횡단중","횡단중","운전자법규위반","안전운전 의무 불이행","단일로","기타단일로","승용차","중형","보행자","보행자","986025","1816798","127.34425405","36.34848592"
"2013","2013-04-01 13:00","30","주간","월","1","1","0","0","0","부산","해운대구","차대차","측면직각충돌","측면직각충돌","운전자법규위반","신호위반","단일로","횡단보도상","승용차","중형","자전거","자전거","1149533","1686301","129.14183148","35.16085972"
"2013","2013-04-02 18:00","05","야간","화","1","1","0","0","0","인천","남동구","차대사람","기타","기타","운전자법규위반","안전운전 의무 불이행","교차로","교차로내","승용차","중형","보행자","보행자","930627","1937277","126.71586584","37.43205576"
"2013","2013-04-02 22:00","05","야간","화","1","1","0","0","0","경남","양산시","차대사람","횡단중","횡단중","운전자법규위반","안전운전 의무 불이행","기타/불명","기타/불명","승용차","경형","보행자","보행자","1135079","1702312","128.98581036","35.30723042"
"2013","2013-04-01 10:00","45","주간","월","1","1","0","0","0","광주","남구","차대사람","기타","기타","운전자법규위반","보행자 보호의무 위반","기타/불명","기타/불명","화물차","중형","보행자","보행자","943613","1679476","126.8776726","35.10521296"
"2013","2013-02-22 13:00","55","주간","금","1","1","0","0","0","경남","창원시(통합)","차량단독","도로이탈","도로이탈 추락","운전자법규위반","안전운전 의무 불이행","단일로","기타단일로","승용차","소형","00","00","1109676","1703584","128.70662034","35.32180765"
"2013","2013-02-19 19:00","40","야간","화","1","1","0","0","0","대구","북구","차대사람","기타","기타","운전자법규위반","안전운전 의무 불이행","단일로","기타단일로","승용차","중형","보행자","보행자","1097229","1766731","128.57731037","35.89236342"
"2013","2013-02-26 22:00","00","야간","화","1","3","0","1","1","경기","성남시","차대차","측면직각충돌","측면직각충돌","운전자법규위반","안전운전 의무 불이행","교차로","교차로내","승용차","중형","승합차","중형","965290","1929451","127.10802226","37.36346502"
"2013","2013-03-04 08:00","10","주간","월","1","2","1","0","0","경기","이천시","차대차","추돌","주정차중 추돌","운전자법규위반","안전운전 의무 불이행","단일로","기타단일로","승용차","중형","화물차","중형","993417","1921405","127.42572927","37.29156513"
"2013","2013-03-09 07:00","23","주간","토","1","2","1","0","0","전북","남원시","차대차","정면충돌","정면충돌","운전자법규위반","중앙선 침범","단일로","기타단일로","화물차","소형","승용차","중형","982127","1705992","127.30329542","35.34938155"
"2013","2013-03-09 00:00","50","야간","토","1","1","0","0","0","경기","안성시","차량단독","도로이탈","도로이탈 추락","운전자법규위반","안전운전 의무 불이행","단일로","기타단일로","건설기계","건설기계","00","00","980505","1900510","127.28504852","37.09790525"
"2013","2013-03-05 13:00","10","주간","화","1","1","0","0","0","경기","성남시","차대사람","횡단중","횡단중","운전자법규위반","안전운전 의무 불이행","단일로","횡단보도상","승합차","대형","보행자","보행자","970521","1940229","127.16774486","37.46127364"
"2013","2013-03-06 00:00","15","야간","수","2","2","0","0","0","인천","서구","차량단독","공작물충돌","공작물충돌","운전자법규위반","과속","교차로","교차로부근","승용차","중형","00","00","922296","1949530","126.61924279","37.527918"
"2013","2013-03-10 19:00","50","야간","일","1","1","0","0","0","전북","고창군","차량단독","공작물충돌","공작물충돌","운전자법규위반","안전운전 의무 불이행","단일로","기타단일로","화물차","소형","00","00","914459","1713370","126.5621678","35.4089916"
"2013","2013-03-12 13:00","27","주간","화","1","1","0","0","0","서울","서대문구","차대사람","차도통행중","차도통행중","운전자법규위반","중앙선 침범","단일로","기타단일로","건설기계","건설기계","보행자","보행자","948660","1952938","126.91859087","37.57438781"
"2013","2013-03-11 18:00","40","야간","월","1","1","0","0","0","경남","합천군","차대차","추돌","진행중 추돌","운전자법규위반","안전거리 미확보","단일로","기타단일로","승용차","중형","이륜차","소형","1057801","1751410","128.13921347","35.75892858"
"2013","2013-03-18 23:00","05","야간","월","1","11","8","2","0","경북","문경시","차대차","측면직각충돌","측면직각충돌","운전자법규위반","교차로 통행방법 위반","교차로","교차로내","화물차","소형","승합차","소형","1063345","1844920","128.20823522","36.60000921"
"2013","2013-03-18 17:00","00","주간","월","1","3","2","0","0","경기","화성시","차대차","측면직각충돌","측면직각충돌","운전자법규위반","신호위반","교차로","교차로내","승합차","중형","화물차","소형","948610","1904190","126.92140714","37.13499857"
"2013","2013-03-18 15:00","00","주간","월","1","1","0","0","0","대구","북구","차대차","기타","기타","운전자법규위반","안전운전 의무 불이행","단일로","기타단일로","승합차","소형","자전거","자전거","1095414","1772164","128.55785499","35.94151805"
"2013","2013-03-25 16:00","15","주간","월","1","2","0","1","0","경남","김해시","차대차","정면충돌","정면충돌","운전자법규위반","중앙선 침범","단일로","기타단일로","화물차","소형","화물차","중형","1127707","1701810","128.90466568","35.30367428"
"2013","2013-03-26 01:00","30","야간","화","1","1","0","0","0","전남","영암군","차량단독","공작물충돌","공작물충돌","운전자법규위반","안전운전 의무 불이행","교차로","교차로내","승용차","소형","00","00","904181","1640054","126.4531367","34.75045486"
"2013","2013-03-25 14:00","57","주간","월","1","1","0","0","0","강원","횡성군","차량단독","기타","기타","운전자법규위반","안전운전 의무 불이행","단일로","기타단일로","자전거","자전거","00","00","1047930","1942337","128.04212633","37.47898547"
"2013","2013-03-26 20:00","00","야간","화","1","27","3","23","0","전남","나주시","차량단독","공작물충돌","공작물충돌","운전자법규위반","안전운전 의무 불이행","단일로","기타단일로","승합차","대형","00","00","925704","1663210","126.68620703","34.96104095"
"2013","2013-03-23 22:00","30","야간","토","1","1","0","0","0","경남","김해시","차량단독","기타","기타","운전자법규위반","안전운전 의무 불이행","단일로","기타단일로","이륜차","소형","00","00","1127106","1694430","128.89691425","35.23722498"
"2013","2013-03-21 20:00","20","야간","목","1","1","0","0","0","부산","강서구","차대사람","기타","기타","운전자법규위반","과속","단일로","기타단일로","승용차","중형","보행자","보행자","1128379","1691470","128.91045289","35.21054232"
"2013","2013-03-22 15:00","00","주간","금","1","1","0","0","0","강원","원주시","차량단독","도로이탈","도로이탈 추락","운전자법규위반","안전운전 의무 불이행","기타/불명","기타/불명","농기계","농기계","00","00","1061329","1918280","128.19166586","37.26040955"
"2013","2013-03-22 22:00","07","야간","금","1","1","0","0","0","전남","목포시","차대사람","횡단중","횡단중","운전자법규위반","안전운전 의무 불이행","단일로","기타단일로","승용차","중형","보행자","보행자","901361","1646881","126.42153092","34.8117395"
"2013","2013-08-05 00:00","59","야간","월","1","1","0","0","0","강원","춘천시","차량단독","전도전복","전도전복","운전자법규위반","안전운전 의무 불이행","단일로","기타단일로","승용차","경형","00","00","1022898","1984389","127.76030741","37.8590102"
"2013","2013-08-08 06:00","02","주간","목","1","1","0","0","0","전북","고창군","차량단독","공작물충돌","공작물충돌","운전자법규위반","안전운전 의무 불이행","단일로","기타단일로","승용차","소형","00","00","927370","1724287","126.69905826","35.51184498"
"2013","2013-08-09 09:00","40","주간","금","1","1","0","0","0","경남","창원시(통합)","차대차","측면직각충돌","측면직각충돌","운전자법규위반","교차로 통행방법 위반","교차로","교차로내","승합차","소형","원동기장치자전거","원동기장치자전거","1119960","1679022","128.81615728","35.0992058"
"2013","2013-08-13 14:00","27","주간","화","1","1","0","0","0","인천","강화군","차대사람","횡단중","횡단중","운전자법규위반","안전운전 의무 불이행","교차로","교차로내","건설기계","건설기계","보행자","보행자","911128","1971806","126.49130237","37.74156856"
"2013","2013-08-14 01:00","30","야간","수","1","1","0","0","0","경남","김해시","차대사람","기타","기타","운전자법규위반","안전운전 의무 불이행","단일로","기타단일로","승용차","중형","보행자","보행자","1128195","1694772","128.90893264","35.24016918"
"2013","2013-08-15 07:00","20","주간","목","1","1","0","0","0","경기","광주시","차대사람","기타","기타","운전자법규위반","안전운전 의무 불이행","단일로","기타단일로","승용차","소형","보행자","보행자","982211","1938939","127.29887994","37.44946641"
"2013","2013-08-14 22:00","50","야간","수","1","1","0","0","0","경기","남양주시","차대차","정면충돌","정면충돌","운전자법규위반","신호위반","교차로","교차로내","승합차","소형","이륜차","소형","973279","1968928","127.19520223","37.72151944"
"2013","2013-08-10 14:00","50","주간","토","1","1","0","0","0","전북","완주군","차대사람","차도통행중","차도통행중","운전자법규위반","안전운전 의무 불이행","단일로","기타단일로","승용차","중형","보행자","보행자","978451","1777035","127.26093653","35.98985839"
"2013","2013-08-17 22:00","55","야간","토","1","1","0","0","0","경기","양주시","차대사람","기타","기타","운전자법규위반","안전운전 의무 불이행","단일로","기타단일로","승용차","중형","보행자","보행자","956061","1978136","126.96809727","37.80530707"
"2013","2013-08-16 10:00","55","주간","금","1","1","0","0","0","경북","군위군","차대사람","횡단중","횡단중","운전자법규위반","안전운전 의무 불이행","교차로","교차로내","화물차","소형","보행자","보행자","1095848","1804840","128.5666385","36.23602517"
"2013","2013-08-24 13:00","00","주간","토","1","1","0","0","0","광주","남구","차량단독","기타","기타","운전자법규위반","안전운전 의무 불이행","단일로","기타단일로","승용차","중형","00","00","941053","1676138","126.85328152","35.07870123"
"2013","2013-08-24 09:00","35","주간","토","1","1","0","0","0","강원","강릉시","차대차","측면직각충돌","측면직각충돌","운전자법규위반","중앙선 침범","단일로","기타단일로","원동기장치자전거","원동기장치자전거","화물차","소형","1118253","1981391","128.84366139","37.82461164"
"2013","2013-08-24 23:00","05","야간","토","1","1","0","0","0","경북","칠곡군","차대차","기타","기타","운전자법규위반","안전운전 의무 불이행","단일로","횡단보도상","승용차","소형","승용차","중형","1094952","1775738","128.5530973","35.97381025"
"2013","2013-08-23 11:00","55","주간","금","1","1","0","0","0","경기","고양시","차대사람","기타","기타","운전자법규위반","안전운전 의무 불이행","단일로","기타단일로","화물차","중형","보행자","보행자","932936","1966239","126.73931317","37.69325405"
"2013","2013-08-21 18:00","30","야간","수","1","2","1","0","0","전북","무주군","차량단독","전도전복","전도전복","운전자법규위반","안전운전 의무 불이행","단일로","기타단일로","화물차","소형","00","00","1012931","1775601","127.64343279","35.97708195"
"2013","2013-03-05 10:00","07","주간","화","1","1","0","0","0","부산","북구","차대사람","횡단중","횡단중","운전자법규위반","안전운전 의무 불이행","교차로","교차로부근","승합차","소형","보행자","보행자","1137651","1693635","129.01263775","35.22866606"
"2013","2013-03-05 06:00","17","주간","화","1","1","0","0","0","충북","청주시","차대사람","기타","기타","운전자법규위반","안전운전 의무 불이행","단일로","기타단일로","승합차","소형","보행자","보행자","991556","1847195","127.40556279","36.62258535"
"2013","2013-03-03 11:00","10","주간","일","1","1","0","0","0","서울","관악구","차대사람","기타","기타","운전자법규위반","안전운전 의무 불이행","단일로","기타단일로","승용차","중형","보행자","보행자","950922","1943749","126.94482046","37.49168898"
"2013","2013-03-14 23:00","00","야간","목","1","1","0","0","0","경기","시흥시","차대차","추돌","주정차중 추돌","운전자법규위반","안전운전 의무 불이행","단일로","기타단일로","승용차","대형","화물차","중형","939781","1939129","126.81917656","37.44938913"
"2013","2013-03-20 19:00","55","야간","수","1","1","0","0","0","전남","고흥군","차대사람","기타","기타","운전자법규위반","안전운전 의무 불이행","단일로","기타단일로","승합차","중형","보행자","보행자","996541","1607379","127.46233944","34.46028495"
"2013","2013-03-20 17:00","39","주간","수","1","1","0","0","0","서울","구로구","차대사람","횡단중","횡단중","운전자법규위반","안전운전 의무 불이행","교차로","교차로내","건설기계","건설기계","보행자","보행자","943269","1943988","126.85823449","37.49340458"
"2013","2013-03-18 14:00","20","주간","월","1","3","1","1","0","경북","군위군","차대차","추돌","주정차중 추돌","운전자법규위반","안전운전 의무 불이행","단일로","기타단일로","화물차","소형","화물차","소형","1096071","1806908","128.5693737","36.25464397"
"2013","2013-03-24 20:00","40","야간","일","1","1","0","0","0","강원","홍천군","차량단독","전도전복","전도전복","운전자법규위반","안전운전 의무 불이행","단일로","기타단일로","화물차","소형","00","00","1007033","1964392","127.57976746","37.67886796"
"2013","2013-03-26 01:00","57","야간","화","1","1","0","0","0","서울","송파구","차대사람","횡단중","횡단중","운전자법규위반","안전운전 의무 불이행","단일로","기타단일로","화물차","소형","보행자","보행자","966687","1942882","127.12319199","37.48457774"
"2013","2013-03-23 20:00","45","야간","토","1","2","0","0","1","부산","금정구","차대차","추돌","진행중 추돌","운전자법규위반","안전운전 의무 불이행","교차로","교차로부근","화물차","소형","승합차","대형","1145221","1700488","129.09700757","35.28936794"
"2013","2013-03-22 07:00","58","주간","금","1","1","0","0","0","경기","시흥시","차대차","추돌","진행중 추돌","운전자법규위반","안전운전 의무 불이행","단일로","기타단일로","화물차","소형","승용차","중형","931189","1925938","126.7232725","37.32989912"
"2013","2013-03-22 00:00","12","야간","금","1","1","0","0","0","경기","안산시","차대사람","횡단중","횡단중","운전자법규위반","안전운전 의무 불이행","단일로","기타단일로","승용차","대형","보행자","보행자","943895","1922612","126.86399062","37.30110188"
"2013","2013-03-23 16:00","50","주간","토","1","3","1","1","0","충남","부여군","차대차","정면충돌","정면충돌","운전자법규위반","중앙선 침범","단일로","기타단일로","화물차","소형","승용차","대형","930393","1816368","126.72432627","36.34219341"
"2013","2013-03-21 15:00","15","주간","목","1","2","1","0","0","경북","의성군","차대사람","차도통행중","차도통행중","운전자법규위반","안전운전 의무 불이행","단일로","기타단일로","승용차","소형","보행자","보행자","1084080","1821219","128.43746189","36.38476566"
"2013","2013-03-21 14:00","00","주간","목","1","1","0","0","0","경북","김천시","차대차","측면직각충돌","측면직각충돌","운전자법규위반","안전운전 의무 불이행","단일로","기타단일로","이륜차","소형","승용차","소형","1053439","1792422","128.09318729","36.12700318"
"2013","2013-04-01 07:00","00","주간","월","1","1","0","0","0","충북","영동군","차대차","정면충돌","정면충돌","운전자법규위반","중앙선 침범","교차로","교차로부근","건설기계","건설기계","승용차","중형","1028769","1808731","127.82031996","36.27543062"
"2013","2013-07-20 19:00","48","야간","토","1","1","0","0","0","전남","나주시","차대차","측면직각충돌","측면직각충돌","운전자법규위반","신호위반","교차로","교차로내","원동기장치자전거","원동기장치자전거","승용차","중형","928637","1670678","126.71769008","35.02858797"
"2013","2013-07-30 12:00","35","주간","화","1","1","0","0","0","울산","울주군","차대사람","기타","기타","운전자법규위반","안전운전 의무 불이행","교차로","교차로내","승용차","중형","보행자","보행자","1147023","1731017","129.12232718","35.56426845"
"2013","2013-08-05 08:00","05","주간","월","1","2","1","0","0","전북","부안군","차대차","기타","기타","운전자법규위반","직진 및 우회전차의 통행방해","교차로","교차로내","화물차","경형","원동기장치자전거","원동기장치자전거","931419","1752502","126.74130515","35.76651102"
"2013","2013-08-05 20:00","49","야간","월","1","1","0","0","0","서울","송파구","차대사람","보도통행중","보도통행중","운전자법규위반","안전운전 의무 불이행","단일로","기타단일로","승용차","중형","보행자","보행자","965838","1943603","127.11355555","37.49104544"
"2013","2013-08-13 14:00","00","주간","화","1","1","0","0","0","전북","정읍시","차대차","측면직각충돌","측면직각충돌","운전자법규위반","중앙선 침범","단일로","기타단일로","건설기계","건설기계","화물차","소형","948100","1726466","126.92751071","35.53279246"