"발생년","발생년월일시","발생분","주야","요일","사망자수","사상자수","중상자수","경상자수","부상신고자수","발생지시도","발생지시군구","사고유형_대분류","사고유형_중분류","사고유형","법규위반_대분류","법규위반","도로형태_대분류","도로형태","당사자종별_1당_대분류","당사자종별_1당","당사자종별_2당_대분류","당사자종별_2당","발생위치X_UTMK","발생위치Y_UTMK","경도","위도"
"2013","2013-08-30 01:00","00","야간","금","1","1","0","0","0","경북","경산시","차대사람","횡단중","횡단중","운전자법규위반","안전운전 의무 불이행","단일로","기타단일로","승용차","소형","보행자","보행자","1112517","1759277","128.74692418","35.82344492"
"2013","2013-08-30 17:00","40","주간","금","1","4","3","0","0","전남","나주시","차량단독","공작물충돌","공작물충돌","운전자법규위반","기타(운전자법규위반)","단일로","기타단일로","승용차","중형","00","00","939955","1674168","126.8415021","35.06079294"
"2013","2013-08-30 07:00","00","주간","금","1","2","1","0","0","경기","고양시","차대차","추돌","진행중 추돌","운전자법규위반","안전운전 의무 불이행","단일로","기타단일로","화물차","중형","화물차","중형","941200","1956761","126.83380657","37.6083979"
"2013","2013-08-28 00:00","05","야간","수","1","1","0","0","0","부산","금정구","차대사람","횡단중","횡단중","운전자법규위반","안전운전 의무 불이행","단일로","횡단보도상","승용차","중형","보행자","보행자","1144688","1693593","129.0916936","35.23352691"
"2013","2013-08-28 19:00","20","야간","수","1","1","0","0","0","서울","금천구","차대사람","횡단중","횡단중","운전자법규위반","안전운전 의무 불이행","단일로","횡단보도부근","승용차","중형","보행자","보행자","947462","1942088","126.90435322","37.47636802"
"2013","2013-08-27 00:00","40","야간","화","1","1","0","0","0","부산","사하구","차대사람","기타","기타","운전자법규위반","기타(운전자법규위반)","교차로","교차로부근","승용차","중형","보행자","보행자","1136087","1679368","128.99310346","35.10027512"
"2013","2013-08-26 17:00","05","주간","월","1","2","0","1","0","충북","청주시","차량단독","도로이탈","도로이탈 추락","운전자법규위반","안전운전 의무 불이행","단일로","기타단일로","승용차","중형","00","00","1002148","1848770","127.52402753","36.63681896"
"2013","2013-09-04 11:00","35","주간","수","1","1","0","0","0","제주","서귀포시","차대차","기타","기타","운전자법규위반","안전운전 의무 불이행","단일로","기타단일로","자전거","자전거","화물차","대형","920001","1475280","126.64105191","33.26590729"
"2013","2013-08-13 14:00","56","주간","화","1","1","0","0","0","강원","태백시","차대사람","보도통행중","보도통행중","운전자법규위반","보행자 보호의무 위반","단일로","기타단일로","화물차","소형","보행자","보행자","1132020","1908836","128.98718186","37.16923123"
"2013","2013-08-11 01:00","00","야간","일","1","3","2","0","0","서울","용산구","차대차","추돌","진행중 추돌","운전자법규위반","기타(운전자법규위반)","기타/불명","기타/불명","이륜차","중형","이륜차","소형","955164","1946867","126.99249466","37.52003384"
"2013","2013-08-12 06:00","50","주간","월","2","2","0","0","0","충남","예산군","차대사람","길가장자리구역통행중","길가장자리구역통행중","운전자법규위반","안전운전 의무 불이행","단일로","기타단일로","승용차","중형","보행자","보행자","926704","1856282","126.67868653","36.70216824"
"2013","2013-08-20 05:00","47","야간","화","1","1","0","0","0","충북","충주시","차대차","측면직각충돌","측면직각충돌","운전자법규위반","안전운전 의무 불이행","단일로","기타단일로","승용차","중형","자전거","자전거","1036761","1886299","127.91301671","36.97441661"
"2013","2013-08-20 18:00","30","야간","화","1","1","0","0","0","경북","영덕군","차대차","정면충돌","정면충돌","운전자법규위반","중앙선 침범","단일로","기타단일로","이륜차","소형","화물차","소형","1170725","1840601","129.4074374","36.54791819"
"2013","2013-08-16 09:00","25","주간","금","1","6","5","0","0","충남","논산시","차대차","정면충돌","정면충돌","운전자법규위반","중앙선 침범","단일로","기타단일로","화물차","소형","화물차","중형","961976","1806517","127.07674291","36.25515036"
"2013","2013-08-17 01:00","20","야간","토","1","5","2","2","0","경북","문경시","차대차","추돌","주정차중 추돌","운전자법규위반","안전운전 의무 불이행","단일로","기타단일로","승용차","중형","건설기계","건설기계","1062522","1843408","128.19891128","36.5864338"
"2013","2013-07-12 04:00","50","야간","금","2","11","8","1","0","경남","창원시(통합)","차대차","측면직각충돌","측면직각충돌","운전자법규위반","교차로 통행방법 위반","교차로","교차로내","승용차","소형","승합차","중형","1100882","1706844","128.61029042","35.35212407"
"2013","2013-07-19 12:00","45","주간","금","1","2","1","0","0","경북","경주시","차대차","기타","기타","운전자법규위반","중앙선 침범","단일로","기타단일로","승용차","소형","화물차","중형","1150073","1759357","129.16125939","35.81922856"
"2013","2013-07-16 17:00","20","주간","화","1","1","0","0","0","전북","전주시","차량단독","기타","기타","운전자법규위반","안전운전 의무 불이행","단일로","기타단일로","이륜차","사발이","00","00","970634","1760630","127.17482213","35.84174799"
"2013","2013-07-23 08:00","10","주간","화","1","1","0","0","0","충남","아산시","차대차","기타","기타","운전자법규위반","신호위반","교차로","교차로부근","승용차","중형","자전거","자전거","944510","1861297","126.87839695","36.74812746"
"2013","2013-07-23 07:00","32","주간","화","1","2","0","1","0","전북","순창군","차대차","측면직각충돌","측면직각충돌","운전자법규위반","직진 및 우회전차의 통행방해","교차로","교차로내","승용차","중형","건설기계","건설기계","969721","1709641","127.16662531","35.38198435"
"2013","2013-07-23 09:00","20","주간","화","1","1","0","0","0","전북","김제시","차대사람","횡단중","횡단중","운전자법규위반","안전운전 의무 불이행","교차로","교차로내","화물차","소형","보행자","보행자","944143","1756686","126.88176743","35.80503841"
"2013","2013-07-21 15:00","55","주간","일","1","1","0","0","0","경북","경주시","차대차","기타","기타","운전자법규위반","안전운전 의무 불이행","교차로","교차로내","승용차","중형","원동기장치자전거","원동기장치자전거","1161746","1753817","129.28930124","35.76744797"
"2013","2013-07-09 10:00","07","주간","화","1","1","0","0","0","서울","송파구","차대차","추돌","진행중 추돌","운전자법규위반","안전거리 미확보","단일로","기타단일로","승용차","중형","자전거","자전거","963730","1944557","127.08966311","37.49956386"
"2013","2013-07-11 11:00","15","주간","목","1","1","0","0","0","경기","남양주시","차량단독","공작물충돌","공작물충돌","운전자법규위반","안전운전 의무 불이행","단일로","기타단일로","승용차","경형","00","00","984430","1963034","127.34049787","37.68792935"
"2013","2013-09-08 23:00","00","야간","일","1","1","0","0","0","경기","화성시","차량단독","공작물충돌","공작물충돌","운전자법규위반","안전운전 의무 불이행","단일로","기타단일로","화물차","소형","00","00","931168","1911309","126.72329185","37.20504011"
"2013","2013-09-10 00:00","35","야간","화","1","1","0","0","0","인천","부평구","차대사람","횡단중","횡단중","운전자법규위반","안전운전 의무 불이행","교차로","교차로부근","승용차","중형","보행자","보행자","931989","1944600","126.73058334","37.49815839"
"2013","2013-09-06 17:00","00","주간","금","1","2","0","1","0","전북","군산시","차대차","정면충돌","정면충돌","운전자법규위반","중앙선 침범","교차로","교차로부근","승용차","중형","화물차","대형","923060","1775298","126.64663953","35.97140136"
"2013","2013-09-07 14:00","25","주간","토","1","2","1","0","0","경북","청도군","차대차","정면충돌","정면충돌","운전자법규위반","중앙선 침범","단일로","기타단일로","화물차","소형","화물차","소형","1112876","1740030","128.74688355","35.64999674"
"2013","2013-09-12 14:00","29","주간","목","1","1","0","0","0","인천","연수구","차대차","기타","기타","운전자법규위반","안전운전 의무 불이행","단일로","기타단일로","특수차","대형","자전거","자전거","924472","1937261","126.6463033","37.43142959"
"2013","2013-09-12 05:00","30","야간","목","1","1","0","0","0","전남","목포시","차대사람","횡단중","횡단중","운전자법규위반","안전운전 의무 불이행","교차로","교차로내","화물차","소형","보행자","보행자","897127","1646790","126.37525739","34.81049999"
"2013","2013-09-11 19:00","22","야간","수","1","2","0","1","0","서울","영등포구","차대차","측면직각충돌","측면직각충돌","운전자법규위반","신호위반","교차로","교차로내","원동기장치자전거","원동기장치자전거","승합차","중형","946729","1947789","126.89709795","37.5278697"
"2013","2013-09-11 16:00","15","주간","수","1","1","0","0","0","경북","상주시","차량단독","전도전복","전도전복","운전자법규위반","안전운전 의무 불이행","단일로","기타단일로","승합차","소형","00","00","1054018","1818885","128.10214053","36.3658852"
"2013","2013-09-12 06:00","22","주간","목","1","4","3","0","0","경북","김천시","차대차","측면직각충돌","측면직각충돌","운전자법규위반","안전거리 미확보","단일로","기타단일로","승용차","중형","승용차","중형","1060544","1709419","128.17161178","36.10977329"
"2013","2013-09-22 13:00","25","주간","일","1","1","0","0","0","경북","문경시","차대차","측면직각충돌","측면직각충돌","운전자법규위반","안전운전 의무 불이행","단일로","기타단일로","승용차","중형","자전거","자전거","1070113","1841717","128.28360752","36.57066301"
"2013","2013-09-18 17:00","33","주간","수","2","2","0","0","0","경북","경주시","차량단독","기타","기타","운전자법규위반","안전운전 의무 불이행","단일로","기타단일로","승용차","소형","00","00","1179775","1756746","129.48930081","35.79070892"
"2013","2013-09-18 18:00","57","야간","수","1","1","0","0","0","서울","관악구","차대사람","기타","기타","운전자법규위반","안전운전 의무 불이행","기타/불명","기타/불명","승용차","중형","보행자","보행자","948530","1941799","126.91789933","37.47398294"
"2013","2013-09-20 04:00","18","야간","금","1","1","0","0","0","전남","고흥군","차대사람","길가장자리구역통행중","길가장자리구역통행중","운전자법규위반","안전운전 의무 불이행","단일로","기타단일로","승용차","소형","보행자","보행자","983715","1615404","127.32254089","34.53253279"
"2013","2013-09-17 17:00","38","주간","화","1","1","0","0","0","충남","예산군","차량단독","공작물충돌","공작물충돌","운전자법규위반","안전운전 의무 불이행","단일로","기타단일로","이륜차","대형","00","00","919987","1852376","126.60466747","36.66599448"
"2013","2013-09-16 21:00","45","야간","월","1","1","0","0","0","대전","중구","차대차","측면직각충돌","측면직각충돌","운전자법규위반","중앙선 침범","단일로","기타단일로","승용차","중형","승용차","중형","991608","1812273","127.40652306","36.30775596"
"2013","2013-09-16 16:00","46","주간","월","1","1","0","0","0","충남","금산군","차대차","기타","기타","운전자법규위반","중앙선 침범","교차로","교차로부근","이륜차","소형","승합차","소형","991814","1794611","127.40900231","36.14852441"
"2013","2013-09-25 20:00","40","야간","수","1","1","0","0","0","인천","남구","차대사람","기타","기타","운전자법규위반","안전운전 의무 불이행","교차로","교차로부근","승합차","대형","보행자","보행자","927426","1939069","126.67951141","37.44796121"
"2013","2013-09-26 15:00","05","주간","목","1","1","0","0","0","경기","광주시","차대사람","횡단중","횡단중","운전자법규위반","안전운전 의무 불이행","교차로","교차로내","화물차","소형","보행자","보행자","978415","1935711","127.25605764","37.42028941"
"2013","2013-09-26 11:00","40","주간","목","1","1","0","0","0","전북","무주군","차량단독","전도전복","전도전복","운전자법규위반","안전운전 의무 불이행","단일로","기타단일로","이륜차","사발이","00","00","1014790","1762840","127.66381564","35.86200199"
"2013","2013-09-26 01:00","50","야간","목","1","2","0","1","0","전북","익산시","차대차","추돌","진행중 추돌","운전자법규위반","안전운전 의무 불이행","단일로","교량위","승용차","대형","화물차","대형","943159","1768316","126.87004796","35.90983349"
"2013","2013-09-23 19:00","00","야간","월","1","1","0","0","0","경기","용인시","차대사람","횡단중","횡단중","운전자법규위반","안전운전 의무 불이행","단일로","기타단일로","승용차","소형","보행자","보행자","976563","1922901","127.23553303","37.30477784"
"2013","2013-09-24 13:00","10","주간","화","1","1","0","0","0","충남","논산시","차대차","정면충돌","정면충돌","운전자법규위반","안전운전 의무 불이행","단일로","기타단일로","화물차","소형","원동기장치자전거","원동기장치자전거","973926","1801398","127.20993073","36.20939684"
"2013","2013-09-24 17:00","50","주간","화","1","1","0","0","0","충남","금산군","차량단독","공작물충돌","공작물충돌","운전자법규위반","안전운전 의무 불이행","단일로","기타단일로","화물차","소형","00","00","1000989","1794003","127.51099322","36.14307691"
"2013","2013-09-24 21:00","52","야간","화","1","1","0","0","0","충남","부여군","차대사람","길가장자리구역통행중","길가장자리구역통행중","운전자법규위반","안전운전 의무 불이행","단일로","기타단일로","승용차","소형","보행자","보행자","942429","1812415","126.85472532","36.30862045"
"2013","2013-09-24 11:00","30","주간","화","1","1","0","0","0","충남","청양군","차량단독","전도전복","전도전복","운전자법규위반","안전운전 의무 불이행","단일로","기타단일로","농기계","농기계","00","00","936853","1819427","126.79606061","36.370215"
"2013","2013-09-22 16:00","44","주간","일","1","2","0","1","0","인천","중구","차량단독","전도전복","전도전복","운전자법규위반","안전운전 의무 불이행","단일로","기타단일로","승용차","소형","00","00","914949","1945623","126.53696044","37.50632872"
"2013","2013-09-25 18:00","54","야간","수","1","1","0","0","0","충남","태안군","차대사람","횡단중","횡단중","운전자법규위반","안전운전 의무 불이행","단일로","기타단일로","승용차","소형","보행자","보행자","894825","1862339","126.32175987","36.75331056"
"2013","2013-09-22 16:00","00","주간","일","1","1","0","0","0","경남","창녕군","차량단독","공작물충돌","공작물충돌","운전자법규위반","안전운전 의무 불이행","단일로","기타단일로","농기계","농기계","00","00","1082722","1726745","128.41247225","35.53321493"
"2013","2013-09-22 20:00","38","야간","일","2","4","2","0","0","충남","예산군","차대차","정면충돌","정면충돌","운전자법규위반","중앙선 침범","단일로","기타단일로","승용차","소형","화물차","소형","944001","1845978","126.87381566","36.6100063"
"2013","2013-10-03 00:00","18","야간","목","1","1","0","0","0","경남","남해군","차량단독","기타","기타","운전자법규위반","안전운전 의무 불이행","기타/불명","기타/불명","화물차","소형","00","00","1036014","1647437","127.89380956","34.82089547"
"2013","2013-09-29 21:00","10","야간","일","1","1","0","0","0","전북","전주시","차대사람","횡단중","횡단중","운전자법규위반","안전운전 의무 불이행","교차로","교차로부근","승합차","소형","보행자","보행자","960452","1764275","127.06189581","35.87425296"
"2013","2013-10-01 11:00","55","주간","화","1","1","0","0","0","강원","동해시","차대사람","보도통행중","보도통행중","운전자법규위반","기타(운전자법규위반)","단일로","기타단일로","승용차","대형","보행자","보행자","1142886","1947784","129.11688853","37.51822503"
"2013","2013-09-30 12:00","27","주간","월","1","1","0","0","0","경기","안성시","차대사람","횡단중","횡단중","운전자법규위반","보행자 보호의무 위반","교차로","교차로부근","화물차","중형","보행자","보행자","979295","1889750","127.26677862","37.00418478"
"2013","2013-09-30 21:00","10","야간","월","1","1","0","0","0","광주","남구","차대사람","길가장자리구역통행중","길가장자리구역통행중","운전자법규위반","안전운전 의무 불이행","기타/불명","기타/불명","승용차","중형","보행자","보행자","940376","1675529","126.84602096","35.07308971"
"2013","2013-09-30 16:00","30","주간","월","1","1","0","0","0","충남","공주시","차량단독","전도전복","전도전복","운전자법규위반","안전운전 의무 불이행","단일로","기타단일로","이륜차","사발이","00","00","958391","1833431","127.0353975","36.49763437"
"2013","2013-09-30 15:00","39","주간","월","1","1","0","0","0","전남","함평군","차대차","측면직각충돌","측면직각충돌","운전자법규위반","과속","교차로","교차로내","승용차","중형","이륜차","소형","913465","1677148","126.55071205","35.08573613"
"2013","2013-09-28 12:00","18","주간","토","1","1","0","0","0","경기","안성시","차대차","측면직각충돌","측면직각충돌","운전자법규위반","직진 및 우회전차의 통행방해","교차로","교차로내","승용차","중형","이륜차","중형","979609","1889540","127.27081379","37.00412954"
"2013","2013-09-29 12:00","30","주간","일","1","1","0","0","0","경북","구미시","차대사람","기타","기타","운전자법규위반","안전운전 의무 불이행","교차로","교차로내","승용차","중형","보행자","보행자","1074759","1801514","128.33165885","36.20790449"
"2013","2013-10-07 18:00","40","야간","월","1","1","0","0","0","대구","수성구","차대사람","횡단중","횡단중","운전자법규위반","안전운전 의무 불이행","교차로","교차로내","승용차","대형","보행자","보행자","1100860","1762879","128.61704798","35.85727231"
"2013","2013-10-07 18:00","15","야간","월","1","1","0","0","0","대전","중구","차대사람","횡단중","횡단중","운전자법규위반","과속","단일로","기타단일로","승용차","중형","보행자","보행자","993273","1814556","127.42504947","36.32835131"
"2012","2012-09-18 00:00","00","야간","화","1","1","0","0","0","서울","서초구","차대사람","기타","기타","운전자법규위반","안전운전 의무 불이행","단일로","기타단일로","승용차","중형","보행자","보행자","954766","1940016","126.9885322","37.4582385"
"2012","2012-07-13 04:00","00","야간","금","1","1","0","0","0","대구","달성군","차량단독","공작물충돌","공작물충돌","운전자법규위반","안전운전 의무 불이행","단일로","기타단일로","화물차","소형","00","00","1101676","1756281","128.62524381","35.79771056"
"2012","2012-07-10 22:00","57","야간","화","1","2","1","0","0","충북","단양군","차량단독","도로이탈","도로이탈 기타","운전자법규위반","안전운전 의무 불이행","단일로","기타단일로","승용차","중형","00","00","1081571","1896005","128.41747413","37.05908073"
"2012","2012-07-10 19:00","10","야간","화","1","2","1","0","0","대구","북구","차량단독","공작물충돌","공작물충돌","운전자법규위반","안전운전 의무 불이행","단일로","기타단일로","이륜차","소형","00","00","1096136","1772729","128.56592697","35.94654042"
"2012","2012-07-16 16:00","00","주간","월","1","5","1","3","0","전남","화순군","차대차","기타","기타","운전자법규위반","안전운전 의무 불이행","단일로","기타단일로","승용차","중형","승용차","중형","953379","1659563","126.9877683","34.93172148"
"2012","2012-07-18 23:00","05","야간","수","1","2","0","1","0","경북","영주시","차대차","측면직각충돌","측면직각충돌","운전자법규위반","보행자 보호의무 위반","단일로","횡단보도상","승용차","중형","승용차","경형","1100069","1869243","128.62216097","36.81551026"
"2012","2012-07-19 13:00","58","주간","목","1","1","0","0","0","경북","포항시","차대사람","기타","기타","운전자법규위반","신호위반","교차로","교차로내","승용차","중형","보행자","보행자","1166777","1786905","129.35186964","36.06477534"
"2012","2012-07-28 12:00","20","주간","토","1","1","0","0","0","대전","유성구","차대사람","보도통행중","보도통행중","운전자법규위반","신호위반","교차로","교차로내","화물차","소형","보행자","보행자","990282","1826505","127.39465117","36.43849609"
"2012","2012-07-28 05:00","43","야간","토","1","1","0","0","0","경남","사천시","차대사람","횡단중","횡단중","운전자법규위반","안전운전 의무 불이행","교차로","교차로내","승용차","소형","보행자","보행자","1053445","1659975","128.08520919","34.93318636"
"2012","2012-07-27 05:00","00","야간","금","1","1","0","0","0","대전","동구","차대사람","횡단중","횡단중","운전자법규위반","신호위반","교차로","교차로부근","승용차","중형","보행자","보행자","994436","1815603","127.43799983","36.3377979"
"2012","2012-07-27 05:00","30","야간","금","1","2","0","1","0","경남","진주시","차량단독","기타","기타","운전자법규위반","안전운전 의무 불이행","단일로","기타단일로","이륜차","소형","00","00","1051965","1687749","128.07074441","35.18369891"
"2012","2012-07-26 17:00","25","주간","목","1","4","3","0","0","경남","창원시(통합)","차대차","측면직각충돌","측면직각충돌","운전자법규위반","안전운전 의무 불이행","단일로","기타단일로","승용차","중형","승용차","중형","1096087","1690868","128.5556546","35.2085659"
"2012","2012-08-01 10:00","00","주간","수","1","1","0","0","0","전북","진안군","차량단독","기타","기타","운전자법규위반","안전운전 의무 불이행","단일로","기타단일로","농기계","농기계","00","00","994483","1775558","127.43880475","35.97676439"
"2012","2012-06-11 14:00","00","주간","월","1","5","4","0","0","충북","청주시","차대차","기타","기타","운전자법규위반","중앙선 침범","교차로","교차로부근","특수차","소형","승용차","대형","1001164","1849201","127.51302116","36.64070613"
"2012","2012-06-12 10:00","04","주간","화","1","1","0","0","0","대전","동구","차대차","측면직각충돌","측면직각충돌","운전자법규위반","중앙선 침범","단일로","횡단보도부근","자전거","자전거","승용차","중형","994420","1815085","127.43782526","36.33312781"
"2012","2012-06-12 08:00","10","주간","화","1","1","0","0","0","전남","곡성군","차대차","기타","기타","운전자법규위반","안전운전 의무 불이행","단일로","기타단일로","화물차","소형","자전거","자전거","983177","1683011","127.31532179","35.14217948"
"2012","2012-06-18 03:00","27","야간","월","1","2","1","0","0","강원","강릉시","차량단독","공작물충돌","공작물충돌","운전자법규위반","안전운전 의무 불이행","단일로","기타단일로","이륜차","중형","00","00","1116652","1988927","128.82669114","37.89272235"
"2012","2012-06-15 21:00","10","야간","금","1","1","0","0","0","서울","송파구","차대차","기타","기타","운전자법규위반","신호위반","단일로","횡단보도상","승용차","대형","자전거","자전거","966321","1946292","127.11889601","37.51530039"
"2012","2012-06-16 01:00","03","야간","토","1","1","0","0","0","전남","나주시","차량단독","공작물충돌","공작물충돌","운전자법규위반","안전운전 의무 불이행","단일로","기타단일로","승용차","소형","00","00","931598","1659826","126.75103873","34.93094367"
"2012","2012-06-22 22:00","20","야간","금","1","1","0","0","0","충북","제천시","차대차","추돌","주정차중 추돌","운전자법규위반","안전운전 의무 불이행","단일로","기타단일로","승용차","중형","화물차","대형","1061391","1906566","128.19138078","37.15581172"
"2012","2012-06-27 11:00","05","주간","수","1","1","0","0","0","충남","서산시","차대차","측면직각충돌","측면직각충돌","운전자법규위반","직진 및 우회전차의 통행방해","교차로","교차로내","화물차","중형","이륜차","소형","907232","1864920","126.46041517","36.77786893"
"2012","2012-06-27 01:00","50","야간","수","1","1","0","0","0","전남","여수시","차량단독","전도전복","전도전복","운전자법규위반","안전운전 의무 불이행","단일로","기타단일로","승용차","중형","00","00","1014954","1645055","127.66531951","34.80164464"
"2012","2012-06-25 12:00","15","주간","월","1","1","0","0","0","경기","남양주시","차대차","측면직각충돌","측면직각충돌","운전자법규위반","안전운전 의무 불이행","단일로","기타단일로","건설기계","건설기계","이륜차","중형","967725","1963667","127.1340169","37.67195735"
"2012","2012-06-30 15:00","00","주간","토","1","1","0","0","0","인천","남동구","차대사람","기타","기타","운전자법규위반","안전운전 의무 불이행","단일로","기타단일로","건설기계","건설기계","보행자","보행자","930898","1940563","126.71862075","37.46169245"
"2012","2012-07-01 09:00","57","주간","일","1","1","0","0","0","전북","완주군","차대사람","차도통행중","차도통행중","운전자법규위반","안전운전 의무 불이행","단일로","기타단일로","승용차","대형","보행자","보행자","964616","1741541","127.10902725","35.66944085"
"2012","2012-06-30 13:00","00","주간","토","1","1","0","0","0","충북","괴산군","차대차","측면직각충돌","측면직각충돌","운전자법규위반","서행 및 일시정지위반","교차로","교차로내","특수차","소형","농기계","농기계","1022135","1848378","127.74758979","36.63303025"
"2012","2012-06-30 08:00","40","주간","토","1","3","1","1","0","강원","평창군","차량단독","공작물충돌","공작물충돌","운전자법규위반","안전운전 의무 불이행","단일로","기타단일로","승용차","소형","00","00","1079778","1932983","128.40126728","37.39251666"
"2012","2012-06-28 18:00","25","야간","목","1","2","1","0","0","제주","제주시","차대차","기타","기타","운전자법규위반","과속","교차로","교차로내","승용차","중형","농기계","농기계","938137","1504870","126.83373105","33.53397775"
"2012","2012-06-27 19:00","37","야간","수","1","1","0","0","0","인천","중구","차대차","측면직각충돌","측면직각충돌","운전자법규위반","부당한 회전","교차로","교차로내","자전거","자전거","화물차","소형","920591","1939943","126.60215216","37.45527657"
"2012","2012-07-04 16:00","50","주간","수","1","1","0","0","0","대전","동구","차대사람","차도통행중","차도통행중","운전자법규위반","안전운전 의무 불이행","단일로","기타단일로","승용차","중형","보행자","보행자","992446","1815846","127.41582274","36.33997508"
"2012","2012-07-03 15:00","50","주간","화","1","1","0","0","0","충북","괴산군","차대차","정면충돌","정면충돌","운전자법규위반","중앙선 침범","단일로","기타단일로","화물차","소형","이륜차","소형","1031534","1870605","127.853638","36.83313433"
"2012","2012-07-10 08:00","15","주간","화","1","1","0","0","0","전북","익산시","차대차","측면직각충돌","측면직각충돌","운전자법규위반","안전운전 의무 불이행","단일로","기타단일로","승용차","중형","자전거","자전거","953006","1776694","126.97867893","35.98588951"
"2014","2014-07-25 10:00","18","주간","금","2","2","0","0","0","경북","포항시","차대차","추돌","진행중 추돌","운전자법규위반","중앙선 침범","단일로","기타단일로","이륜차","소형","승용차","중형","1166208","1778880","129.34386796","35.99255777"
"2014","2014-04-07 01:00","48","야간","월","2","2","0","0","0","인천","남동구","차대차","추돌","진행중 추돌","운전자법규위반","안전운전 의무 불이행","교차로","교차로부근","이륜차","대형","이륜차","대형","929958","1941191","126.7079328","37.46728177"
"2014","2014-09-09 21:00","55","야간","화","1","1","0","0","0","대구","북구","차대사람","보도통행중","보도통행중","운전자법규위반","안전운전 의무 불이행","단일로","횡단보도상","승용차","중형","보행자","보행자","1099827","1764867","128.60585816","35.87529887"
"2014","2014-02-09 02:00","20","야간","일","1","1","0","0","0","경기","안산시","차대사람","횡단중","횡단중","운전자법규위반","안전운전 의무 불이행","단일로","기타단일로","승용차","중형","보행자","보행자","944120","1923203","126.86943251","37.30611564"
"2014","2014-06-03 08:00","25","주간","화","1","1","0","0","0","전남","강진군","차량단독","공작물충돌","공작물충돌","운전자법규위반","안전운전 의무 불이행","단일로","기타단일로","승용차","중형","00","00","929678","1622385","126.73399559","34.59449331"
"2014","2014-08-23 17:00","35","주간","토","1","1","0","0","0","경기","남양주시","차량단독","공작물충돌","공작물충돌","운전자법규위반","안전운전 의무 불이행","단일로","기타단일로","이륜차","중형","00","00","974079","1960202","127.20619035","37.6409278"
"2014","2014-07-08 14:00","05","주간","화","1","1","0","0","0","울산","중구","차대사람","횡단중","횡단중","운전자법규위반","안전운전 의무 불이행","단일로","기타단일로","화물차","소형","보행자","보행자","1167247","1733805","129.34596843","35.58618472"
"2013","2013-02-28 05:00","55","야간","목","1","1","0","0","0","경남","창원시(통합)","차대사람","횡단중","횡단중","운전자법규위반","안전운전 의무 불이행","단일로","기타단일로","승용차","중형","보행자","보행자","1101385","1696845","128.61458819","35.2619294"
"2013","2013-03-02 19:00","20","야간","토","1","1","0","0","0","경남","거제시","차대사람","횡단중","횡단중","운전자법규위반","보행자 보호의무 위반","단일로","횡단보도상","승용차","대형","보행자","보행자","1101885","1663460","128.61597259","34.96089438"
"2013","2013-08-23 03:00","50","야간","금","1","1","0","0","0","서울","강서구","차대사람","기타","기타","운전자법규위반","안전운전 의무 불이행","단일로","기타단일로","승용차","경형","보행자","보행자","939518","1952888","126.81586004","37.57341441"
"2013","2013-08-23 04:00","10","야간","금","1","1","0","0","0","전북","전주시","차대사람","차도통행중","차도통행중","운전자법규위반","안전운전 의무 불이행","단일로","횡단보도부근","승용차","중형","보행자","보행자","967010","1763731","127.13456498","35.86959126"
"2013","2013-08-23 08:00","50","주간","금","1","1","0","0","0","대구","달성군","차대사람","기타","기타","운전자법규위반","안전운전 의무 불이행","단일로","기타단일로","화물차","경형","보행자","보행자","1084766","1767384","128.43930608","35.89940939"
"2013","2013-08-29 22:00","09","야간","목","1","1","0","0","0","충남","금산군","차량단독","공작물충돌","공작물충돌","운전자법규위반","안전운전 의무 불이행","교차로","교차로부근","화물차","소형","00","00","999686","1782888","127.49651416","36.0428667"
"2013","2013-07-09 21:00","05","야간","화","1","1","0","0","0","전북","남원시","차대사람","차도통행중","차도통행중","운전자법규위반","안전운전 의무 불이행","단일로","기타단일로","승용차","중형","보행자","보행자","983076","1712386","127.31360723","35.40705171"
"2013","2013-07-09 18:00","50","야간","화","1","1","0","0","0","전남","나주시","차량단독","도로이탈","도로이탈 추락","운전자법규위반","안전운전 의무 불이행","교차로","교차로내","원동기장치자전거","원동기장치자전거","00","00","920406","1666142","126.62790155","34.98707446"
"2013","2013-07-18 06:00","15","주간","목","1","1","0","0","0","강원","태백시","차대사람","횡단중","횡단중","운전자법규위반","보행자 보호의무 위반","단일로","횡단보도상","승합차","중형","보행자","보행자","1130302","1910293","128.9679301","37.18232978"
"2013","2013-07-17 16:00","50","주간","수","1","1","0","0","0","전남","목포시","차대사람","기타","기타","운전자법규위반","안전운전 의무 불이행","단일로","기타단일로","승용차","중형","보행자","보행자","901380","1647188","126.42267856","34.81344489"
"2013","2013-07-17 19:00","10","야간","수","1","1","0","0","0","전남","나주시","차대사람","기타","기타","운전자법규위반","안전운전 의무 불이행","교차로","교차로부근","화물차","소형","보행자","보행자","937305","1673216","126.81251402","35.05204779"
"2013","2013-07-17 19:00","10","야간","수","1","1","0","0","0","전남","강진군","차량단독","공작물충돌","공작물충돌","운전자법규위반","안전운전 의무 불이행","교차로","교차로내","이륜차","사발이","00","00","929079","1622037","126.7266435","34.59002824"
"2013","2013-07-17 15:00","50","주간","수","1","1","0","0","0","전남","고흥군","차대차","기타","기타","운전자법규위반","안전운전 의무 불이행","교차로","교차로부근","화물차","소형","자전거","자전거","977620","1641909","127.25542257","34.77143704"