"발생년","발생년월일시","발생분","주야","요일","사망자수","사상자수","중상자수","경상자수","부상신고자수","발생지시도","발생지시군구","사고유형_대분류","사고유형_중분류","사고유형","법규위반_대분류","법규위반","도로형태_대분류","도로형태","당사자종별_1당_대분류","당사자종별_1당","당사자종별_2당_대분류","당사자종별_2당","발생위치X_UTMK","발생위치Y_UTMK","경도","위도"
"2013","2013-08-24 19:00","25","야간","토","1","1","0","0","0","강원","평창군","차대사람","횡단중","횡단중","운전자법규위반","안전운전 의무 불이행","단일로","기타단일로","승용차","소형","보행자","보행자","1077894","1955588","128.3823795","37.59640692"
"2013","2013-09-05 15:00","20","주간","목","1","2","1","0","0","경북","영천시","차량단독","도로이탈","도로이탈 추락","운전자법규위반","안전운전 의무 불이행","단일로","기타단일로","승용차","중형","00","00","1136933","1794566","128.99094837","36.13082186"
"2013","2013-06-22 11:00","35","주간","토","1","2","1","0","0","충북","영동군","차대차","측면직각충돌","측면직각충돌","운전자법규위반","교차로 통행방법 위반","교차로","교차로내","이륜차","소형","승합차","소형","1017090","1788951","127.68985358","36.09737938"
"2013","2013-06-10 08:00","10","주간","월","1","1","0","0","0","경남","창녕군","차대차","기타","기타","운전자법규위반","중앙선 침범","단일로","기타단일로","원동기장치자전거","원동기장치자전거","승합차","중형","1087689","1717202","128.46622385","35.4467538"
"2013","2013-01-08 17:00","40","주간","화","1","2","1","0","0","충남","예산군","차대차","기타","기타","운전자법규위반","신호위반","교차로","교차로내","원동기장치자전거","원동기장치자전거","승용차","경형","940313","1857357","126.83169253","36.71235655"
"2013","2013-05-13 17:00","20","주간","월","1","1","0","0","0","세종","세종","차량단독","전도전복","전도전복","운전자법규위반","안전운전 의무 불이행","단일로","기타단일로","건설기계","건설기계","00","00","983141","1833703","127.31174559","36.50084258"
"2013","2013-05-15 21:00","10","야간","수","1","1","0","0","0","대구","중구","차대차","측면직각충돌","측면직각충돌","운전자법규위반","교차로 통행방법 위반","교차로","교차로내","승용차","중형","이륜차","중형","1100035","1763699","128.60875117","35.86430021"
"2013","2013-11-13 05:00","50","야간","수","1","1","0","0","0","부산","사상구","차대차","측면직각충돌","측면직각충돌","운전자법규위반","신호위반","교차로","교차로내","화물차","소형","이륜차","대형","1135641","1683883","128.9889521","35.14103444"
"2013","2013-03-10 05:00","10","야간","일","1","1","0","0","0","전북","전주시","차량단독","공작물충돌","공작물충돌","운전자법규위반","안전운전 의무 불이행","단일로","기타단일로","승용차","중형","00","00","968721","1764508","127.15348715","35.87665282"
"2013","2013-08-15 17:00","30","주간","목","1","4","3","0","0","전남","영암군","차량단독","전도전복","전도전복","운전자법규위반","안전운전 의무 불이행","단일로","기타단일로","승용차","중형","00","00","910434","1643375","126.52109077","34.78096663"
"2013","2013-09-10 21:00","30","야간","화","1","1","0","0","0","경기","포천시","차대사람","횡단중","횡단중","운전자법규위반","안전운전 의무 불이행","단일로","기타단일로","원동기장치자전거","원동기장치자전거","보행자","보행자","970305","1983282","127.16338571","37.84988383"
"2013","2013-10-12 14:00","08","주간","토","1","4","1","2","0","강원","삼척시","차대차","정면충돌","정면충돌","운전자법규위반","중앙선 침범","단일로","기타단일로","이륜차","대형","승용차","중형","1141746","1933023","129.10186789","37.38520143"
"2013","2013-10-10 18:00","20","야간","목","1","1","0","0","0","충북","충주시","차대사람","기타","기타","운전자법규위반","안전운전 의무 불이행","단일로","기타단일로","승용차","중형","보행자","보행자","1036963","1890291","127.91548186","37.0103934"
"2013","2013-07-05 06:00","40","주간","금","1","2","0","0","1","충북","충주시","차량단독","공작물충돌","공작물충돌","운전자법규위반","안전운전 의무 불이행","단일로","기타단일로","화물차","소형","00","00","1031371","1885235","127.85241597","36.96502061"
"2013","2013-07-05 17:00","30","주간","금","1","4","3","0","0","광주","광산구","차대차","기타","기타","운전자법규위반","신호위반","교차로","교차로내","승용차","소형","승용차","소형","937648","1689889","126.81501731","35.20240294"
"2013","2013-02-19 00:00","20","야간","화","1","1","0","0","0","경기","용인시","차대사람","횡단중","횡단중","운전자법규위반","보행자 보호의무 위반","단일로","횡단보도상","승용차","대형","보행자","보행자","965362","1925662","127.10901247","37.32931483"
"2013","2013-04-19 11:00","10","주간","금","1","2","0","1","0","충북","영동군","차대차","추돌","진행중 추돌","운전자법규위반","안전운전 의무 불이행","단일로","기타단일로","화물차","소형","화물차","대형","1028018","1805222","127.81183252","36.24381762"
"2013","2013-10-26 06:00","12","주간","토","1","1","0","0","0","인천","연수구","차대사람","기타","기타","운전자법규위반","안전운전 의무 불이행","단일로","기타단일로","이륜차","소형","보행자","보행자","924814","1936859","126.65020951","37.42783431"
"2013","2013-11-08 18:00","45","야간","금","1","1","0","0","0","광주","북구","차대사람","기타","기타","운전자법규위반","안전운전 의무 불이행","단일로","기타단일로","승용차","중형","보행자","보행자","947625","1687052","126.92005478","35.17847763"
"2013","2013-11-06 18:00","03","야간","수","1","1","0","0","0","경북","포항시","차대사람","기타","기타","운전자법규위반","안전운전 의무 불이행","단일로","기타단일로","승용차","중형","보행자","보행자","1181796","1771798","129.51508279","35.9259641"
"2013","2013-11-11 23:00","08","야간","월","1","1","0","0","0","울산","남구","차대사람","횡단중","횡단중","운전자법규위반","안전운전 의무 불이행","단일로","기타단일로","승용차","중형","보행자","보행자","1163746","1728888","129.30634891","35.54245777"
"2013","2013-11-11 18:00","10","야간","월","1","1","0","0","0","경남","합천군","차대사람","횡단중","횡단중","운전자법규위반","안전운전 의무 불이행","교차로","교차로내","화물차","소형","보행자","보행자","1064175","1730939","128.20828049","35.57239274"
"2013","2013-11-19 09:00","10","주간","화","1","1","0","0","0","광주","남구","차대차","추돌","진행중 추돌","운전자법규위반","교차로 통행방법 위반","교차로","교차로내","원동기장치자전거","원동기장치자전거","승용차","중형","946242","1683530","126.90983843","35.14556298"
"2013","2013-04-06 23:00","25","야간","토","1","1","0","0","0","대구","중구","차대사람","횡단중","횡단중","운전자법규위반","안전운전 의무 불이행","단일로","횡단보도상","승용차","중형","보행자","보행자","1099432","1764696","128.60511049","35.87251092"
"2013","2013-07-17 00:00","20","야간","수","1","1","0","0","0","경기","포천시","차대차","기타","기타","운전자법규위반","안전운전 의무 불이행","교차로","교차로내","승용차","중형","화물차","중형","969089","1980911","127.14874986","37.82742648"
"2013","2013-09-16 10:00","45","주간","월","1","1","0","0","0","전남","순천시","차량단독","기타","기타","운전자법규위반","안전운전 의무 불이행","단일로","기타단일로","농기계","농기계","00","00","988744","1662249","127.37671624","34.95503902"
"2013","2013-05-23 05:00","30","야간","목","1","1","0","0","0","경북","경주시","차대차","기타","기타","운전자법규위반","안전운전 의무 불이행","기타/불명","기타/불명","승용차","중형","농기계","농기계","1176837","1745119","129.45424465","35.68647059"
"2013","2013-06-18 21:00","30","야간","화","1","1","0","0","0","충북","청주시","차대사람","기타","기타","운전자법규위반","안전운전 의무 불이행","교차로","교차로부근","승용차","중형","보행자","보행자","999577","1846566","127.49526954","36.61695224"
"2013","2013-04-02 09:00","30","주간","화","1","1","0","0","0","경북","봉화군","차량단독","공작물충돌","공작물충돌","운전자법규위반","안전운전 의무 불이행","단일로","기타단일로","농기계","농기계","00","00","1121060","1882015","128.84893222","36.92982997"
"2013","2013-04-11 20:00","20","야간","목","1","1","0","0","0","강원","철원군","차대사람","횡단중","횡단중","운전자법규위반","안전운전 의무 불이행","단일로","기타단일로","승용차","대형","보행자","보행자","993394","2023248","127.42454336","38.20950391"
"2013","2013-04-09 17:00","08","주간","화","2","2","0","0","0","인천","강화군","차량단독","도로이탈","도로이탈 추락","운전자법규위반","안전운전 의무 불이행","교차로","교차로부근","화물차","소형","00","00","904514","1974793","126.41585259","37.76782012"
"2013","2013-07-29 04:00","33","야간","월","1","1","0","0","0","인천","남동구","차대사람","기타","기타","운전자법규위반","안전운전 의무 불이행","교차로","교차로부근","승용차","소형","보행자","보행자","931838","1939097","126.72938462","37.44854932"
"2013","2013-07-25 08:00","14","주간","목","1","1","0","0","0","경기","평택시","차대차","기타","기타","운전자법규위반","안전거리 미확보","교차로","교차로부근","자전거","자전거","승용차","소형","948750","1886642","126.92417979","36.97683056"
"2013","2013-07-27 20:00","15","야간","토","1","1","0","0","0","대구","달성군","차량단독","전도전복","전도전복","운전자법규위반","안전운전 의무 불이행","단일로","기타단일로","화물차","중형","00","00","1091032","1754164","128.50722356","35.77967079"
"2013","2013-07-27 01:00","20","야간","토","1","1","0","0","0","충남","예산군","차량단독","기타","기타","운전자법규위반","안전운전 의무 불이행","단일로","기타단일로","이륜차","소형","00","00","942054","1860568","126.85094157","36.74140919"
"2013","2013-07-31 00:00","30","야간","수","1","1","0","0","0","광주","광산구","차대사람","횡단중","횡단중","운전자법규위반","안전운전 의무 불이행","단일로","기타단일로","승용차","소형","보행자","보행자","937907","1687663","126.81803034","35.1823302"
"2013","2013-08-01 16:00","15","주간","목","1","1","0","0","0","대전","대덕구","차대사람","기타","기타","운전자법규위반","안전운전 의무 불이행","단일로","기타단일로","화물차","소형","보행자","보행자","992956","1824572","127.42142678","36.41864701"
"2013","2013-07-31 09:00","45","주간","수","1","1","0","0","0","인천","남구","차대사람","횡단중","횡단중","운전자법규위반","기타(운전자법규위반)","단일로","기타단일로","화물차","경형","보행자","보행자","926699","1941387","126.67106247","37.4687955"
"2013","2013-07-31 16:00","50","주간","수","1","3","2","0","0","경남","합천군","차량단독","공작물충돌","공작물충돌","운전자법규위반","안전운전 의무 불이행","단일로","기타단일로","화물차","소형","00","00","1067820","1724054","128.24788321","35.51008477"
"2013","2013-08-09 16:00","30","주간","금","1","2","0","0","1","경북","영천시","차량단독","전도전복","전도전복","운전자법규위반","안전운전 의무 불이행","기타/불명","기타/불명","농기계","농기계","00","00","1110402","1788857","128.72632422","36.09040702"
"2013","2013-08-10 18:00","56","야간","토","1","2","1","0","0","충북","청원군","차대차","기타","기타","운전자법규위반","신호위반","교차로","교차로내","이륜차","소형","이륜차","대형","1002080","1855460","127.52328504","36.69712903"
"2013","2013-08-05 10:00","35","주간","월","1","1","0","0","0","경기","시흥시","차대차","기타","기타","운전자법규위반","안전거리 미확보","교차로","교차로부근","이륜차","소형","승용차","대형","935763","1937660","126.77388109","37.43587859"
"2013","2013-08-14 21:00","40","야간","수","1","1","0","0","0","충남","당진시","차대사람","차도통행중","차도통행중","운전자법규위반","안전운전 의무 불이행","단일로","기타단일로","승합차","소형","보행자","보행자","932804","1876559","126.74592653","36.88494083"
"2013","2013-08-14 20:00","00","야간","수","1","2","0","1","0","제주","서귀포시","차대사람","횡단중","횡단중","운전자법규위반","안전운전 의무 불이행","단일로","기타단일로","화물차","소형","보행자","보행자","917235","1474714","126.61140816","33.26059389"
"2013","2013-08-15 20:00","00","야간","목","1","1","0","0","0","충남","홍성군","차대사람","기타","기타","운전자법규위반","안전운전 의무 불이행","단일로","기타단일로","이륜차","소형","보행자","보행자","924992","1844764","126.66139231","36.59775682"
"2013","2013-08-15 19:00","40","야간","목","1","1","0","0","0","충남","당진시","차대사람","기타","기타","운전자법규위반","안전운전 의무 불이행","단일로","기타단일로","승용차","경형","보행자","보행자","926596","1884706","126.6754763","36.95791228"
"2013","2013-08-13 22:00","22","야간","화","1","1","0","0","0","인천","남동구","차대사람","기타","기타","운전자법규위반","안전운전 의무 불이행","교차로","교차로부근","승용차","중형","보행자","보행자","932077","1938518","126.73213978","37.44334841"
"2013","2013-08-14 03:00","18","야간","수","1","1","0","0","0","인천","부평구","차대차","정면충돌","정면충돌","운전자법규위반","중앙선 침범","단일로","기타단일로","승용차","중형","화물차","소형","928555","1945302","126.69166933","37.50422594"
"2013","2013-08-14 00:00","45","야간","수","1","2","1","0","0","충남","천안시","차대차","기타","기타","운전자법규위반","신호위반","교차로","교차로내","승용차","중형","승합차","대형","970387","1862989","127.16820099","36.76454138"
"2013","2013-08-19 03:00","46","야간","월","1","1","0","0","0","경기","안산시","차량단독","공작물충돌","공작물충돌","운전자법규위반","안전운전 의무 불이행","단일로","기타단일로","승용차","대형","00","00","935022","1926439","126.76399519","37.33474177"
"2013","2013-08-19 12:00","20","주간","월","1","1","0","0","0","충남","부여군","차대차","기타","기타","운전자법규위반","중앙선 침범","기타/불명","기타/불명","이륜차","소형","건설기계","건설기계","945445","1808924","126.89257105","36.27605696"
"2013","2013-08-21 03:00","15","야간","수","2","3","1","0","0","대전","대덕구","차대차","측면직각충돌","측면직각충돌","운전자법규위반","안전운전 의무 불이행","단일로","기타단일로","승용차","소형","화물차","대형","992306","1826583","127.41415632","36.43677176"
"2013","2013-08-19 12:00","50","주간","월","1","1","0","0","0","전남","해남군","차량단독","전도전복","전도전복","운전자법규위반","안전운전 의무 불이행","단일로","기타단일로","이륜차","소형","00","00","922986","1623040","126.64784986","34.56758141"
"2013","2013-08-18 16:00","00","주간","일","1","1","0","0","0","전남","진도군","차대차","기타","기타","운전자법규위반","안전운전 의무 불이행","단일로","기타단일로","건설기계","건설기계","자전거","자전거","886300","1610409","126.26179238","34.48134284"
"2013","2013-08-18 21:00","45","야간","일","1","1","0","0","0","충북","충주시","차대사람","길가장자리구역통행중","길가장자리구역통행중","운전자법규위반","안전운전 의무 불이행","단일로","기타단일로","승용차","소형","보행자","보행자","1035932","1882215","127.9035202","36.93768841"
"2013","2013-08-18 08:00","00","주간","일","1","1","0","0","0","충남","아산시","차량단독","전도전복","전도전복","운전자법규위반","안전운전 의무 불이행","교차로","교차로내","농기계","농기계","00","00","964106","1863834","127.09778714","36.77194162"
"2013","2013-07-09 21:00","41","야간","화","1","1","0","0","0","서울","구로구","차대사람","기타","기타","운전자법규위반","안전운전 의무 불이행","단일로","기타단일로","승용차","중형","보행자","보행자","941246","1944525","126.83530793","37.49811806"
"2013","2013-07-17 17:00","38","주간","수","1","1","0","0","0","충남","부여군","차대차","측면직각충돌","측면직각충돌","운전자법규위반","교차로 통행방법 위반","교차로","교차로내","원동기장치자전거","원동기장치자전거","승용차","대형","933470","1802148","126.7597567","36.21425667"
"2013","2013-07-18 15:00","15","주간","목","1","1","0","0","0","대구","수성구","차대사람","기타","기타","운전자법규위반","안전운전 의무 불이행","교차로","교차로내","승합차","소형","보행자","보행자","1103735","1765158","128.64918021","35.87751573"
"2013","2013-07-17 11:00","35","주간","수","1","3","1","1","0","충남","금산군","차대사람","기타","기타","운전자법규위반","안전운전 의무 불이행","단일로","기타단일로","승용차","중형","보행자","보행자","992304","1796065","127.41443503","36.16163725"
"2013","2013-07-16 06:00","50","주간","화","1","1","0","0","0","경기","수원시","차대차","측면직각충돌","측면직각충돌","운전자법규위반","안전운전 의무 불이행","교차로","교차로부근","자전거","자전거","승합차","대형","957338","1916930","127.018943","37.25027351"
"2013","2013-09-17 20:00","45","야간","화","1","1","0","0","0","전북","김제시","차대사람","차도통행중","차도통행중","운전자법규위반","안전운전 의무 불이행","단일로","기타단일로","승용차","대형","보행자","보행자","935396","1751613","126.7853244","35.75894567"
"2013","2013-09-17 19:00","50","야간","화","1","1","0","0","0","부산","진구","차대차","측면직각충돌","측면직각충돌","운전자법규위반","부당한 회전","단일로","횡단보도상","이륜차","소형","승용차","중형","1142888","1687258","129.06906182","35.17045264"
"2013","2013-09-18 05:00","00","야간","수","1","1","0","0","0","부산","해운대구","차대사람","횡단중","횡단중","운전자법규위반","신호위반","단일로","횡단보도상","승용차","소형","보행자","보행자","1150443","1694220","129.15326529","35.23210093"
"2013","2013-09-16 14:00","40","주간","월","1","1","0","0","0","경기","성남시","차대사람","횡단중","횡단중","운전자법규위반","신호위반","교차로","교차로내","승용차","중형","보행자","보행자","967080","1932910","127.12808228","37.39470853"
"2013","2013-09-27 11:00","25","주간","금","1","1","0","0","0","충북","충주시","차량단독","공작물충돌","공작물충돌","운전자법규위반","안전운전 의무 불이행","단일로","교량위","승합차","대형","00","00","1031773","1896940","127.85742574","37.07051865"
"2013","2013-09-27 10:00","25","주간","금","1","2","0","1","0","충남","보령시","차대차","측면직각충돌","측면직각충돌","운전자법규위반","직진 및 우회전차의 통행방해","교차로","교차로내","이륜차","소형","화물차","소형","919356","1815082","126.60148004","36.32973945"
"2013","2013-09-27 09:00","50","주간","금","1","2","0","1","0","전남","여수시","차량단독","공작물충돌","공작물충돌","운전자법규위반","안전운전 의무 불이행","단일로","기타단일로","화물차","경형","00","00","1007099","1631249","127.57749119","34.67552776"
"2013","2013-09-27 13:00","55","주간","금","1","1","0","0","0","경기","김포시","차대사람","횡단중","횡단중","운전자법규위반","안전운전 의무 불이행","단일로","기타단일로","승용차","중형","보행자","보행자","929458","1961361","126.70033862","37.64902989"
"2013","2013-09-23 22:00","10","야간","월","1","1","0","0","0","경북","영천시","차대차","추돌","진행중 추돌","운전자법규위반","안전운전 의무 불이행","단일로","기타단일로","화물차","경형","자전거","자전거","1125306","1768298","128.88858118","35.90329454"
"2013","2013-09-23 10:00","40","주간","월","1","1","0","0","0","경남","거제시","차대차","정면충돌","정면충돌","운전자법규위반","안전운전 의무 불이행","단일로","기타단일로","승용차","중형","화물차","대형","1104146","1662984","128.64067412","34.95637284"
"2013","2013-09-23 14:00","50","주간","월","1","1","0","0","0","경기","남양주시","차대사람","기타","기타","운전자법규위반","안전운전 의무 불이행","교차로","교차로부근","승합차","대형","보행자","보행자","982608","1962029","127.30282077","37.6575964"
"2013","2013-09-23 06:00","00","주간","월","1","1","0","0","0","서울","구로구","차대사람","횡단중","횡단중","운전자법규위반","신호위반","단일로","횡단보도상","승용차","대형","보행자","보행자","944688","1944674","126.87423435","37.4996737"
"2013","2013-10-01 13:00","05","주간","화","1","1","0","0","0","충남","부여군","차량단독","공작물충돌","공작물충돌","운전자법규위반","안전운전 의무 불이행","단일로","기타단일로","화물차","소형","00","00","943132","1811708","126.86661611","36.30102102"
"2012","2012-06-26 03:00","45","야간","화","1","1","0","0","0","경기","의정부시","차대사람","횡단중","횡단중","운전자법규위반","안전운전 의무 불이행","단일로","교량위","승용차","중형","보행자","보행자","959749","1971072","127.04316578","37.73838379"
"2012","2012-06-26 11:00","25","주간","화","1","3","1","1","0","충남","논산시","차대차","기타","기타","운전자법규위반","교차로 통행방법 위반","교차로","교차로내","승용차","중형","승용차","소형","964349","1796992","127.1035903","36.16936915"
"2012","2012-06-26 11:00","55","주간","화","1","2","0","1","0","경기","남양주시","차대차","정면충돌","정면충돌","운전자법규위반","중앙선 침범","단일로","횡단보도부근","승용차","경형","승용차","경형","972844","1955023","127.17292026","37.61305184"
"2012","2012-06-24 19:00","18","야간","일","1","1","0","0","0","전북","순창군","차대사람","횡단중","횡단중","운전자법규위반","안전운전 의무 불이행","단일로","기타단일로","승용차","소형","보행자","보행자","970650","1709505","127.17685843","35.38078586"
"2012","2012-06-25 03:00","10","야간","월","1","2","1","0","0","충북","음성군","차량단독","공작물충돌","공작물충돌","운전자법규위반","안전운전 의무 불이행","단일로","기타단일로","이륜차","소형","00","00","1016569","1881325","127.68604848","36.93015115"
"2012","2012-07-01 00:00","57","야간","일","1","1","0","0","0","충남","아산시","차량단독","공작물충돌","공작물충돌","운전자법규위반","안전운전 의무 불이행","기타/불명","기타/불명","승용차","경형","00","00","956278","1869353","127.00975561","36.82136326"
"2012","2012-06-29 18:00","27","야간","금","1","11","4","6","0","강원","영월군","차대차","추돌","주정차중 추돌","운전자법규위반","과속","단일로","기타단일로","건설기계","건설기계","승용차","경형","1092150","1910061","128.53817401","37.18478427"
"2012","2012-06-30 01:00","10","야간","토","1","1","0","0","0","전남","고흥군","차량단독","공작물충돌","공작물충돌","운전자법규위반","안전운전 의무 불이행","단일로","기타단일로","화물차","소형","00","00","996621","1612714","127.46318933","34.50839734"
"2012","2012-06-29 00:00","09","야간","금","1","1","0","0","0","경기","하남시","차량단독","전도전복","전도전복","운전자법규위반","안전운전 의무 불이행","단일로","기타단일로","이륜차","소형","00","00","972027","1950056","127.18331941","37.5494178"
"2012","2012-07-06 02:00","24","야간","금","1","1","0","0","0","전남","목포시","차대사람","차도통행중","차도통행중","운전자법규위반","안전운전 의무 불이행","단일로","기타단일로","화물차","대형","보행자","보행자","896653","1646358","126.36947443","34.80646083"
"2012","2012-07-06 02:00","45","야간","금","1","1","0","0","0","경기","오산시","차량단독","공작물충돌","공작물충돌","운전자법규위반","안전운전 의무 불이행","교차로","교차로내","승용차","소형","00","00","959389","1909605","127.04632741","37.17767446"
"2012","2012-07-04 02:00","27","야간","수","1","1","0","0","0","세종","세종","차대차","추돌","진행중 추돌","운전자법규위반","중앙선 침범","단일로","기타단일로","화물차","대형","승용차","소형","981289","1847162","127.29111177","36.62474751"
"2012","2012-07-06 20:00","35","야간","금","1","1","0","0","0","경기","성남시","차대사람","횡단중","횡단중","운전자법규위반","안전운전 의무 불이행","교차로","교차로부근","화물차","소형","보행자","보행자","967902","1937945","127.13714987","37.44012091"
"2012","2012-07-11 20:00","37","야간","수","1","1","0","0","0","경기","이천시","차대사람","차도통행중","차도통행중","운전자법규위반","안전운전 의무 불이행","단일로","기타단일로","화물차","소형","보행자","보행자","998251","1906941","127.48101158","37.15858406"
"2012","2012-07-15 00:00","20","야간","일","1","1","0","0","0","충남","아산시","차량단독","공작물충돌","공작물충돌","운전자법규위반","안전운전 의무 불이행","교차로","교차로내","화물차","중형","00","00","950829","1865230","126.94892606","36.78392966"
"2012","2012-07-14 11:00","50","주간","토","1","1","0","0","0","전남","구례군","차대사람","횡단중","횡단중","운전자법규위반","안전운전 의무 불이행","단일로","기타단일로","화물차","소형","보행자","보행자","996093","1686133","127.45709517","35.17046433"
"2012","2012-07-14 22:00","42","야간","토","2","4","1","1","0","경북","포항시","차량단독","공작물충돌","공작물충돌","운전자법규위반","안전운전 의무 불이행","단일로","교량위","화물차","경형","00","00","1143339","1797585","129.34919779","36.07205516"
"2012","2012-07-22 00:00","07","야간","일","1","1","0","0","0","경북","경주시","차대사람","횡단중","횡단중","운전자법규위반","안전운전 의무 불이행","단일로","기타단일로","승용차","중형","보행자","보행자","1154540","1764405","129.21166552","35.86402843"
"2012","2012-07-21 05:00","30","야간","토","1","2","0","1","0","경기","동두천시","차대차","정면충돌","정면충돌","운전자법규위반","중앙선 침범","단일로","기타단일로","승용차","중형","승용차","중형","961074","1986144","127.0573936","37.87428397"
"2012","2012-07-18 14:00","30","주간","수","1","1","0","0","0","경기","화성시","차량단독","공작물충돌","공작물충돌","운전자법규위반","안전운전 의무 불이행","단일로","기타단일로","이륜차","중형","00","00","942672","1894851","126.85526925","37.05047432"
"2012","2012-07-25 11:00","53","주간","수","1","1","0","0","0","전북","남원시","차대사람","차도통행중","차도통행중","운전자법규위반","중앙선 침범","단일로","기타단일로","승용차","중형","보행자","보행자","989664","1713028","127.38615597","35.41293067"
"2012","2012-07-25 18:00","15","야간","수","1","1","0","0","0","충남","서산시","차대사람","횡단중","횡단중","운전자법규위반","안전운전 의무 불이행","단일로","기타단일로","승용차","대형","보행자","보행자","912388","1860217","126.51870047","36.73629374"
"2012","2012-07-23 22:00","34","야간","월","1","1","0","0","0","전북","전주시","차대사람","횡단중","횡단중","운전자법규위반","안전운전 의무 불이행","단일로","기타단일로","승용차","대형","보행자","보행자","965085","1759592","127.11342307","35.83220743"
"2012","2012-07-30 16:00","20","주간","월","1","1","0","0","0","부산","금정구","차대차","추돌","주정차중 추돌","운전자법규위반","안전운전 의무 불이행","단일로","교량위","화물차","소형","화물차","대형","1147344","1694423","129.11925801","35.23439098"
"2012","2012-07-29 20:00","30","야간","일","1","1","0","0","0","광주","동구","차대사람","횡단중","횡단중","운전자법규위반","안전운전 의무 불이행","단일로","기타단일로","승용차","중형","보행자","보행자","948207","1681333","126.93154718","35.12585623"
"2012","2012-07-28 22:00","00","야간","토","1","1","0","0","0","충남","논산시","차대차","정면충돌","정면충돌","운전자법규위반","직진 및 우회전차의 통행방해","교차로","교차로내","이륜차","소형","승합차","소형","973502","1798620","127.20530772","36.18434018"
"2012","2012-07-28 09:00","02","주간","토","2","8","6","0","0","강원","평창군","차대차","측면직각충돌","측면직각충돌","운전자법규위반","중앙선 침범","단일로","기타단일로","승용차","소형","승용차","소형","1078230","1954864","128.43083729","37.60623762"
"2013","2013-03-29 20:00","28","야간","금","1","2","1","0","0","광주","서구","차대차","기타","기타","운전자법규위반","보행자 보호의무 위반","단일로","횡단보도상","승용차","중형","승용차","중형","944887","1684344","126.89490948","35.15282923"
"2013","2013-03-27 19:00","20","야간","수","1","2","1","0","0","충북","괴산군","차대차","추돌","주정차중 추돌","운전자법규위반","안전운전 의무 불이행","단일로","기타단일로","승용차","중형","농기계","농기계","1023731","1847761","127.76445864","36.6268458"
"2013","2013-03-27 16:00","45","주간","수","1","2","1","0","0","충남","예산군","차대차","측면직각충돌","측면직각충돌","운전자법규위반","신호위반","교차로","교차로내","승용차","소형","승용차","대형","938650","1862767","126.81263867","36.76101727"
"2013","2013-03-28 02:00","09","야간","목","1","4","2","1","0","경기","안산시","차대사람","횡단중","횡단중","운전자법규위반","안전운전 의무 불이행","교차로","교차로내","승용차","경형","보행자","보행자","943178","1923165","126.85751404","37.30639406"
"2013","2013-03-27 18:00","09","야간","수","1","1","0","0","0","울산","동구","차대차","기타","기타","운전자법규위반","안전운전 의무 불이행","단일로","기타단일로","이륜차","소형","승용차","중형","1174428","1723940","129.42128501","35.50093364"
"2013","2013-03-29 15:00","10","주간","금","1","1","0","0","0","제주","제주시","차대차","기타","기타","운전자법규위반","신호위반","교차로","교차로내","화물차","소형","이륜차","소형","877752","1484915","126.18620823","33.34883081"
"2013","2013-04-02 08:00","40","주간","화","1","1","0","0","0","광주","북구","차량단독","공작물충돌","공작물충돌","운전자법규위반","안전운전 의무 불이행","교차로","교차로내","승용차","소형","00","00","944065","1688066","126.88563274","35.18634387"
"2013","2013-04-01 16:00","30","주간","월","1","1","0","0","0","충남","금산군","차량단독","도로이탈","도로이탈 기타","운전자법규위반","안전운전 의무 불이행","단일로","기타단일로","원동기장치자전거","원동기장치자전거","00","00","1000608","1803848","127.50676585","36.23183641"
"2013","2013-04-09 05:00","21","야간","화","1","1","0","0","0","전북","전주시","차대사람","횡단중","횡단중","운전자법규위반","보행자 보호의무 위반","교차로","교차로부근","승용차","대형","보행자","보행자","965374","1755321","127.11680786","35.79371025"
"2013","2013-04-11 16:00","45","주간","목","1","1","0","0","0","경기","가평군","차대사람","기타","기타","운전자법규위반","안전운전 의무 불이행","단일로","횡단보도상","승용차","중형","보행자","보행자","988256","1977025","127.36661175","37.79284946"
"2013","2013-04-11 10:00","50","주간","목","2","9","1","6","0","경북","김천시","차대차","측면직각충돌","측면직각충돌","운전자법규위반","중앙선 침범","단일로","기타단일로","화물차","소형","승합차","대형","1048027","1777498","128.03282881","35.99308769"
"2013","2013-02-20 15:00","33","주간","수","1","1","0","0","0","서울","영등포구","차대사람","횡단중","횡단중","운전자법규위반","안전운전 의무 불이행","단일로","기타단일로","화물차","중형","보행자","보행자","948738","1947220","126.91987372","37.52285509"
"2013","2013-02-28 14:00","15","주간","목","1","1","0","0","0","전북","정읍시","차대차","기타","기타","운전자법규위반","과속","단일로","기타단일로","화물차","소형","자전거","자전거","948102","1741246","126.92658299","35.66605044"
"2013","2013-02-28 15:00","50","주간","목","1","2","1","0","0","전남","화순군","차량단독","기타","기타","운전자법규위반","안전운전 의무 불이행","단일로","기타단일로","원동기장치자전거","원동기장치자전거","00","00","949648","1659535","126.94868349","34.92937722"
"2013","2013-02-28 11:00","45","주간","목","1","1","0","0","0","전북","정읍시","차대차","정면충돌","정면충돌","운전자법규위반","안전운전 의무 불이행","교차로","교차로부근","승용차","중형","화물차","소형","943761","1728420","126.87951557","35.55017325"