"발생년","발생년월일시","발생분","주야","요일","사망자수","사상자수","중상자수","경상자수","부상신고자수","발생지시도","발생지시군구","사고유형_대분류","사고유형_중분류","사고유형","법규위반_대분류","법규위반","도로형태_대분류","도로형태","당사자종별_1당_대분류","당사자종별_1당","당사자종별_2당_대분류","당사자종별_2당","발생위치X_UTMK","발생위치Y_UTMK","경도","위도"
"2013","2013-03-01 07:00","45","주간","금","1","1","0","0","0","경기","안성시","차량단독","공작물충돌","공작물충돌","운전자법규위반","안전운전 의무 불이행","교차로","교차로부근","이륜차","중형","00","00","970583","1889590","127.16936472","37.00434102"
"2013","2013-10-22 17:00","00","주간","화","1","1","0","0","0","전북","고창군","차량단독","기타","기타","운전자법규위반","안전운전 의무 불이행","단일로","기타단일로","원동기장치자전거","원동기장치자전거","00","00","917928","1706487","126.59673956","35.3506298"
"2013","2013-04-13 16:00","50","주간","토","1","1","0","0","0","전남","해남군","차량단독","공작물충돌","공작물충돌","운전자법규위반","안전운전 의무 불이행","단일로","기타단일로","화물차","소형","00","00","893291","1633865","126.32922518","34.69011064"
"2013","2013-03-14 19:00","15","야간","목","1","1","0","0","0","경북","상주시","차대차","추돌","진행중 추돌","운전자법규위반","안전운전 의무 불이행","단일로","기타단일로","화물차","소형","자전거","자전거","1047093","1819030","128.02495923","36.36755647"
"2013","2013-03-16 04:00","45","야간","토","1","1","0","0","0","대구","수성구","차대사람","횡단중","횡단중","운전자법규위반","안전운전 의무 불이행","교차로","교차로내","승용차","중형","보행자","보행자","1100450","1761047","128.61227724","35.84079994"
"2013","2013-08-12 12:00","20","주간","월","1","2","0","1","0","서울","노원구","차대차","측면직각충돌","측면직각충돌","운전자법규위반","신호위반","교차로","교차로부근","원동기장치자전거","원동기장치자전거","승용차","중형","962536","1962112","127.07525737","37.65774462"
"2013","2013-07-19 00:00","20","야간","금","1","2","0","1","0","전북","군산시","차대차","추돌","진행중 추돌","운전자법규위반","안전운전 의무 불이행","단일로","기타단일로","승용차","중형","화물차","대형","931580","1772134","126.74140185","35.94351202"
"2013","2013-07-16 11:00","55","주간","화","2","3","0","1","0","충남","당진시","차대차","정면충돌","정면충돌","운전자법규위반","안전운전 의무 불이행","단일로","기타단일로","화물차","소형","화물차","소형","936683","1863951","126.79050373","36.77156061"
"2013","2013-09-15 01:00","30","야간","일","1","1","0","0","0","경기","고양시","차대차","기타","기타","운전자법규위반","안전운전 의무 불이행","단일로","횡단보도부근","원동기장치자전거","원동기장치자전거","승용차","중형","942569","1969153","126.84834045","37.72017144"
"2013","2013-09-12 18:00","40","야간","목","1","1","0","0","0","경기","양평군","차대사람","횡단중","횡단중","운전자법규위반","안전운전 의무 불이행","단일로","기타단일로","승용차","소형","보행자","보행자","1018223","1950275","127.70630772","37.55163621"
"2013","2013-09-02 20:00","25","야간","월","1","1","0","0","0","전북","익산시","차대사람","횡단중","횡단중","운전자법규위반","안전운전 의무 불이행","교차로","교차로내","승용차","대형","보행자","보행자","954107","1772631","126.99112738","35.94931143"
"2013","2013-09-11 05:00","35","야간","수","1","1","0","0","0","부산","북구","차대차","측면직각충돌","측면직각충돌","운전자법규위반","부당한 회전","단일로","횡단보도상","자전거","자전거","승합차","소형","1137818","1697550","129.01512881","35.26393259"
"2013","2013-04-01 00:00","18","야간","월","1","1","0","0","0","충남","당진시","차대사람","차도통행중","차도통행중","운전자법규위반","안전운전 의무 불이행","단일로","기타단일로","화물차","중형","보행자","보행자","934862","1866275","126.76990137","36.79238577"
"2013","2013-03-29 17:00","00","주간","금","1","2","0","1","0","전남","영광군","차대차","정면충돌","정면충돌","운전자법규위반","안전운전 의무 불이행","교차로","교차로내","화물차","대형","화물차","소형","893370","1692967","126.32826385","35.22642367"
"2013","2013-03-29 15:00","00","주간","금","1","1","0","0","0","전남","무안군","차량단독","기타","기타","운전자법규위반","안전운전 의무 불이행","단일로","기타단일로","자전거","자전거","00","00","901814","1652652","126.42580727","34.86381517"
"2013","2013-04-16 18:00","30","야간","화","1","1","0","0","0","대구","동구","차량단독","공작물충돌","공작물충돌","운전자법규위반","안전운전 의무 불이행","단일로","기타단일로","화물차","경형","00","00","1101849","1775179","128.62957469","35.96804613"
"2013","2013-04-17 09:00","00","주간","수","1","1","0","0","0","대구","수성구","차대차","기타","기타","운전자법규위반","안전운전 의무 불이행","단일로","기타단일로","승용차","중형","자전거","자전거","1100572","1759762","128.61346603","35.82920381"
"2013","2013-04-17 12:00","00","주간","수","1","1","0","0","0","경북","포항시","차대차","기타","기타","운전자법규위반","안전운전 의무 불이행","단일로","기타단일로","승용차","중형","자전거","자전거","1167764","1783845","129.36217415","36.03703162"
"2013","2013-04-14 23:00","30","야간","일","1","1","0","0","0","울산","울주군","차량단독","공작물충돌","공작물충돌","운전자법규위반","안전운전 의무 불이행","교차로","교차로부근","승용차","중형","00","00","1159032","1730567","129.25469874","35.55835719"
"2013","2013-04-14 16:00","54","주간","일","1","3","0","2","0","전북","전주시","차대차","정면충돌","정면충돌","운전자법규위반","과속","단일로","기타단일로","승용차","중형","승용차","중형","966534","1765694","127.12920989","35.88727339"
"2013","2013-04-15 22:00","40","야간","월","1","1","0","0","0","서울","강서구","차대사람","횡단중","횡단중","운전자법규위반","안전운전 의무 불이행","단일로","기타단일로","승합차","대형","보행자","보행자","938164","1953529","126.79968458","37.57906919"
"2013","2013-04-14 19:00","20","야간","일","1","2","1","0","0","경북","구미시","차대차","기타","기타","운전자법규위반","중앙선 침범","단일로","기타단일로","승용차","경형","승합차","대형","1073142","1792784","128.31285967","36.12939222"
"2013","2013-04-12 10:00","40","주간","금","1","1","0","0","0","전북","완주군","차량단독","공작물충돌","공작물충돌","운전자법규위반","안전운전 의무 불이행","교차로","교차로내","승용차","소형","00","00","961258","1767392","127.0706726","35.90238762"
"2013","2013-04-13 00:00","13","야간","토","1","22","5","16","0","경기","광주시","차대차","정면충돌","정면충돌","운전자법규위반","중앙선 침범","단일로","기타단일로","화물차","소형","승합차","대형","973471","1926863","127.20050111","37.34040746"
"2013","2013-04-14 01:00","40","야간","일","1","2","1","0","0","경남","김해시","차대차","추돌","주정차중 추돌","운전자법규위반","안전운전 의무 불이행","단일로","기타단일로","이륜차","소형","화물차","대형","1114944","1698489","128.76385048","35.27528505"
"2013","2013-04-22 06:00","35","주간","월","1","1","0","0","0","부산","사하구","차량단독","전도전복","전도전복","운전자법규위반","안전운전 의무 불이행","단일로","기타단일로","원동기장치자전거","원동기장치자전거","00","00","1135460","1677474","128.98591648","35.08328662"
"2013","2013-04-20 08:00","50","주간","토","1","1","0","0","0","전남","나주시","차대사람","횡단중","횡단중","운전자법규위반","신호위반","교차로","교차로부근","건설기계","건설기계","보행자","보행자","931123","1671416","126.74487927","35.03541485"
"2013","2013-04-20 20:00","20","야간","토","1","1","0","0","0","충북","증평군","차대사람","횡단중","횡단중","운전자법규위반","안전운전 의무 불이행","단일로","기타단일로","승용차","소형","보행자","보행자","1006593","1865087","127.57359846","36.78375542"
"2013","2013-04-22 14:00","45","주간","월","1","2","1","0","0","경북","예천군","차대사람","기타","기타","운전자법규위반","안전운전 의무 불이행","단일로","기타단일로","승용차","경형","보행자","보행자","1085461","1851251","128.45618301","36.6553494"
"2013","2013-04-20 19:00","00","야간","토","1","1","0","0","0","광주","서구","차대사람","횡단중","횡단중","운전자법규위반","보행자 보호의무 위반","단일로","기타단일로","승용차","중형","보행자","보행자","940555","1684144","126.84736511","35.15077906"
"2013","2013-04-22 06:00","50","주간","월","1","1","0","0","0","충남","예산군","차량단독","기타","기타","운전자법규위반","안전운전 의무 불이행","단일로","기타단일로","승용차","경형","00","00","918682","1848110","126.59049856","36.62740002"
"2013","2013-04-22 11:00","30","주간","월","1","1","0","0","0","서울","광진구","차대사람","횡단중","횡단중","운전자법규위반","과속","단일로","기타단일로","화물차","중형","보행자","보행자","962409","1951188","127.07437901","37.55927868"
"2013","2013-04-20 03:00","10","야간","토","3","4","1","0","0","경북","구미시","차량단독","공작물충돌","공작물충돌","운전자법규위반","안전운전 의무 불이행","단일로","기타단일로","승용차","중형","00","00","1076726","1797570","128.35315289","36.17219664"
"2013","2013-02-26 22:00","00","야간","화","1","1","0","0","0","경기","양평군","차대차","측면직각충돌","측면직각충돌","운전자법규위반","중앙선 침범","단일로","기타단일로","화물차","소형","승용차","소형","1002822","1943684","127.53192343","37.49240327"
"2013","2013-02-27 11:00","50","주간","수","1","1","0","0","0","경기","포천시","차대사람","횡단중","횡단중","운전자법규위반","안전운전 의무 불이행","교차로","교차로내","승용차","중형","보행자","보행자","974431","1989088","127.20916217","37.9012911"
"2013","2013-03-03 00:00","15","야간","일","1","1","0","0","0","경기","성남시","차대사람","횡단중","횡단중","운전자법규위반","안전운전 의무 불이행","단일로","기타단일로","승용차","경형","보행자","보행자","967808","1938670","127.13605562","37.44665248"
"2013","2013-03-04 02:00","20","야간","월","1","1","0","0","0","충북","제천시","차대차","기타","기타","운전자법규위반","안전운전 의무 불이행","단일로","기타단일로","승용차","대형","특수차","대형","1065088","1901985","128.23261487","37.11427076"
"2013","2013-03-08 15:00","14","주간","금","1","1","0","0","0","경북","고령군","차량단독","공작물충돌","공작물충돌","운전자법규위반","안전운전 의무 불이행","단일로","기타단일로","화물차","소형","00","00","1067810","1744689","128.24994498","35.69698866"
"2013","2013-03-07 21:00","05","야간","목","1","1","0","0","0","경남","거제시","차대사람","기타","기타","운전자법규위반","안전운전 의무 불이행","단일로","기타단일로","승용차","대형","보행자","보행자","1100917","1648194","128.6035294","34.82335428"
"2013","2013-03-05 21:00","39","야간","화","1","1","0","0","0","전북","완주군","차대사람","횡단중","횡단중","운전자법규위반","안전운전 의무 불이행","교차로","교차로내","승용차","대형","보행자","보행자","974276","1751782","127.21543519","35.76207563"
"2013","2013-04-09 08:00","40","주간","화","1","1","0","0","0","충북","청원군","차량단독","전도전복","전도전복","운전자법규위반","안전운전 의무 불이행","단일로","기타단일로","화물차","중형","00","00","1010010","1856965","127.61207888","36.71064594"
"2013","2013-04-07 19:00","15","야간","일","1","1","0","0","0","경북","포항시","차량단독","도로이탈","도로이탈 추락","운전자법규위반","안전운전 의무 불이행","단일로","기타단일로","승용차","중형","00","00","1155829","1786380","129.2302525","36.06186044"
"2013","2013-04-08 21:00","32","야간","월","1","1","0","0","0","대구","동구","차대차","기타","기타","운전자법규위반","안전운전 의무 불이행","단일로","기타단일로","승용차","중형","승용차","중형","1102385","1764855","128.63418857","35.87492652"
"2013","2013-03-04 13:00","40","주간","월","1","3","1","1","0","경기","포천시","차대차","기타","기타","운전자법규위반","안전운전 의무 불이행","교차로","교차로부근","승용차","소형","승용차","중형","984205","1995691","127.32019222","37.96102588"
"2013","2013-03-09 22:00","10","야간","토","1","1","0","0","0","경남","창원시(통합)","차대사람","기타","기타","운전자법규위반","안전운전 의무 불이행","단일로","기타단일로","승용차","소형","보행자","보행자","1096731","1691267","128.56277567","35.21210123"
"2013","2013-03-06 19:00","53","야간","수","1","1","0","0","0","인천","부평구","차대차","측면직각충돌","측면직각충돌","운전자법규위반","안전운전 의무 불이행","단일로","기타단일로","승용차","중형","자전거","자전거","932568","1945739","126.73702864","37.50846651"
"2013","2013-03-06 12:00","28","주간","수","1","1","0","0","0","경기","안성시","차량단독","도로이탈","도로이탈 추락","운전자법규위반","안전운전 의무 불이행","단일로","기타단일로","농기계","농기계","00","00","998302","1901673","127.48088772","37.11372025"
"2013","2013-03-14 06:00","30","주간","목","1","1","0","0","0","경남","남해군","차량단독","도로이탈","도로이탈 추락","운전자법규위반","안전운전 의무 불이행","단일로","기타단일로","원동기장치자전거","원동기장치자전거","00","00","1044703","1655394","127.98924477","34.89230172"
"2013","2013-03-11 16:00","46","주간","월","1","2","0","0","1","제주","서귀포시","차량단독","공작물충돌","공작물충돌","운전자법규위반","안전운전 의무 불이행","단일로","기타단일로","화물차","소형","00","00","893472","1483263","126.35531355","33.33560532"
"2013","2013-03-12 16:00","40","주간","화","4","5","1","0","0","경북","군위군","차대사람","길가장자리구역통행중","길가장자리구역통행중","운전자법규위반","안전운전 의무 불이행","단일로","기타단일로","이륜차","중형","보행자","보행자","1096331","1807455","128.57233471","36.25954871"
"2013","2013-03-12 12:00","00","주간","화","1","1","0","0","0","경북","예천군","차대차","추돌","진행중 추돌","운전자법규위반","과속","단일로","기타단일로","화물차","중형","이륜차","소형","1083905","1848698","128.43849655","36.63247576"
"2013","2013-03-17 21:00","40","야간","일","1","2","0","1","0","전남","무안군","차대차","추돌","주정차중 추돌","운전자법규위반","안전운전 의무 불이행","단일로","기타단일로","화물차","소형","화물차","소형","902089","1669442","126.42684506","35.01521947"
"2013","2013-03-17 16:00","30","주간","일","1","1","0","0","0","경기","여주시","차량단독","도로이탈","도로이탈 기타","운전자법규위반","안전운전 의무 불이행","단일로","기타단일로","화물차","소형","00","00","1010268","1927822","127.61593439","37.34937408"
"2013","2013-03-16 15:00","49","주간","토","1","1","0","0","0","강원","춘천시","차량단독","도로이탈","도로이탈 추락","운전자법규위반","안전운전 의무 불이행","단일로","기타단일로","자전거","자전거","00","00","1020067","1981459","127.72804315","37.83266867"
"2013","2013-04-21 12:00","50","주간","일","1","1","0","0","0","울산","울주군","차량단독","공작물충돌","공작물충돌","운전자법규위반","안전운전 의무 불이행","단일로","기타단일로","이륜차","대형","00","00","1149826","1737696","129.15448405","35.62404474"
"2013","2013-04-20 15:00","55","주간","토","1","1","0","0","0","울산","동구","차량단독","전도전복","전도전복","운전자법규위반","안전운전 의무 불이행","단일로","기타단일로","이륜차","중형","00","00","1173601","1728207","129.41486478","35.53464373"
"2013","2013-04-20 08:00","25","주간","토","1","2","1","0","0","경남","창원시(통합)","차대사람","보도통행중","보도통행중","운전자법규위반","과속","단일로","기타단일로","승용차","중형","보행자","보행자","1105491","1686204","128.65835624","35.16557369"
"2013","2013-04-21 10:00","30","주간","일","1","2","1","0","0","경기","화성시","차량단독","전도전복","전도전복","운전자법규위반","안전운전 의무 불이행","단일로","기타단일로","승용차","대형","00","00","940879","1905250","126.83064547","37.08058045"
"2013","2013-04-20 20:00","30","야간","토","1","1","0","0","0","경기","화성시","차대차","추돌","진행중 추돌","운전자법규위반","안전운전 의무 불이행","단일로","기타단일로","화물차","소형","농기계","농기계","936498","1913399","126.78876091","37.22348814"
"2013","2013-04-19 14:00","30","주간","금","1","1","0","0","0","울산","북구","차대차","측면직각충돌","측면직각충돌","운전자법규위반","신호위반","교차로","교차로내","화물차","소형","이륜차","중형","1168385","1734063","129.35857683","35.58831677"
"2013","2013-04-18 10:00","10","주간","목","1","3","0","2","0","경남","남해군","차대차","추돌","진행중 추돌","운전자법규위반","안전거리 미확보","단일로","기타단일로","원동기장치자전거","원동기장치자전거","승용차","중형","1034481","1655321","127.8773712","34.89204222"
"2013","2013-04-05 19:00","00","야간","금","1","1","0","0","0","충남","예산군","차량단독","공작물충돌","공작물충돌","운전자법규위반","안전운전 의무 불이행","교차로","교차로내","이륜차","중형","00","00","938897","1863217","126.81536981","36.76508959"
"2013","2013-04-06 16:00","14","주간","토","1","1","0","0","0","부산","서구","차대사람","횡단중","횡단중","운전자법규위반","신호위반","단일로","횡단보도상","건설기계","건설기계","보행자","보행자","1137951","1680883","129.01388751","35.11361377"
"2013","2013-04-03 14:00","50","주간","수","1","1","0","0","0","강원","고성군","차량단독","전도전복","전도전복","운전자법규위반","안전운전 의무 불이행","단일로","기타단일로","특수차","중형","00","00","1091651","2031469","128.53792382","38.2939963"
"2013","2013-04-01 09:00","50","주간","월","1","1","0","0","0","경기","성남시","차대사람","차도통행중","차도통행중","운전자법규위반","안전운전 의무 불이행","교차로","교차로부근","승합차","대형","보행자","보행자","967177","1937244","127.12898549","37.43377695"
"2013","2013-04-11 00:00","02","야간","목","1","1","0","0","0","경북","포항시","차대차","기타","기타","운전자법규위반","안전운전 의무 불이행","교차로","교차로부근","승용차","소형","승용차","대형","1169550","1780151","129.38119752","36.00343537"
"2013","2013-04-09 13:00","30","주간","화","1","1","0","0","0","경기","수원시","차대사람","보도통행중","보도통행중","운전자법규위반","기타(운전자법규위반)","단일로","기타단일로","건설기계","건설기계","보행자","보행자","956083","1918016","127.00381161","37.26167123"
"2013","2013-04-10 04:00","00","야간","수","1","1","0","0","0","강원","영월군","차량단독","도로이탈","도로이탈 추락","운전자법규위반","안전운전 의무 불이행","단일로","기타단일로","화물차","경형","00","00","1068684","1920985","128.27483582","37.28526647"
"2013","2013-04-11 09:00","35","주간","목","1","1","0","0","0","경기","양주시","차대사람","차도통행중","차도통행중","운전자법규위반","안전운전 의무 불이행","교차로","교차로부근","화물차","대형","보행자","보행자","954363","1980659","126.98143547","37.82453738"
"2013","2013-04-10 23:00","25","야간","수","1","1","0","0","0","충북","청주시","차대사람","횡단중","횡단중","운전자법규위반","보행자 보호의무 위반","교차로","교차로내","승용차","중형","보행자","보행자","997566","1846529","127.47278038","36.61661567"
"2013","2013-04-06 07:00","00","주간","토","1","2","1","0","0","충남","태안군","차대차","기타","기타","운전자법규위반","중앙선 침범","단일로","기타단일로","화물차","소형","승용차","중형","889335","1862058","126.26031073","36.75015316"
"2013","2013-04-09 13:00","30","주간","화","1","1","0","0","0","전남","진도군","차량단독","기타","기타","운전자법규위반","안전운전 의무 불이행","단일로","기타단일로","화물차","소형","00","00","886021","1600425","126.2555407","34.3903919"
"2013","2013-04-07 00:00","08","야간","일","2","2","0","0","0","전남","광양시","차량단독","공작물충돌","공작물충돌","운전자법규위반","안전운전 의무 불이행","교차로","교차로부근","승용차","중형","00","00","1019641","1659708","127.71506199","34.93199772"
"2013","2013-02-21 05:00","00","야간","목","1","2","0","1","0","서울","마포구","차대차","추돌","주정차중 추돌","운전자법규위반","안전운전 의무 불이행","단일로","기타단일로","승용차","경형","화물차","대형","944601","1952542","126.87265636","37.57058333"
"2013","2013-02-21 10:00","54","주간","목","1","1","0","0","0","인천","강화군","차대차","기타","기타","운전자법규위반","안전운전 의무 불이행","단일로","기타단일로","원동기장치자전거","원동기장치자전거","승용차","중형","911343","1971884","126.49885683","37.74105614"
"2013","2013-02-21 08:00","45","주간","목","1","1","0","0","0","경기","파주시","차량단독","공작물충돌","공작물충돌","운전자법규위반","안전운전 의무 불이행","단일로","기타단일로","화물차","대형","00","00","941241","1992574","126.83137093","37.93117023"
"2013","2013-02-21 06:00","13","주간","목","1","3","1","1","0","경기","평택시","차대차","정면충돌","정면충돌","운전자법규위반","중앙선 침범","단일로","기타단일로","승용차","경형","승용차","중형","941970","1888716","126.84784765","36.99513144"
"2013","2013-02-28 19:00","56","야간","목","1","1","0","0","0","대전","유성구","차대사람","횡단중","횡단중","운전자법규위반","안전운전 의무 불이행","단일로","기타단일로","승용차","소형","보행자","보행자","983822","1812119","127.31550898","36.30255641"
"2013","2013-02-28 19:00","55","야간","목","1","1","0","0","0","광주","북구","차대사람","기타","기타","운전자법규위반","신호위반","단일로","횡단보도상","이륜차","소형","보행자","보행자","945948","1687829","126.90679685","35.18406529"
"2013","2013-10-05 19:00","40","야간","토","1","1","0","0","0","전남","나주시","차량단독","공작물충돌","공작물충돌","운전자법규위반","안전운전 의무 불이행","단일로","기타단일로","승용차","중형","00","00","938022","1667208","126.82082404","34.99791935"
"2013","2013-10-05 15:00","20","주간","토","1","1","0","0","0","경남","거제시","차대차","기타","기타","운전자법규위반","안전운전 의무 불이행","교차로","교차로부근","화물차","소형","승용차","중형","1109945","1656900","128.70337512","34.90090918"
"2013","2013-10-05 05:00","30","야간","토","1","1","0","0","0","강원","원주시","차대사람","횡단중","횡단중","운전자법규위반","안전운전 의무 불이행","단일로","기타단일로","승용차","중형","보행자","보행자","1040385","1926960","127.95592761","37.34078238"
"2013","2013-10-01 11:00","30","주간","화","1","1","0","0","0","충남","금산군","차대차","기타","기타","운전자법규위반","안전운전 의무 불이행","교차로","교차로부근","이륜차","소형","화물차","소형","997380","1798941","127.47086094","36.18759337"
"2013","2013-09-29 00:00","34","야간","일","1","1","0","0","0","서울","중구","차대사람","기타","기타","운전자법규위반","안전운전 의무 불이행","단일로","기타단일로","승용차","중형","보행자","보행자","955175","1951041","126.99248434","37.55763007"
"2013","2013-09-27 19:00","30","야간","금","1","1","0","0","0","경북","경주시","차대사람","기타","기타","운전자법규위반","안전운전 의무 불이행","단일로","기타단일로","승용차","중형","보행자","보행자","1152673","1751339","129.18850017","35.74656645"
"2013","2013-09-28 18:00","40","야간","토","1","1","0","0","0","충남","서산시","차대차","정면충돌","정면충돌","운전자법규위반","중앙선 침범","단일로","기타단일로","승용차","소형","승합차","대형","919430","1868838","126.59667827","36.81430025"
"2013","2013-09-28 17:00","30","주간","토","1","1","0","0","0","충남","당진시","차대차","측면직각충돌","측면직각충돌","운전자법규위반","신호위반","교차로","교차로내","자전거","자전거","승용차","경형","923113","1876950","126.63714497","36.88772532"
"2013","2013-09-28 18:00","57","야간","토","1","1","0","0","0","전북","익산시","차대사람","횡단중","횡단중","운전자법규위반","안전운전 의무 불이행","교차로","교차로내","화물차","소형","보행자","보행자","951066","1771748","126.95746378","35.94120294"
"2013","2013-10-07 01:00","00","야간","월","1","1","0","0","0","경북","의성군","차량단독","공작물충돌","공작물충돌","운전자법규위반","안전운전 의무 불이행","단일로","기타단일로","승용차","중형","00","00","1086520","1819468","128.46446868","36.36876539"
"2013","2013-10-04 11:00","45","주간","금","1","1","0","0","0","경북","성주군","차대차","기타","기타","운전자법규위반","안전거리 미확보","기타/불명","기타/불명","건설기계","건설기계","자전거","자전거","1076914","1762266","128.35181173","35.85391895"
"2013","2013-10-08 13:00","40","주간","화","1","1","0","0","0","경기","김포시","차량단독","공작물충돌","공작물충돌","운전자법규위반","안전운전 의무 불이행","단일로","기타단일로","승용차","중형","00","00","937826","1954199","126.79579999","37.58508504"
"2013","2013-10-09 17:00","00","주간","수","1","1","0","0","0","충남","논산시","차량단독","도로이탈","도로이탈 추락","운전자법규위반","안전운전 의무 불이행","단일로","기타단일로","이륜차","중형","00","00","966196","1805314","127.12376808","36.24446185"
"2013","2013-10-08 20:00","00","야간","화","1","12","1","10","0","충남","보령시","차대차","기타","기타","운전자법규위반","중앙선 침범","단일로","기타단일로","승합차","소형","승합차","대형","917822","1816120","126.58428095","36.33896658"
"2013","2013-10-10 14:00","29","주간","목","1","1","0","0","0","경기","평택시","차대차","기타","기타","운전자법규위반","안전운전 의무 불이행","단일로","기타단일로","이륜차","소형","승용차","중형","957535","1889969","127.02269299","37.00725825"
"2013","2013-10-10 05:00","10","야간","목","1","2","0","1","0","경기","시흥시","차대차","측면직각충돌","측면직각충돌","운전자법규위반","신호위반","교차로","교차로내","승용차","중형","승합차","대형","934104","1927004","126.75607921","37.33971857"
"2013","2013-10-07 17:00","00","주간","월","1","5","1","3","0","경기","파주시","차대사람","횡단중","횡단중","운전자법규위반","신호위반","단일로","횡단보도상","승용차","대형","보행자","보행자","937070","1985343","126.77963261","37.86209657"
"2013","2013-10-17 23:00","25","야간","목","1","2","0","1","0","경북","울진군","차대사람","기타","기타","운전자법규위반","안전운전 의무 불이행","교차로","교차로내","승용차","소형","보행자","보행자","1164609","1859718","129.34323813","36.72124173"
"2013","2013-10-14 05:00","30","야간","월","1","1","0","0","0","강원","춘천시","차량단독","공작물충돌","공작물충돌","운전자법규위반","안전운전 의무 불이행","단일로","기타단일로","이륜차","소형","00","00","1020276","1985432","127.73052969","37.86847292"
"2013","2013-10-14 12:00","20","주간","월","1","3","2","0","0","경북","봉화군","차량단독","공작물충돌","공작물충돌","운전자법규위반","안전운전 의무 불이행","단일로","기타단일로","승용차","중형","00","00","1133229","1885238","128.996451","36.95614028"
"2013","2013-09-04 19:00","25","야간","수","1","2","0","0","1","경남","진주시","차대사람","차도통행중","차도통행중","운전자법규위반","안전운전 의무 불이행","단일로","기타단일로","승용차","경형","보행자","보행자","1054226","1680973","128.09513129","35.12248201"
"2013","2013-09-09 09:00","51","주간","월","1","1","0","0","0","서울","성동구","차대사람","횡단중","횡단중","운전자법규위반","보행자 보호의무 위반","교차로","교차로부근","승용차","대형","보행자","보행자","960287","1949065","127.05046844","37.54005436"
"2013","2013-09-08 08:00","42","주간","일","1","1","0","0","0","전북","군산시","차대차","기타","기타","운전자법규위반","안전운전 의무 불이행","교차로","교차로부근","승용차","소형","승용차","중형","926509","1775069","126.68507472","35.96963371"
"2013","2013-09-09 19:00","50","야간","월","1","1","0","0","0","부산","강서구","차대차","기타","기타","운전자법규위반","안전운전 의무 불이행","단일로","기타단일로","원동기장치자전거","원동기장치자전거","승용차","소형","1128761","1686033","128.91378554","35.16131989"
"2013","2013-09-06 21:00","20","야간","금","1","4","0","3","0","경기","시흥시","차대차","정면충돌","정면충돌","운전자법규위반","중앙선 침범","단일로","기타단일로","승용차","소형","승용차","대형","930696","1924668","126.71820874","37.31858061"
"2013","2013-09-15 20:00","51","야간","일","1","2","0","1","0","부산","기장군","차대차","기타","기타","운전자법규위반","중앙선 침범","단일로","기타단일로","이륜차","중형","화물차","소형","1159133","1703450","129.25053182","35.31394358"
"2013","2013-09-14 02:00","40","야간","토","1","1","0","0","0","전북","김제시","차량단독","공작물충돌","공작물충돌","운전자법규위반","안전운전 의무 불이행","단일로","기타단일로","승용차","중형","00","00","951910","1766454","126.96714114","35.89351588"
"2013","2013-09-14 12:00","30","주간","토","1","1","0","0","0","경기","여주시","차량단독","공작물충돌","공작물충돌","운전자법규위반","안전운전 의무 불이행","단일로","기타단일로","승용차","소형","00","00","1015221","1908188","127.67145611","37.17232534"
"2013","2013-09-12 05:00","53","야간","목","1","4","0","2","1","부산","강서구","차대차","추돌","주정차중 추돌","운전자법규위반","차로위반(진로변경 위반)","교차로","교차로부근","승용차","중형","화물차","소형","1129753","1680758","128.9238463","35.11364112"
"2013","2013-09-17 17:00","17","주간","화","1","2","0","1","0","경기","용인시","차대차","정면충돌","정면충돌","운전자법규위반","신호위반","교차로","교차로내","승용차","중형","승합차","대형","986362","1908339","127.34637269","37.17371094"
"2013","2013-09-16 19:00","40","야간","월","1","1","0","0","0","인천","서구","차대차","기타","기타","운전자법규위반","안전운전 의무 불이행","단일로","기타단일로","자전거","자전거","화물차","중형","925996","1954043","126.66183797","37.58280372"
"2013","2013-02-05 06:00","50","주간","화","1","2","1","0","0","경남","진주시","차대사람","횡단중","횡단중","운전자법규위반","보행자 보호의무 위반","교차로","교차로내","승합차","대형","보행자","보행자","1056205","1687830","128.11731658","35.18420086"
"2013","2013-03-01 10:00","20","주간","금","1","1","0","0","0","전남","구례군","차량단독","전도전복","전도전복","운전자법규위반","안전운전 의무 불이행","단일로","기타단일로","농기계","농기계","00","00","998061","1689849","127.47869807","35.20397784"
"2013","2013-03-04 02:00","00","야간","월","1","1","0","0","0","경남","진주시","차대차","정면충돌","정면충돌","운전자법규위반","중앙선 침범","단일로","기타단일로","승용차","대형","이륜차","중형","1058474","1691539","128.14249966","35.21751376"
"2013","2013-03-01 17:00","08","주간","금","1","2","0","1","0","경북","안동시","차량단독","공작물충돌","공작물충돌","운전자법규위반","안전운전 의무 불이행","단일로","기타단일로","화물차","소형","00","00","1096012","1842133","128.57307597","36.57215887"
"2013","2013-03-09 21:00","30","야간","토","1","1","0","0","0","전남","영광군","차량단독","공작물충돌","공작물충돌","운전자법규위반","안전운전 의무 불이행","단일로","기타단일로","이륜차","소형","00","00","909477","1699674","126.50449543","35.28847573"
"2013","2013-03-06 23:00","20","야간","수","1","1","0","0","0","경북","칠곡군","차대사람","기타","기타","운전자법규위반","안전운전 의무 불이행","단일로","기타단일로","승용차","중형","보행자","보행자","1082131","1768693","128.41024571","35.91143477"