"발생년","발생년월일시","발생분","주야","요일","사망자수","사상자수","중상자수","경상자수","부상신고자수","발생지시도","발생지시군구","사고유형_대분류","사고유형_중분류","사고유형","법규위반_대분류","법규위반","도로형태_대분류","도로형태","당사자종별_1당_대분류","당사자종별_1당","당사자종별_2당_대분류","당사자종별_2당","발생위치X_UTMK","발생위치Y_UTMK","경도","위도"
"2013","2013-03-10 19:00","55","야간","일","1","1","0","0","0","강원","춘천시","차대사람","횡단중","횡단중","운전자법규위반","안전운전 의무 불이행","단일로","횡단보도상","승용차","중형","보행자","보행자","1019430","1991657","127.72107883","37.92459723"
"2013","2013-03-19 13:00","15","주간","화","1","1","0","0","0","부산","중구","차대차","측면직각충돌","측면직각충돌","운전자법규위반","신호위반","교차로","교차로내","원동기장치자전거","원동기장치자전거","승용차","중형","1140135","1679974","129.03760541","35.1051826"
"2013","2013-03-19 20:00","34","야간","화","1","1","0","0","0","부산","사하구","차대차","정면충돌","정면충돌","운전자법규위반","중앙선 침범","단일로","기타단일로","자전거","자전거","승용차","중형","1134902","1675235","128.97943298","35.06317841"
"2013","2013-03-16 17:00","00","주간","토","1","1","0","0","0","경기","안양시","차대사람","기타","기타","운전자법규위반","안전운전 의무 불이행","단일로","기타단일로","승용차","경형","보행자","보행자","946697","1934356","126.89770795","37.40679331"
"2013","2013-03-17 14:00","00","주간","일","1","3","1","0","1","강원","춘천시","차대차","추돌","진행중 추돌","운전자법규위반","안전운전 의무 불이행","단일로","기타단일로","이륜차","사발이","이륜차","사발이","1011922","1979337","127.63544801","37.81368562"
"2013","2013-03-25 07:00","40","주간","월","1","2","0","1","0","경북","영주시","차대차","측면직각충돌","측면직각충돌","운전자법규위반","안전운전 의무 불이행","단일로","기타단일로","승용차","중형","승용차","소형","1098777","1872572","128.60790582","36.84622915"
"2013","2013-03-31 00:00","25","야간","일","1","1","0","0","0","경기","평택시","차대사람","기타","기타","운전자법규위반","안전운전 의무 불이행","교차로","교차로부근","승용차","중형","보행자","보행자","963978","1888143","127.09519785","36.99106745"
"2013","2013-03-29 19:00","25","야간","금","1","1","0","0","0","경남","진주시","차대사람","기타","기타","운전자법규위반","안전운전 의무 불이행","단일로","기타단일로","화물차","소형","보행자","보행자","1045019","1694168","127.99480858","35.24191314"
"2013","2013-03-29 14:00","30","주간","금","1","1","0","0","0","경기","연천군","차량단독","공작물충돌","공작물충돌","운전자법규위반","안전운전 의무 불이행","단일로","기타단일로","이륜차","중형","00","00","962171","2001391","127.00123587","37.9348609"
"2013","2013-03-29 00:00","50","야간","금","1","2","0","1","0","충북","충주시","차대차","추돌","주정차중 추돌","운전자법규위반","안전운전 의무 불이행","교차로","교차로부근","승용차","중형","특수차","소형","1024453","1900267","127.77518985","37.10072842"
"2013","2013-03-27 15:00","00","주간","수","1","1","0","0","0","강원","춘천시","차량단독","전도전복","전도전복","운전자법규위반","안전운전 의무 불이행","단일로","기타단일로","승용차","대형","00","00","1020183","2000387","127.72989175","38.0032633"
"2013","2013-03-27 16:00","10","주간","수","1","2","1","0","0","제주","제주시","차량단독","기타","기타","운전자법규위반","안전운전 의무 불이행","단일로","기타단일로","승용차","중형","00","00","922309","1493242","126.66428424","33.42807374"
"2013","2013-04-02 12:00","45","주간","화","1","1","0","0","0","전남","여수시","차대사람","횡단중","횡단중","운전자법규위반","안전운전 의무 불이행","단일로","기타단일로","승용차","대형","보행자","보행자","1021155","1637566","127.73108113","34.73229916"
"2013","2013-04-03 16:00","35","주간","수","1","1","0","0","0","경남","합천군","차대사람","기타","기타","운전자법규위반","안전운전 의무 불이행","교차로","교차로내","화물차","소형","보행자","보행자","1059799","1730361","128.15990305","35.56746482"
"2013","2013-04-09 20:00","29","야간","화","1","1","0","0","0","전남","여수시","차대사람","횡단중","횡단중","운전자법규위반","안전운전 의무 불이행","교차로","교차로내","화물차","대형","보행자","보행자","1015645","1646535","127.67075062","34.81325917"
"2013","2013-04-11 05:00","45","야간","목","1","1","0","0","0","제주","제주시","차대사람","횡단중","횡단중","운전자법규위반","보행자 보호의무 위반","단일로","기타단일로","화물차","소형","보행자","보행자","912850","1502442","126.56165199","33.51031655"
"2013","2013-04-09 14:00","00","주간","화","1","1","0","0","0","경기","포천시","차대사람","기타","기타","운전자법규위반","안전운전 의무 불이행","기타/불명","기타/불명","건설기계","건설기계","보행자","보행자","967874","1982418","127.1348768","37.84096705"
"2013","2013-04-10 21:00","05","야간","수","1","1","0","0","0","전남","진도군","차량단독","공작물충돌","공작물충돌","운전자법규위반","안전운전 의무 불이행","기타/불명","기타/불명","화물차","소형","00","00","887290","1610551","126.2722119","34.48220544"
"2013","2013-04-07 17:00","50","주간","일","1","1","0","0","0","전남","나주시","차량단독","전도전복","전도전복","운전자법규위반","안전운전 의무 불이행","단일로","기타단일로","농기계","농기계","00","00","932920","1668976","126.7647759","35.0135352"
"2013","2013-02-26 19:00","10","야간","화","1","1","0","0","0","경북","성주군","차량단독","도로이탈","도로이탈 추락","운전자법규위반","안전운전 의무 불이행","단일로","기타단일로","화물차","소형","00","00","1064232","1772591","128.21220452","35.94791649"
"2013","2013-02-26 18:00","40","야간","화","1","1","0","0","0","경북","봉화군","차대사람","길가장자리구역통행중","길가장자리구역통행중","운전자법규위반","안전운전 의무 불이행","단일로","기타단일로","화물차","소형","보행자","보행자","1130761","1870604","128.96713617","36.82477903"
"2013","2013-08-12 21:00","00","야간","월","1","1","0","0","0","전남","여수시","차대사람","차도통행중","차도통행중","운전자법규위반","안전운전 의무 불이행","단일로","기타단일로","승용차","중형","보행자","보행자","1020653","1638339","127.72561665","34.73928017"
"2013","2013-08-24 19:00","39","야간","토","2","3","1","0","0","경남","함안군","차대차","정면충돌","정면충돌","운전자법규위반","신호위반","교차로","교차로부근","승용차","중형","승용차","대형","1072436","1701622","128.29678863","35.30751257"
"2013","2013-08-23 15:00","50","주간","금","1","1","0","0","0","서울","강남구","차대차","기타","기타","운전자법규위반","안전운전 의무 불이행","교차로","교차로내","승용차","중형","원동기장치자전거","원동기장치자전거","960529","1942501","127.0535602","37.48090095"
"2013","2013-08-22 12:00","45","주간","목","1","1","0","0","0","경기","부천시","차대사람","길가장자리구역통행중","길가장자리구역통행중","운전자법규위반","안전운전 의무 불이행","단일로","기타단일로","화물차","소형","보행자","보행자","938663","1947280","126.80830022","37.52180366"
"2013","2013-08-22 21:00","29","야간","목","1","1","0","0","0","경북","포항시","차량단독","공작물충돌","공작물충돌","운전자법규위반","안전운전 의무 불이행","단일로","기타단일로","원동기장치자전거","원동기장치자전거","00","00","1172180","1775684","129.40939322","35.96272236"
"2013","2013-08-22 10:00","10","주간","목","1","1","0","0","0","경북","울진군","차대사람","기타","기타","운전자법규위반","안전운전 의무 불이행","단일로","기타단일로","화물차","소형","보행자","보행자","1173484","1860453","129.44273386","36.7262837"
"2013","2013-08-24 00:00","25","야간","토","1","1","0","0","0","경기","여주시","차대사람","기타","기타","운전자법규위반","안전운전 의무 불이행","단일로","기타단일로","승용차","소형","보행자","보행자","1012592","1931535","127.64223741","37.38281385"
"2013","2013-08-23 09:00","10","주간","금","1","2","0","1","0","전남","영암군","차대차","측면직각충돌","측면직각충돌","운전자법규위반","직진 및 우회전차의 통행방해","교차로","교차로내","이륜차","소형","화물차","소형","927250","1655112","126.70384511","34.88813615"
"2013","2013-08-23 16:00","45","주간","금","1","1","0","0","0","전남","신안군","차대차","기타","기타","운전자법규위반","중앙선 침범","교차로","교차로부근","이륜차","사발이","화물차","소형","858870","1642635","125.95779534","34.76846073"
"2013","2013-08-23 09:00","50","주간","금","1","1","0","0","0","전북","전주시","차량단독","공작물충돌","공작물충돌","운전자법규위반","안전운전 의무 불이행","단일로","기타단일로","승용차","중형","00","00","961437","1754510","127.07327876","35.78625152"
"2013","2013-08-24 00:00","15","야간","토","1","1","0","0","0","제주","제주시","차대사람","기타","기타","운전자법규위반","안전운전 의무 불이행","단일로","기타단일로","승용차","중형","보행자","보행자","906788","1500090","126.49663536","33.48859406"
"2013","2013-08-21 08:00","50","주간","수","1","1","0","0","0","경기","수원시","차대사람","기타","기타","운전자법규위반","안전운전 의무 불이행","단일로","기타단일로","승용차","중형","보행자","보행자","957869","1921937","127.02037879","37.2969768"
"2013","2013-08-30 22:00","45","야간","금","1","1","0","0","0","경기","화성시","차량단독","공작물충돌","공작물충돌","운전자법규위반","안전운전 의무 불이행","기타/불명","기타/불명","승용차","소형","00","00","940457","1902485","126.82975452","37.11914679"
"2013","2013-08-30 00:00","10","야간","금","1","2","0","1","0","강원","철원군","차대차","기타","기타","운전자법규위반","중앙선 침범","교차로","교차로내","승합차","소형","화물차","소형","975825","2023451","127.22372013","38.21097313"
"2013","2013-08-31 12:00","50","주간","토","1","1","0","0","0","경기","이천시","차대차","측면직각충돌","측면직각충돌","운전자법규위반","안전운전 의무 불이행","단일로","기타단일로","승용차","소형","원동기장치자전거","원동기장치자전거","996202","1917585","127.4571697","37.25714716"
"2013","2013-07-18 07:00","56","주간","목","1","1","0","0","0","세종","세종","차대사람","기타","기타","운전자법규위반","안전운전 의무 불이행","단일로","기타단일로","화물차","대형","보행자","보행자","981182","1845105","127.28959227","36.60359565"
"2013","2013-07-18 09:00","10","주간","목","1","1","0","0","0","부산","해운대구","차대사람","기타","기타","운전자법규위반","안전운전 의무 불이행","단일로","기타단일로","화물차","소형","보행자","보행자","1147414","1691800","129.11955711","35.21073829"
"2013","2013-03-05 19:00","20","야간","화","1","1","0","0","0","대전","유성구","차대사람","횡단중","횡단중","운전자법규위반","안전운전 의무 불이행","교차로","교차로부근","승용차","중형","보행자","보행자","983290","1813640","127.31384143","36.3199717"
"2013","2013-03-04 22:00","55","야간","월","1","1","0","0","0","전남","여수시","차량단독","공작물충돌","공작물충돌","운전자법규위반","안전운전 의무 불이행","단일로","교량위","승용차","중형","00","00","1015603","1646227","127.67059623","34.81050177"
"2013","2013-03-05 19:00","12","야간","화","1","1","0","0","0","경북","김천시","차대차","기타","기타","운전자법규위반","안전운전 의무 불이행","단일로","기타단일로","자전거","자전거","화물차","소형","1052529","1785797","128.11676465","36.08947829"
"2013","2013-03-05 19:00","30","야간","화","1","1","0","0","0","경북","경산시","차대사람","횡단중","횡단중","운전자법규위반","안전운전 의무 불이행","단일로","횡단보도부근","화물차","소형","보행자","보행자","1114771","1771491","128.81901733","35.91342779"
"2013","2013-03-16 05:00","15","야간","토","1","2","1","0","0","대전","대덕구","차대사람","횡단중","횡단중","운전자법규위반","안전운전 의무 불이행","단일로","기타단일로","승용차","중형","보행자","보행자","993280","1823685","127.42504856","36.41065275"
"2013","2013-03-15 01:00","00","야간","금","1","1","0","0","0","경북","성주군","차량단독","공작물충돌","공작물충돌","운전자법규위반","안전운전 의무 불이행","단일로","기타단일로","승용차","중형","00","00","1077126","1762571","128.35418887","35.85665191"
"2013","2013-03-10 19:00","02","야간","일","1","1","0","0","0","광주","북구","차대사람","횡단중","횡단중","운전자법규위반","안전운전 의무 불이행","교차로","교차로부근","승용차","소형","보행자","보행자","947386","1687117","126.92216812","35.17796655"
"2013","2013-03-19 17:00","25","주간","화","1","1","0","0","0","경기","안성시","차량단독","도로이탈","도로이탈 추락","운전자법규위반","안전운전 의무 불이행","단일로","기타단일로","승용차","대형","00","00","969182","1894134","127.15343227","37.04525675"
"2013","2013-03-15 17:00","00","주간","금","1","1","0","0","0","경기","양평군","차대사람","기타","기타","운전자법규위반","안전운전 의무 불이행","교차로","교차로부근","승용차","소형","보행자","보행자","996741","1946662","127.46311988","37.5192445"
"2013","2013-03-15 19:00","15","야간","금","1","1","0","0","0","경북","포항시","차대사람","기타","기타","운전자법규위반","안전운전 의무 불이행","단일로","기타단일로","화물차","소형","보행자","보행자","1179229","1771797","129.49620281","35.89574801"
"2013","2013-03-23 09:00","30","주간","토","1","1","0","0","0","전남","해남군","차대사람","기타","기타","운전자법규위반","안전운전 의무 불이행","단일로","기타단일로","농기계","농기계","보행자","보행자","920358","1624231","126.63134871","34.60917187"
"2013","2013-03-23 07:00","15","주간","토","1","1","0","0","0","경기","용인시","차량단독","전도전복","전도전복","운전자법규위반","안전운전 의무 불이행","단일로","기타단일로","이륜차","사발이","00","00","983979","1906887","127.31956026","37.16058458"
"2013","2013-04-01 05:00","52","야간","월","1","2","1","0","0","전북","익산시","차량단독","도로이탈","도로이탈 기타","운전자법규위반","과속","단일로","기타단일로","승용차","소형","00","00","952694","1781217","126.97494763","36.02665178"
"2013","2013-09-06 02:00","08","야간","금","1","1","0","0","0","대구","서구","차대사람","횡단중","횡단중","운전자법규위반","안전운전 의무 불이행","단일로","횡단보도상","승용차","중형","보행자","보행자","1095413","1765884","128.55709045","35.88490687"
"2013","2013-09-06 09:00","20","주간","금","1","1","0","0","0","전북","완주군","차량단독","도로이탈","도로이탈 추락","운전자법규위반","안전운전 의무 불이행","단일로","기타단일로","승용차","중형","00","00","980490","1759969","127.28353264","35.83606936"
"2013","2013-08-11 20:00","40","야간","일","1","1","0","0","0","경기","성남시","차대차","측면직각충돌","측면직각충돌","운전자법규위반","안전운전 의무 불이행","교차로","교차로부근","승합차","소형","자전거","자전거","967142","1937238","127.12859014","37.43372163"
"2013","2013-08-20 07:00","30","주간","화","1","1","0","0","0","경기","시흥시","차대차","기타","기타","운전자법규위반","안전운전 의무 불이행","단일로","기타단일로","이륜차","대형","건설기계","건설기계","928195","1926463","126.68942889","37.33440428"
"2013","2013-08-18 20:00","20","야간","일","1","1","0","0","0","경기","김포시","차대사람","횡단중","횡단중","운전자법규위반","안전운전 의무 불이행","단일로","기타단일로","승합차","대형","보행자","보행자","923500","1958182","126.63798579","37.62397299"
"2013","2013-08-17 20:00","00","야간","토","1","2","0","1","0","광주","북구","차대사람","기타","기타","운전자법규위반","안전운전 의무 불이행","단일로","기타단일로","자전거","자전거","보행자","보행자","941415","1691079","126.85631351","35.21335967"
"2013","2013-08-18 20:00","30","야간","일","1","1","0","0","0","인천","남동구","차대사람","횡단중","횡단중","운전자법규위반","안전운전 의무 불이행","단일로","기타단일로","승용차","중형","보행자","보행자","930803","1939937","126.71760541","37.45604328"
"2013","2013-08-16 10:00","53","주간","금","1","1","0","0","0","서울","중랑구","차대차","기타","기타","운전자법규위반","안전운전 의무 불이행","단일로","터널안","승용차","중형","자전거","자전거","963604","1955622","127.08768865","37.5992917"
"2013","2013-08-24 04:00","55","야간","토","1","1","0","0","0","충남","아산시","차대차","추돌","진행중 추돌","운전자법규위반","안전운전 의무 불이행","단일로","기타단일로","승용차","중형","화물차","대형","955573","1880177","127.00121696","36.91890103"
"2013","2013-08-24 14:00","35","주간","토","1","4","3","0","0","충남","예산군","차대차","정면충돌","정면충돌","운전자법규위반","안전운전 의무 불이행","교차로","교차로내","화물차","소형","승합차","경형","936017","1854586","126.78382584","36.6870985"
"2013","2013-07-12 04:00","14","야간","금","1","1","0","0","0","경기","광명시","차량단독","기타","기타","운전자법규위반","안전운전 의무 불이행","단일로","기타단일로","화물차","소형","00","00","942920","1939565","126.85462956","37.45351798"
"2013","2013-07-20 08:00","45","주간","토","1","2","1","0","0","경북","칠곡군","차대사람","횡단중","횡단중","운전자법규위반","신호위반","교차로","교차로내","승용차","중형","보행자","보행자","1076099","1785396","128.34500492","36.06250015"
"2013","2013-07-17 15:00","20","주간","수","1","1","0","0","0","부산","사상구","차대사람","기타","기타","운전자법규위반","안전운전 의무 불이행","단일로","기타단일로","화물차","소형","보행자","보행자","1136323","1683063","128.99630097","35.13355062"
"2013","2013-07-17 09:00","45","주간","수","1","1","0","0","0","경북","영주시","차대사람","횡단중","횡단중","운전자법규위반","안전운전 의무 불이행","교차로","교차로내","화물차","소형","보행자","보행자","1100553","1869968","128.62747783","36.82257217"
"2013","2013-07-24 07:00","40","주간","수","1","3","1","1","0","충남","당진시","차대차","기타","기타","운전자법규위반","안전거리 미확보","단일로","기타단일로","승용차","소형","특수차","중형","922327","1878140","126.62824066","36.89834317"
"2013","2013-07-24 17:00","00","주간","수","1","1","0","0","0","경북","고령군","차량단독","도로이탈","도로이탈 추락","운전자법규위반","안전운전 의무 불이행","단일로","기타단일로","이륜차","소형","00","00","1070906","1745325","128.28377932","35.70164181"
"2013","2013-07-29 22:00","45","야간","월","1","1","0","0","0","광주","광산구","차대차","측면직각충돌","측면직각충돌","운전자법규위반","안전운전 의무 불이행","단일로","기타단일로","승용차","중형","자전거","자전거","934560","1682515","126.78168065","35.13571878"
"2013","2013-08-06 09:00","50","주간","화","1","1","0","0","0","대구","동구","차대사람","횡단중","횡단중","운전자법규위반","중앙선 침범","단일로","기타단일로","화물차","중형","보행자","보행자","1101366","1765783","128.62302045","35.88339791"
"2013","2013-08-06 18:00","08","야간","화","1","1","0","0","0","대전","중구","차대사람","횡단중","횡단중","운전자법규위반","안전운전 의무 불이행","단일로","기타단일로","화물차","소형","보행자","보행자","991185","1815054","127.40177989","36.33282414"
"2013","2013-08-06 04:00","50","야간","화","1","1","0","0","0","경남","창녕군","차대차","기타","기타","운전자법규위반","안전운전 의무 불이행","단일로","기타단일로","화물차","중형","농기계","농기계","1087837","1732576","128.46951961","35.58534317"
"2013","2013-08-28 19:00","40","야간","수","1","1","0","0","0","경북","경주시","차대차","기타","기타","운전자법규위반","안전운전 의무 불이행","단일로","기타단일로","승용차","중형","승용차","중형","1156465","1766873","129.23346247","35.88596442"
"2013","2013-08-28 20:00","15","야간","수","1","1","0","0","0","대구","북구","차대차","측면직각충돌","측면직각충돌","운전자법규위반","안전거리 미확보","단일로","교량위","이륜차","소형","승용차","대형","1099878","1765004","128.60644021","35.87652865"
"2013","2013-09-03 16:00","00","주간","화","1","1","0","0","0","경기","용인시","차대사람","횡단중","횡단중","운전자법규위반","중앙선 침범","단일로","횡단보도상","승합차","중형","보행자","보행자","963471","1924050","127.08774707","37.31471228"
"2013","2013-09-04 14:00","25","주간","수","1","1","0","0","0","경남","통영시","차량단독","공작물충돌","공작물충돌","운전자법규위반","안전운전 의무 불이행","단일로","기타단일로","화물차","중형","00","00","1065781","1650335","128.21951849","34.84553784"
"2013","2013-08-11 14:00","51","주간","일","1","1","0","0","0","경남","합천군","차량단독","공작물충돌","공작물충돌","운전자법규위반","안전운전 의무 불이행","단일로","기타단일로","화물차","소형","00","00","1055667","1728617","128.11418743","35.55198173"
"2013","2013-08-11 16:00","45","주간","일","1","5","4","0","0","충남","아산시","차대차","정면충돌","정면충돌","운전자법규위반","중앙선 침범","단일로","기타단일로","승용차","중형","승용차","중형","961605","1856983","127.07010726","36.71008476"
"2013","2013-08-12 18:00","10","야간","월","1","1","0","0","0","전북","김제시","차대차","측면직각충돌","측면직각충돌","운전자법규위반","안전운전 의무 불이행","단일로","기타단일로","원동기장치자전거","원동기장치자전거","농기계","농기계","931223","1763157","126.73821998","35.86255668"
"2013","2013-08-12 19:00","50","야간","월","1","1","0","0","0","경북","포항시","차대사람","횡단중","횡단중","운전자법규위반","중앙선 침범","교차로","교차로부근","승용차","대형","보행자","보행자","1154007","1786972","129.2101455","36.0674857"
"2013","2013-08-10 23:00","15","야간","토","1","1","0","0","0","경기","평택시","차대사람","횡단중","횡단중","운전자법규위반","안전운전 의무 불이행","단일로","기타단일로","승용차","중형","보행자","보행자","947888","1888362","126.9143764","36.99228725"
"2013","2013-08-21 05:00","25","야간","수","1","4","1","2","0","경기","시흥시","차대차","추돌","진행중 추돌","운전자법규위반","중앙선 침범","단일로","기타단일로","원동기장치자전거","원동기장치자전거","승용차","소형","938223","1932833","126.80209018","37.39253977"
"2013","2013-08-20 22:00","35","야간","화","1","1","0","0","0","광주","광산구","차대사람","횡단중","횡단중","운전자법규위반","보행자 보호의무 위반","단일로","횡단보도상","승합차","중형","보행자","보행자","935617","1681855","126.79333372","35.12983606"
"2013","2013-09-09 21:00","21","야간","월","1","1","0","0","0","경기","고양시","차대사람","횡단중","횡단중","운전자법규위반","안전운전 의무 불이행","단일로","기타단일로","승용차","중형","보행자","보행자","936577","1963657","126.78083358","37.67024249"
"2013","2013-09-08 04:00","50","야간","일","1","2","0","1","0","전북","완주군","차대차","정면충돌","정면충돌","운전자법규위반","중앙선 침범","단일로","기타단일로","화물차","소형","승용차","경형","971071","1772420","127.17923256","35.94805917"
"2013","2013-09-08 17:00","21","주간","일","1","2","1","0","0","전북","임실군","차량단독","공작물충돌","공작물충돌","운전자법규위반","안전운전 의무 불이행","단일로","기타단일로","승용차","중형","00","00","966256","1733669","127.12747742","35.59852199"
"2013","2013-09-14 23:00","39","야간","토","1","1","0","0","0","서울","서대문구","차대사람","기타","기타","운전자법규위반","안전운전 의무 불이행","단일로","기타단일로","승용차","대형","보행자","보행자","950888","1954519","126.94371513","37.58875912"
"2013","2013-09-15 00:00","50","야간","일","1","1","0","0","0","경남","거제시","차대차","측면직각충돌","측면직각충돌","운전자법규위반","안전운전 의무 불이행","교차로","교차로부근","승용차","소형","이륜차","소형","1102777","1655824","128.6248012","34.89195952"
"2013","2013-09-14 19:00","30","야간","토","1","1","0","0","0","경남","김해시","차대사람","횡단중","횡단중","운전자법규위반","안전운전 의무 불이행","교차로","교차로부근","승용차","중형","보행자","보행자","1110100","1701525","128.71100738","35.30319922"
"2013","2013-09-13 01:00","03","야간","금","1","1","0","0","0","서울","종로구","차대사람","기타","기타","운전자법규위반","안전운전 의무 불이행","교차로","교차로부근","승용차","중형","보행자","보행자","955168","1952256","126.99233078","37.56858078"
"2013","2013-09-13 06:00","30","주간","금","1","1","0","0","0","인천","서구","차대사람","횡단중","횡단중","운전자법규위반","안전운전 의무 불이행","단일로","기타단일로","승용차","대형","보행자","보행자","927532","1943907","126.68023362","37.49157339"
"2013","2013-09-19 21:00","30","야간","목","1","1","0","0","0","전남","목포시","차대사람","횡단중","횡단중","운전자법규위반","과속","단일로","기타단일로","승용차","중형","보행자","보행자","897711","1645504","126.38199746","34.79876319"
"2013","2013-09-21 01:00","40","야간","토","1","1","0","0","0","강원","강릉시","차량단독","도로이탈","도로이탈 추락","운전자법규위반","안전운전 의무 불이행","단일로","기타단일로","승용차","중형","00","00","1131323","1969435","128.99011702","37.7149115"
"2013","2013-09-19 09:00","30","주간","목","1","1","0","0","0","경기","동두천시","차량단독","공작물충돌","공작물충돌","운전자법규위반","안전운전 의무 불이행","단일로","기타단일로","승용차","경형","00","00","967977","1989876","127.13571655","37.90818896"
"2013","2013-09-23 05:00","25","야간","월","1","2","1","0","0","경북","영주시","차대차","추돌","진행중 추돌","운전자법규위반","과속","단일로","교량위","화물차","소형","화물차","소형","1105212","1873153","128.68014929","36.85077104"
"2013","2013-09-19 09:00","10","주간","목","1","7","3","3","0","전북","완주군","차대사람","차도통행중","차도통행중","운전자법규위반","안전운전 의무 불이행","단일로","기타단일로","승용차","소형","보행자","보행자","961653","1767504","127.07504437","35.90341296"
"2013","2013-09-21 22:00","40","야간","토","1","1","0","0","0","울산","남구","차대사람","횡단중","횡단중","운전자법규위반","안전운전 의무 불이행","단일로","기타단일로","승용차","중형","보행자","보행자","1164959","1728138","129.31957129","35.53549756"
"2013","2013-09-17 19:00","35","야간","화","1","4","1","1","1","전남","해남군","차대차","기타","기타","운전자법규위반","중앙선 침범","단일로","기타단일로","승용차","중형","농기계","농기계","922013","1623912","126.64942727","34.60642262"
"2013","2013-09-17 06:00","06","주간","화","1","4","0","2","1","부산","해운대구","차대차","측면직각충돌","측면직각충돌","운전자법규위반","과속","교차로","교차로내","승용차","경형","화물차","소형","1150427","1694228","129.1534914","35.2324134"
"2013","2013-09-18 08:00","55","주간","수","1","1","0","0","0","경북","경주시","차량단독","공작물충돌","공작물충돌","운전자법규위반","안전운전 의무 불이행","단일로","기타단일로","원동기장치자전거","원동기장치자전거","00","00","1155019","1779408","129.21989554","35.99915948"
"2013","2013-09-17 11:00","20","주간","화","1","1","0","0","0","부산","사상구","차대사람","기타","기타","운전자법규위반","안전운전 의무 불이행","단일로","기타단일로","화물차","소형","보행자","보행자","1135122","1685628","128.98354218","35.15683406"
"2013","2013-09-26 10:00","00","주간","목","1","1","0","0","0","경기","구리시","차대사람","기타","기타","운전자법규위반","안전운전 의무 불이행","교차로","교차로부근","승용차","중형","보행자","보행자","967679","1956223","127.13390797","37.60405901"
"2013","2013-09-27 11:00","11","주간","금","1","1","0","0","0","경북","청도군","차대차","측면직각충돌","측면직각충돌","운전자법규위반","안전운전 의무 불이행","교차로","교차로내","원동기장치자전거","원동기장치자전거","화물차","소형","1115073","1732166","128.77002616","35.57885461"
"2013","2013-09-27 04:00","37","야간","금","1","1","0","0","0","광주","광산구","차량단독","도로이탈","도로이탈 추락","운전자법규위반","안전운전 의무 불이행","단일로","기타단일로","승용차","중형","00","00","938055","1690016","126.81947868","35.20357324"
"2013","2013-09-27 18:00","47","야간","금","1","1","0","0","0","전남","나주시","차대사람","횡단중","횡단중","운전자법규위반","안전운전 의무 불이행","교차로","교차로내","승용차","중형","보행자","보행자","928414","1671812","126.71514792","35.03879695"
"2013","2013-09-23 03:00","48","야간","월","1","1","0","0","0","부산","해운대구","차량단독","공작물충돌","공작물충돌","운전자법규위반","안전운전 의무 불이행","단일로","교량위","승용차","중형","00","00","1147567","1683645","129.11977847","35.13721017"
"2013","2013-09-24 11:00","48","주간","화","1","2","1","0","0","경기","양평군","차량단독","공작물충돌","공작물충돌","운전자법규위반","안전운전 의무 불이행","단일로","기타단일로","승용차","중형","00","00","1006721","1942254","127.57523036","37.47312138"
"2013","2013-09-25 05:00","40","야간","수","1","1","0","0","0","서울","양천구","차량단독","전도전복","전도전복","운전자법규위반","안전운전 의무 불이행","단일로","기타단일로","이륜차","소형","00","00","940950","1945949","126.83184508","37.51093375"
"2013","2013-09-25 00:00","45","야간","수","1","1","0","0","0","강원","강릉시","차량단독","공작물충돌","공작물충돌","운전자법규위반","안전운전 의무 불이행","단일로","기타단일로","승용차","중형","00","00","1122219","1979409","128.88803067","37.80589085"
"2013","2013-09-24 15:00","20","주간","화","1","1","0","0","0","경북","영주시","차대차","추돌","주정차중 추돌","운전자법규위반","안전운전 의무 불이행","단일로","기타단일로","건설기계","건설기계","화물차","소형","1095798","1864589","128.57349295","36.77458401"
"2013","2013-10-03 05:00","50","야간","목","1","1","0","0","0","서울","서대문구","차량단독","공작물충돌","공작물충돌","운전자법규위반","안전운전 의무 불이행","단일로","기타단일로","원동기장치자전거","원동기장치자전거","00","00","948537","1952245","126.91710232","37.56820357"
"2013","2013-10-02 11:00","25","주간","수","1","1","0","0","0","경북","경주시","차대차","측면직각충돌","측면직각충돌","운전자법규위반","신호위반","교차로","교차로내","화물차","대형","원동기장치자전거","원동기장치자전거","1159455","1757552","129.26471216","35.80148204"
"2013","2013-10-02 08:00","50","주간","수","1","1","0","0","0","경북","경주시","차대차","기타","기타","운전자법규위반","안전운전 의무 불이행","기타/불명","기타/불명","화물차","대형","화물차","소형","1156470","1766884","129.23352","35.88606275"
"2013","2013-09-29 08:00","10","주간","일","4","4","0","0","0","충북","충주시","차량단독","공작물충돌","공작물충돌","운전자법규위반","안전운전 의무 불이행","단일로","기타단일로","승용차","중형","00","00","1027564","1898725","127.75121144","37.1051806"
"2013","2013-09-30 01:00","50","야간","월","1","2","0","1","0","부산","남구","차대차","추돌","주정차중 추돌","운전자법규위반","안전운전 의무 불이행","단일로","기타단일로","승용차","소형","승용차","중형","1146822","1680757","129.11109101","35.11128768"
"2013","2013-09-29 04:00","30","야간","일","1","1","0","0","0","전남","광양시","차량단독","공작물충돌","공작물충돌","운전자법규위반","안전운전 의무 불이행","교차로","교차로부근","승용차","경형","00","00","1007252","1663169","127.57943714","34.96337171"
"2013","2013-10-06 23:00","50","야간","일","1","2","1","0","0","인천","남구","차대차","기타","기타","운전자법규위반","중앙선 침범","기타/불명","기타/불명","이륜차","소형","이륜차","소형","924156","1940622","126.64238617","37.46169555"