"발생년","발생년월일시","발생분","주야","요일","사망자수","사상자수","중상자수","경상자수","부상신고자수","발생지시도","발생지시군구","사고유형_대분류","사고유형_중분류","사고유형","법규위반_대분류","법규위반","도로형태_대분류","도로형태","당사자종별_1당_대분류","당사자종별_1당","당사자종별_2당_대분류","당사자종별_2당","발생위치X_UTMK","발생위치Y_UTMK","경도","위도"
"2013","2013-10-04 16:00","50","주간","금","1","1","0","0","0","경북","칠곡군","차대사람","횡단중","횡단중","운전자법규위반","안전운전 의무 불이행","단일로","기타단일로","승용차","중형","보행자","보행자","1075072","1785663","128.33362757","36.06498697"
"2013","2013-10-05 08:00","25","주간","토","1","2","1","0","0","경남","함안군","차대차","정면충돌","정면충돌","운전자법규위반","중앙선 침범","교차로","교차로부근","승용차","대형","화물차","소형","1078151","1700075","128.35949946","35.29313435"
"2013","2013-10-10 19:00","15","야간","목","1","1","0","0","0","대전","서구","차대사람","기타","기타","운전자법규위반","안전운전 의무 불이행","단일로","기타단일로","승합차","중형","보행자","보행자","987784","1812250","127.36392868","36.30750771"
"2013","2013-10-10 16:00","20","주간","목","1","3","2","0","0","경기","가평군","차량단독","공작물충돌","공작물충돌","운전자법규위반","안전운전 의무 불이행","교차로","교차로내","승용차","중형","00","00","988144","1977457","127.3653326","37.79674171"
"2013","2013-10-11 08:00","15","주간","금","1","1","0","0","0","전남","광양시","차대사람","기타","기타","운전자법규위반","안전운전 의무 불이행","기타/불명","기타/불명","승용차","대형","보행자","보행자","1009501","1663288","127.60399156","34.9645029"
"2013","2013-10-10 18:00","40","야간","목","1","1","0","0","0","전남","화순군","차대사람","횡단중","횡단중","운전자법규위반","안전운전 의무 불이행","단일로","기타단일로","승합차","중형","보행자","보행자","952740","1674003","126.98163827","35.06005704"
"2013","2013-10-09 02:00","25","야간","수","1","2","0","1","0","제주","제주시","차량단독","공작물충돌","공작물충돌","운전자법규위반","과속","단일로","기타단일로","승용차","중형","00","00","905179","1499383","126.47939272","33.48207673"
"2013","2013-10-08 13:00","20","주간","화","1","1","0","0","0","광주","서구","차대차","측면직각충돌","측면직각충돌","운전자법규위반","안전운전 의무 불이행","교차로","교차로내","자전거","자전거","승용차","중형","940640","1685236","126.84831395","35.16051893"
"2013","2013-10-09 20:00","03","야간","수","1","1","0","0","0","전북","김제시","차대차","추돌","진행중 추돌","운전자법규위반","안전운전 의무 불이행","단일로","기타단일로","승용차","소형","화물차","대형","943655","1767845","126.87557805","35.90561588"
"2013","2013-01-30 06:00","55","주간","수","1","1","0","0","0","경기","남양주시","차대사람","횡단중","횡단중","운전자법규위반","안전운전 의무 불이행","단일로","기타단일로","승용차","경형","보행자","보행자","972469","1967648","127.18766035","37.70799372"
"2013","2013-02-12 06:00","50","주간","화","1","1","0","0","0","경남","통영시","차대사람","횡단중","횡단중","운전자법규위반","안전운전 의무 불이행","단일로","횡단보도상","승합차","대형","보행자","보행자","1084897","1651632","128.42872081","34.85581571"
"2013","2013-04-23 20:00","10","야간","화","1","1","0","0","0","경남","거창군","차량단독","전도전복","전도전복","운전자법규위반","안전운전 의무 불이행","단일로","기타단일로","화물차","소형","00","00","1036067","1737480","127.89833752","35.63280112"
"2013","2013-11-17 10:00","25","주간","일","1","1","0","0","0","부산","사하구","차대사람","횡단중","횡단중","운전자법규위반","안전운전 의무 불이행","단일로","횡단보도상","승용차","중형","보행자","보행자","1133592","1679984","128.96583657","35.10616195"
"2013","2013-11-26 06:00","25","주간","화","1","1","0","0","0","제주","제주시","차대차","기타","기타","운전자법규위반","안전운전 의무 불이행","단일로","기타단일로","화물차","중형","자전거","자전거","882634","1488647","126.23817772","33.38302865"
"2013","2013-11-10 21:00","15","야간","일","1","1","0","0","0","충남","논산시","차량단독","공작물충돌","공작물충돌","운전자법규위반","안전운전 의무 불이행","단일로","기타단일로","승용차","중형","00","00","963941","1794781","127.09915526","36.14942082"
"2013","2013-11-09 02:00","46","야간","토","1","1","0","0","0","부산","북구","차대차","기타","기타","운전자법규위반","안전운전 의무 불이행","기타/불명","기타/불명","승용차","중형","승용차","중형","1137765","1694949","129.01426086","35.24032152"
"2013","2013-10-30 16:00","00","주간","수","1","1","0","0","0","경북","문경시","차량단독","전도전복","전도전복","운전자법규위반","안전운전 의무 불이행","단일로","기타단일로","농기계","농기계","00","00","1068289","1851520","128.26409496","36.65916157"
"2013","2013-03-18 14:00","20","주간","월","1","2","1","0","0","경기","파주시","차대차","정면충돌","정면충돌","운전자법규위반","안전운전 의무 불이행","교차로","교차로부근","승용차","중형","화물차","대형","941391","1975924","126.83442832","37.78112162"
"2013","2013-08-08 05:00","00","야간","목","1","2","1","0","0","경기","평택시","차대차","측면직각충돌","측면직각충돌","운전자법규위반","교차로 통행방법 위반","교차로","교차로내","승용차","중형","승용차","중형","942216","1886583","126.85036858","36.97620624"
"2013","2013-08-19 15:00","10","주간","월","1","1","0","0","0","전남","광양시","차대사람","횡단중","횡단중","운전자법규위반","신호위반","교차로","교차로부근","화물차","소형","보행자","보행자","1017273","1661164","127.6891635","34.94517031"
"2013","2013-09-16 16:00","20","주간","월","1","1","0","0","0","경기","가평군","차량단독","전도전복","전도전복","운전자법규위반","안전운전 의무 불이행","교차로","교차로부근","농기계","농기계","00","00","1002018","1955782","127.52286158","37.60145184"
"2013","2013-09-18 23:00","03","야간","수","1","1","0","0","0","인천","부평구","차대차","측면직각충돌","측면직각충돌","운전자법규위반","안전운전 의무 불이행","단일로","기타단일로","승합차","대형","자전거","자전거","932850","1943742","126.74040148","37.49048837"
"2013","2013-10-02 06:00","00","주간","수","1","1","0","0","0","경남","김해시","차대차","기타","기타","운전자법규위반","안전운전 의무 불이행","단일로","기타단일로","승용차","대형","농기계","농기계","1135770","1697286","128.99257694","35.26183271"
"2013","2013-06-04 20:00","28","야간","화","1","1","0","0","0","전남","장성군","차대차","정면충돌","정면충돌","운전자법규위반","안전운전 의무 불이행","단일로","기타단일로","화물차","소형","자전거","자전거","930383","1698425","126.73448903","35.27888811"
"2013","2013-05-25 08:00","50","주간","토","1","2","1","0","0","대전","동구","차량단독","도로이탈","도로이탈 기타","운전자법규위반","안전운전 의무 불이행","단일로","기타단일로","승용차","중형","00","00","997919","1815226","127.47681223","36.33441291"
"2013","2013-06-07 01:00","25","야간","금","1","2","1","0","0","인천","부평구","차대차","정면충돌","정면충돌","운전자법규위반","중앙선 침범","교차로","교차로부근","이륜차","소형","이륜차","대형","931295","1944158","126.72277398","37.49412331"
"2013","2013-02-19 09:00","02","주간","화","1","1","0","0","0","서울","금천구","차대사람","횡단중","횡단중","운전자법규위반","안전운전 의무 불이행","교차로","교차로내","화물차","소형","보행자","보행자","946004","1940996","126.88939182","37.46660115"
"2013","2013-02-18 06:00","54","주간","월","1","1","0","0","0","대전","유성구","차대사람","기타","기타","운전자법규위반","과속","단일로","기타단일로","승용차","중형","보행자","보행자","986192","1818257","127.34608931","36.36164176"
"2013","2013-05-01 10:00","45","주간","수","1","1","0","0","0","경기","고양시","차대차","추돌","진행중 추돌","운전자법규위반","안전거리 미확보","단일로","기타단일로","자전거","자전거","승합차","대형","943698","1956808","126.8621032","37.60897788"
"2013","2013-05-03 09:00","24","주간","금","1","1","0","0","0","경기","안양시","차대사람","보도통행중","보도통행중","운전자법규위반","보행자 보호의무 위반","교차로","교차로부근","승합차","대형","보행자","보행자","950902","1933465","126.94527902","37.39899487"
"2013","2013-03-13 14:00","45","주간","수","1","1","0","0","0","인천","서구","차대사람","횡단중","횡단중","운전자법규위반","안전운전 의무 불이행","교차로","교차로내","화물차","중형","보행자","보행자","928024","1944597","126.68573115","37.49783069"
"2013","2013-04-16 20:00","40","야간","화","1","1","0","0","0","전북","익산시","차대사람","차도통행중","차도통행중","운전자법규위반","안전운전 의무 불이행","교차로","교차로내","승용차","중형","보행자","보행자","950791","1773252","126.95432172","35.95474861"
"2013","2013-09-22 17:00","40","주간","일","1","1","0","0","0","전남","고흥군","차량단독","기타","기타","운전자법규위반","안전운전 의무 불이행","기타/불명","기타/불명","농기계","농기계","00","00","973607","1619643","127.24203136","34.57555878"
"2013","2013-10-06 08:00","30","주간","일","1","1","0","0","0","전남","나주시","차대차","측면직각충돌","측면직각충돌","운전자법규위반","교차로 통행방법 위반","교차로","교차로부근","자전거","자전거","승용차","중형","938684","1672457","126.82769068","35.04528883"
"2013","2013-06-09 04:00","15","야간","일","1","4","3","0","0","울산","동구","차량단독","공작물충돌","공작물충돌","운전자법규위반","안전운전 의무 불이행","단일로","기타단일로","승용차","중형","00","00","1172633","1725436","129.40360282","35.50984143"
"2013","2013-07-06 23:00","03","야간","토","1","1","0","0","0","서울","양천구","차대사람","기타","기타","운전자법규위반","안전운전 의무 불이행","단일로","기타단일로","승용차","대형","보행자","보행자","941298","1947354","126.83567023","37.52361927"
"2013","2013-05-29 07:00","40","주간","수","1","1","0","0","0","경남","창원시(통합)","차량단독","공작물충돌","공작물충돌","운전자법규위반","안전운전 의무 불이행","단일로","기타단일로","화물차","중형","00","00","1107525","1694724","128.67687057","35.24336084"
"2013","2013-02-06 01:00","00","야간","수","1","1","0","0","0","전남","화순군","차대사람","차도통행중","차도통행중","운전자법규위반","안전운전 의무 불이행","단일로","기타단일로","승합차","중형","보행자","보행자","951896","1675189","126.95798822","35.07740917"
"2013","2013-01-31 11:00","30","주간","목","1","2","1","0","0","서울","도봉구","차대사람","횡단중","횡단중","운전자법규위반","신호위반","교차로","교차로내","화물차","소형","보행자","보행자","959410","1963590","127.03973556","37.67093309"
"2013","2013-01-03 10:00","55","주간","목","1","1","0","0","0","충북","보은군","차량단독","공작물충돌","공작물충돌","운전자법규위반","안전운전 의무 불이행","단일로","기타단일로","승용차","소형","00","00","1020888","1825281","127.73301625","36.42483735"
"2013","2013-01-23 18:00","10","야간","수","1","1","0","0","0","경북","청도군","차대사람","횡단중","횡단중","운전자법규위반","신호위반","교차로","교차로내","승용차","중형","보행자","보행자","1107187","1744000","128.68464574","35.68645756"
"2013","2013-11-07 15:00","00","주간","목","1","1","0","0","0","경남","의령군","차량단독","기타","기타","운전자법규위반","안전운전 의무 불이행","단일로","기타단일로","화물차","소형","00","00","1077709","1706084","128.35520914","35.34734568"
"2013","2013-12-31 22:00","30","야간","화","1","3","0","2","0","전남","강진군","차대사람","기타","기타","운전자법규위반","안전운전 의무 불이행","기타/불명","기타/불명","승용차","대형","보행자","보행자","932490","1629458","126.76324467","34.65717531"
"2013","2013-11-01 07:00","25","주간","금","1","1","0","0","0","강원","원주시","차대사람","길가장자리구역통행중","길가장자리구역통행중","운전자법규위반","안전운전 의무 불이행","단일로","기타단일로","화물차","경형","보행자","보행자","1025627","1931592","127.78947958","37.38305889"
"2013","2013-12-30 06:00","50","주간","월","1","1","0","0","0","울산","중구","차대사람","횡단중","횡단중","운전자법규위반","안전운전 의무 불이행","단일로","기타단일로","승용차","중형","보행자","보행자","1164335","1730700","129.31321126","35.55869019"
"2013","2013-11-26 13:00","50","주간","화","1","1","0","0","0","강원","삼척시","차대차","추돌","주정차중 추돌","운전자법규위반","안전운전 의무 불이행","단일로","터널안","화물차","대형","승용차","경형","1164872","1906981","129.3564847","37.14702682"
"2013","2013-03-19 05:00","00","야간","화","1","1","0","0","0","전북","고창군","차량단독","공작물충돌","공작물충돌","운전자법규위반","안전운전 의무 불이행","교차로","교차로내","화물차","중형","00","00","930730","1727205","126.73585894","35.53839355"
"2013","2013-07-22 08:00","20","주간","월","1","1","0","0","0","경북","김천시","차대차","측면직각충돌","측면직각충돌","운전자법규위반","안전운전 의무 불이행","단일로","기타단일로","승용차","경형","이륜차","소형","1061495","1793300","128.18347022","36.13478932"
"2013","2013-08-04 22:00","00","야간","일","1","1","0","0","0","인천","연수구","차량단독","전도전복","전도전복","운전자법규위반","안전운전 의무 불이행","단일로","교량위","이륜차","소형","00","00","925458","1934263","126.65774966","37.40448913"
"2013","2013-10-09 18:00","00","야간","수","1","1","0","0","0","광주","서구","차대사람","기타","기타","운전자법규위반","보행자 보호의무 위반","단일로","횡단보도상","화물차","소형","보행자","보행자","938990","1682843","126.83028042","35.13895469"
"2013","2013-06-16 15:00","40","주간","일","1","1","0","0","0","충북","보은군","차량단독","공작물충돌","공작물충돌","운전자법규위반","안전운전 의무 불이행","기타/불명","기타/불명","이륜차","대형","00","00","1012797","1831245","127.64285593","36.47874623"
"2013","2013-02-09 20:00","45","야간","토","1","1","0","0","0","부산","동래구","차대사람","횡단중","횡단중","운전자법규위반","안전운전 의무 불이행","단일로","기타단일로","승용차","중형","보행자","보행자","1145094","1690483","129.09384537","35.19920556"
"2013","2013-02-19 11:00","30","주간","화","1","1","0","0","0","대구","동구","차대사람","기타","기타","운전자법규위반","안전운전 의무 불이행","단일로","기타단일로","화물차","중형","보행자","보행자","1102366","1767301","128.63429256","35.89697759"
"2013","2013-02-28 22:00","50","야간","목","1","1","0","0","0","광주","서구","차대차","정면충돌","정면충돌","운전자법규위반","신호위반","교차로","교차로내","승용차","중형","이륜차","소형","941617","1682459","126.85914305","35.13564822"
"2013","2013-02-26 23:00","20","야간","화","1","1","0","0","0","부산","수영구","차량단독","공작물충돌","공작물충돌","운전자법규위반","안전운전 의무 불이행","단일로","기타단일로","승용차","중형","00","00","1147062","1686879","129.11481324","35.16643419"
"2013","2013-03-02 17:00","50","주간","토","1","2","1","0","0","충남","홍성군","차대사람","기타","기타","운전자법규위반","안전운전 의무 불이행","단일로","기타단일로","승용차","중형","보행자","보행자","918024","1848243","126.58312581","36.62854246"
"2013","2013-03-07 20:00","43","야간","목","1","1","0","0","0","부산","사하구","차량단독","공작물충돌","공작물충돌","운전자법규위반","안전운전 의무 불이행","교차로","교차로부근","이륜차","중형","00","00","1135512","1679258","128.98676247","35.09925669"
"2013","2013-03-09 11:00","30","주간","토","1","1","0","0","0","경기","성남시","차대차","기타","기타","운전자법규위반","안전운전 의무 불이행","기타/불명","기타/불명","건설기계","건설기계","자전거","자전거","964753","1927715","127.10204071","37.34779703"
"2014","2014-04-12 00:00","10","야간","토","1","2","1","0","0","경기","오산시","차량단독","공작물충돌","공작물충돌","운전자법규위반","안전운전 의무 불이행","교차로","교차로부근","승용차","소형","00","00","959465","1910673","127.04326657","37.19396915"
"2014","2014-04-11 11:00","10","주간","금","1","1","0","0","0","경기","시흥시","차대차","기타","기타","운전자법규위반","직진 및 우회전차의 통행방해","교차로","교차로내","화물차","소형","이륜차","소형","929608","1927558","126.70527415","37.34438176"
"2014","2014-04-11 19:00","15","야간","금","1","1","0","0","0","경남","통영시","차대사람","횡단중","횡단중","운전자법규위반","안전운전 의무 불이행","단일로","기타단일로","승용차","소형","보행자","보행자","1084194","1652444","128.42111293","34.86319558"
"2014","2014-04-07 21:00","40","야간","월","1","1","0","0","0","부산","남구","차대차","추돌","주정차중 추돌","운전자법규위반","안전운전 의무 불이행","단일로","기타단일로","화물차","경형","화물차","대형","1144710","1680474","129.11617314","35.13249786"
"2014","2014-04-08 19:00","55","야간","화","1","1","0","0","0","경남","남해군","차대사람","횡단중","횡단중","운전자법규위반","과속","기타/불명","기타/불명","승용차","중형","보행자","보행자","1035908","1653201","127.89289744","34.87287584"
"2014","2014-04-06 03:00","50","야간","일","1","1","0","0","0","대구","달서구","차대사람","기타","기타","운전자법규위반","안전운전 의무 불이행","단일로","기타단일로","승용차","중형","보행자","보행자","1097014","1763006","128.57447494","35.8588056"
"2014","2014-04-13 19:00","40","야간","일","1","1","0","0","0","충북","음성군","차대사람","횡단중","횡단중","운전자법규위반","안전운전 의무 불이행","단일로","기타단일로","승용차","대형","보행자","보행자","1012392","1874525","127.64445094","36.86122946"
"2014","2014-04-20 19:00","45","야간","일","1","1","0","0","0","경기","남양주시","차대사람","기타","기타","운전자법규위반","안전운전 의무 불이행","교차로","교차로부근","승용차","중형","보행자","보행자","972555","1969021","127.18858422","37.72037143"
"2014","2014-04-28 19:00","07","야간","월","1","1","0","0","0","강원","강릉시","차량단독","전도전복","전도전복","운전자법규위반","안전운전 의무 불이행","단일로","기타단일로","승용차","중형","00","00","1130298","1969714","128.97838716","37.71775847"
"2014","2014-04-28 05:00","55","야간","월","1","1","0","0","0","강원","원주시","차대차","추돌","주정차중 추돌","운전자법규위반","안전운전 의무 불이행","단일로","기타단일로","승용차","소형","화물차","소형","1032238","1926322","127.86381563","37.33540835"
"2014","2014-04-26 05:00","05","야간","토","1","2","0","1","0","경기","광명시","차대차","추돌","진행중 추돌","운전자법규위반","안전운전 의무 불이행","교차로","교차로부근","화물차","소형","화물차","소형","944525","1940106","126.87273463","37.45849181"
"2014","2014-05-07 22:00","25","야간","수","1","1","0","0","0","서울","송파구","차대차","기타","기타","운전자법규위반","안전운전 의무 불이행","교차로","교차로내","승용차","중형","이륜차","소형","962958","1944817","127.08091628","37.50187669"
"2014","2014-03-18 11:00","05","주간","화","1","1","0","0","0","경북","상주시","차대차","기타","기타","운전자법규위반","안전운전 의무 불이행","단일로","기타단일로","승용차","중형","원동기장치자전거","원동기장치자전거","1071243","1820037","128.29423912","36.37514802"
"2014","2014-03-28 23:00","00","야간","금","1","1","0","0","0","충남","서산시","차대사람","횡단중","횡단중","운전자법규위반","과속","단일로","기타단일로","승용차","대형","보행자","보행자","904799","1882931","126.43089551","36.93996204"
"2014","2014-03-29 04:00","00","야간","토","1","1","0","0","0","충남","천안시","차대사람","기타","기타","운전자법규위반","안전운전 의무 불이행","단일로","기타단일로","승용차","중형","보행자","보행자","966902","1865926","127.12902642","36.7909019"
"2014","2014-03-30 16:00","39","주간","일","2","4","1","1","0","경기","이천시","차대차","정면충돌","정면충돌","운전자법규위반","중앙선 침범","단일로","기타단일로","승합차","소형","화물차","대형","996785","1897475","127.46383072","37.07587431"
"2014","2014-04-05 01:00","20","야간","토","1","1","0","0","0","경기","안산시","차량단독","기타","기타","운전자법규위반","안전운전 의무 불이행","단일로","기타단일로","이륜차","중형","00","00","934381","1926303","126.75926816","37.33341997"
"2014","2014-03-30 03:00","50","야간","일","1","1","0","0","0","대전","서구","차대사람","횡단중","횡단중","운전자법규위반","보행자 보호의무 위반","단일로","기타단일로","승용차","중형","보행자","보행자","989177","1818214","127.37936209","36.36129233"
"2014","2014-04-09 06:00","00","주간","수","1","1","0","0","0","광주","남구","차대차","기타","기타","운전자법규위반","안전운전 의무 불이행","교차로","교차로내","화물차","대형","자전거","자전거","944967","1679774","126.89609209","35.1116271"
"2014","2014-04-10 09:00","35","주간","목","1","1","0","0","0","전남","영암군","차대차","기타","기타","운전자법규위반","안전거리 미확보","교차로","교차로내","이륜차","소형","화물차","소형","922963","1647093","126.65767105","34.81551507"
"2014","2014-04-10 20:00","25","야간","목","1","1","0","0","0","전북","정읍시","차대사람","길가장자리구역통행중","길가장자리구역통행중","운전자법규위반","안전운전 의무 불이행","단일로","기타단일로","승용차","중형","보행자","보행자","953095","1744743","126.9815442","35.69782963"
"2014","2014-04-10 03:00","40","야간","목","1","1","0","0","0","경기","화성시","차량단독","전도전복","전도전복","운전자법규위반","안전운전 의무 불이행","단일로","기타단일로","승용차","중형","00","00","946930","1900154","126.90277899","37.09852521"
"2014","2014-04-06 14:00","50","주간","일","1","1","0","0","0","전남","순천시","차대사람","기타","기타","운전자법규위반","안전운전 의무 불이행","단일로","기타단일로","화물차","소형","보행자","보행자","974085","1676705","127.21571082","35.08512406"
"2014","2014-04-17 18:00","54","야간","목","1","1","0","0","0","대구","서구","차대사람","횡단중","횡단중","운전자법규위반","중앙선 침범","단일로","기타단일로","승용차","중형","보행자","보행자","1095733","1765266","128.56056094","35.87930461"
"2013","2013-06-29 19:00","34","야간","토","1","3","2","0","0","충북","단양군","차대차","기타","기타","운전자법규위반","안전운전 의무 불이행","교차로","교차로내","승용차","중형","승용차","중형","1074990","1886500","128.34251518","36.97395748"
"2013","2013-06-29 13:00","05","주간","토","1","8","5","2","0","충남","태안군","차대차","정면충돌","정면충돌","운전자법규위반","중앙선 침범","단일로","기타단일로","화물차","소형","승합차","대형","900057","1828377","126.38477704","36.44776619"
"2013","2013-06-29 18:00","00","야간","토","1","4","3","0","0","충남","태안군","차대차","정면충돌","정면충돌","운전자법규위반","중앙선 침범","단일로","기타단일로","승용차","대형","승용차","대형","881229","1864637","126.16912572","36.77241548"
"2013","2013-07-07 16:00","20","주간","일","1","1","0","0","0","경남","합천군","차대사람","기타","기타","운전자법규위반","안전운전 의무 불이행","단일로","기타단일로","화물차","중형","보행자","보행자","1051192","1728531","128.06481047","35.55144772"
"2013","2013-07-06 19:00","45","야간","토","1","2","1","0","0","경기","여주시","차량단독","공작물충돌","공작물충돌","운전자법규위반","안전운전 의무 불이행","단일로","기타단일로","승용차","대형","00","00","1007233","1922223","127.58161212","37.29893373"
"2013","2013-07-06 17:00","45","주간","토","1","1","0","0","0","경기","용인시","차량단독","전도전복","전도전복","운전자법규위반","안전운전 의무 불이행","단일로","기타단일로","이륜차","사발이","00","00","978141","1926891","127.25322171","37.34078157"
"2013","2013-07-09 06:00","31","주간","화","1","2","0","1","0","전남","해남군","차대차","정면충돌","정면충돌","운전자법규위반","중앙선 침범","단일로","기타단일로","화물차","소형","건설기계","건설기계","917869","1617808","126.60482539","34.55105964"
"2013","2013-07-07 08:00","30","주간","일","1","5","0","3","1","경기","의정부시","차대차","정면충돌","정면충돌","운전자법규위반","신호위반","교차로","교차로내","승용차","중형","승용차","중형","958900","1972494","127.03328957","37.75145861"
"2013","2013-07-08 10:00","16","주간","월","1","1","0","0","0","서울","동대문구","차대사람","횡단중","횡단중","운전자법규위반","안전운전 의무 불이행","단일로","기타단일로","승합차","대형","보행자","보행자","960914","1952738","127.05736979","37.57318705"
"2013","2013-07-06 02:00","07","야간","토","1","1","0","0","0","전북","김제시","차대사람","기타","기타","운전자법규위반","안전운전 의무 불이행","단일로","기타단일로","승용차","소형","보행자","보행자","945367","1755733","126.89537925","35.79651531"
"2013","2013-07-04 01:00","16","야간","목","2","4","0","2","0","전북","군산시","차대사람","횡단중","횡단중","운전자법규위반","보행자 보호의무 위반","교차로","교차로내","승용차","중형","보행자","보행자","928831","1774421","126.71072013","35.96393319"
"2013","2013-05-19 14:00","38","주간","일","1","1","0","0","0","광주","광산구","차대사람","횡단중","횡단중","운전자법규위반","안전운전 의무 불이행","단일로","기타단일로","승용차","대형","보행자","보행자","937892","1687167","126.81790282","35.17787511"
"2013","2013-05-18 20:00","55","야간","토","1","6","3","2","0","경북","영덕군","차대차","측면직각충돌","측면직각충돌","운전자법규위반","직진 및 우회전차의 통행방해","교차로","교차로내","승용차","대형","승용차","중형","1169691","1842136","129.40160776","36.56298841"
"2013","2013-05-18 21:00","20","야간","토","1","1","0","0","0","경기","이천시","차대사람","횡단중","횡단중","운전자법규위반","안전운전 의무 불이행","단일로","기타단일로","승용차","경형","보행자","보행자","994465","1923188","127.43753972","37.30764386"
"2013","2013-05-25 23:00","40","야간","토","1","1","0","0","0","경기","수원시","차대사람","횡단중","횡단중","운전자법규위반","신호위반","단일로","횡단보도상","승용차","소형","보행자","보행자","954869","1920947","126.99380173","37.28727417"
"2013","2013-05-26 14:00","45","주간","일","1","1","0","0","0","충북","영동군","차대사람","차도통행중","차도통행중","운전자법규위반","안전운전 의무 불이행","단일로","기타단일로","승합차","소형","보행자","보행자","1024374","1797086","127.77102324","36.1705661"
"2013","2013-05-28 00:00","30","야간","화","1","1","0","0","0","전남","목포시","차량단독","공작물충돌","공작물충돌","운전자법규위반","안전운전 의무 불이행","교차로","교차로내","승용차","중형","00","00","895852","1640328","126.3621202","34.75210908"
"2013","2013-05-28 10:00","35","주간","화","1","1","0","0","0","강원","삼척시","차량단독","공작물충돌","공작물충돌","운전자법규위반","안전운전 의무 불이행","단일로","기타단일로","화물차","중형","00","00","1146674","1901523","129.15053173","37.10111672"
"2012","2012-06-20 08:00","10","주간","수","1","1","0","0","0","경기","평택시","차량단독","전도전복","전도전복","운전자법규위반","안전운전 의무 불이행","단일로","기타단일로","원동기장치자전거","원동기장치자전거","00","00","957736","1902242","127.02426184","37.11789642"
"2012","2012-06-26 20:00","50","야간","화","1","1","0","0","0","충북","괴산군","차량단독","도로이탈","도로이탈 추락","운전자법규위반","안전운전 의무 불이행","단일로","교량위","승용차","소형","00","00","1031748","1874666","127.85620767","36.86973497"
"2012","2012-06-25 16:00","29","주간","월","1","1","0","0","0","경남","양산시","차대사람","기타","기타","운전자법규위반","안전운전 의무 불이행","단일로","기타단일로","승용차","소형","보행자","보행자","1149934","1711018","129.15074743","35.38358154"
"2012","2012-06-26 19:00","30","야간","화","1","1","0","0","0","경남","고성군","차량단독","도로이탈","도로이탈 추락","운전자법규위반","안전운전 의무 불이행","단일로","기타단일로","승용차","중형","00","00","1088679","1675702","128.47264988","35.07251258"
"2012","2012-07-02 01:00","30","야간","월","1","1","0","0","0","서울","영등포구","차량단독","전도전복","전도전복","운전자법규위반","안전운전 의무 불이행","교차로","교차로부근","이륜차","중형","00","00","947490","1948263","126.90567635","37.53218558"
"2012","2012-07-05 21:00","20","야간","목","1","1","0","0","0","경남","창원시(통합)","차대사람","차도통행중","차도통행중","운전자법규위반","안전운전 의무 불이행","단일로","기타단일로","승용차","중형","보행자","보행자","1105847","1691761","128.66016707","35.21649976"
"2012","2012-07-01 15:00","00","주간","일","1","2","1","0","0","경북","예천군","차대차","추돌","주정차중 추돌","운전자법규위반","안전운전 의무 불이행","교차로","교차로내","승용차","중형","승용차","대형","1078099","1864179","128.37514291","36.77251268"
"2012","2012-07-09 08:00","20","주간","월","1","1","0","0","0","전남","강진군","차대사람","횡단중","횡단중","운전자법규위반","안전운전 의무 불이행","교차로","교차로내","화물차","중형","보행자","보행자","935046","1622354","126.79168166","34.59328172"
"2012","2012-07-07 10:00","30","주간","토","1","4","3","0","0","경남","고성군","차량단독","전도전복","전도전복","운전자법규위반","안전운전 의무 불이행","단일로","기타단일로","화물차","중형","00","00","1065262","1664774","128.21496988","34.9757659"
"2012","2012-07-12 20:00","40","야간","목","1","2","1","0","0","경남","양산시","차대차","기타","기타","운전자법규위반","안전운전 의무 불이행","교차로","교차로부근","화물차","소형","화물차","소형","1138876","1702623","129.00629469","35.29265061"
"2012","2012-07-14 11:00","10","주간","토","1","1","0","0","0","경기","안성시","차량단독","전도전복","전도전복","운전자법규위반","안전운전 의무 불이행","단일로","기타단일로","농기계","농기계","00","00","979081","1881263","127.26510869","36.92950571"
"2012","2012-07-11 21:00","50","야간","수","1","1","0","0","0","서울","강남구","차대사람","길가장자리구역통행중","길가장자리구역통행중","운전자법규위반","안전운전 의무 불이행","단일로","기타단일로","승용차","대형","보행자","보행자","961313","1942162","127.06244527","37.47787857"
"2012","2012-07-09 19:00","56","야간","월","1","1","0","0","0","강원","횡성군","차량단독","도로이탈","도로이탈 추락","운전자법규위반","안전운전 의무 불이행","단일로","기타단일로","화물차","중형","00","00","1051156","1926120","128.0774641","37.33267999"
"2012","2012-07-09 23:00","05","야간","월","1","1","0","0","0","경기","양주시","차대사람","횡단중","횡단중","운전자법규위반","안전운전 의무 불이행","단일로","횡단보도상","승합차","소형","보행자","보행자","959915","1980396","127.04640711","37.81905515"
"2012","2012-07-17 04:00","40","야간","화","1","1","0","0","0","서울","강서구","차대사람","횡단중","횡단중","운전자법규위반","안전운전 의무 불이행","단일로","기타단일로","승용차","중형","보행자","보행자","941382","1949996","126.84419841","37.54483955"
"2012","2012-07-18 07:00","30","주간","수","1","1","0","0","0","경북","경주시","차대사람","횡단중","횡단중","운전자법규위반","안전운전 의무 불이행","교차로","교차로부근","화물차","소형","보행자","보행자","1154161","1762252","129.20705334","35.84468499"