"발생년","발생년월일시","발생분","주야","요일","사망자수","사상자수","중상자수","경상자수","부상신고자수","발생지시도","발생지시군구","사고유형_대분류","사고유형_중분류","사고유형","법규위반_대분류","법규위반","도로형태_대분류","도로형태","당사자종별_1당_대분류","당사자종별_1당","당사자종별_2당_대분류","당사자종별_2당","발생위치X_UTMK","발생위치Y_UTMK","경도","위도"
"2012","2012-07-18 08:00","30","주간","수","1","1","0","0","0","울산","울주군","차대사람","횡단중","횡단중","운전자법규위반","안전운전 의무 불이행","교차로","교차로부근","화물차","중형","보행자","보행자","1143955","1733970","129.08901078","35.5913349"
"2012","2012-07-19 17:00","55","주간","목","1","1","0","0","0","강원","춘천시","차량단독","전도전복","전도전복","운전자법규위반","안전운전 의무 불이행","단일로","기타단일로","이륜차","사발이","00","00","1022120","1990648","127.751655","37.9154417"
"2013","2013-05-29 03:00","25","야간","수","1","1","0","0","0","경기","수원시","차대사람","기타","기타","운전자법규위반","안전운전 의무 불이행","단일로","기타단일로","승용차","소형","보행자","보행자","953999","1917022","126.98086488","37.25104608"
"2014","2014-04-01 16:00","14","주간","화","1","2","0","1","0","경남","사천시","차대차","기타","기타","운전자법규위반","안전운전 의무 불이행","단일로","기타단일로","승용차","중형","승용차","소형","1041798","1684494","127.95891638","35.15482363"
"2013","2013-01-20 15:00","00","주간","일","1","1","0","0","0","전남","영암군","차대사람","기타","기타","운전자법규위반","안전운전 의무 불이행","교차로","교차로내","승용차","대형","보행자","보행자","911116","1637144","126.52920146","34.72484447"
"2013","2013-02-27 08:00","10","주간","수","1","2","1","0","0","경북","경주시","차대차","측면직각충돌","측면직각충돌","운전자법규위반","신호위반","교차로","교차로내","승용차","경형","승용차","중형","1151801","1779109","129.18429249","35.99707666"
"2013","2013-02-26 19:00","30","야간","화","1","1","0","0","0","경북","의성군","차대사람","횡단중","횡단중","운전자법규위반","안전운전 의무 불이행","단일로","기타단일로","화물차","소형","보행자","보행자","1108182","1816059","128.70542526","36.33584552"
"2013","2013-03-03 00:00","30","야간","일","1","1","0","0","0","전북","전주시","차량단독","전도전복","전도전복","운전자법규위반","안전운전 의무 불이행","단일로","기타단일로","승용차","중형","00","00","958171","1764630","127.03660947","35.87735877"
"2013","2013-03-07 13:00","44","주간","목","1","2","0","1","0","전북","남원시","차대차","추돌","주정차중 추돌","운전자법규위반","안전운전 의무 불이행","단일로","기타단일로","화물차","대형","화물차","소형","992482","1712729","127.41719705","35.41025991"
"2013","2013-03-05 16:00","30","주간","화","1","1","0","0","0","서울","송파구","차대사람","횡단중","횡단중","운전자법규위반","안전운전 의무 불이행","단일로","기타단일로","화물차","소형","보행자","보행자","964446","1946462","127.09767117","37.51676231"
"2013","2013-03-04 23:00","35","야간","월","1","1","0","0","0","인천","옹진군","차량단독","공작물충돌","공작물충돌","운전자법규위반","안전운전 의무 불이행","단일로","기타단일로","화물차","소형","00","00","900152","1948569","126.36992213","37.53103195"
"2013","2013-03-11 16:00","00","주간","월","1","2","1","0","0","강원","홍천군","차량단독","도로이탈","도로이탈 추락","운전자법규위반","안전운전 의무 불이행","단일로","기타단일로","농기계","농기계","00","00","1051941","1980540","128.09018386","37.82312774"
"2013","2013-03-11 10:00","00","주간","월","1","1","0","0","0","충북","청주시","차대사람","횡단중","횡단중","운전자법규위반","안전운전 의무 불이행","교차로","교차로부근","화물차","소형","보행자","보행자","997340","1847637","127.47033978","36.62654421"
"2013","2013-03-19 06:00","07","주간","화","1","1","0","0","0","서울","용산구","차대사람","횡단중","횡단중","운전자법규위반","보행자 보호의무 위반","단일로","횡단보도상","승용차","대형","보행자","보행자","957136","1947410","127.01489843","37.5249962"
"2013","2013-03-21 04:00","20","야간","목","1","2","1","0","0","대구","달서구","차대차","추돌","주정차중 추돌","운전자법규위반","안전운전 의무 불이행","단일로","기타단일로","화물차","소형","화물차","소형","1092358","1762430","128.52284844","35.85406319"
"2013","2013-03-15 19:00","50","야간","금","1","1","0","0","0","경남","밀양시","차대사람","횡단중","횡단중","운전자법규위반","안전운전 의무 불이행","단일로","기타단일로","승용차","중형","보행자","보행자","1104239","1710592","128.6049764","35.39342247"
"2013","2013-03-16 16:00","50","주간","토","1","2","1","0","0","전북","완주군","차량단독","공작물충돌","공작물충돌","운전자법규위반","안전운전 의무 불이행","단일로","기타단일로","화물차","소형","00","00","975595","1755097","127.22992506","35.7919979"
"2013","2013-03-16 17:00","00","주간","토","1","1","0","0","0","경기","화성시","차량단독","공작물충돌","공작물충돌","운전자법규위반","안전운전 의무 불이행","단일로","기타단일로","이륜차","중형","00","00","937540","1893963","126.80014782","37.04270642"
"2013","2013-03-17 21:00","15","야간","일","1","1","0","0","0","경기","남양주시","차대사람","기타","기타","운전자법규위반","안전운전 의무 불이행","단일로","기타단일로","이륜차","소형","보행자","보행자","974587","1954106","127.21216022","37.58599644"
"2013","2013-03-25 01:00","50","야간","월","1","1","0","0","0","전남","나주시","차대사람","기타","기타","운전자법규위반","안전운전 의무 불이행","단일로","기타단일로","승용차","중형","보행자","보행자","928763","1671346","126.71901393","35.03461993"
"2013","2013-03-25 10:00","00","주간","월","1","1","0","0","0","경남","의령군","차대차","추돌","진행중 추돌","운전자법규위반","안전운전 의무 불이행","단일로","기타단일로","화물차","중형","이륜차","중형","1070043","1702753","128.27056474","35.31788041"
"2013","2013-03-25 12:00","55","주간","월","1","1","0","0","0","충남","천안시","차대차","측면직각충돌","측면직각충돌","운전자법규위반","안전운전 의무 불이행","교차로","교차로내","화물차","소형","자전거","자전거","967530","1879341","127.13549144","36.9118528"
"2013","2013-03-21 06:00","50","주간","목","1","1","0","0","0","부산","기장군","차량단독","공작물충돌","공작물충돌","운전자법규위반","안전운전 의무 불이행","단일로","기타단일로","승용차","중형","00","00","1151120","1705927","129.16116568","35.33757614"
"2013","2013-03-27 08:00","53","주간","수","1","1","0","0","0","대구","북구","차대사람","횡단중","횡단중","운전자법규위반","안전운전 의무 불이행","단일로","횡단보도부근","승합차","중형","보행자","보행자","1094949","1773137","128.55154799","35.95667451"
"2013","2013-03-28 06:00","15","주간","목","1","1","0","0","0","서울","성북구","차대사람","횡단중","횡단중","운전자법규위반","안전운전 의무 불이행","단일로","기타단일로","승용차","소형","보행자","보행자","956666","1954603","127.00915442","37.58980652"
"2013","2013-03-28 01:00","10","야간","목","1","4","0","2","1","서울","서초구","차대차","기타","기타","운전자법규위반","안전거리 미확보","단일로","기타단일로","승용차","중형","승합차","대형","963702","1940521","127.08954539","37.46318442"
"2013","2013-12-02 12:00","20","주간","월","1","1","0","0","0","경북","칠곡군","차량단독","공작물충돌","공작물충돌","운전자법규위반","안전운전 의무 불이행","단일로","기타단일로","화물차","소형","00","00","1093564","1787471","128.53915667","36.07968114"
"2013","2013-10-28 17:00","00","주간","월","2","4","0","2","0","경기","양주시","차대차","정면충돌","정면충돌","운전자법규위반","중앙선 침범","단일로","기타단일로","화물차","소형","화물차","소형","962648","1981995","127.07550473","37.83695547"
"2013","2013-11-14 19:00","15","야간","목","1","2","1","0","0","경기","파주시","차대사람","횡단중","횡단중","운전자법규위반","안전운전 의무 불이행","단일로","기타단일로","승용차","중형","보행자","보행자","943842","1982771","126.86172956","37.84298501"
"2013","2013-03-31 17:00","20","주간","일","1","4","2","1","0","경남","하동군","차량단독","도로이탈","도로이탈 추락","운전자법규위반","안전운전 의무 불이행","단일로","기타단일로","승용차","중형","00","00","1024678","1690471","127.77113074","35.2092848"
"2013","2013-03-09 12:00","07","주간","토","1","1","0","0","0","대구","수성구","차대차","추돌","주정차중 추돌","운전자법규위반","신호위반","교차로","교차로내","승합차","소형","이륜차","소형","1100872","1760423","128.61687037","35.83513157"
"2013","2013-10-01 08:00","55","주간","화","1","2","1","0","0","충북","진천군","차대차","측면직각충돌","측면직각충돌","운전자법규위반","교차로 통행방법 위반","교차로","교차로내","승용차","중형","화물차","소형","1001664","1866379","127.51865184","36.79556261"
"2013","2013-10-07 22:00","10","야간","월","2","3","0","1","0","경북","영천시","차대차","추돌","진행중 추돌","운전자법규위반","안전운전 의무 불이행","단일로","기타단일로","승용차","대형","농기계","농기계","1120848","1782956","128.84142566","36.03597568"
"2013","2013-10-14 16:00","20","주간","월","2","4","2","0","0","광주","서구","차대사람","길가장자리구역통행중","길가장자리구역통행중","운전자법규위반","안전운전 의무 불이행","단일로","기타단일로","승용차","중형","보행자","보행자","942080","1684437","126.8640863","35.15350996"
"2013","2013-06-13 12:00","20","주간","목","1","1","0","0","0","경기","안성시","차량단독","전도전복","전도전복","운전자법규위반","안전운전 의무 불이행","교차로","교차로내","농기계","농기계","00","00","971989","1886418","127.1852852","36.9757906"
"2013","2013-03-31 12:00","30","주간","일","1","1","0","0","0","전남","해남군","차량단독","기타","기타","운전자법규위반","안전운전 의무 불이행","단일로","기타단일로","승용차","소형","00","00","923664","1608783","126.66878952","34.470126"
"2013","2013-03-27 21:00","05","야간","수","1","1","0","0","0","경북","경산시","차대사람","기타","기타","운전자법규위반","안전운전 의무 불이행","단일로","기타단일로","승용차","중형","보행자","보행자","1119057","1764019","128.81870998","35.86550553"
"2013","2013-03-27 20:00","00","야간","수","1","1","0","0","0","경북","상주시","차대사람","기타","기타","운전자법규위반","안전운전 의무 불이행","교차로","교차로내","승용차","중형","보행자","보행자","1059086","1824894","128.15908763","36.4197568"
"2013","2013-04-15 19:00","39","야간","월","1","1","0","0","0","경북","경주시","차량단독","공작물충돌","공작물충돌","운전자법규위반","안전운전 의무 불이행","단일로","기타단일로","승용차","중형","00","00","1143517","1764395","129.08961815","35.86561555"
"2013","2013-04-15 03:00","04","야간","월","1","1","0","0","0","대전","서구","차량단독","공작물충돌","공작물충돌","운전자법규위반","안전운전 의무 불이행","교차로","교차로내","화물차","소형","00","00","991180","1816379","127.40170918","36.34476953"
"2013","2013-04-16 12:00","30","주간","화","1","1","0","0","0","대전","중구","차대차","측면직각충돌","측면직각충돌","운전자법규위반","신호위반","교차로","교차로내","자전거","자전거","승용차","중형","991317","1814329","127.40325877","36.32628915"
"2013","2013-04-15 20:00","05","야간","월","1","1","0","0","0","대전","동구","차대사람","횡단중","횡단중","운전자법규위반","안전운전 의무 불이행","단일로","횡단보도부근","승용차","중형","보행자","보행자","994768","1817112","127.44134683","36.35168784"
"2013","2013-04-17 09:00","30","주간","수","1","1","0","0","0","강원","양양군","차량단독","공작물충돌","공작물충돌","운전자법규위반","안전운전 의무 불이행","단일로","기타단일로","화물차","소형","00","00","1093534","2006830","128.56620294","38.056668"
"2013","2013-04-14 17:00","00","주간","일","1","1","0","0","0","전남","고흥군","차대사람","기타","기타","운전자법규위반","과속","교차로","교차로부근","승용차","중형","보행자","보행자","972023","1615464","127.19513141","34.53282229"
"2013","2013-04-13 20:00","21","야간","토","1","5","2","2","0","경북","고령군","차대차","측면직각충돌","측면직각충돌","운전자법규위반","직진 및 우회전차의 통행방해","교차로","교차로내","승용차","중형","승합차","소형","1069844","1747539","128.2722337","35.72167811"
"2013","2013-04-14 00:00","19","야간","일","1","2","1","0","0","대구","동구","차대사람","횡단중","횡단중","운전자법규위반","안전운전 의무 불이행","단일로","횡단보도상","승용차","중형","보행자","보행자","1105748","1765387","128.67150656","35.8793646"
"2013","2013-04-12 22:00","58","야간","금","1","2","0","0","1","인천","남구","차대차","기타","기타","운전자법규위반","안전운전 의무 불이행","단일로","기타단일로","승용차","소형","승용차","중형","927574","1941952","126.68071237","37.47363093"
"2013","2013-04-13 05:00","00","야간","토","1","1","0","0","0","전북","순창군","차대차","추돌","주정차중 추돌","운전자법규위반","안전운전 의무 불이행","단일로","기타단일로","이륜차","소형","건설기계","건설기계","973801","1710508","127.21151812","35.38991746"
"2013","2013-04-12 17:00","30","주간","금","1","1","0","0","0","광주","광산구","차대차","측면직각충돌","측면직각충돌","운전자법규위반","교차로 통행방법 위반","교차로","교차로내","이륜차","소형","화물차","소형","937266","1686129","126.81110721","35.16847704"
"2013","2013-04-13 00:00","10","야간","토","1","1","0","0","0","서울","송파구","차대차","측면직각충돌","측면직각충돌","운전자법규위반","신호위반","교차로","교차로내","이륜차","중형","승용차","중형","964399","1945334","127.09719398","37.50659335"
"2013","2013-04-14 01:00","30","야간","일","1","1","0","0","0","충남","공주시","차대사람","차도통행중","차도통행중","운전자법규위반","안전운전 의무 불이행","단일로","기타단일로","승용차","소형","보행자","보행자","978434","1820105","127.25956416","36.37815937"
"2013","2013-04-21 16:00","19","주간","일","1","1","0","0","0","강원","횡성군","차대사람","기타","기타","운전자법규위반","안전운전 의무 불이행","단일로","기타단일로","화물차","소형","보행자","보행자","1060428","1954066","128.18441467","37.58400264"
"2013","2013-04-18 14:00","30","주간","목","1","1","0","0","0","충남","예산군","차대사람","횡단중","횡단중","운전자법규위반","안전운전 의무 불이행","단일로","기타단일로","승용차","대형","보행자","보행자","928422","1860730","126.69824538","36.74193876"
"2013","2013-04-04 20:00","59","야간","목","1","1","0","0","0","제주","제주시","차대사람","횡단중","횡단중","운전자법규위반","안전운전 의무 불이행","단일로","기타단일로","화물차","소형","보행자","보행자","925898","1502421","126.70212921","33.51111158"
"2013","2013-04-05 19:00","20","야간","금","1","1","0","0","0","강원","춘천시","차대사람","기타","기타","운전자법규위반","안전운전 의무 불이행","단일로","기타단일로","승용차","중형","보행자","보행자","1020147","1986132","127.72906395","37.87464884"
"2013","2013-02-27 19:00","00","야간","수","1","1","0","0","0","제주","제주시","차대사람","횡단중","횡단중","운전자법규위반","안전운전 의무 불이행","교차로","교차로부근","승용차","중형","보행자","보행자","884311","1483344","126.25688389","33.33538962"
"2013","2013-02-25 21:00","52","야간","월","1","1","0","0","0","경기","연천군","차량단독","공작물충돌","공작물충돌","운전자법규위반","안전운전 의무 불이행","단일로","기타단일로","승용차","경형","00","00","949033","1999489","126.9195426","37.99396201"
"2013","2013-03-01 04:00","30","야간","금","1","1","0","0","0","경기","부천시","차량단독","공작물충돌","공작물충돌","운전자법규위반","안전운전 의무 불이행","단일로","기타단일로","승용차","중형","00","00","936209","1947951","126.77803024","37.528662"
"2013","2013-03-04 08:00","25","주간","월","1","1","0","0","0","충남","부여군","차대차","기타","기타","운전자법규위반","직진 및 우회전차의 통행방해","교차로","교차로내","이륜차","소형","승용차","소형","955527","1795393","127.00559043","36.15458865"
"2013","2013-03-09 06:00","55","주간","토","1","1","0","0","0","경기","파주시","차량단독","기타","기타","운전자법규위반","안전운전 의무 불이행","단일로","기타단일로","승용차","소형","00","00","946096","1989135","126.88687112","37.90047713"
"2013","2013-03-09 00:00","20","야간","토","1","1","0","0","0","전북","전주시","차대사람","횡단중","횡단중","운전자법규위반","안전운전 의무 불이행","교차로","교차로부근","승용차","중형","보행자","보행자","966733","1756110","127.13181426","35.80087091"
"2013","2013-03-07 09:00","30","주간","목","1","1","0","0","0","전남","화순군","차량단독","전도전복","전도전복","운전자법규위반","안전운전 의무 불이행","단일로","기타단일로","화물차","소형","00","00","955010","1671755","127.00673086","35.03981875"
"2013","2013-03-06 08:00","00","주간","수","1","1","0","0","0","전북","임실군","차량단독","전도전복","전도전복","운전자법규위반","안전운전 의무 불이행","단일로","기타단일로","화물차","중형","00","00","980553","1735724","127.28540461","35.61730037"
"2013","2013-03-05 19:00","35","야간","화","1","1","0","0","0","전북","익산시","차대사람","기타","기타","운전자법규위반","안전운전 의무 불이행","단일로","기타단일로","화물차","중형","보행자","보행자","961285","1785679","127.07007835","36.06725903"
"2013","2013-03-14 09:00","00","주간","목","1","1","0","0","0","광주","서구","차량단독","기타","기타","운전자법규위반","안전운전 의무 불이행","단일로","기타단일로","화물차","중형","00","00","941516","1681995","126.8582419","35.13144782"
"2013","2013-03-13 23:00","10","야간","수","1","1","0","0","0","대구","달성군","차량단독","공작물충돌","공작물충돌","운전자법규위반","안전운전 의무 불이행","단일로","기타단일로","이륜차","중형","00","00","1091474","1756783","128.51241283","35.80323961"
"2013","2013-03-14 10:00","00","주간","목","1","1","0","0","0","경북","군위군","차대차","측면직각충돌","측면직각충돌","운전자법규위반","안전운전 의무 불이행","단일로","기타단일로","화물차","대형","자전거","자전거","1106173","1798900","128.68071403","36.1814043"
"2013","2013-03-18 09:00","35","주간","월","1","1","0","0","0","전북","군산시","차대차","추돌","진행중 추돌","운전자법규위반","안전운전 의무 불이행","단일로","기타단일로","승용차","중형","이륜차","소형","937131","1780122","126.80231","36.01589945"
"2013","2013-03-18 19:00","10","야간","월","1","1","0","0","0","인천","부평구","차대사람","기타","기타","운전자법규위반","안전운전 의무 불이행","단일로","기타단일로","화물차","소형","보행자","보행자","930295","1942815","126.71158968","37.48194412"
"2013","2013-03-13 20:00","50","야간","수","1","1","0","0","0","경기","안성시","차대사람","횡단중","횡단중","운전자법규위반","안전운전 의무 불이행","단일로","기타단일로","화물차","소형","보행자","보행자","982923","1897671","127.30787694","37.07749103"
"2013","2013-03-14 06:00","20","주간","목","1","1","0","0","0","울산","북구","차대사람","횡단중","횡단중","운전자법규위반","신호위반","교차로","교차로내","승용차","중형","보행자","보행자","1171040","1728676","129.38745997","35.53812297"
"2013","2013-03-14 09:00","05","주간","목","1","1","0","0","0","인천","옹진군","차량단독","전도전복","전도전복","운전자법규위반","안전운전 의무 불이행","단일로","기타단일로","이륜차","사발이","00","00","909246","1918329","126.47654475","37.25943762"
"2013","2013-04-18 09:00","35","주간","목","1","1","0","0","0","경남","통영시","차대사람","차도통행중","차도통행중","운전자법규위반","안전운전 의무 불이행","단일로","기타단일로","승용차","중형","보행자","보행자","1083290","1655826","128.41156057","34.89376381"
"2013","2013-04-06 00:00","55","야간","토","1","1","0","0","0","경기","김포시","차량단독","전도전복","전도전복","운전자법규위반","안전운전 의무 불이행","단일로","기타단일로","이륜차","소형","00","00","929961","1959083","126.70625856","37.62853773"
"2013","2013-04-03 17:00","50","주간","수","1","1","0","0","0","경기","성남시","차대차","측면직각충돌","측면직각충돌","운전자법규위반","안전운전 의무 불이행","교차로","교차로내","승용차","중형","이륜차","중형","969007","1939487","127.14674976","37.45051656"
"2013","2013-04-04 16:00","41","주간","목","1","1","0","0","0","경기","동두천시","차대차","측면직각충돌","측면직각충돌","운전자법규위반","신호위반","교차로","교차로내","화물차","소형","이륜차","대형","961164","1989832","127.05821833","37.90752701"
"2013","2013-04-03 21:00","30","야간","수","1","1","0","0","0","경기","포천시","차대사람","횡단중","횡단중","운전자법규위반","안전운전 의무 불이행","교차로","교차로내","승용차","중형","보행자","보행자","967931","1979645","127.13568653","37.81659358"
"2013","2013-04-01 14:00","30","주간","월","1","1","0","0","0","충남","당진시","차대차","추돌","진행중 추돌","운전자법규위반","안전운전 의무 불이행","단일로","기타단일로","화물차","소형","이륜차","소형","915948","1875818","126.55521986","36.86981279"
"2013","2013-04-03 08:00","00","주간","수","1","1","0","0","0","전남","담양군","차대차","측면직각충돌","측면직각충돌","운전자법규위반","안전운전 의무 불이행","교차로","교차로내","승합차","중형","자전거","자전거","952699","1703371","126.97957993","35.3247882"
"2013","2013-04-07 01:00","30","야간","일","1","1","0","0","0","울산","중구","차대사람","횡단중","횡단중","운전자법규위반","안전운전 의무 불이행","교차로","교차로부근","승용차","중형","보행자","보행자","1163708","1730343","129.30622405","35.55557669"
"2013","2013-04-06 19:00","32","야간","토","1","16","2","13","0","서울","구로구","차대사람","기타","기타","운전자법규위반","안전운전 의무 불이행","단일로","기타단일로","승용차","중형","보행자","보행자","943098","1943397","126.85634589","37.48806731"
"2013","2013-04-08 17:00","40","주간","월","1","1","0","0","0","경기","양평군","차대차","기타","기타","운전자법규위반","안전운전 의무 불이행","교차로","교차로부근","불명","불명","이륜차","소형","999048","1939505","127.48923605","37.45473881"
"2013","2013-04-08 05:00","50","야간","월","1","2","0","1","0","충북","증평군","차대차","측면직각충돌","측면직각충돌","운전자법규위반","신호위반","교차로","교차로내","화물차","소형","승용차","중형","1007993","1866639","127.58959653","36.79787416"
"2013","2013-04-14 06:00","05","주간","일","1","1","0","0","0","서울","관악구","차대사람","횡단중","횡단중","운전자법규위반","안전운전 의무 불이행","단일로","기타단일로","화물차","소형","보행자","보행자","948198","1942915","126.91406621","37.48402314"
"2013","2013-04-16 12:00","40","주간","화","1","2","0","1","0","충북","진천군","차대차","추돌","진행중 추돌","운전자법규위반","안전거리 미확보","단일로","기타단일로","화물차","중형","화물차","중형","1002418","1863720","127.52709502","36.77159075"
"2013","2013-04-15 22:00","50","야간","월","1","1","0","0","0","전남","신안군","차량단독","도로이탈","도로이탈 추락","운전자법규위반","안전운전 의무 불이행","단일로","기타단일로","화물차","경형","00","00","874306","1645224","126.12604038","34.79382064"
"2013","2013-04-15 17:00","28","주간","월","3","18","12","3","0","전남","여수시","차대차","추돌","진행중 추돌","운전자법규위반","과속","단일로","터널안","승용차","소형","승합차","소형","1018039","1644618","127.71106633","34.78246533"
"2013","2013-04-16 17:00","03","주간","화","1","1","0","0","0","서울","동작구","차대사람","기타","기타","운전자법규위반","기타(운전자법규위반)","단일로","기타단일로","승합차","소형","보행자","보행자","950114","1943924","126.93556606","37.49333968"
"2013","2013-04-17 06:00","00","주간","수","1","1","0","0","0","경남","창원시(통합)","차량단독","기타","기타","운전자법규위반","안전운전 의무 불이행","단일로","기타단일로","승용차","경형","00","00","1099836","1687933","128.59648054","35.18173934"
"2013","2013-04-15 09:00","10","주간","월","1","1","0","0","0","부산","사하구","차대차","측면직각충돌","측면직각충돌","운전자법규위반","안전거리 미확보","교차로","교차로부근","이륜차","중형","화물차","대형","1136555","1677939","128.99815224","35.0873232"
"2013","2013-04-16 08:00","30","주간","화","1","1","0","0","0","광주","남구","차대사람","차도통행중","차도통행중","운전자법규위반","안전운전 의무 불이행","단일로","기타단일로","승용차","중형","보행자","보행자","943513","1679309","126.88016911","35.10735378"
"2013","2013-04-11 20:00","10","야간","목","1","1","0","0","0","경기","의왕시","차대사람","기타","기타","운전자법규위반","안전운전 의무 불이행","기타/불명","기타/불명","승용차","대형","보행자","보행자","954107","1932754","126.98153263","37.39275063"
"2013","2013-04-12 16:00","00","주간","금","1","1","0","0","0","충남","아산시","차대차","기타","기타","운전자법규위반","안전운전 의무 불이행","단일로","기타단일로","건설기계","건설기계","자전거","자전거","957227","1867593","127.02049514","36.80554131"
"2013","2013-02-22 02:00","50","야간","금","1","2","0","1","0","경기","남양주시","차량단독","공작물충돌","공작물충돌","운전자법규위반","안전운전 의무 불이행","단일로","기타단일로","승용차","대형","00","00","972762","1961126","127.19122812","37.64921798"
"2013","2013-02-26 17:00","40","주간","화","1","1","0","0","0","경남","창원시(통합)","차량단독","기타","기타","운전자법규위반","안전운전 의무 불이행","단일로","기타단일로","승합차","경형","00","00","1098846","1694008","128.58633865","35.23660647"
"2013","2013-02-27 10:00","15","주간","수","1","1","0","0","0","경남","창원시(통합)","차대차","기타","기타","운전자법규위반","안전운전 의무 불이행","단일로","기타단일로","승용차","중형","자전거","자전거","1105591","1684897","128.65928689","35.15378012"
"2013","2013-02-26 15:00","43","주간","화","1","1","0","0","0","경북","울진군","차대사람","횡단중","횡단중","운전자법규위반","안전운전 의무 불이행","단일로","기타단일로","승용차","소형","보행자","보행자","1176083","1860146","129.47175211","36.72303926"
"2013","2013-07-19 11:00","50","주간","금","1","1","0","0","0","충남","태안군","차대차","기타","기타","운전자법규위반","안전운전 의무 불이행","교차로","교차로부근","승용차","소형","원동기장치자전거","원동기장치자전거","887765","1861332","126.24283388","36.74342548"
"2013","2013-07-18 20:00","39","야간","목","1","2","1","0","0","전북","완주군","차대사람","차도통행중","차도통행중","운전자법규위반","안전운전 의무 불이행","단일로","기타단일로","승용차","중형","보행자","보행자","956828","1758287","127.02207515","35.82011288"
"2013","2013-07-18 20:00","20","야간","목","1","1","0","0","0","경북","상주시","차량단독","도로이탈","도로이탈 기타","운전자법규위반","안전운전 의무 불이행","단일로","기타단일로","승용차","경형","00","00","1057424","1842161","128.14183286","36.57551324"
"2013","2013-07-18 23:00","45","야간","목","1","1","0","0","0","대전","유성구","차대사람","횡단중","횡단중","운전자법규위반","안전운전 의무 불이행","단일로","기타단일로","화물차","대형","보행자","보행자","989666","1825366","127.38471752","36.42577536"
"2013","2013-07-16 16:00","05","주간","화","1","1","0","0","0","경기","안산시","차대사람","기타","기타","운전자법규위반","안전운전 의무 불이행","교차로","교차로내","승합차","중형","보행자","보행자","942813","1922002","126.85477724","37.29521105"
"2013","2013-07-14 16:00","35","주간","일","1","1","0","0","0","충북","충주시","차량단독","공작물충돌","공작물충돌","운전자법규위반","안전운전 의무 불이행","단일로","기타단일로","승용차","중형","00","00","1034738","1884816","127.88939355","36.96115059"
"2013","2013-07-21 23:00","10","야간","일","2","4","2","0","0","경기","가평군","차대차","기타","기타","운전자법규위반","과속","단일로","기타단일로","승용차","중형","화물차","중형","984297","1980189","127.32157704","37.82130759"
"2013","2013-07-21 21:00","05","야간","일","1","1","0","0","0","대구","수성구","차대사람","횡단중","횡단중","운전자법규위반","과속","단일로","기타단일로","승용차","중형","보행자","보행자","1107786","1759948","128.6933447","35.83011407"
"2013","2013-10-03 05:00","40","야간","목","1","1","0","0","0","전북","전주시","차대사람","기타","기타","운전자법규위반","안전운전 의무 불이행","교차로","교차로내","승용차","소형","보행자","보행자","965659","1755199","127.11996701","35.7926203"
"2013","2013-09-05 05:00","20","야간","목","1","1","0","0","0","경기","수원시","차대사람","횡단중","횡단중","운전자법규위반","안전운전 의무 불이행","단일로","기타단일로","승합차","소형","보행자","보행자","956254","1920430","127.0065144","37.28177114"
"2013","2013-09-02 00:00","00","야간","월","1","2","0","1","0","전남","장흥군","차량단독","도로이탈","도로이탈 추락","운전자법규위반","안전운전 의무 불이행","단일로","기타단일로","원동기장치자전거","원동기장치자전거","00","00","945882","1610989","126.91056425","34.49142488"
"2013","2013-09-02 08:00","10","주간","월","1","1","0","0","0","전남","장성군","차량단독","공작물충돌","공작물충돌","운전자법규위반","안전운전 의무 불이행","단일로","기타단일로","승용차","중형","00","00","937862","1714481","126.81550247","35.42414582"
"2013","2013-09-01 14:00","50","주간","일","1","1","0","0","0","충북","청원군","차대차","기타","기타","운전자법규위반","교차로 통행방법 위반","교차로","교차로내","승용차","대형","농기계","농기계","1003745","1856066","127.54180409","36.70258699"
"2013","2013-09-02 10:00","10","주간","월","1","1","0","0","0","충북","괴산군","차대차","추돌","진행중 추돌","운전자법규위반","안전운전 의무 불이행","단일로","기타단일로","화물차","소형","농기계","농기계","1024550","1848457","127.7746049","36.63368323"
"2013","2013-05-24 01:00","10","야간","금","1","1","0","0","0","전남","무안군","차대사람","기타","기타","운전자법규위반","안전운전 의무 불이행","단일로","기타단일로","승용차","중형","보행자","보행자","905633","1665166","126.46616839","34.97700439"
"2013","2013-06-01 17:00","20","주간","토","1","1","0","0","0","강원","원주시","차대차","측면직각충돌","측면직각충돌","운전자법규위반","안전운전 의무 불이행","교차로","교차로부근","자전거","자전거","화물차","소형","1039119","1930370","127.94187426","37.3715647"
"2013","2013-06-01 17:00","19","주간","토","1","1","0","0","0","서울","강동구","차대차","정면충돌","정면충돌","운전자법규위반","안전운전 의무 불이행","단일로","기타단일로","자전거","자전거","자전거","자전거","969147","1952036","127.15063233","37.56717241"
"2013","2013-06-02 01:00","10","야간","일","1","1","0","0","0","경북","구미시","차량단독","전도전복","전도전복","운전자법규위반","안전운전 의무 불이행","교차로","교차로내","이륜차","중형","00","00","1077092","1790710","128.35585923","36.11202283"
"2013","2013-06-01 13:00","38","주간","토","1","1","0","0","0","경남","함안군","차대차","측면직각충돌","측면직각충돌","운전자법규위반","안전운전 의무 불이행","교차로","교차로내","이륜차","중형","승용차","소형","1091950","1700483","128.51128621","35.29563918"
"2013","2013-05-30 16:00","20","주간","목","1","2","1","0","0","충북","진천군","차대차","측면직각충돌","측면직각충돌","운전자법규위반","교차로 통행방법 위반","교차로","교차로내","화물차","대형","원동기장치자전거","원동기장치자전거","993646","1883098","127.42863774","36.94625817"