"발생년","발생년월일시","발생분","주야","요일","사망자수","사상자수","중상자수","경상자수","부상신고자수","발생지시도","발생지시군구","사고유형_대분류","사고유형_중분류","사고유형","법규위반_대분류","법규위반","도로형태_대분류","도로형태","당사자종별_1당_대분류","당사자종별_1당","당사자종별_2당_대분류","당사자종별_2당","발생위치X_UTMK","발생위치Y_UTMK","경도","위도"
"2013","2013-09-12 08:00","13","주간","목","1","2","1","0","0","전남","신안군","차대차","정면충돌","정면충돌","운전자법규위반","중앙선 침범","단일로","기타단일로","승용차","소형","이륜차","소형","891108","1653242","126.30862412","34.86804346"
"2013","2013-09-13 20:00","00","야간","금","1","1","0","0","0","광주","북구","차량단독","도로이탈","도로이탈 추락","운전자법규위반","안전운전 의무 불이행","단일로","기타단일로","원동기장치자전거","원동기장치자전거","00","00","957382","1686978","127.03195247","35.17718716"
"2013","2013-09-13 19:00","10","야간","금","1","1","0","0","0","전북","군산시","차량단독","도로이탈","도로이탈 기타","운전자법규위반","안전운전 의무 불이행","단일로","기타단일로","승용차","중형","00","00","936728","1779796","126.79786407","36.01293438"
"2013","2013-09-13 15:00","15","주간","금","1","1","0","0","0","전북","고창군","차량단독","도로이탈","도로이탈 추락","운전자법규위반","안전운전 의무 불이행","단일로","기타단일로","승용차","중형","00","00","926384","1725641","126.68806299","35.52397964"
"2013","2013-09-20 21:00","30","야간","금","1","1","0","0","0","대구","서구","차대사람","횡단중","횡단중","운전자법규위반","안전운전 의무 불이행","단일로","기타단일로","승용차","중형","보행자","보행자","1096992","1766031","128.57415824","35.88621596"
"2013","2013-09-20 05:00","35","야간","금","1","1","0","0","0","부산","북구","차대차","추돌","주정차중 추돌","운전자법규위반","안전운전 의무 불이행","단일로","기타단일로","승용차","소형","화물차","대형","1137206","1694132","129.00798919","35.23409583"
"2013","2013-09-19 23:00","05","야간","목","1","6","4","1","0","부산","진구","차대차","측면직각충돌","측면직각충돌","운전자법규위반","안전운전 의무 불이행","교차로","교차로내","승용차","중형","승용차","중형","1138538","1684728","129.02088478","35.14825643"
"2013","2013-09-18 16:00","15","주간","수","1","3","2","0","0","경기","안양시","차대사람","횡단중","횡단중","운전자법규위반","보행자 보호의무 위반","단일로","횡단보도상","승용차","중형","보행자","보행자","952318","1933523","126.96127293","37.39959162"
"2013","2013-09-17 20:00","00","야간","화","1","1","0","0","0","경남","함양군","차대사람","횡단중","횡단중","운전자법규위반","안전운전 의무 불이행","교차로","교차로내","화물차","소형","보행자","보행자","1028064","1737566","127.80995369","35.63383637"
"2013","2013-09-25 12:00","05","주간","수","1","3","1","1","0","강원","고성군","차대차","정면충돌","정면충돌","운전자법규위반","중앙선 침범","단일로","기타단일로","승용차","소형","승용차","중형","1080683","2050952","128.43533914","38.44943649"
"2013","2013-09-25 09:00","00","주간","수","1","1","0","0","0","강원","철원군","차대차","추돌","진행중 추돌","운전자법규위반","안전운전 의무 불이행","단일로","기타단일로","화물차","소형","자전거","자전거","991778","2016039","127.40616807","38.14451865"
"2013","2013-09-23 05:00","30","야간","월","1","1","0","0","0","경기","여주시","차대사람","횡단중","횡단중","운전자법규위반","중앙선 침범","교차로","교차로내","화물차","소형","보행자","보행자","1007611","1926168","127.58591767","37.33449069"
"2013","2013-09-23 05:00","30","야간","월","1","4","3","0","0","경기","여주시","차대차","정면충돌","정면충돌","운전자법규위반","신호위반","교차로","교차로내","화물차","소형","승용차","대형","1010567","1920851","127.61683521","37.28515607"
"2013","2013-09-23 10:00","20","주간","월","1","6","1","3","1","전북","익산시","차대차","측면직각충돌","측면직각충돌","운전자법규위반","과속","교차로","교차로내","승합차","대형","승용차","대형","955997","1773840","127.01201642","35.96029841"
"2013","2013-09-22 00:00","55","야간","일","1","1","0","0","0","울산","울주군","차량단독","전도전복","전도전복","운전자법규위반","안전운전 의무 불이행","단일로","기타단일로","자전거","자전거","00","00","1141613","1736728","129.06365154","35.61653126"
"2013","2013-09-22 20:00","50","야간","일","1","1","0","0","0","강원","원주시","차대사람","횡단중","횡단중","운전자법규위반","안전운전 의무 불이행","교차로","교차로내","승용차","소형","보행자","보행자","1039936","1932995","127.95118438","37.39519882"
"2013","2013-09-22 12:00","03","주간","일","1","2","1","0","0","경북","포항시","차량단독","공작물충돌","공작물충돌","운전자법규위반","안전운전 의무 불이행","단일로","기타단일로","화물차","소형","00","00","1150625","1789075","129.17300671","36.08696774"
"2013","2013-10-01 22:00","50","야간","화","1","1","0","0","0","경기","용인시","차대사람","길가장자리구역통행중","길가장자리구역통행중","운전자법규위반","안전운전 의무 불이행","단일로","기타단일로","승용차","중형","보행자","보행자","989162","1908126","127.37918742","37.16774839"
"2013","2013-10-02 14:00","48","주간","수","1","1","0","0","0","경남","산청군","차대차","추돌","진행중 추돌","운전자법규위반","안전운전 의무 불이행","단일로","기타단일로","승용차","중형","농기계","농기계","1042306","1702353","127.96541266","35.31583328"
"2013","2013-10-01 12:00","52","주간","화","1","2","1","0","0","경남","진주시","차대차","기타","기타","운전자법규위반","중앙선 침범","교차로","교차로부근","승용차","중형","자전거","자전거","1053544","1688925","128.08816256","35.19421957"
"2013","2013-10-01 07:00","30","주간","화","1","2","1","0","0","경남","고성군","차량단독","공작물충돌","공작물충돌","운전자법규위반","안전운전 의무 불이행","단일로","교량위","승용차","중형","00","00","1077049","1662071","128.34374799","34.95125128"
"2013","2013-09-28 12:00","25","주간","토","1","1","0","0","0","경기","남양주시","차량단독","도로이탈","도로이탈 추락","운전자법규위반","안전운전 의무 불이행","단일로","기타단일로","승용차","소형","00","00","981706","1958524","127.29268235","37.62598693"
"2013","2013-10-05 10:00","15","주간","토","1","1","0","0","0","서울","도봉구","차대차","추돌","진행중 추돌","운전자법규위반","신호위반","단일로","횡단보도상","자전거","자전거","승용차","중형","960284","1964505","127.04959603","37.67921835"
"2013","2013-10-07 05:00","00","야간","월","1","4","3","0","0","경기","파주시","차대차","추돌","진행중 추돌","운전자법규위반","안전운전 의무 불이행","단일로","기타단일로","승용차","중형","화물차","대형","928388","1969466","126.68741369","37.72199316"
"2013","2013-10-08 04:00","30","야간","화","1","2","1","0","0","서울","성동구","차대차","측면직각충돌","측면직각충돌","운전자법규위반","안전운전 의무 불이행","단일로","기타단일로","승용차","중형","화물차","중형","958599","1949328","127.03134685","37.54235058"
"2013","2013-10-07 22:00","30","야간","월","1","1","0","0","0","경북","구미시","차량단독","공작물충돌","공작물충돌","운전자법규위반","안전운전 의무 불이행","단일로","기타단일로","화물차","중형","00","00","1075960","1792962","128.34419086","36.13071714"
"2013","2013-10-04 10:00","15","주간","금","1","1","0","0","0","경기","평택시","차대사람","기타","기타","운전자법규위반","안전운전 의무 불이행","단일로","기타단일로","건설기계","건설기계","보행자","보행자","966780","1890675","127.12657346","37.01399468"
"2013","2013-10-03 12:00","50","주간","목","1","2","0","1","0","경기","파주시","차대차","기타","기타","운전자법규위반","중앙선 침범","단일로","기타단일로","원동기장치자전거","원동기장치자전거","화물차","소형","950007","1984109","126.93170269","37.8554029"
"2013","2013-09-01 12:00","15","주간","일","1","1","0","0","0","전남","화순군","차대차","기타","기타","운전자법규위반","안전운전 의무 불이행","단일로","기타단일로","원동기장치자전거","원동기장치자전거","승합차","중형","956969","1670042","127.02829738","35.0244579"
"2013","2013-09-02 05:00","00","야간","월","1","1","0","0","0","전남","나주시","차대사람","기타","기타","운전자법규위반","안전운전 의무 불이행","단일로","기타단일로","승용차","소형","보행자","보행자","927982","1662103","126.71160896","34.94715067"
"2013","2013-09-02 11:00","00","주간","월","2","2","0","0","0","전남","영광군","차대사람","길가장자리구역통행중","길가장자리구역통행중","운전자법규위반","안전운전 의무 불이행","단일로","기타단일로","승용차","중형","보행자","보행자","910029","1698156","126.51073159","35.27483974"
"2013","2013-09-01 15:00","45","주간","일","1","1","0","0","0","경기","남양주시","차대사람","횡단중","횡단중","운전자법규위반","안전운전 의무 불이행","단일로","기타단일로","화물차","소형","보행자","보행자","982563","1962175","127.30143596","37.6582178"
"2012","2012-07-14 15:00","15","주간","토","1","1","0","0","0","경북","경산시","차대차","기타","기타","운전자법규위반","안전운전 의무 불이행","교차로","교차로부근","승합차","대형","자전거","자전거","1111267","1759020","128.7317472","35.82136016"
"2012","2012-07-20 20:00","15","야간","금","1","1","0","0","0","충북","충주시","차대사람","기타","기타","운전자법규위반","안전운전 의무 불이행","단일로","기타단일로","승용차","중형","보행자","보행자","1038327","1885768","127.93058361","36.96956756"
"2012","2012-07-20 22:00","00","야간","금","1","1","0","0","0","전북","정읍시","차대차","정면충돌","정면충돌","운전자법규위반","중앙선 침범","단일로","기타단일로","승용차","대형","자전거","자전거","937707","1742099","126.81167021","35.67313924"
"2012","2012-07-21 15:00","10","주간","토","1","1","0","0","0","전북","남원시","차대차","기타","기타","운전자법규위반","안전운전 의무 불이행","교차로","교차로부근","이륜차","대형","건설기계","건설기계","995438","1718060","127.44972443","35.45834635"
"2012","2012-07-19 10:00","05","주간","목","1","1","0","0","0","전남","구례군","차대사람","횡단중","횡단중","운전자법규위반","안전운전 의무 불이행","단일로","기타단일로","화물차","소형","보행자","보행자","997067","1690248","127.46777653","35.20757326"
"2012","2012-07-19 17:00","00","주간","목","1","1","0","0","0","대전","동구","차대사람","차도통행중","차도통행중","운전자법규위반","안전운전 의무 불이행","단일로","기타단일로","화물차","중형","보행자","보행자","993616","1816975","127.42920783","36.35022528"
"2012","2012-07-19 14:00","08","주간","목","1","1","0","0","0","서울","성북구","차대사람","횡단중","횡단중","운전자법규위반","안전운전 의무 불이행","교차로","교차로내","화물차","경형","보행자","보행자","958740","1955978","127.03256843","37.60229505"
"2012","2012-07-25 14:00","55","주간","수","1","1","0","0","0","강원","강릉시","차대사람","기타","기타","운전자법규위반","안전운전 의무 불이행","기타/불명","기타/불명","화물차","경형","보행자","보행자","1124779","1974821","128.91666233","37.76454381"
"2012","2012-03-22 18:00","40","야간","목","1","1","0","0","0","전남","곡성군","차대사람","횡단중","횡단중","운전자법규위반","안전운전 의무 불이행","단일로","기타단일로","화물차","소형","보행자","보행자","981790","1698391","127.29975554","35.28083788"
"2012","2012-04-06 21:00","23","야간","금","1","1","0","0","0","제주","서귀포시","차대사람","횡단중","횡단중","운전자법규위반","보행자 보호의무 위반","교차로","교차로내","승용차","중형","보행자","보행자","926285","1477012","126.70837633","33.28197619"
"2012","2012-01-17 00:00","05","야간","화","1","4","3","0","0","경남","김해시","차량단독","공작물충돌","공작물충돌","운전자법규위반","안전운전 의무 불이행","단일로","기타단일로","승용차","대형","00","00","1112657","1701862","128.73917276","35.30595236"
"2012","2012-02-15 18:00","40","야간","수","1","2","1","0","0","경남","김해시","차대차","기타","기타","운전자법규위반","안전운전 의무 불이행","단일로","기타단일로","원동기장치자전거","원동기장치자전거","자전거","자전거","1115039","1695270","128.76444391","35.24625533"
"2012","2012-03-02 11:00","12","주간","금","1","1","0","0","0","경남","창원시(통합)","차대사람","횡단중","횡단중","운전자법규위반","안전운전 의무 불이행","단일로","횡단보도상","화물차","중형","보행자","보행자","1089991","1680515","128.48756139","35.11579013"
"2012","2012-12-13 23:00","10","야간","목","1","1","0","0","0","경기","용인시","차대사람","기타","기타","운전자법규위반","안전운전 의무 불이행","단일로","기타단일로","승용차","중형","보행자","보행자","973663","1911913","127.20616295","37.21412685"
"2012","2012-11-19 16:00","50","주간","월","1","1","0","0","0","경남","하동군","차대사람","길가장자리구역통행중","길가장자리구역통행중","운전자법규위반","안전운전 의무 불이행","단일로","기타단일로","건설기계","건설기계","보행자","보행자","1023515","1673827","127.75787963","35.0592313"
"2012","2012-08-29 14:00","05","주간","수","1","1","0","0","0","경남","합천군","차량단독","공작물충돌","공작물충돌","운전자법규위반","안전운전 의무 불이행","단일로","기타단일로","승용차","소형","00","00","1062773","1733234","128.19294319","35.59318343"
"2012","2012-09-05 10:00","20","주간","수","1","1","0","0","0","경기","안성시","차대차","측면직각충돌","측면직각충돌","운전자법규위반","교차로 통행방법 위반","교차로","교차로내","승용차","대형","이륜차","중형","992708","1897165","127.41796683","37.07305702"
"2012","2012-09-05 16:00","50","주간","수","1","1","0","0","0","충남","홍성군","차대차","측면직각충돌","측면직각충돌","운전자법규위반","교차로 통행방법 위반","교차로","교차로내","이륜차","소형","화물차","소형","914587","1836869","126.5459511","36.52571729"
"2012","2012-08-18 15:00","00","주간","토","1","1","0","0","0","인천","남동구","차대차","기타","기타","운전자법규위반","안전운전 의무 불이행","교차로","교차로부근","승용차","대형","자전거","자전거","931207","1936128","126.72252822","37.42174319"
"2012","2012-01-07 08:00","10","주간","토","1","3","2","0","0","경남","의령군","차대차","측면직각충돌","측면직각충돌","운전자법규위반","신호위반","교차로","교차로내","승용차","중형","화물차","소형","1075149","1709620","128.32736351","35.37942214"
"2012","2012-05-11 20:00","28","야간","금","1","1","0","0","0","대전","동구","차대사람","횡단중","횡단중","운전자법규위반","안전운전 의무 불이행","단일로","기타단일로","승용차","중형","보행자","보행자","994074","1814592","127.43397373","36.32868113"
"2012","2012-05-08 23:00","50","야간","화","1","1","0","0","0","충북","음성군","차대사람","기타","기타","운전자법규위반","안전운전 의무 불이행","단일로","기타단일로","승용차","중형","보행자","보행자","1016141","1902030","127.68168653","37.11680067"
"2012","2012-04-19 06:00","25","주간","목","1","2","1","0","0","전북","고창군","차대차","기타","기타","운전자법규위반","직진 및 우회전차의 통행방해","교차로","교차로내","화물차","소형","원동기장치자전거","원동기장치자전거","917994","1705795","126.59753525","35.34439629"
"2012","2012-03-07 15:00","25","주간","수","1","3","2","0","0","경북","경주시","차량단독","공작물충돌","공작물충돌","운전자법규위반","안전운전 의무 불이행","단일로","기타단일로","화물차","소형","00","00","1177433","1756415","129.46332574","35.78815219"
"2012","2012-01-24 04:00","15","야간","화","1","1","0","0","0","경남","거제시","차량단독","공작물충돌","공작물충돌","운전자법규위반","안전운전 의무 불이행","단일로","기타단일로","승용차","중형","00","00","1096252","1657033","128.55354124","34.9034997"
"2012","2012-02-12 22:00","35","야간","일","1","1","0","0","0","대전","유성구","차대사람","횡단중","횡단중","운전자법규위반","안전운전 의무 불이행","단일로","횡단보도부근","승용차","중형","보행자","보행자","986312","1818228","127.34742739","36.36138203"
"2012","2012-12-12 15:00","18","주간","수","1","2","1","0","0","강원","횡성군","차대차","측면직각충돌","측면직각충돌","운전자법규위반","교차로 통행방법 위반","교차로","교차로내","승합차","소형","이륜차","소형","1045880","1943903","128.01901418","37.49324149"
"2012","2012-12-12 13:00","50","주간","수","1","5","1","3","0","경기","시흥시","차대차","추돌","진행중 추돌","운전자법규위반","안전운전 의무 불이행","단일로","기타단일로","승용차","소형","승합차","대형","939595","1931594","126.8176902","37.38146288"
"2012","2012-12-24 06:00","55","주간","월","1","1","0","0","0","대구","달서구","차대사람","횡단중","횡단중","운전자법규위반","보행자 보호의무 위반","단일로","횡단보도상","화물차","소형","보행자","보행자","1093992","1760199","128.54067926","35.83379602"
"2012","2012-11-18 05:00","23","야간","일","1","1","0","0","0","서울","강동구","차대사람","횡단중","횡단중","운전자법규위반","안전운전 의무 불이행","기타/불명","기타/불명","화물차","소형","보행자","보행자","967915","1947855","127.13686474","37.52944523"
"2012","2012-08-17 20:00","45","야간","금","1","1","0","0","0","경북","포항시","차대차","측면직각충돌","측면직각충돌","운전자법규위반","교차로 통행방법 위반","교차로","교차로내","승용차","중형","승용차","중형","1166526","1791796","129.35011668","36.10889167"
"2013","2013-08-07 04:00","30","야간","수","1","1","0","0","0","인천","서구","차대차","정면충돌","정면충돌","운전자법규위반","중앙선 침범","단일로","기타단일로","원동기장치자전거","원동기장치자전거","화물차","중형","929095","1954332","126.65128185","37.58285447"
"2013","2013-08-07 06:00","50","주간","수","1","1","0","0","0","충남","천안시","차대차","기타","기타","운전자법규위반","안전운전 의무 불이행","기타/불명","기타/불명","원동기장치자전거","원동기장치자전거","승용차","중형","967183","1869055","127.13204097","36.81911818"
"2013","2013-08-05 19:00","59","야간","월","1","1","0","0","0","경북","청송군","차대사람","횡단중","횡단중","운전자법규위반","안전운전 의무 불이행","교차로","교차로부근","승용차","중형","보행자","보행자","1141061","1815933","129.0714613","36.33053779"
"2013","2013-08-12 21:00","31","야간","월","1","1","0","0","0","경기","파주시","차대사람","횡단중","횡단중","운전자법규위반","보행자 보호의무 위반","단일로","기타단일로","화물차","소형","보행자","보행자","936269","1973512","126.77647814","37.75904049"
"2013","2013-08-10 22:00","00","야간","토","1","1","0","0","0","경남","거제시","차대사람","횡단중","횡단중","운전자법규위반","보행자 보호의무 위반","단일로","횡단보도부근","승용차","소형","보행자","보행자","1102590","1654511","128.62259399","34.88014059"
"2013","2013-08-23 05:00","35","야간","금","2","2","0","0","0","서울","강남구","차대사람","기타","기타","운전자법규위반","안전운전 의무 불이행","단일로","기타단일로","승용차","중형","보행자","보행자","960370","1946009","127.05157284","37.51251314"
"2013","2013-08-23 04:00","10","야간","금","1","3","2","0","0","경남","창원시(통합)","차대사람","횡단중","횡단중","운전자법규위반","안전운전 의무 불이행","교차로","교차로내","승용차","중형","보행자","보행자","1098237","1693801","128.57962194","35.23480015"
"2013","2013-08-30 10:00","25","주간","금","1","1","0","0","0","서울","구로구","차량단독","기타","기타","운전자법규위반","안전운전 의무 불이행","교차로","교차로내","이륜차","소형","00","00","943907","1944967","126.86537675","37.50226741"
"2013","2013-08-31 16:00","13","주간","토","1","2","1","0","0","충남","논산시","차대차","추돌","진행중 추돌","운전자법규위반","안전운전 의무 불이행","단일로","기타단일로","원동기장치자전거","원동기장치자전거","승용차","중형","959780","1802946","127.05248274","36.22286771"
"2013","2013-08-30 20:00","20","야간","금","1","1","0","0","0","부산","중구","차대사람","차도통행중","차도통행중","운전자법규위반","안전운전 의무 불이행","단일로","기타단일로","승용차","중형","보행자","보행자","1138758","1680241","129.02240347","35.10778182"
"2013","2013-08-29 07:00","25","주간","목","1","1","0","0","0","세종","세종","차대차","기타","기타","운전자법규위반","교차로 통행방법 위반","교차로","교차로내","이륜차","사발이","승합차","대형","980716","1828728","127.28479127","36.45594637"
"2013","2013-08-26 22:00","00","야간","월","1","2","0","1","0","경기","이천시","차대사람","횡단중","횡단중","운전자법규위반","안전운전 의무 불이행","교차로","교차로부근","승용차","중형","보행자","보행자","1002375","1913507","127.52677003","37.22039252"
"2013","2013-08-27 09:00","13","주간","화","1","1","0","0","0","전남","목포시","차대사람","기타","기타","운전자법규위반","안전운전 의무 불이행","교차로","교차로부근","건설기계","건설기계","보행자","보행자","899001","1645149","126.39594033","34.79589228"
"2013","2013-08-27 11:00","01","주간","화","1","1","0","0","0","경기","안산시","차대사람","횡단중","횡단중","운전자법규위반","신호위반","단일로","횡단보도상","승합차","대형","보행자","보행자","940459","1924910","126.8279862","37.32127407"
"2013","2013-08-26 20:00","35","야간","월","1","1","0","0","0","충북","음성군","차대사람","횡단중","횡단중","운전자법규위반","안전운전 의무 불이행","단일로","기타단일로","승용차","중형","보행자","보행자","1012130","1889037","127.63632829","36.99973826"
"2013","2013-08-26 18:00","48","야간","월","1","1","0","0","0","충북","제천시","차대차","기타","기타","운전자법규위반","안전운전 의무 불이행","교차로","교차로내","화물차","소형","자전거","자전거","1062756","1906335","128.20673288","37.15363893"
"2013","2013-09-06 10:00","35","주간","금","1","1","0","0","0","경북","경주시","차대사람","기타","기타","운전자법규위반","안전운전 의무 불이행","단일로","횡단보도상","승합차","대형","보행자","보행자","1154164","1762253","129.20708674","35.84469353"
"2013","2013-09-03 20:00","00","야간","화","1","2","0","1","0","경기","성남시","차대차","정면충돌","정면충돌","운전자법규위반","중앙선 침범","단일로","기타단일로","이륜차","중형","승용차","중형","971631","1938386","127.17928654","37.4442178"
"2013","2013-07-09 17:00","50","주간","화","1","1","0","0","0","전남","나주시","차대사람","기타","기타","운전자법규위반","안전운전 의무 불이행","단일로","기타단일로","건설기계","건설기계","보행자","보행자","921650","1662145","126.64190639","34.95113275"
"2013","2013-07-09 22:00","05","야간","화","1","4","2","1","0","전남","광양시","차량단독","전도전복","전도전복","운전자법규위반","안전운전 의무 불이행","단일로","기타단일로","승용차","중형","00","00","1019166","1660132","127.70987067","34.93583023"
"2013","2013-07-15 03:00","18","야간","월","1","1","0","0","0","서울","강남구","차대사람","차도통행중","차도통행중","운전자법규위반","안전운전 의무 불이행","교차로","교차로부근","승용차","소형","보행자","보행자","960800","1946920","127.0563897","37.52074269"
"2013","2013-09-29 01:00","26","야간","일","1","1","0","0","0","경기","군포시","차대사람","기타","기타","운전자법규위반","안전운전 의무 불이행","기타/불명","기타/불명","승용차","대형","보행자","보행자","949040","1926027","126.92648539","37.33323318"
"2013","2013-09-28 22:00","50","야간","토","1","1","0","0","0","서울","영등포구","차대사람","횡단중","횡단중","운전자법규위반","안전운전 의무 불이행","교차로","교차로부근","승합차","대형","보행자","보행자","947529","1946594","126.90623698","37.51714486"
"2013","2013-10-04 08:00","20","주간","금","1","1","0","0","0","울산","울주군","차대사람","횡단중","횡단중","운전자법규위반","안전운전 의무 불이행","교차로","교차로내","건설기계","건설기계","보행자","보행자","1150110","1718038","129.15397725","35.44682671"
"2013","2013-10-04 02:00","45","야간","금","1","1","0","0","0","인천","연수구","차량단독","공작물충돌","공작물충돌","운전자법규위반","안전운전 의무 불이행","교차로","교차로내","승용차","소형","00","00","923849","1932245","126.63973322","37.38605288"
"2013","2013-10-13 18:00","25","야간","일","1","1","0","0","0","경남","사천시","차대사람","횡단중","횡단중","운전자법규위반","보행자 보호의무 위반","단일로","횡단보도상","승용차","중형","보행자","보행자","1055184","1675332","128.10526881","35.07156621"
"2013","2013-10-20 21:00","30","야간","일","1","4","2","1","0","경북","포항시","차대사람","기타","기타","운전자법규위반","중앙선 침범","단일로","기타단일로","승용차","소형","보행자","보행자","1171970","1775496","129.40702484","35.96106532"
"2013","2013-10-21 14:00","25","주간","월","1","1","0","0","0","인천","남동구","차량단독","기타","기타","운전자법규위반","안전운전 의무 불이행","교차로","교차로내","화물차","중형","00","00","930702","1933665","126.68490254","37.38762575"
"2013","2013-10-22 15:00","35","주간","화","1","1","0","0","0","경남","창녕군","차대사람","기타","기타","운전자법규위반","안전운전 의무 불이행","단일로","기타단일로","화물차","소형","보행자","보행자","1083393","1730651","128.42027527","35.56837306"
"2013","2013-10-21 12:00","20","주간","월","1","1","0","0","0","경남","창원시(통합)","차대사람","기타","기타","운전자법규위반","안전운전 의무 불이행","교차로","교차로내","승용차","경형","보행자","보행자","1109865","1705446","128.70894919","35.33857269"
"2013","2013-10-19 01:00","50","야간","토","1","3","2","0","0","서울","강서구","차량단독","전도전복","전도전복","운전자법규위반","안전운전 의무 불이행","단일로","기타단일로","승용차","중형","00","00","943353","1950658","126.85867027","37.55352688"
"2013","2013-10-19 18:00","40","야간","토","1","1","0","0","0","전남","곡성군","차대사람","횡단중","횡단중","운전자법규위반","안전운전 의무 불이행","교차로","교차로내","화물차","소형","보행자","보행자","968363","1697122","127.1521577","35.26906098"
"2013","2013-10-19 15:00","10","주간","토","1","1","0","0","0","서울","은평구","차대사람","횡단중","횡단중","운전자법규위반","안전운전 의무 불이행","단일로","기타단일로","화물차","소형","보행자","보행자","948044","1957241","126.91130976","37.61313639"
"2013","2013-10-17 21:00","30","야간","목","1","1","0","0","0","경남","창녕군","차대차","추돌","진행중 추돌","운전자법규위반","안전운전 의무 불이행","단일로","기타단일로","승용차","중형","자전거","자전거","1089067","1711413","128.48077291","35.39444067"
"2013","2013-10-18 18:00","05","야간","금","1","1","0","0","0","부산","금정구","차대사람","기타","기타","운전자법규위반","신호위반","단일로","기타단일로","승용차","중형","보행자","보행자","1146307","1699048","129.10887786","35.26963723"
"2013","2013-10-19 01:00","58","야간","토","1","1","0","0","0","울산","중구","차대사람","횡단중","횡단중","운전자법규위반","안전운전 의무 불이행","교차로","교차로내","화물차","소형","보행자","보행자","1166870","1730415","129.34110994","35.55569796"
"2013","2013-10-19 18:00","35","야간","토","1","4","3","0","0","충북","괴산군","차량단독","공작물충돌","공작물충돌","운전자법규위반","안전운전 의무 불이행","단일로","기타단일로","승용차","대형","00","00","1022099","1850483","127.74724776","36.65200743"
"2013","2013-10-20 01:00","00","야간","일","1","1","0","0","0","경기","성남시","차대사람","차도통행중","차도통행중","운전자법규위반","기타(운전자법규위반)","단일로","기타단일로","승용차","중형","보행자","보행자","965363","1927721","127.10892754","37.34787408"
"2013","2013-10-26 18:00","30","야간","토","1","1","0","0","0","울산","동구","차대사람","기타","기타","운전자법규위반","안전운전 의무 불이행","교차로","교차로내","승합차","대형","보행자","보행자","1173550","1722649","129.41311368","35.48456598"
"2013","2013-10-03 14:00","15","주간","목","1","1","0","0","0","전남","고흥군","차대차","추돌","진행중 추돌","운전자법규위반","과속","단일로","기타단일로","화물차","소형","농기계","농기계","984811","1643667","127.33397653","34.78742271"
"2013","2013-10-03 09:00","55","주간","목","1","1","0","0","0","부산","기장군","차량단독","공작물충돌","공작물충돌","운전자법규위반","안전운전 의무 불이행","단일로","횡단보도부근","원동기장치자전거","원동기장치자전거","00","00","1161380","1704795","129.27548545","35.32570913"
"2013","2013-10-04 06:00","00","주간","금","1","2","1","0","0","충북","제천시","차대사람","횡단중","횡단중","운전자법규위반","보행자 보호의무 위반","교차로","교차로부근","화물차","소형","보행자","보행자","1063100","1904990","128.21049317","37.14149259"
"2013","2013-10-11 12:00","00","주간","금","1","1","0","0","0","전북","정읍시","차대사람","보도통행중","보도통행중","운전자법규위반","보행자 보호의무 위반","교차로","교차로내","승용차","중형","보행자","보행자","941489","1730163","126.85432399","35.56575661"
"2013","2013-07-18 01:00","20","야간","목","1","1","0","0","0","서울","동대문구","차대사람","기타","기타","운전자법규위반","안전운전 의무 불이행","단일로","교량위","승용차","중형","보행자","보행자","959201","1952630","127.03800011","37.57232326"
"2013","2013-07-18 02:00","50","야간","목","1","1","0","0","0","경북","경주시","차대사람","기타","기타","운전자법규위반","안전운전 의무 불이행","단일로","기타단일로","화물차","소형","보행자","보행자","1169492","1757617","129.3757551","35.80038631"
"2013","2013-07-19 13:00","20","주간","금","1","1","0","0","0","경남","의령군","차량단독","공작물충돌","공작물충돌","운전자법규위반","안전운전 의무 불이행","단일로","기타단일로","승용차","중형","00","00","1070384","1702346","128.2742809","35.31418687"
"2013","2013-07-19 06:00","20","주간","금","1","1","0","0","0","경남","고성군","차량단독","공작물충돌","공작물충돌","운전자법규위반","안전운전 의무 불이행","단일로","기타단일로","화물차","소형","00","00","1080180","1678012","128.37966492","35.09405185"
"2013","2013-07-19 11:00","50","주간","금","1","1","0","0","0","충북","보은군","차대차","측면직각충돌","측면직각충돌","운전자법규위반","교차로 통행방법 위반","교차로","교차로내","화물차","소형","이륜차","소형","1021256","1824593","127.73710259","36.41862679"
"2013","2013-07-16 15:00","40","주간","화","1","1","0","0","0","전남","여수시","차대사람","횡단중","횡단중","운전자법규위반","안전운전 의무 불이행","교차로","교차로내","화물차","소형","보행자","보행자","1021257","1638344","127.73223781","34.73929478"
"2013","2013-07-16 19:00","20","야간","화","1","1","0","0","0","경남","창원시(통합)","차대사람","기타","기타","운전자법규위반","안전운전 의무 불이행","단일로","기타단일로","승용차","경형","보행자","보행자","1106508","1684926","128.66935654","35.15394482"
"2013","2013-10-09 19:00","00","야간","수","1","1","0","0","0","전남","목포시","차대사람","기타","기타","운전자법규위반","보행자 보호의무 위반","단일로","기타단일로","승합차","중형","보행자","보행자","896601","1645822","126.36962663","34.80171924"
"2013","2013-10-10 06:00","00","주간","목","1","1","0","0","0","제주","제주시","차대사람","횡단중","횡단중","운전자법규위반","안전운전 의무 불이행","단일로","횡단보도상","승용차","중형","보행자","보행자","912527","1503013","126.55811884","33.51543968"
"2013","2013-10-08 13:00","30","주간","화","1","1","0","0","0","경북","성주군","차량단독","도로이탈","도로이탈 추락","운전자법규위반","안전운전 의무 불이행","단일로","기타단일로","이륜차","소형","00","00","1071102","1768700","128.28802475","35.91236222"