"발생년","발생년월일시","발생분","주야","요일","사망자수","사상자수","중상자수","경상자수","부상신고자수","발생지시도","발생지시군구","사고유형_대분류","사고유형_중분류","사고유형","법규위반_대분류","법규위반","도로형태_대분류","도로형태","당사자종별_1당_대분류","당사자종별_1당","당사자종별_2당_대분류","당사자종별_2당","발생위치X_UTMK","발생위치Y_UTMK","경도","위도"
"2013","2013-09-07 15:00","35","주간","토","1","2","0","1","0","제주","제주시","차대차","측면직각충돌","측면직각충돌","운전자법규위반","중앙선 침범","단일로","기타단일로","승용차","중형","화물차","중형","908339","1498403","126.51350114","33.47351417"
"2013","2013-09-15 13:00","12","주간","일","1","1","0","0","0","강원","태백시","차대차","측면직각충돌","측면직각충돌","운전자법규위반","교차로 통행방법 위반","교차로","교차로내","승용차","중형","이륜차","소형","1132147","1907759","128.98838893","37.15916619"
"2013","2013-09-13 01:00","22","야간","금","1","1","0","0","0","인천","계양구","차량단독","공작물충돌","공작물충돌","운전자법규위반","안전운전 의무 불이행","단일로","기타단일로","승용차","소형","00","00","932959","1952465","126.74083795","37.5691152"
"2013","2013-09-13 16:00","30","주간","금","1","1","0","0","0","충남","태안군","차대차","기타","기타","운전자법규위반","안전운전 의무 불이행","단일로","기타단일로","화물차","소형","원동기장치자전거","원동기장치자전거","885120","1862667","126.21301246","36.75514056"
"2013","2013-09-26 18:00","50","야간","목","1","1","0","0","0","전남","해남군","차대차","기타","기타","운전자법규위반","과속","단일로","기타단일로","화물차","소형","농기계","농기계","908943","1609968","126.51528297","34.49150292"
"2013","2013-09-26 20:00","40","야간","목","1","3","0","2","0","충북","진천군","차대차","추돌","주정차중 추돌","운전자법규위반","안전운전 의무 불이행","교차로","교차로부근","화물차","소형","승용차","중형","994699","1878280","127.44049781","36.90283263"
"2013","2013-09-26 15:00","45","주간","목","1","3","1","1","0","경남","함안군","차대차","측면직각충돌","측면직각충돌","운전자법규위반","신호위반","교차로","교차로내","화물차","소형","승용차","소형","1092037","1710516","128.51337179","35.38608389"
"2013","2013-09-27 12:00","00","주간","금","1","1","0","0","0","강원","삼척시","차량단독","전도전복","전도전복","운전자법규위반","안전운전 의무 불이행","기타/불명","기타/불명","화물차","소형","00","00","1123841","1924285","128.89044884","37.30825162"
"2013","2013-09-25 00:00","47","야간","수","1","1","0","0","0","충북","청주시","차대사람","횡단중","횡단중","운전자법규위반","안전운전 의무 불이행","단일로","기타단일로","승용차","중형","보행자","보행자","996502","1848334","127.46087336","36.63288443"
"2013","2013-09-30 07:00","55","주간","월","1","1","0","0","0","경북","구미시","차대차","추돌","주정차중 추돌","운전자법규위반","안전운전 의무 불이행","교차로","교차로부근","승용차","중형","화물차","대형","1080839","1793652","128.39847932","36.13654283"
"2013","2013-09-29 19:00","38","야간","일","1","1","0","0","0","경남","사천시","차대사람","횡단중","횡단중","운전자법규위반","안전운전 의무 불이행","교차로","교차로부근","화물차","소형","보행자","보행자","1052291","1674369","128.07347853","35.06303714"
"2013","2013-09-30 13:00","03","주간","월","1","1","0","0","0","경남","사천시","차대차","기타","기타","운전자법규위반","직진 및 우회전차의 통행방해","교차로","교차로내","이륜차","소형","화물차","대형","1052768","1659752","128.07778245","34.93121102"
"2013","2013-09-27 16:00","30","주간","금","1","1","0","0","0","서울","구로구","차대사람","횡단중","횡단중","운전자법규위반","안전운전 의무 불이행","단일로","기타단일로","화물차","대형","보행자","보행자","941265","1943497","126.83560495","37.48885384"
"2013","2013-09-28 18:00","40","야간","토","1","1","0","0","0","강원","원주시","차대사람","횡단중","횡단중","운전자법규위반","안전운전 의무 불이행","교차로","교차로내","승용차","중형","보행자","보행자","1038209","1933817","127.93171629","37.4026808"
"2013","2013-10-03 20:00","00","야간","목","1","1","0","0","0","경기","시흥시","차대사람","횡단중","횡단중","운전자법규위반","안전운전 의무 불이행","단일로","기타단일로","승용차","경형","보행자","보행자","931511","1926696","126.72719956","37.33729534"
"2013","2013-05-14 06:00","30","주간","화","1","2","0","1","0","강원","동해시","차대차","기타","기타","운전자법규위반","중앙선 침범","단일로","기타단일로","승용차","소형","승합차","대형","1143093","1949029","129.11920996","37.53055863"
"2013","2013-10-31 15:00","29","주간","목","1","1","0","0","0","전북","무주군","차량단독","공작물충돌","공작물충돌","운전자법규위반","안전운전 의무 불이행","단일로","기타단일로","농기계","농기계","00","00","1014673","1760692","127.66248022","35.8426371"
"2013","2013-10-26 16:00","15","주간","토","1","1","0","0","0","경기","용인시","차대차","측면직각충돌","측면직각충돌","운전자법규위반","중앙선 침범","단일로","기타단일로","승용차","경형","이륜차","소형","974772","1918974","127.21545663","37.26933344"
"2013","2013-11-19 23:00","00","야간","화","1","1","0","0","0","강원","철원군","차대차","측면직각충돌","측면직각충돌","운전자법규위반","안전운전 의무 불이행","교차로","교차로내","화물차","소형","특수차","대형","982592","2015139","127.30135711","38.13627676"
"2013","2013-03-17 01:00","10","야간","일","1","1","0","0","0","경남","밀양시","차량단독","공작물충돌","공작물충돌","운전자법규위반","안전운전 의무 불이행","단일로","기타단일로","승용차","중형","00","00","1108343","1712458","128.66802022","35.42208693"
"2013","2013-07-17 04:00","58","야간","수","1","1","0","0","0","서울","양천구","차대사람","기타","기타","운전자법규위반","안전운전 의무 불이행","교차로","교차로내","승용차","대형","보행자","보행자","940287","1949098","126.82408764","37.53927302"
"2013","2013-05-21 10:00","58","주간","화","1","1","0","0","0","전남","곡성군","차대사람","횡단중","횡단중","운전자법규위반","안전운전 의무 불이행","기타/불명","기타/불명","건설기계","건설기계","보행자","보행자","972611","1695858","127.19890513","35.25778885"
"2014","2014-01-16 20:00","15","야간","목","1","1","0","0","0","충북","청주시","차대사람","횡단중","횡단중","운전자법규위반","안전운전 의무 불이행","교차로","교차로부근","승용차","중형","보행자","보행자","999064","1849645","127.49120701","36.64381668"
"2013","2013-09-12 03:00","45","야간","목","1","1","0","0","0","경기","하남시","차대사람","기타","기타","운전자법규위반","과속","단일로","기타단일로","특수차","소형","보행자","보행자","971606","1953244","127.17842988","37.57813973"
"2013","2013-04-20 18:00","30","야간","토","1","1","0","0","0","경기","화성시","차량단독","공작물충돌","공작물충돌","운전자법규위반","안전운전 의무 불이행","단일로","기타단일로","화물차","소형","00","00","951719","1912503","126.91117712","37.22879319"
"2013","2013-04-17 11:00","20","주간","수","1","1","0","0","0","경기","동두천시","차량단독","공작물충돌","공작물충돌","운전자법규위반","안전운전 의무 불이행","단일로","기타단일로","승용차","소형","00","00","959599","1988522","127.0404895","37.89565213"
"2014","2014-08-13 02:00","45","야간","수","1","2","1","0","0","경기","안성시","차량단독","공작물충돌","공작물충돌","운전자법규위반","안전운전 의무 불이행","교차로","교차로내","승용차","중형","00","00","976520","1892102","127.23601518","37.02715209"
"2014","2014-11-01 03:00","30","야간","토","1","1","0","0","0","경기","안성시","차대사람","차도통행중","차도통행중","운전자법규위반","과속","단일로","기타단일로","승용차","중형","보행자","보행자","976719","1889300","127.23560032","37.00086523"
"2012","2012-10-12 21:00","35","야간","금","1","1","0","0","0","경기","광주시","차량단독","공작물충돌","공작물충돌","운전자법규위반","안전운전 의무 불이행","단일로","기타단일로","승용차","대형","00","00","974151","1927017","127.16293742","37.35133036"
"2012","2012-10-07 12:00","05","주간","일","1","1","0","0","0","경기","여주시","차대사람","기타","기타","운전자법규위반","안전운전 의무 불이행","기타/불명","기타/불명","승용차","소형","보행자","보행자","1005065","1915526","127.55710433","37.2385812"
"2014","2014-12-31 19:00","50","야간","수","1","34","3","0","30","경기","화성시","차대차","기타","기타","운전자법규위반","안전거리 미확보","단일로","기타단일로","승용차","중형","승용차","소형","938962","1897894","126.81330074","37.07766889"
"2013","2013-10-09 11:00","50","주간","수","1","1","0","0","0","전북","순창군","차대차","측면직각충돌","측면직각충돌","운전자법규위반","직진 및 우회전차의 통행방해","교차로","교차로내","이륜차","소형","화물차","소형","946538","1715975","126.91252968","35.44364585"
"2013","2013-10-17 15:00","10","주간","목","1","1","0","0","0","충남","공주시","차대사람","횡단중","횡단중","운전자법규위반","보행자 보호의무 위반","단일로","횡단보도상","건설기계","건설기계","보행자","보행자","966387","1828978","127.12487174","36.45780471"
"2013","2013-10-17 17:00","10","주간","목","1","1","0","0","0","강원","양양군","차량단독","도로이탈","도로이탈 추락","운전자법규위반","안전운전 의무 불이행","단일로","기타단일로","건설기계","건설기계","00","00","1087015","1993442","128.49022702","37.93672636"
"2013","2013-10-18 08:00","44","주간","금","1","3","2","0","0","전북","익산시","차대차","추돌","주정차중 추돌","운전자법규위반","안전운전 의무 불이행","교차로","교차로부근","화물차","소형","화물차","소형","953797","1792429","126.99103659","36.1307625"
"2013","2013-10-17 03:00","50","야간","목","1","1","0","0","0","강원","원주시","차량단독","전도전복","전도전복","운전자법규위반","안전운전 의무 불이행","단일로","기타단일로","승용차","중형","00","00","1038001","1926270","127.92897871","37.33466361"
"2013","2013-10-16 19:00","35","야간","수","1","1","0","0","0","전북","완주군","차대차","기타","기타","운전자법규위반","안전운전 의무 불이행","교차로","교차로부근","화물차","소형","자전거","자전거","968666","1770934","127.15262475","35.93458737"
"2013","2013-06-25 21:00","50","야간","화","1","1","0","0","0","전남","광양시","차대사람","횡단중","횡단중","운전자법규위반","안전운전 의무 불이행","단일로","횡단보도부근","승합차","경형","보행자","보행자","1009489","1663305","127.6039774","34.96456243"
"2013","2013-01-27 07:00","10","주간","일","1","3","0","2","0","충남","천안시","차대차","추돌","진행중 추돌","운전자법규위반","안전운전 의무 불이행","단일로","기타단일로","승합차","대형","화물차","대형","965404","1851794","127.11298861","36.66344484"
"2013","2013-10-25 22:00","23","야간","금","2","2","0","0","0","충북","영동군","차량단독","전도전복","전도전복","운전자법규위반","안전운전 의무 불이행","단일로","기타단일로","화물차","소형","00","00","1031736","1806322","127.8531068","36.25392922"
"2013","2013-05-17 05:00","50","야간","금","1","4","1","1","1","충남","당진시","차량단독","공작물충돌","공작물충돌","운전자법규위반","안전운전 의무 불이행","단일로","기타단일로","승합차","소형","00","00","908417","1890269","126.47062907","37.00645829"
"2013","2013-11-10 13:00","15","주간","일","1","2","1","0","0","경남","진주시","차대차","정면충돌","정면충돌","운전자법규위반","중앙선 침범","교차로","교차로내","화물차","소형","특수차","소형","1061191","1682091","128.17165064","35.1321632"
"2013","2013-10-26 04:00","35","야간","토","1","1","0","0","0","광주","북구","차대사람","기타","기타","운전자법규위반","안전운전 의무 불이행","교차로","교차로부근","승용차","중형","보행자","보행자","945366","1689021","126.89991029","35.19573451"
"2013","2013-08-09 01:00","10","야간","금","1","1","0","0","0","경북","칠곡군","차량단독","기타","기타","운전자법규위반","안전운전 의무 불이행","단일로","기타단일로","승용차","소형","00","00","1080859","1787731","128.39809368","36.08316532"
"2013","2013-08-21 19:00","25","야간","수","1","1","0","0","0","전북","김제시","차량단독","도로이탈","도로이탈 추락","운전자법규위반","안전운전 의무 불이행","교차로","교차로부근","원동기장치자전거","원동기장치자전거","00","00","952834","1762909","126.97758899","35.86160002"
"2013","2013-08-26 23:00","40","야간","월","1","1","0","0","0","경기","김포시","차대사람","기타","기타","운전자법규위반","안전운전 의무 불이행","교차로","교차로부근","승용차","중형","보행자","보행자","921941","1961325","126.61196264","37.65876282"
"2013","2013-08-22 14:00","50","주간","목","1","18","10","7","0","전북","완주군","차량단독","전도전복","전도전복","운전자법규위반","안전운전 의무 불이행","교차로","교차로내","화물차","소형","00","00","963511","1769227","127.09555492","35.91901837"
"2013","2013-08-22 02:00","35","야간","목","1","1","0","0","0","충남","서산시","차량단독","전도전복","전도전복","운전자법규위반","안전운전 의무 불이행","교차로","교차로내","화물차","대형","00","00","905997","1874055","126.44544842","36.86008255"
"2013","2013-09-10 15:00","50","주간","화","1","1","0","0","0","경남","하동군","차대차","측면직각충돌","측면직각충돌","운전자법규위반","중앙선 침범","단일로","기타단일로","승용차","대형","농기계","농기계","1037445","1668165","127.91038624","35.0077552"
"2013","2013-10-26 23:00","20","야간","토","1","2","1","0","0","부산","동래구","차량단독","전도전복","전도전복","운전자법규위반","안전운전 의무 불이행","단일로","기타단일로","승용차","소형","00","00","1143764","1692304","129.07960207","35.21580131"
"2013","2013-10-26 01:00","59","야간","토","1","1","0","0","0","전남","광양시","차량단독","공작물충돌","공작물충돌","운전자법규위반","안전운전 의무 불이행","교차로","교차로내","승용차","중형","00","00","1017128","1660663","127.68756527","34.94065501"
"2013","2013-10-17 18:00","45","야간","목","1","1","0","0","0","전남","보성군","차대사람","횡단중","횡단중","운전자법규위반","안전운전 의무 불이행","단일로","기타단일로","화물차","소형","보행자","보행자","962602","1637023","127.09151991","34.72693681"
"2013","2013-06-19 03:00","30","야간","수","1","1","0","0","0","서울","영등포구","차대사람","횡단중","횡단중","운전자법규위반","안전운전 의무 불이행","단일로","횡단보도부근","승용차","소형","보행자","보행자","946902","1947688","126.89992479","37.52677544"
"2013","2013-06-07 15:00","00","주간","금","1","1","0","0","0","전북","익산시","차대차","추돌","진행중 추돌","운전자법규위반","안전운전 의무 불이행","단일로","기타단일로","화물차","소형","이륜차","소형","954142","1780982","126.99103212","36.02460241"
"2013","2013-07-08 07:00","55","주간","월","1","1","0","0","0","경남","함양군","차대사람","횡단중","횡단중","운전자법규위반","안전운전 의무 불이행","단일로","기타단일로","화물차","중형","보행자","보행자","1024006","1728107","127.7648544","35.54865664"
"2013","2013-05-29 02:00","50","야간","수","1","1","0","0","0","경기","안양시","차대차","추돌","진행중 추돌","운전자법규위반","안전거리 미확보","단일로","기타단일로","불명","불명","승용차","대형","946361","1935769","126.89380892","37.4195097"
"2013","2013-04-23 11:00","40","주간","화","1","2","1","0","0","경남","함안군","차대차","정면충돌","정면충돌","운전자법규위반","중앙선 침범","교차로","교차로내","승용차","대형","건설기계","건설기계","1077243","1697062","128.34923066","35.26603959"
"2013","2013-04-29 03:00","35","야간","월","1","1","0","0","0","전북","전주시","차대차","기타","기타","운전자법규위반","안전운전 의무 불이행","단일로","기타단일로","승용차","중형","이륜차","중형","967910","1756012","127.14484453","35.80002652"
"2013","2013-03-28 04:00","45","야간","목","1","1","0","0","0","경기","의정부시","차대사람","횡단중","횡단중","운전자법규위반","안전운전 의무 불이행","단일로","횡단보도상","승용차","중형","보행자","보행자","960293","1970682","127.04936111","37.73489248"
"2013","2013-04-11 02:00","12","야간","목","1","1","0","0","0","충남","홍성군","차대사람","차도통행중","차도통행중","운전자법규위반","안전운전 의무 불이행","단일로","기타단일로","승용차","대형","보행자","보행자","926383","1845322","126.67688913","36.6028951"
"2014","2014-06-16 15:00","50","주간","월","1","1","0","0","0","경기","의왕시","차대사람","길가장자리구역통행중","길가장자리구역통행중","운전자법규위반","안전운전 의무 불이행","단일로","기타단일로","승용차","중형","보행자","보행자","951289","1924806","126.9502209","37.32096772"
"2014","2014-05-17 20:00","15","야간","토","1","1","0","0","0","경기","수원시","차대사람","기타","기타","운전자법규위반","안전운전 의무 불이행","교차로","교차로부근","승용차","소형","보행자","보행자","961818","1917148","127.06944695","37.25243297"
"2014","2014-05-27 19:00","58","야간","화","1","1","0","0","0","전북","남원시","차량단독","도로이탈","도로이탈 기타","운전자법규위반","안전운전 의무 불이행","단일로","기타단일로","농기계","농기계","00","00","990937","1710428","127.42646189","35.38369326"
"2014","2014-06-02 23:00","28","야간","월","1","1","0","0","0","전북","익산시","차대사람","횡단중","횡단중","운전자법규위반","안전운전 의무 불이행","교차로","교차로내","승용차","중형","보행자","보행자","951533","1770952","126.96268983","35.93404978"
"2014","2014-06-26 13:00","05","주간","목","1","1","0","0","0","충남","아산시","차대차","측면직각충돌","측면직각충돌","운전자법규위반","안전운전 의무 불이행","교차로","교차로내","승용차","소형","원동기장치자전거","원동기장치자전거","955853","1864759","127.00525679","36.77993138"
"2014","2014-03-10 06:00","18","주간","월","1","1","0","0","0","경기","평택시","차대사람","기타","기타","운전자법규위반","과속","단일로","교량위","승용차","중형","보행자","보행자","963675","1886536","127.09187031","36.97656993"
"2013","2013-09-10 07:00","30","주간","화","1","1","0","0","0","대구","동구","차대사람","기타","기타","운전자법규위반","안전운전 의무 불이행","단일로","기타단일로","화물차","소형","보행자","보행자","1106839","1766596","128.68375285","35.89014428"
"2013","2013-02-21 21:00","52","야간","목","1","1","0","0","0","경기","안양시","차량단독","전도전복","전도전복","운전자법규위반","안전운전 의무 불이행","단일로","기타단일로","원동기장치자전거","원동기장치자전거","00","00","951081","1933123","126.94732396","37.39592176"
"2014","2014-02-01 18:00","11","야간","토","1","1","0","0","0","경기","부천시","차대차","기타","기타","운전자법규위반","직진 및 우회전차의 통행방해","단일로","기타단일로","승용차","소형","자전거","자전거","939823","1948115","126.81891638","37.53038308"
"2014","2014-10-26 04:00","20","야간","일","1","3","2","0","0","경기","하남시","차량단독","도로이탈","도로이탈 기타","운전자법규위반","안전운전 의무 불이행","단일로","기타단일로","승용차","중형","00","00","972620","1944110","127.19025428","37.49584135"
"2014","2014-05-10 23:00","30","야간","토","1","1","0","0","0","경남","김해시","차량단독","공작물충돌","공작물충돌","운전자법규위반","안전운전 의무 불이행","단일로","기타단일로","승합차","소형","00","00","1124105","1691096","128.86343836","35.2075466"
"2012","2012-08-16 18:00","45","야간","목","1","1","0","0","0","울산","중구","차량단독","기타","기타","운전자법규위반","안전운전 의무 불이행","단일로","기타단일로","자전거","자전거","00","00","1167644","1730066","129.3495734","35.55242213"
"2012","2012-10-03 14:00","40","주간","수","1","1","0","0","0","경북","김천시","차량단독","기타","기타","운전자법규위반","안전운전 의무 불이행","단일로","기타단일로","농기계","농기계","00","00","1061457","1793082","128.19814235","36.15628786"
"2014","2014-06-10 09:00","00","주간","화","1","1","0","0","0","전북","군산시","차대차","기타","기타","운전자법규위반","안전운전 의무 불이행","교차로","교차로부근","승용차","중형","자전거","자전거","928907","1776628","126.71136502","35.98383512"
"2013","2013-04-04 13:00","42","주간","목","1","1","0","0","0","전북","익산시","차량단독","공작물충돌","공작물충돌","운전자법규위반","안전운전 의무 불이행","단일로","기타단일로","승용차","경형","00","00","962276","1771127","127.07509313","35.92123777"
"2014","2014-11-12 15:00","45","주간","수","1","1","0","0","0","인천","연수구","차대사람","횡단중","횡단중","운전자법규위반","안전운전 의무 불이행","교차로","교차로부근","화물차","중형","보행자","보행자","927300","1935342","126.67845425","37.41436045"
"2012","2012-01-12 11:00","00","주간","목","1","2","0","1","0","전북","전주시","차대차","추돌","진행중 추돌","운전자법규위반","안전운전 의무 불이행","단일로","기타단일로","승합차","대형","화물차","경형","967840","1757517","127.14400927","35.8135934"
"2014","2014-01-18 16:00","55","주간","토","1","1","0","0","0","경기","동두천시","차대차","추돌","주정차중 추돌","운전자법규위반","안전운전 의무 불이행","단일로","기타단일로","화물차","소형","승용차","중형","961304","1990457","127.05977731","37.91316596"
"2012","2012-09-06 05:00","35","야간","목","1","2","0","0","1","경기","화성시","차대차","정면충돌","정면충돌","운전자법규위반","안전운전 의무 불이행","단일로","기타단일로","화물차","소형","특수차","중형","940437","1914665","126.82387655","37.22557772"
"2014","2014-03-24 08:00","30","주간","월","1","1","0","0","0","전남","영광군","차량단독","기타","기타","운전자법규위반","안전운전 의무 불이행","단일로","기타단일로","화물차","소형","00","00","898723","1695524","126.38676179","35.25003105"
"2012","2012-06-16 20:00","45","야간","토","1","1","0","0","0","충남","연기군","차대차","정면충돌","정면충돌","운전자법규위반","중앙선 침범","단일로","기타단일로","이륜차","중형","승용차","대형","978160","1833603","127.25612896","36.49984034"
"2014","2014-11-07 12:00","49","주간","금","1","2","1","0","0","서울","성북구","차대사람","보도통행중","보도통행중","운전자법규위반","기타(운전자법규위반)","교차로","교차로부근","승용차","중형","보행자","보행자","955823","1956616","126.99948453","37.60790994"
"2012","2012-02-08 19:00","00","야간","수","1","1","0","0","0","경기","이천시","차대사람","차도통행중","차도통행중","운전자법규위반","안전운전 의무 불이행","교차로","교차로내","승용차","중형","보행자","보행자","1011402","1903982","127.61461505","37.1270886"
"2014","2014-05-30 14:00","10","주간","금","1","1","0","0","0","경북","경주시","차량단독","전도전복","전도전복","운전자법규위반","안전운전 의무 불이행","기타/불명","기타/불명","농기계","농기계","00","00","1136232","1749649","129.00870566","35.73533401"
"2014","2014-10-09 22:00","00","야간","목","1","1","0","0","0","경기","화성시","차량단독","기타","기타","운전자법규위반","안전운전 의무 불이행","단일로","기타단일로","이륜차","소형","00","00","952248","1899687","126.96265208","37.09460202"
"2012","2012-08-03 20:00","23","야간","금","1","1","0","0","0","경북","김천시","차대차","측면직각충돌","측면직각충돌","운전자법규위반","안전운전 의무 불이행","단일로","기타단일로","이륜차","중형","농기계","농기계","1054694","1800356","128.10756256","36.20127328"
"2014","2014-09-30 16:00","30","주간","화","1","3","2","0","0","울산","남구","차대사람","길가장자리구역통행중","길가장자리구역통행중","운전자법규위반","안전운전 의무 불이행","단일로","기타단일로","화물차","소형","보행자","보행자","1163733","1724017","129.30522205","35.49856162"
"2014","2014-06-20 18:00","35","야간","금","1","1","0","0","0","인천","부평구","차대차","측면직각충돌","측면직각충돌","운전자법규위반","교차로 통행방법 위반","교차로","교차로부근","승용차","중형","자전거","자전거","928657","1942338","126.69311069","37.47751994"
"2012","2012-11-18 14:00","00","주간","일","1","1","0","0","0","경기","안성시","차대차","측면직각충돌","측면직각충돌","운전자법규위반","안전운전 의무 불이행","단일로","기타단일로","화물차","소형","이륜차","소형","969300","1887210","127.15504145","36.98284599"
"2014","2014-10-16 15:00","20","주간","목","1","2","1","0","0","인천","강화군","차량단독","기타","기타","운전자법규위반","안전운전 의무 불이행","단일로","기타단일로","승용차","중형","00","00","912480","1959971","126.50806715","37.63504159"
"2014","2014-03-13 04:00","10","야간","목","1","1","0","0","0","경북","포항시","차량단독","공작물충돌","공작물충돌","운전자법규위반","안전운전 의무 불이행","교차로","교차로부근","승합차","소형","00","00","1167580","1785547","129.36049365","36.05240023"
"2014","2014-11-11 23:00","29","야간","화","1","2","1","0","0","인천","연수구","차대차","측면직각충돌","측면직각충돌","운전자법규위반","중앙선 침범","단일로","기타단일로","승용차","중형","승용차","대형","924541","1934636","126.64730735","37.40767719"
"2014","2014-10-06 14:00","25","주간","월","1","1","0","0","0","전남","광양시","차량단독","기타","기타","운전자법규위반","안전운전 의무 불이행","단일로","기타단일로","농기계","농기계","00","00","1011114","1669451","127.62182465","35.0199842"
"2013","2013-07-22 12:00","45","주간","월","1","3","2","0","0","전남","담양군","차대차","정면충돌","정면충돌","운전자법규위반","중앙선 침범","단일로","기타단일로","화물차","소형","화물차","소형","957474","1699838","127.03229769","35.29314698"
"2013","2013-07-22 05:00","15","야간","월","1","1","0","0","0","경북","경산시","차량단독","도로이탈","도로이탈 추락","운전자법규위반","안전운전 의무 불이행","단일로","교량위","이륜차","소형","00","00","1113530","1762149","128.75723866","35.84930571"
"2013","2013-07-21 11:00","00","주간","일","1","1","0","0","0","충북","보은군","차대차","기타","기타","운전자법규위반","과속","교차로","교차로내","화물차","소형","자전거","자전거","1023875","1825245","127.76633634","36.42444312"
"2013","2013-07-29 22:00","53","야간","월","1","1","0","0","0","부산","사하구","차대사람","횡단중","횡단중","운전자법규위반","안전운전 의무 불이행","단일로","기타단일로","승합차","중형","보행자","보행자","1133149","1679987","128.96097765","35.10624766"
"2013","2013-07-25 20:00","20","야간","목","1","1","0","0","0","부산","연제구","차대차","기타","기타","운전자법규위반","안전운전 의무 불이행","단일로","기타단일로","화물차","소형","승용차","중형","1142692","1689179","129.06724266","35.18779599"
"2013","2013-07-26 14:00","11","주간","금","1","1","0","0","0","경기","이천시","차대차","기타","기타","운전자법규위반","안전운전 의무 불이행","단일로","기타단일로","건설기계","건설기계","화물차","대형","986909","1917424","127.35237496","37.25561161"
"2013","2013-07-26 14:00","01","주간","금","1","2","0","1","0","경북","포항시","차대차","측면직각충돌","측면직각충돌","운전자법규위반","안전운전 의무 불이행","교차로","교차로부근","승용차","중형","이륜차","소형","1186673","1780850","129.57123958","36.00660415"
"2013","2013-07-27 14:00","40","주간","토","1","3","0","1","1","경남","창원시(통합)","차대차","추돌","주정차중 추돌","운전자법규위반","안전운전 의무 불이행","교차로","교차로부근","화물차","소형","승용차","중형","1096150","1686881","128.55582414","35.17242844"
"2014","2014-05-04 05:00","50","야간","일","1","2","0","1","0","전남","여수시","차량단독","공작물충돌","공작물충돌","운전자법규위반","안전운전 의무 불이행","단일로","기타단일로","화물차","소형","00","00","1015859","1649416","127.67345549","34.83925513"
"2014","2014-03-20 19:00","40","야간","목","1","1","0","0","0","충남","서산시","차대사람","길가장자리구역통행중","길가장자리구역통행중","운전자법규위반","안전운전 의무 불이행","단일로","기타단일로","승용차","중형","보행자","보행자","906605","1864633","126.45342506","36.77522052"
"2014","2014-03-30 10:00","15","주간","일","1","1","0","0","0","서울","강남구","차대차","측면직각충돌","측면직각충돌","운전자법규위반","과속","단일로","기타단일로","승용차","중형","승용차","경형","965241","1941636","127.10697277","37.47274497"
"2014","2014-03-26 07:00","35","주간","수","1","2","0","0","1","부산","남구","차량단독","전도전복","전도전복","운전자법규위반","안전운전 의무 불이행","단일로","교량위","승용차","소형","00","00","1143806","1681850","129.06921569","35.12415311"
"2014","2014-03-24 12:00","58","주간","월","1","2","0","1","0","충남","서천군","차대차","기타","기타","운전자법규위반","신호위반","교차로","교차로내","원동기장치자전거","원동기장치자전거","화물차","소형","937962","1787971","126.81091493","36.08671315"
"2014","2014-04-01 08:00","51","주간","화","1","1","0","0","0","서울","강서구","차대사람","횡단중","횡단중","운전자법규위반","보행자 보호의무 위반","교차로","교차로내","화물차","소형","보행자","보행자","941113","1950057","126.83335987","37.54796962"
"2014","2014-03-31 23:00","35","야간","월","1","1","0","0","0","경기","고양시","차대차","추돌","진행중 추돌","운전자법규위반","신호위반","교차로","교차로내","이륜차","소형","승용차","중형","941475","1959172","126.83672906","37.6301455"
"2014","2014-04-11 03:00","20","야간","금","1","1","0","0","0","경남","남해군","차량단독","도로이탈","도로이탈 기타","운전자법규위반","안전운전 의무 불이행","기타/불명","기타/불명","승용차","중형","00","00","1047158","1655913","128.01614145","34.89687056"
"2014","2014-04-10 18:00","03","야간","목","1","1","0","0","0","전남","광양시","차대사람","횡단중","횡단중","운전자법규위반","보행자 보호의무 위반","단일로","횡단보도상","건설기계","건설기계","보행자","보행자","1020056","1663166","127.71968922","34.96317195"
"2014","2014-04-07 00:00","30","야간","월","1","2","1","0","0","충북","청주시","차량단독","공작물충돌","공작물충돌","운전자법규위반","과속","단일로","기타단일로","승용차","소형","00","00","1001641","1847160","127.51607409","36.61971615"
"2014","2014-04-08 03:00","00","야간","화","1","1","0","0","0","충남","당진시","차대차","추돌","진행중 추돌","운전자법규위반","과속","단일로","기타단일로","승용차","소형","이륜차","중형","928211","1878063","126.53625792","37.01380328"
"2014","2014-04-07 02:00","45","야간","월","1","4","3","0","0","전남","구례군","차대사람","횡단중","횡단중","운전자법규위반","안전운전 의무 불이행","교차로","교차로내","승용차","중형","보행자","보행자","996784","1690407","127.46469973","35.20889341"
"2014","2014-04-08 03:00","55","야간","화","1","1","0","0","0","경남","사천시","차량단독","공작물충돌","공작물충돌","운전자법규위반","안전운전 의무 불이행","단일로","기타단일로","승용차","중형","00","00","1053028","1661179","128.08082377","34.94482177"
"2014","2014-04-18 19:00","38","야간","금","1","1","0","0","0","충남","아산시","차대사람","횡단중","횡단중","운전자법규위반","안전운전 의무 불이행","교차로","교차로내","승용차","중형","보행자","보행자","955179","1864626","126.99771155","36.77870081"
"2014","2014-04-18 17:00","07","주간","금","1","1","0","0","0","경기","고양시","차대차","측면직각충돌","측면직각충돌","운전자법규위반","교차로 통행방법 위반","교차로","교차로내","화물차","소형","원동기장치자전거","원동기장치자전거","945456","1959010","126.88185581","37.62893039"