"발생년","발생년월일시","발생분","주야","요일","사망자수","사상자수","중상자수","경상자수","부상신고자수","발생지시도","발생지시군구","사고유형_대분류","사고유형_중분류","사고유형","법규위반_대분류","법규위반","도로형태_대분류","도로형태","당사자종별_1당_대분류","당사자종별_1당","당사자종별_2당_대분류","당사자종별_2당","발생위치X_UTMK","발생위치Y_UTMK","경도","위도"
"2014","2014-04-16 15:00","55","주간","수","1","1","0","0","0","전남","순천시","차대사람","횡단중","횡단중","운전자법규위반","안전운전 의무 불이행","단일로","기타단일로","화물차","소형","보행자","보행자","999214","1661654","127.49139172","34.94973586"
"2014","2014-04-13 19:00","05","야간","일","1","1","0","0","0","강원","고성군","차대차","측면직각충돌","측면직각충돌","운전자법규위반","교차로 통행방법 위반","교차로","교차로내","승합차","대형","원동기장치자전거","원동기장치자전거","1091412","2032954","128.54532046","38.2923463"
"2014","2014-04-13 11:00","58","주간","일","1","5","3","1","0","경남","진주시","차대차","측면직각충돌","측면직각충돌","운전자법규위반","중앙선 침범","단일로","기타단일로","승용차","경형","승용차","경형","1061822","1689872","128.17915933","35.20228245"
"2014","2014-04-22 14:00","20","주간","화","1","1","0","0","0","경북","칠곡군","차대사람","차도통행중","차도통행중","운전자법규위반","안전운전 의무 불이행","단일로","기타단일로","승용차","중형","보행자","보행자","1082618","1773088","128.41609944","35.95101419"
"2014","2014-04-23 01:00","30","야간","수","1","2","1","0","0","서울","성북구","차대차","측면직각충돌","측면직각충돌","운전자법규위반","중앙선 침범","교차로","교차로부근","승용차","중형","이륜차","대형","961243","1956488","127.06089693","37.6070007"
"2013","2013-07-08 00:00","40","야간","월","1","1","0","0","0","충북","청원군","차대사람","횡단중","횡단중","운전자법규위반","안전운전 의무 불이행","교차로","교차로부근","승용차","대형","보행자","보행자","1000652","1843541","127.50709208","36.58968976"
"2013","2013-07-07 02:00","40","야간","일","1","3","0","2","0","대구","수성구","차대차","측면직각충돌","측면직각충돌","운전자법규위반","신호위반","교차로","교차로내","원동기장치자전거","원동기장치자전거","승용차","대형","1107792","1760176","128.6934419","35.83216865"
"2013","2013-07-07 02:00","57","야간","일","1","1","0","0","0","대구","서구","차대사람","기타","기타","운전자법규위반","안전운전 의무 불이행","단일로","기타단일로","승용차","중형","보행자","보행자","1096535","1763277","128.56920344","35.86129588"
"2013","2013-07-04 05:00","00","야간","목","1","1","0","0","0","경기","부천시","차대사람","횡단중","횡단중","운전자법규위반","안전운전 의무 불이행","단일로","기타단일로","승용차","중형","보행자","보행자","938570","1947916","126.80475251","37.52850687"
"2013","2013-07-04 23:00","28","야간","목","1","1","0","0","0","충남","청양군","차대사람","횡단중","횡단중","운전자법규위반","안전운전 의무 불이행","단일로","기타단일로","승합차","소형","보행자","보행자","939862","1831959","126.82862968","36.4833799"
"2013","2013-07-05 17:00","18","주간","금","1","1","0","0","0","전북","김제시","차대차","측면직각충돌","측면직각충돌","운전자법규위반","중앙선 침범","단일로","기타단일로","이륜차","소형","승용차","대형","938448","1762701","126.81652813","35.85206429"
"2013","2013-07-05 11:00","00","주간","금","1","2","1","0","0","경북","경주시","차량단독","전도전복","전도전복","운전자법규위반","안전운전 의무 불이행","단일로","기타단일로","화물차","중형","00","00","1159952","1762396","129.27118002","35.8450548"
"2013","2013-07-04 17:00","25","주간","목","3","7","4","0","0","광주","광산구","차대차","추돌","진행중 추돌","운전자법규위반","과속","단일로","기타단일로","승용차","중형","승용차","소형","936244","1686072","126.7998896","35.16789876"
"2013","2013-05-20 12:00","05","주간","월","1","6","1","3","1","강원","영월군","차대차","기타","기타","운전자법규위반","안전운전 의무 불이행","단일로","교량위","승합차","대형","승용차","대형","1078280","1910310","128.38195724","37.18829465"
"2013","2013-05-18 21:00","20","야간","토","1","1","0","0","0","경북","경주시","차대차","기타","기타","운전자법규위반","안전운전 의무 불이행","단일로","기타단일로","승용차","중형","이륜차","소형","1153327","1749799","129.19543595","35.73258567"
"2013","2013-05-26 11:00","13","주간","일","1","1","0","0","0","경남","거창군","차대사람","횡단중","횡단중","운전자법규위반","안전운전 의무 불이행","교차로","교차로내","화물차","소형","보행자","보행자","1028616","1753961","127.81663424","35.78164188"
"2013","2013-05-26 03:00","00","야간","일","1","1","0","0","0","경기","파주시","차대차","추돌","진행중 추돌","운전자법규위반","안전운전 의무 불이행","교차로","교차로내","이륜차","소형","승합차","대형","934312","1968040","126.75475702","37.70958537"
"2013","2013-05-27 06:00","05","주간","월","1","2","1","0","0","전북","익산시","차대차","측면직각충돌","측면직각충돌","운전자법규위반","신호위반","교차로","교차로내","승용차","대형","이륜차","중형","949124","1783591","126.93517282","36.04787443"
"2013","2013-05-25 04:00","40","야간","토","1","1","0","0","0","서울","송파구","차대차","추돌","진행중 추돌","운전자법규위반","안전운전 의무 불이행","단일로","기타단일로","승용차","중형","자전거","자전거","965325","1946345","127.10517098","37.5151201"
"2013","2013-05-25 01:00","15","야간","토","1","1","0","0","0","충북","청주시","차대사람","횡단중","횡단중","운전자법규위반","안전운전 의무 불이행","교차로","교차로부근","승용차","중형","보행자","보행자","993624","1847892","127.42856228","36.62895332"
"2013","2013-05-31 03:00","50","야간","금","1","1","0","0","0","부산","수영구","차대사람","차도통행중","차도통행중","운전자법규위반","안전운전 의무 불이행","단일로","기타단일로","승용차","중형","보행자","보행자","1146623","1684430","129.10955843","35.14442215"
"2013","2013-06-07 12:00","25","주간","금","1","1","0","0","0","제주","제주시","차량단독","기타","기타","운전자법규위반","안전운전 의무 불이행","단일로","기타단일로","이륜차","소형","00","00","885511","1493541","126.26847993","33.42747186"
"2013","2013-06-06 20:00","30","야간","목","1","1","0","0","0","충남","천안시","차대사람","횡단중","횡단중","운전자법규위반","안전운전 의무 불이행","단일로","기타단일로","화물차","소형","보행자","보행자","967349","1868287","127.13393517","36.81220077"
"2013","2013-06-07 10:00","00","주간","금","1","1","0","0","0","대전","대덕구","차대사람","기타","기타","운전자법규위반","안전운전 의무 불이행","단일로","기타단일로","승합차","중형","보행자","보행자","992806","1826103","127.41973938","36.43244831"
"2013","2013-06-11 04:00","43","야간","화","1","1","0","0","0","경북","군위군","차대사람","횡단중","횡단중","운전자법규위반","안전운전 의무 불이행","교차로","교차로내","승용차","소형","보행자","보행자","1103177","1799723","128.64751085","36.18914665"
"2013","2013-06-15 17:00","20","주간","토","1","1","0","0","0","전남","완도군","차량단독","기타","기타","운전자법규위반","안전운전 의무 불이행","단일로","기타단일로","농기계","농기계","00","00","941256","1576673","126.86252755","34.18171448"
"2013","2013-06-14 17:00","35","주간","금","1","1","0","0","0","경기","시흥시","차대차","측면직각충돌","측면직각충돌","운전자법규위반","신호위반","교차로","교차로내","건설기계","건설기계","자전거","자전거","939621","1939451","126.81732069","37.45260393"
"2013","2013-06-18 19:00","46","야간","화","1","1","0","0","0","서울","관악구","차대사람","횡단중","횡단중","운전자법규위반","신호위반","교차로","교차로내","승합차","대형","보행자","보행자","947191","1942969","126.9026727","37.48445282"
"2013","2013-01-29 22:00","50","야간","화","1","3","2","0","0","세종","세종","차량단독","공작물충돌","공작물충돌","운전자법규위반","안전운전 의무 불이행","단일로","기타단일로","승용차","소형","00","00","979258","1829846","127.26416127","36.46912371"
"2013","2013-11-19 18:00","10","야간","화","1","1","0","0","0","부산","강서구","차대사람","기타","기타","운전자법규위반","안전운전 의무 불이행","단일로","기타단일로","승용차","중형","보행자","보행자","1126393","1678195","128.88659365","35.09096404"
"2013","2013-11-13 21:00","05","야간","수","1","1","0","0","0","충북","청주시","차대사람","횡단중","횡단중","운전자법규위반","안전운전 의무 불이행","단일로","기타단일로","승합차","대형","보행자","보행자","998692","1851707","127.4853637","36.66329743"
"2013","2013-04-02 19:00","15","야간","화","1","1","0","0","0","충북","보은군","차대사람","횡단중","횡단중","운전자법규위반","안전운전 의무 불이행","단일로","횡단보도부근","승용차","중형","보행자","보행자","1020836","1829260","127.73254319","36.46070996"
"2013","2013-04-02 00:00","35","야간","화","1","1","0","0","0","충남","아산시","차대차","기타","기타","운전자법규위반","안전운전 의무 불이행","단일로","기타단일로","특수차","대형","승용차","중형","960177","1864426","127.0537911","36.77713406"
"2013","2013-04-12 14:00","55","주간","금","1","2","1","0","0","전남","순천시","차량단독","공작물충돌","공작물충돌","운전자법규위반","안전운전 의무 불이행","단일로","기타단일로","화물차","경형","00","00","992158","1651353","127.41422182","34.85695104"
"2013","2013-07-10 20:00","50","야간","수","1","1","0","0","0","충남","보령시","차량단독","전도전복","전도전복","운전자법규위반","안전운전 의무 불이행","교차로","교차로내","이륜차","사발이","00","00","912046","1813188","126.52025745","36.31202668"
"2013","2013-08-05 17:00","17","주간","월","1","4","0","3","0","경기","성남시","차대사람","기타","기타","운전자법규위반","기타(운전자법규위반)","단일로","기타단일로","화물차","소형","보행자","보행자","968969","1936731","127.15012288","37.42942017"
"2013","2013-09-19 13:00","00","주간","목","1","1","0","0","0","충남","서산시","차량단독","전도전복","전도전복","운전자법규위반","안전운전 의무 불이행","단일로","기타단일로","농기계","농기계","00","00","903111","1858981","126.41499549","36.72392711"
"2013","2013-09-18 05:00","50","야간","수","1","1","0","0","0","전남","나주시","차대사람","횡단중","횡단중","운전자법규위반","보행자 보호의무 위반","단일로","횡단보도상","승용차","소형","보행자","보행자","927607","1663396","126.70703338","34.96285591"
"2013","2013-03-13 07:00","18","주간","수","1","1","0","0","0","전남","여수시","차량단독","공작물충돌","공작물충돌","운전자법규위반","안전운전 의무 불이행","단일로","기타단일로","승용차","소형","00","00","1019610","1642761","127.71432584","34.77917717"
"2013","2013-03-11 19:00","10","야간","월","1","1","0","0","0","전남","영암군","차대사람","차도통행중","차도통행중","운전자법규위반","안전운전 의무 불이행","단일로","기타단일로","승용차","소형","보행자","보행자","932039","1651854","126.75651502","34.85909113"
"2013","2013-03-10 18:00","55","야간","일","1","1","0","0","0","광주","북구","차대사람","횡단중","횡단중","운전자법규위반","안전운전 의무 불이행","단일로","기타단일로","승용차","중형","보행자","보행자","945669","1684694","126.90269086","35.15545123"
"2013","2013-03-20 22:00","50","야간","수","1","1","0","0","0","경기","평택시","차량단독","공작물충돌","공작물충돌","운전자법규위반","안전운전 의무 불이행","단일로","기타단일로","승용차","경형","00","00","964407","1889226","127.09996755","37.00084618"
"2013","2013-03-19 06:00","16","주간","화","2","3","0","1","0","전남","무안군","차대차","정면충돌","정면충돌","운전자법규위반","안전운전 의무 불이행","교차로","교차로내","화물차","소형","승용차","중형","902280","1655562","126.43056492","34.8900968"
"2013","2013-03-18 21:00","20","야간","월","1","1","0","0","0","충남","당진시","차량단독","도로이탈","도로이탈 추락","운전자법규위반","안전운전 의무 불이행","단일로","기타단일로","승용차","중형","00","00","928734","1879817","126.69869846","36.91349564"
"2013","2013-03-17 03:00","40","야간","일","2","3","0","1","0","세종","세종","차대차","정면충돌","정면충돌","운전자법규위반","중앙선 침범","단일로","교량위","원동기장치자전거","원동기장치자전거","승용차","경형","982124","1846191","127.30009963","36.61340404"
"2013","2013-03-17 00:00","20","야간","일","1","1","0","0","0","서울","성북구","차량단독","공작물충돌","공작물충돌","운전자법규위반","안전운전 의무 불이행","단일로","기타단일로","이륜차","중형","00","00","960027","1956321","127.04745171","37.60575743"
"2013","2013-03-17 00:00","38","야간","일","1","1","0","0","0","서울","용산구","차량단독","공작물충돌","공작물충돌","운전자법규위반","안전운전 의무 불이행","단일로","기타단일로","이륜차","대형","00","00","951713","1947503","126.95352141","37.5255664"
"2013","2013-03-26 06:00","00","주간","화","1","1","0","0","0","경남","진주시","차대사람","횡단중","횡단중","운전자법규위반","안전운전 의무 불이행","단일로","기타단일로","승용차","중형","보행자","보행자","1053391","1688283","128.08644039","35.18843901"
"2013","2013-03-26 09:00","10","주간","화","1","1","0","0","0","충북","청주시","차대사람","기타","기타","운전자법규위반","안전운전 의무 불이행","단일로","기타단일로","승합차","중형","보행자","보행자","996892","1845603","127.46524673","36.6082658"
"2013","2013-03-21 15:00","50","주간","목","1","1","0","0","0","경기","성남시","차대사람","차도통행중","차도통행중","운전자법규위반","안전운전 의무 불이행","단일로","기타단일로","승용차","중형","보행자","보행자","966844","1934042","127.1253653","37.40490354"
"2013","2013-03-22 16:00","52","주간","금","1","2","1","0","0","충북","옥천군","차대사람","기타","기타","운전자법규위반","과속","단일로","기타단일로","화물차","소형","보행자","보행자","1016784","1808821","127.68687931","36.27652498"
"2013","2013-03-22 21:00","05","야간","금","1","2","1","0","0","경북","성주군","차대차","정면충돌","정면충돌","운전자법규위반","중앙선 침범","단일로","기타단일로","이륜차","소형","승용차","중형","1070580","1771686","128.28250508","35.93931948"
"2013","2013-03-23 06:00","00","주간","토","1","1","0","0","0","경남","통영시","차대사람","횡단중","횡단중","운전자법규위반","보행자 보호의무 위반","단일로","기타단일로","승용차","중형","보행자","보행자","1084766","1651074","128.42723147","34.85079545"
"2013","2013-03-21 21:00","50","야간","목","1","1","0","0","0","광주","남구","차대사람","횡단중","횡단중","운전자법규위반","신호위반","단일로","횡단보도상","승용차","중형","보행자","보행자","945389","1682043","126.9003202","35.13168588"
"2013","2013-03-29 23:00","52","야간","금","1","1","0","0","0","서울","관악구","차대사람","기타","기타","운전자법규위반","안전운전 의무 불이행","단일로","기타단일로","승용차","중형","보행자","보행자","952855","1941323","126.96684142","37.46992344"
"2013","2013-03-28 22:00","10","야간","목","1","1","0","0","0","인천","서구","차대사람","기타","기타","운전자법규위반","중앙선 침범","단일로","기타단일로","승용차","중형","보행자","보행자","926769","1944234","126.67164216","37.4951639"
"2013","2013-03-27 13:00","02","주간","수","1","1","0","0","0","경기","안성시","차대차","측면직각충돌","측면직각충돌","운전자법규위반","안전운전 의무 불이행","단일로","기타단일로","화물차","중형","자전거","자전거","992096","1896912","127.41108466","37.07077144"
"2013","2013-03-28 07:00","40","주간","목","1","1","0","0","0","경북","경주시","차대차","기타","기타","운전자법규위반","안전운전 의무 불이행","교차로","교차로내","화물차","소형","자전거","자전거","1155527","1778483","129.22726038","35.99095845"
"2013","2013-03-29 05:00","10","야간","금","1","1","0","0","0","경기","평택시","차량단독","공작물충돌","공작물충돌","운전자법규위반","중앙선 침범","단일로","기타단일로","승용차","중형","00","00","944099","1883261","126.86883956","36.94779795"
"2013","2013-04-11 01:00","25","야간","목","1","1","0","0","0","경남","진주시","차량단독","공작물충돌","공작물충돌","운전자법규위반","안전운전 의무 불이행","단일로","기타단일로","화물차","소형","00","00","1050694","1688483","128.05683044","35.19038217"
"2013","2013-04-07 18:00","00","야간","일","1","1","0","0","0","전남","신안군","차량단독","전도전복","전도전복","운전자법규위반","안전운전 의무 불이행","단일로","기타단일로","농기계","농기계","00","00","873028","1648981","126.11150609","34.82753176"
"2013","2013-04-28 03:00","30","야간","일","1","1","0","0","0","대구","달서구","차대사람","횡단중","횡단중","운전자법규위반","안전운전 의무 불이행","단일로","기타단일로","승용차","중형","보행자","보행자","1091632","1762974","128.51487176","35.85903539"
"2013","2013-05-10 22:00","10","야간","금","1","1","0","0","0","경기","군포시","차대사람","횡단중","횡단중","운전자법규위반","신호위반","단일로","횡단보도상","특수차","중형","보행자","보행자","950034","1929971","126.93570863","37.36745561"
"2013","2013-04-20 04:00","05","야간","토","1","1","0","0","0","경기","고양시","차량단독","공작물충돌","공작물충돌","운전자법규위반","안전운전 의무 불이행","교차로","교차로내","승용차","중형","00","00","937587","1961457","126.79247358","37.65048375"
"2013","2013-07-21 05:00","00","야간","일","1","1","0","0","0","전남","여수시","차량단독","전도전복","전도전복","운전자법규위반","교차로 통행방법 위반","교차로","교차로내","승용차","중형","00","00","1008626","1654008","127.58910081","34.87441581"
"2013","2013-04-13 03:00","36","야간","토","1","1","0","0","0","서울","용산구","차대사람","횡단중","횡단중","운전자법규위반","안전운전 의무 불이행","교차로","교차로부근","이륜차","중형","보행자","보행자","953079","1948039","126.96894598","37.53046802"
"2013","2013-04-13 14:00","30","주간","토","1","2","1","0","0","경북","구미시","차대사람","기타","기타","운전자법규위반","보행자 보호의무 위반","교차로","교차로내","화물차","소형","보행자","보행자","1083296","1790814","128.42548395","36.11075151"
"2013","2013-04-13 08:00","45","주간","토","1","1","0","0","0","충남","아산시","차대사람","차도통행중","차도통행중","운전자법규위반","안전운전 의무 불이행","단일로","기타단일로","화물차","소형","보행자","보행자","961193","1871545","127.06475288","36.84133731"
"2013","2013-04-14 02:00","00","야간","일","1","2","1","0","0","경북","경주시","차량단독","전도전복","전도전복","운전자법규위반","안전운전 의무 불이행","단일로","기타단일로","승용차","중형","00","00","1156429","1775928","129.2348459","35.96757305"
"2013","2013-04-14 16:00","35","주간","일","1","1","0","0","0","충남","당진시","차량단독","도로이탈","도로이탈 기타","운전자법규위반","안전운전 의무 불이행","단일로","기타단일로","화물차","중형","00","00","925210","1868859","126.66147293","36.81496412"
"2013","2013-04-21 03:00","40","야간","일","1","4","2","1","0","제주","서귀포시","차량단독","전도전복","전도전복","운전자법규위반","안전운전 의무 불이행","교차로","교차로내","승용차","경형","00","00","916202","1474706","126.60031946","33.26044199"
"2013","2013-04-22 02:00","12","야간","월","1","4","3","0","0","경기","안산시","차대차","기타","기타","운전자법규위반","신호위반","교차로","교차로내","승용차","중형","승용차","중형","941814","1922937","126.84343326","37.30357658"
"2013","2013-04-20 01:00","46","야간","토","1","1","0","0","0","경북","안동시","차량단독","공작물충돌","공작물충돌","운전자법규위반","안전운전 의무 불이행","단일로","기타단일로","승용차","대형","00","00","1087653","1837347","128.47912037","36.52982315"
"2013","2013-04-21 04:00","30","야간","일","1","2","1","0","0","경남","거제시","차량단독","공작물충돌","공작물충돌","운전자법규위반","안전운전 의무 불이행","단일로","기타단일로","승용차","소형","00","00","1110924","1661357","128.6883269","34.98520253"
"2013","2013-04-04 23:00","56","야간","목","1","3","2","0","0","서울","용산구","차대사람","보도통행중","보도통행중","운전자법규위반","기타(운전자법규위반)","교차로","교차로부근","승용차","중형","보행자","보행자","952876","1948882","126.96659439","37.53805581"
"2013","2013-04-04 17:00","11","주간","목","1","2","0","1","0","경북","포항시","차대차","측면직각충돌","측면직각충돌","운전자법규위반","안전운전 의무 불이행","교차로","교차로내","원동기장치자전거","원동기장치자전거","승용차","중형","1166206","1779448","129.34396495","35.99767652"
"2013","2013-04-05 13:00","30","주간","금","1","2","1","0","0","경북","성주군","차대차","정면충돌","정면충돌","운전자법규위반","중앙선 침범","단일로","기타단일로","화물차","소형","건설기계","건설기계","1068622","1755648","128.25941809","35.79487086"
"2013","2013-04-02 17:00","00","주간","화","1","1","0","0","0","경기","파주시","차대사람","기타","기타","운전자법규위반","안전운전 의무 불이행","교차로","교차로부근","화물차","소형","보행자","보행자","929582","1971316","126.70078168","37.73875876"
"2013","2013-04-03 01:00","36","야간","수","1","1","0","0","0","충북","진천군","차대사람","기타","기타","운전자법규위반","안전운전 의무 불이행","단일로","기타단일로","화물차","소형","보행자","보행자","995534","1873843","127.44908756","36.86304615"
"2013","2013-04-04 12:00","08","주간","목","1","2","1","0","0","충남","서천군","차대차","정면충돌","정면충돌","운전자법규위반","신호위반","교차로","교차로내","화물차","소형","화물차","소형","937964","1787972","126.81093707","36.08672229"
"2013","2013-04-04 11:00","22","주간","목","1","1","0","0","0","세종","세종","차대차","측면직각충돌","측면직각충돌","운전자법규위반","앞지르기 금지위반","고가도로위","고가도로위","화물차","소형","원동기장치자전거","원동기장치자전거","982027","1843901","127.29915793","36.59274905"
"2013","2013-02-20 15:00","55","주간","수","1","1","0","0","0","경기","시흥시","차대사람","횡단중","횡단중","운전자법규위반","신호위반","단일로","횡단보도상","건설기계","건설기계","보행자","보행자","930327","1928590","126.71880564","37.35786234"
"2013","2013-02-27 03:00","17","야간","수","1","1","0","0","0","대전","중구","차대사람","횡단중","횡단중","운전자법규위반","안전운전 의무 불이행","단일로","기타단일로","승용차","중형","보행자","보행자","992230","1815274","127.41342148","36.33481654"
"2013","2013-03-02 14:00","30","주간","토","1","1","0","0","0","경북","칠곡군","차량단독","공작물충돌","공작물충돌","운전자법규위반","안전운전 의무 불이행","단일로","기타단일로","화물차","중형","00","00","1093255","1789401","128.53595359","36.09710851"
"2013","2013-03-03 00:00","45","야간","일","1","3","2","0","0","경기","평택시","차대차","측면직각충돌","측면직각충돌","운전자법규위반","신호위반","교차로","교차로내","화물차","대형","승용차","소형","942386","1888581","126.85159067","36.99424871"
"2013","2013-03-07 01:00","30","야간","목","1","2","1","0","0","전북","군산시","차대차","기타","기타","운전자법규위반","교차로 통행방법 위반","교차로","교차로내","화물차","경형","화물차","대형","917627","1774282","126.58649296","35.96179863"
"2013","2013-03-05 12:00","10","주간","화","1","1","0","0","0","경기","의정부시","차대차","추돌","진행중 추돌","운전자법규위반","안전운전 의무 불이행","단일로","기타단일로","화물차","대형","화물차","소형","959009","1969613","127.03484957","37.72520095"
"2013","2013-03-04 22:00","05","야간","월","1","2","0","1","0","경기","평택시","차대차","기타","기타","운전자법규위반","안전운전 의무 불이행","단일로","기타단일로","승용차","경형","화물차","대형","948333","1896199","126.91843153","37.06330619"
"2013","2013-03-15 08:00","30","주간","금","1","2","1","0","0","전북","고창군","차대차","측면직각충돌","측면직각충돌","운전자법규위반","직진 및 우회전차의 통행방해","교차로","교차로내","원동기장치자전거","원동기장치자전거","화물차","소형","927549","1715622","126.70180454","35.43373566"
"2013","2013-03-20 08:00","20","주간","수","1","1","0","0","0","서울","종로구","차량단독","공작물충돌","공작물충돌","운전자법규위반","안전운전 의무 불이행","단일로","기타단일로","승합차","소형","00","00","952949","1954590","126.96705428","37.58950676"
"2013","2013-03-18 21:00","53","야간","월","1","1","0","0","0","충남","논산시","차대사람","횡단중","횡단중","운전자법규위반","안전운전 의무 불이행","단일로","기타단일로","화물차","대형","보행자","보행자","958794","1796936","127.04170436","36.16885075"
"2013","2013-03-16 14:00","15","주간","토","1","1","0","0","0","서울","영등포구","차대차","측면직각충돌","측면직각충돌","운전자법규위반","안전거리 미확보","단일로","기타단일로","이륜차","소형","승용차","대형","945477","1947301","126.88296524","37.52339812"
"2013","2013-03-17 16:00","00","주간","일","1","2","0","0","1","경남","창원시(통합)","차량단독","도로이탈","도로이탈 추락","운전자법규위반","안전운전 의무 불이행","단일로","기타단일로","승용차","소형","00","00","1097942","1685814","128.57543076","35.16282182"
"2013","2013-03-24 03:00","55","야간","일","1","2","0","1","0","서울","성동구","차량단독","기타","기타","운전자법규위반","안전운전 의무 불이행","단일로","기타단일로","원동기장치자전거","원동기장치자전거","00","00","960743","1948393","127.05566593","37.53401693"
"2013","2013-04-01 01:00","55","야간","월","1","1","0","0","0","경남","의령군","차량단독","도로이탈","도로이탈 추락","운전자법규위반","안전운전 의무 불이행","단일로","기타단일로","이륜차","소형","00","00","1069516","1719900","128.26622867","35.47251533"
"2013","2013-03-31 16:00","00","주간","일","1","1","0","0","0","충남","홍성군","차대차","기타","기타","운전자법규위반","안전운전 의무 불이행","기타/불명","기타/불명","이륜차","사발이","승용차","중형","911083","1839508","126.50651294","36.54918517"
"2013","2013-03-29 19:00","50","야간","금","1","1","0","0","0","부산","동구","차대사람","횡단중","횡단중","운전자법규위반","안전운전 의무 불이행","단일로","기타단일로","화물차","소형","보행자","보행자","1141802","1683785","129.05639011","35.13912658"
"2013","2013-03-30 17:00","05","주간","토","1","1","0","0","0","서울","성동구","차대사람","횡단중","횡단중","운전자법규위반","안전운전 의무 불이행","단일로","기타단일로","승합차","대형","보행자","보행자","960261","1949696","127.05013997","37.54574065"
"2013","2013-03-31 00:00","25","야간","일","1","3","2","0","0","서울","강동구","차량단독","공작물충돌","공작물충돌","운전자법규위반","안전운전 의무 불이행","교차로","교차로부근","승용차","중형","00","00","969640","1950336","127.15628517","37.551866"
"2013","2013-04-14 13:00","20","주간","일","1","1","0","0","0","충남","서산시","차량단독","전도전복","전도전복","운전자법규위반","안전운전 의무 불이행","단일로","기타단일로","이륜차","소형","00","00","900214","1851666","126.39464716","36.71778137"
"2013","2013-04-12 17:00","50","주간","금","1","1","0","0","0","강원","춘천시","차대사람","횡단중","횡단중","운전자법규위반","과속","단일로","횡단보도상","승용차","경형","보행자","보행자","1022224","1983537","127.75261915","37.85134779"
"2013","2013-04-11 20:00","10","야간","목","1","1","0","0","0","경북","군위군","차량단독","전도전복","전도전복","운전자법규위반","안전운전 의무 불이행","단일로","기타단일로","원동기장치자전거","원동기장치자전거","00","00","1088198","1806471","128.48170156","36.25145606"
"2013","2013-04-21 00:00","33","야간","일","1","1","0","0","0","경기","수원시","차대사람","횡단중","횡단중","운전자법규위반","신호위반","교차로","교차로내","승용차","중형","보행자","보행자","961685","1916657","127.06797251","37.24800174"
"2013","2013-04-22 12:00","25","주간","월","1","1","0","0","0","경남","진주시","차대차","측면직각충돌","측면직각충돌","운전자법규위반","안전운전 의무 불이행","단일로","기타단일로","화물차","중형","자전거","자전거","1056961","1686460","128.12552488","35.17180547"
"2013","2013-07-27 08:00","00","주간","토","1","1","0","0","0","경기","평택시","차대차","측면직각충돌","측면직각충돌","운전자법규위반","안전운전 의무 불이행","교차로","교차로내","승용차","중형","이륜차","소형","959973","1885565","127.05032908","36.96766688"
"2013","2013-07-26 18:00","33","야간","금","1","2","0","1","0","전북","전주시","차대차","기타","기타","운전자법규위반","안전거리 미확보","교차로","교차로부근","승용차","소형","화물차","소형","960435","1763839","127.06172914","35.87032135"
"2013","2013-07-27 08:00","45","주간","토","1","3","2","0","0","경기","용인시","차대차","정면충돌","정면충돌","운전자법규위반","중앙선 침범","단일로","기타단일로","승용차","경형","승용차","소형","965023","1924527","127.1052395","37.31907155"
"2013","2013-08-04 04:00","05","야간","일","1","1","0","0","0","경기","시흥시","차량단독","전도전복","전도전복","운전자법규위반","안전운전 의무 불이행","단일로","기타단일로","승용차","중형","00","00","932304","1929352","126.73553685","37.36049215"
"2013","2013-08-02 05:00","20","야간","금","1","1","0","0","0","경기","광명시","차대차","측면직각충돌","측면직각충돌","운전자법규위반","안전운전 의무 불이행","교차로","교차로부근","화물차","소형","승합차","대형","942672","1941782","126.85169243","37.47378784"
"2013","2013-08-02 12:00","50","주간","금","1","1","0","0","0","경북","울진군","차대차","정면충돌","정면충돌","운전자법규위반","안전운전 의무 불이행","단일로","기타단일로","승용차","대형","이륜차","소형","1170063","1895668","129.41234286","37.04417546"
"2013","2013-08-02 12:00","40","주간","금","1","1","0","0","0","충남","천안시","차대사람","기타","기타","운전자법규위반","안전운전 의무 불이행","단일로","기타단일로","화물차","소형","보행자","보행자","967963","1869719","127.14075855","36.82513056"
"2013","2013-07-31 16:00","20","주간","수","1","3","2","0","0","부산","진구","차대사람","횡단중","횡단중","운전자법규위반","안전운전 의무 불이행","교차로","교차로부근","승용차","소형","보행자","보행자","1142211","1686519","129.06150273","35.16388747"
"2013","2013-08-10 06:00","40","주간","토","1","1","0","0","0","전남","장흥군","차량단독","전도전복","전도전복","운전자법규위반","안전운전 의무 불이행","단일로","기타단일로","승용차","중형","00","00","948077","1624530","126.9336436","34.61364605"
"2013","2013-08-10 05:00","22","야간","토","1","1","0","0","0","부산","수영구","차대사람","횡단중","횡단중","운전자법규위반","신호위반","단일로","기타단일로","승용차","중형","보행자","보행자","1147574","1687629","129.12056741","35.1731193"
"2013","2013-08-05 13:00","18","주간","월","1","1","0","0","0","전북","군산시","차량단독","도로이탈","도로이탈 추락","운전자법규위반","안전운전 의무 불이행","단일로","기타단일로","농기계","농기계","00","00","931912","1772070","126.74508806","35.94295825"
"2013","2013-08-06 01:00","20","야간","화","2","3","1","0","0","전남","영암군","차량단독","공작물충돌","공작물충돌","운전자법규위반","안전운전 의무 불이행","단일로","기타단일로","승용차","중형","00","00","919021","1638830","126.615369","34.74070415"