"발생년","발생년월일시","발생분","주야","요일","사망자수","사상자수","중상자수","경상자수","부상신고자수","발생지시도","발생지시군구","사고유형_대분류","사고유형_중분류","사고유형","법규위반_대분류","법규위반","도로형태_대분류","도로형태","당사자종별_1당_대분류","당사자종별_1당","당사자종별_2당_대분류","당사자종별_2당","발생위치X_UTMK","발생위치Y_UTMK","경도","위도"
"2013","2013-08-14 15:00","25","주간","수","1","1","0","0","0","울산","중구","차대사람","기타","기타","운전자법규위반","안전운전 의무 불이행","단일로","기타단일로","이륜차","중형","보행자","보행자","1167466","1732175","129.34804691","35.57145833"
"2013","2013-08-15 01:00","55","야간","목","1","1","0","0","0","경남","창원시(통합)","차대사람","기타","기타","운전자법규위반","안전운전 의무 불이행","교차로","교차로부근","승용차","대형","보행자","보행자","1097814","1692002","128.57476","35.21862262"
"2013","2013-08-14 11:00","46","주간","수","1","1","0","0","0","경기","고양시","차대차","기타","기타","운전자법규위반","안전운전 의무 불이행","단일로","기타단일로","승용차","중형","자전거","자전거","930678","1965175","126.71380478","37.68349673"
"2013","2013-08-14 06:00","25","주간","수","1","1","0","0","0","전북","군산시","차대차","측면직각충돌","측면직각충돌","운전자법규위반","중앙선 침범","단일로","기타단일로","자전거","자전거","승용차","중형","929378","1773920","126.71683056","35.95945634"
"2013","2013-08-15 03:00","34","야간","목","1","1","0","0","0","경남","양산시","차량단독","공작물충돌","공작물충돌","운전자법규위반","안전운전 의무 불이행","단일로","기타단일로","이륜차","소형","00","00","1150732","1712326","129.14488175","35.39994377"
"2013","2013-08-12 12:00","25","주간","월","1","1","0","0","0","강원","평창군","차대차","측면직각충돌","측면직각충돌","운전자법규위반","안전운전 의무 불이행","교차로","교차로내","화물차","중형","화물차","소형","1084450","1948727","128.45584599","37.53399492"
"2013","2013-08-10 11:00","10","주간","토","1","1","0","0","0","경북","포항시","차대차","추돌","주정차중 추돌","운전자법규위반","안전운전 의무 불이행","단일로","기타단일로","승용차","중형","특수차","대형","1170936","1774957","129.39544807","35.95638999"
"2013","2013-07-09 23:00","30","야간","화","1","2","1","0","0","인천","강화군","차량단독","도로이탈","도로이탈 추락","운전자법규위반","안전운전 의무 불이행","교차로","교차로부근","승용차","중형","00","00","912467","1971906","126.50872155","37.74687176"
"2013","2013-07-18 16:00","03","주간","목","1","1","0","0","0","경남","함안군","차대차","정면충돌","정면충돌","운전자법규위반","안전운전 의무 불이행","단일로","기타단일로","건설기계","건설기계","원동기장치자전거","원동기장치자전거","1090409","1707940","128.49516397","35.36300893"
"2013","2013-07-18 09:00","50","주간","목","1","1","0","0","0","전북","고창군","차량단독","전도전복","전도전복","운전자법규위반","안전운전 의무 불이행","단일로","기타단일로","건설기계","건설기계","00","00","906439","1721021","126.46864361","35.48064805"
"2013","2013-07-15 07:00","00","주간","월","1","1","0","0","0","서울","송파구","차대차","측면직각충돌","측면직각충돌","운전자법규위반","신호위반","교차로","교차로내","이륜차","소형","승용차","중형","965222","1946309","127.10645943","37.51541284"
"2013","2013-07-25 00:00","30","야간","목","1","1","0","0","0","전북","익산시","차량단독","공작물충돌","공작물충돌","운전자법규위반","안전운전 의무 불이행","단일로","기타단일로","이륜차","소형","00","00","947113","1769768","126.91377026","35.92314603"
"2013","2013-07-22 20:00","20","야간","월","1","2","0","1","0","전북","김제시","차대차","측면직각충돌","측면직각충돌","운전자법규위반","안전운전 의무 불이행","단일로","기타단일로","농기계","농기계","화물차","소형","949910","1754709","126.94571832","35.7875254"
"2013","2013-07-25 16:00","20","주간","목","1","2","1","0","0","경북","상주시","차대차","기타","기타","운전자법규위반","중앙선 침범","단일로","기타단일로","이륜차","소형","화물차","소형","1059085","1826236","128.15917873","36.43185459"
"2013","2013-07-23 02:00","00","야간","화","1","1","0","0","0","서울","강서구","차대사람","기타","기타","운전자법규위반","안전운전 의무 불이행","단일로","기타단일로","승용차","중형","보행자","보행자","940245","1952858","126.82330586","37.57315899"
"2013","2013-07-20 21:00","20","야간","토","1","4","0","3","0","광주","북구","차대차","기타","기타","운전자법규위반","안전운전 의무 불이행","기타/불명","기타/불명","승용차","중형","승용차","중형","945360","1686419","126.89996494","35.17156471"
"2013","2013-07-19 17:00","57","주간","금","1","1","0","0","0","경기","광명시","차대차","측면직각충돌","측면직각충돌","운전자법규위반","안전거리 미확보","단일로","기타단일로","자전거","자전거","승합차","대형","945372","1940216","126.88230314","37.45953371"
"2013","2013-07-30 21:00","55","야간","화","1","1","0","0","0","강원","춘천시","차대사람","횡단중","횡단중","운전자법규위반","보행자 보호의무 위반","단일로","횡단보도상","승용차","중형","보행자","보행자","1021265","1986639","127.74180968","37.87932907"
"2013","2013-07-30 07:00","05","주간","화","1","2","1","0","0","충북","영동군","차대차","정면충돌","정면충돌","운전자법규위반","중앙선 침범","단일로","기타단일로","승용차","중형","화물차","소형","1017349","1804957","127.69308445","36.24167908"
"2013","2013-07-30 21:00","20","야간","화","1","2","0","1","0","대구","동구","차대사람","횡단중","횡단중","운전자법규위반","보행자 보호의무 위반","교차로","교차로내","승용차","중형","보행자","보행자","1108771","1764692","128.70489478","35.87276852"
"2013","2013-07-29 18:00","10","야간","월","1","1","0","0","0","강원","횡성군","차량단독","도로이탈","도로이탈 추락","운전자법규위반","안전운전 의무 불이행","단일로","기타단일로","화물차","소형","00","00","1050435","1943345","128.07078854","37.4878992"
"2013","2013-07-29 19:00","50","야간","월","1","1","0","0","0","서울","종로구","차대사람","기타","기타","운전자법규위반","안전운전 의무 불이행","단일로","기타단일로","승용차","중형","보행자","보행자","953072","1953675","126.96850609","37.58126601"
"2013","2013-07-27 20:00","12","야간","토","1","2","1","0","0","경북","안동시","차대사람","횡단중","횡단중","운전자법규위반","신호위반","교차로","교차로내","승용차","중형","보행자","보행자","1106213","1842467","128.68711221","36.5740886"
"2013","2013-09-09 04:00","54","야간","월","1","1","0","0","0","서울","노원구","차량단독","전도전복","전도전복","운전자법규위반","안전운전 의무 불이행","단일로","기타단일로","원동기장치자전거","원동기장치자전거","00","00","962745","1962033","127.07763085","37.65704109"
"2013","2013-09-09 02:00","15","야간","월","1","1","0","0","0","대구","남구","차대사람","기타","기타","운전자법규위반","안전운전 의무 불이행","교차로","교차로부근","승용차","중형","보행자","보행자","1097638","1762812","128.58136118","35.85699478"
"2013","2013-09-06 17:00","40","주간","금","1","1","0","0","0","경기","포천시","차대사람","기타","기타","운전자법규위반","안전거리 미확보","단일로","기타단일로","특수차","대형","보행자","보행자","967276","1982187","127.1280909","37.83886379"
"2013","2013-09-06 15:00","10","주간","금","1","1","0","0","0","제주","제주시","차대사람","횡단중","횡단중","운전자법규위반","과속","단일로","기타단일로","승용차","대형","보행자","보행자","885160","1490479","126.26509601","33.39982219"
"2013","2013-09-07 21:00","58","야간","토","1","1","0","0","0","경북","경산시","차대사람","기타","기타","운전자법규위반","신호위반","단일로","횡단보도상","승용차","중형","보행자","보행자","1111529","1760362","128.73483439","35.83342733"
"2013","2013-09-12 08:00","40","주간","목","1","1","0","0","0","전남","강진군","차대차","측면직각충돌","측면직각충돌","운전자법규위반","직진 및 우회전차의 통행방해","교차로","교차로내","이륜차","소형","승용차","소형","935023","1629114","126.79091251","34.65423726"
"2013","2013-09-21 10:00","33","주간","토","1","1","0","0","0","서울","강서구","차대차","측면직각충돌","측면직각충돌","운전자법규위반","신호위반","교차로","교차로내","원동기장치자전거","원동기장치자전거","승용차","중형","943179","1951781","126.85661341","37.56363777"
"2013","2013-09-21 04:00","33","야간","토","1","1","0","0","0","서울","동대문구","차대사람","횡단중","횡단중","운전자법규위반","안전운전 의무 불이행","기타/불명","기타/불명","승용차","중형","보행자","보행자","959939","1953605","127.04628128","37.58095964"
"2013","2013-06-20 18:00","35","야간","목","1","2","1","0","0","충남","아산시","차대차","정면충돌","정면충돌","운전자법규위반","중앙선 침범","단일로","기타단일로","화물차","소형","화물차","중형","946668","1873480","126.9017161","36.85807173"
"2013","2013-06-20 18:00","58","야간","목","1","2","1","0","0","전남","고흥군","차대차","기타","기타","운전자법규위반","안전운전 의무 불이행","단일로","기타단일로","승합차","중형","농기계","농기계","996861","1626392","127.46575334","34.63174737"
"2013","2013-06-30 08:00","40","주간","일","1","2","1","0","0","경남","창원시(통합)","차대차","기타","기타","운전자법규위반","차로위반(진로변경 위반)","단일로","기타단일로","승용차","중형","승합차","소형","1096908","1685640","128.56405847","35.16135334"
"2013","2013-07-07 21:00","05","야간","일","1","1","0","0","0","부산","영도구","차대사람","횡단중","횡단중","운전자법규위반","보행자 보호의무 위반","단일로","횡단보도부근","승용차","소형","보행자","보행자","1143596","1676829","129.07502271","35.07634639"
"2013","2013-07-07 20:00","27","야간","일","1","1","0","0","0","부산","강서구","차대사람","횡단중","횡단중","운전자법규위반","과속","단일로","횡단보도부근","승용차","중형","보행자","보행자","1130147","1679404","128.92859482","35.10141771"
"2013","2013-07-07 02:00","45","야간","일","1","2","1","0","0","경기","부천시","차량단독","주/정차차량 충돌","주/정차차량 충돌","운전자법규위반","과속","단일로","기타단일로","승용차","중형","화물차","대형","938801","1948545","126.8073143","37.53419138"
"2013","2013-07-09 10:00","30","주간","화","1","1","0","0","0","부산","기장군","차대차","측면직각충돌","측면직각충돌","운전자법규위반","안전운전 의무 불이행","교차로","교차로부근","화물차","중형","자전거","자전거","1149364","1708106","129.14394169","35.35742077"
"2013","2013-07-06 19:00","38","야간","토","1","1","0","0","0","경기","이천시","차량단독","공작물충돌","공작물충돌","운전자법규위반","안전운전 의무 불이행","교차로","교차로부근","승용차","소형","00","00","997779","1920208","127.4749458","37.28079603"
"2013","2013-07-06 06:00","40","주간","토","1","1","0","0","0","충북","음성군","차대차","기타","기타","운전자법규위반","앞지르기 금지위반","교차로","교차로내","화물차","대형","농기계","농기계","1009464","1896049","127.60645353","37.06297763"
"2013","2013-07-05 21:00","15","야간","금","2","3","1","0","0","충남","부여군","차량단독","도로이탈","도로이탈 추락","운전자법규위반","과속","교차로","교차로부근","승용차","대형","00","00","947983","1810735","126.92015992","36.29281826"
"2013","2013-07-03 16:00","50","주간","수","1","1","0","0","0","전북","전주시","차대차","기타","기타","운전자법규위반","안전운전 의무 불이행","단일로","기타단일로","이륜차","소형","승용차","중형","966790","1758745","127.1323356","35.8246301"
"2013","2013-07-04 10:00","50","주간","목","1","1","0","0","0","경기","김포시","차대사람","기타","기타","운전자법규위반","안전운전 의무 불이행","단일로","기타단일로","화물차","소형","보행자","보행자","918585","1961440","126.57664271","37.64870065"
"2013","2013-07-06 06:00","20","주간","토","1","1","0","0","0","대구","서구","차대사람","횡단중","횡단중","운전자법규위반","과속","단일로","기타단일로","화물차","소형","보행자","보행자","1094494","1764525","128.54674908","35.87274518"
"2013","2013-07-05 19:00","52","야간","금","1","1","0","0","0","대전","중구","차대사람","길가장자리구역통행중","길가장자리구역통행중","운전자법규위반","안전운전 의무 불이행","단일로","기타단일로","화물차","소형","보행자","보행자","991876","1805675","127.42039879","36.27805092"
"2013","2013-07-03 14:00","44","주간","수","1","1","0","0","0","경북","경산시","차대사람","기타","기타","운전자법규위반","안전운전 의무 불이행","단일로","기타단일로","승합차","중형","보행자","보행자","1119191","1762856","128.80804681","35.87173456"
"2013","2013-07-03 18:00","38","야간","수","1","1","0","0","0","충북","음성군","차대차","기타","기타","운전자법규위반","중앙선 침범","단일로","기타단일로","화물차","소형","이륜차","소형","1002488","1885060","127.52794939","36.96396277"
"2013","2013-07-12 20:00","30","야간","금","1","1","0","0","0","경기","하남시","차량단독","기타","기타","운전자법규위반","안전운전 의무 불이행","단일로","기타단일로","자전거","자전거","00","00","972904","1944805","127.19344148","37.50211414"
"2013","2013-07-13 11:00","35","주간","토","1","1","0","0","0","전북","남원시","차량단독","전도전복","전도전복","운전자법규위반","안전운전 의무 불이행","단일로","기타단일로","원동기장치자전거","원동기장치자전거","00","00","986605","1712096","127.35111255","35.40469627"
"2013","2013-05-21 02:00","50","야간","화","1","1","0","0","0","충남","당진시","차대차","추돌","주정차중 추돌","운전자법규위반","안전운전 의무 불이행","단일로","기타단일로","화물차","중형","특수차","대형","936826","1882329","126.79057668","36.93722871"
"2013","2013-05-20 12:00","44","주간","월","1","1","0","0","0","경기","양주시","차대차","추돌","진행중 추돌","운전자법규위반","신호위반","교차로","교차로내","승용차","중형","원동기장치자전거","원동기장치자전거","953633","1981949","126.97305826","37.83612706"
"2013","2013-11-25 19:00","41","야간","월","1","1","0","0","0","전북","남원시","차대사람","차도통행중","차도통행중","운전자법규위반","과속","교차로","교차로내","승용차","중형","보행자","보행자","988433","1716978","127.37254126","35.4485334"
"2013","2013-10-24 06:00","30","주간","목","1","1","0","0","0","울산","울주군","차대사람","횡단중","횡단중","운전자법규위반","안전운전 의무 불이행","교차로","교차로부근","승용차","중형","보행자","보행자","1147871","1732487","129.13194979","35.57739118"
"2013","2013-12-02 06:00","15","주간","월","1","1","0","0","0","경기","평택시","차대사람","차도통행중","차도통행중","운전자법규위반","안전운전 의무 불이행","단일로","기타단일로","화물차","소형","보행자","보행자","961249","1896651","127.06409306","37.06765108"
"2013","2013-03-21 22:00","08","야간","목","1","6","1","4","0","강원","동해시","차대차","정면충돌","정면충돌","운전자법규위반","중앙선 침범","단일로","기타단일로","승용차","대형","승용차","대형","1141736","1949530","129.10420596","37.5342036"
"2014","2014-06-28 22:00","18","야간","토","1","2","1","0","0","대구","수성구","차량단독","기타","기타","운전자법규위반","안전운전 의무 불이행","교차로","교차로내","승용차","중형","00","00","1100878","1760831","128.61698835","35.83880886"
"2014","2014-06-27 07:00","25","주간","금","1","1","0","0","0","전북","군산시","차대차","측면직각충돌","측면직각충돌","운전자법규위반","안전운전 의무 불이행","교차로","교차로내","승용차","중형","자전거","자전거","925963","1774641","126.67889572","35.96570311"
"2013","2013-08-31 14:00","55","주간","토","1","2","1","0","0","제주","제주시","차량단독","공작물충돌","공작물충돌","운전자법규위반","안전운전 의무 불이행","단일로","기타단일로","원동기장치자전거","원동기장치자전거","00","00","924870","1497454","126.69147789","33.46624359"
"2013","2013-10-03 15:00","15","주간","목","3","4","1","0","0","충북","영동군","차대차","기타","기타","운전자법규위반","교차로 통행방법 위반","교차로","교차로내","건설기계","건설기계","승용차","경형","1026938","1797134","127.79953459","36.17093092"
"2013","2013-09-07 06:00","40","주간","토","1","1","0","0","0","충남","천안시","차대차","추돌","주정차중 추돌","운전자법규위반","안전운전 의무 불이행","단일로","기타단일로","이륜차","소형","승합차","대형","969529","1868159","127.15838084","36.81111962"
"2013","2013-09-20 23:00","35","야간","금","1","1","0","0","0","전남","무안군","차량단독","전도전복","전도전복","운전자법규위반","안전운전 의무 불이행","단일로","기타단일로","승용차","대형","00","00","892266","1680666","126.31774106","35.11540894"
"2013","2013-06-13 19:00","00","야간","목","1","1","0","0","0","서울","서초구","차대차","기타","기타","운전자법규위반","안전거리 미확보","단일로","기타단일로","원동기장치자전거","원동기장치자전거","이륜차","소형","957951","1944299","127.02429967","37.49699323"
"2012","2012-03-21 21:00","39","야간","수","2","9","7","0","0","부산","강서구","차대차","추돌","주정차중 추돌","운전자법규위반","안전운전 의무 불이행","단일로","기타단일로","승용차","중형","화물차","소형","1131386","1685653","128.9425393","35.1575547"
"2013","2013-04-08 00:00","30","야간","월","1","2","1","0","0","강원","강릉시","차대차","추돌","주정차중 추돌","운전자법규위반","안전운전 의무 불이행","단일로","기타단일로","원동기장치자전거","원동기장치자전거","승용차","중형","1116506","1989256","128.82508423","37.89570556"
"2013","2013-04-06 19:00","40","야간","토","1","1","0","0","0","경남","창원시(통합)","차량단독","공작물충돌","공작물충돌","운전자법규위반","안전운전 의무 불이행","단일로","기타단일로","승용차","소형","00","00","1109575","1704386","128.70561673","35.32904872"
"2013","2013-04-07 02:00","00","야간","일","1","7","6","0","0","서울","양천구","차대차","정면충돌","정면충돌","운전자법규위반","중앙선 침범","단일로","기타단일로","승용차","중형","승용차","중형","943654","1949589","126.86215996","37.54391041"
"2013","2013-04-14 22:00","41","야간","일","1","1","0","0","0","경기","김포시","차대사람","횡단중","횡단중","운전자법규위반","안전운전 의무 불이행","교차로","교차로부근","승용차","경형","보행자","보행자","916400","1961047","126.55236671","37.64510387"
"2013","2013-04-16 04:00","25","야간","화","1","2","1","0","0","경기","안산시","차량단독","공작물충돌","공작물충돌","운전자법규위반","안전운전 의무 불이행","단일로","기타단일로","이륜차","소형","00","00","937402","1927416","126.79555212","37.34411526"
"2013","2013-04-16 16:00","50","주간","화","1","1","0","0","0","전남","영광군","차량단독","기타","기타","운전자법규위반","안전운전 의무 불이행","단일로","기타단일로","이륜차","소형","00","00","898376","1702380","126.38209897","35.31180482"
"2013","2013-04-14 05:00","30","야간","일","1","1","0","0","0","강원","춘천시","차량단독","공작물충돌","공작물충돌","운전자법규위반","안전운전 의무 불이행","단일로","기타단일로","이륜차","소형","00","00","1021713","1985981","127.74688416","37.87338794"
"2013","2013-04-13 01:00","18","야간","토","3","4","1","0","0","충남","서천군","차량단독","공작물충돌","공작물충돌","운전자법규위반","안전운전 의무 불이행","단일로","기타단일로","승용차","중형","00","00","924552","1779594","126.66277692","36.01024631"
"2013","2013-02-21 00:00","10","야간","목","1","1","0","0","0","강원","인제군","차량단독","공작물충돌","공작물충돌","운전자법규위반","안전운전 의무 불이행","단일로","기타단일로","화물차","소형","00","00","1070763","1992767","128.30523232","37.9320542"
"2013","2013-02-27 20:00","40","야간","수","1","1","0","0","0","전남","진도군","차대사람","기타","기타","운전자법규위반","안전운전 의무 불이행","단일로","기타단일로","승용차","중형","보행자","보행자","886046","1610455","126.26120283","34.48144507"
"2013","2013-03-01 06:00","50","주간","금","1","1","0","0","0","부산","서구","차대차","기타","기타","운전자법규위반","안전운전 의무 불이행","단일로","횡단보도상","승용차","중형","승용차","소형","1138933","1678842","129.02423088","35.09514518"
"2013","2013-03-02 05:00","20","야간","토","1","1","0","0","0","부산","남구","차대사람","차도통행중","차도통행중","운전자법규위반","신호위반","단일로","횡단보도상","승용차","소형","보행자","보행자","1145412","1680855","129.09564154","35.11237564"
"2013","2013-03-09 19:00","55","야간","토","1","1","0","0","0","서울","강서구","차량단독","공작물충돌","공작물충돌","운전자법규위반","안전운전 의무 불이행","단일로","기타단일로","원동기장치자전거","원동기장치자전거","00","00","944201","1950673","126.86832949","37.55368351"
"2013","2013-03-08 21:00","30","야간","금","1","2","1","0","0","전남","화순군","차량단독","전도전복","전도전복","운전자법규위반","안전운전 의무 불이행","기타/불명","기타/불명","승용차","중형","00","00","965873","1671289","127.12584904","35.03604247"
"2013","2013-03-08 19:00","15","야간","금","1","1","0","0","0","경남","거제시","차대차","기타","기타","운전자법규위반","안전운전 의무 불이행","교차로","교차로내","승용차","소형","이륜차","소형","1103581","1653706","128.63333653","34.87278223"
"2013","2013-03-06 22:00","30","야간","수","1","1","0","0","0","충북","단양군","차량단독","공작물충돌","공작물충돌","운전자법규위반","안전운전 의무 불이행","단일로","기타단일로","승용차","중형","00","00","1071187","1895628","128.30045157","37.05643696"
"2013","2013-03-18 23:00","10","야간","월","1","2","0","1","0","인천","옹진군","차대사람","기타","기타","운전자법규위반","안전운전 의무 불이행","교차로","교차로부근","화물차","소형","보행자","보행자","907341","1915028","126.45547554","37.22949954"
"2013","2013-03-20 06:00","20","주간","수","1","1","0","0","0","전북","정읍시","차대차","기타","기타","운전자법규위반","안전운전 의무 불이행","교차로","교차로내","화물차","소형","자전거","자전거","941394","1730893","126.85322282","35.57233268"
"2013","2013-03-17 22:00","20","야간","일","1","1","0","0","0","경기","평택시","차대차","측면직각충돌","측면직각충돌","운전자법규위반","안전운전 의무 불이행","단일로","기타단일로","화물차","소형","건설기계","건설기계","961236","1899421","127.06353552","37.092897"
"2013","2013-07-14 22:00","11","야간","일","1","1","0","0","0","경기","군포시","차대차","기타","기타","운전자법규위반","부당한 회전","단일로","횡단보도상","자전거","자전거","승용차","중형","950031","1929988","126.93736712","37.36935388"
"2013","2013-07-25 11:00","10","주간","목","1","2","0","1","0","전남","영광군","차대차","측면직각충돌","측면직각충돌","운전자법규위반","교차로 통행방법 위반","교차로","교차로내","원동기장치자전거","원동기장치자전거","승용차","중형","898576","1690936","126.38571198","35.20865357"
"2013","2013-07-19 21:00","10","야간","금","1","1","0","0","0","경기","고양시","차대사람","횡단중","횡단중","운전자법규위반","안전운전 의무 불이행","교차로","교차로부근","특수차","소형","보행자","보행자","941621","1961813","126.83787565","37.65450775"
"2013","2013-07-22 17:00","15","주간","월","1","1","0","0","0","광주","광산구","차대사람","횡단중","횡단중","운전자법규위반","안전운전 의무 불이행","단일로","기타단일로","화물차","소형","보행자","보행자","936216","1683370","126.80106205","35.1436733"
"2013","2013-07-22 00:00","20","야간","월","1","1","0","0","0","전남","여수시","차대사람","기타","기타","운전자법규위반","안전운전 의무 불이행","단일로","기타단일로","승용차","중형","보행자","보행자","1015623","1646515","127.67087501","34.81313725"
"2013","2013-08-03 06:00","20","주간","토","1","1","0","0","0","전북","고창군","차대사람","차도통행중","차도통행중","운전자법규위반","안전운전 의무 불이행","단일로","교량위","승용차","중형","보행자","보행자","931073","1727462","126.71990786","35.528148"
"2013","2013-08-02 18:00","50","야간","금","1","1","0","0","0","전북","익산시","차대사람","횡단중","횡단중","운전자법규위반","안전운전 의무 불이행","교차로","교차로부근","승합차","중형","보행자","보행자","948852","1772168","126.93289094","35.94487604"
"2013","2013-08-04 15:00","50","주간","일","1","11","3","7","0","경북","군위군","차대차","정면충돌","정면충돌","운전자법규위반","중앙선 침범","단일로","기타단일로","승용차","중형","승용차","중형","1102837","1799443","128.64369343","36.18665895"
"2013","2013-08-05 05:00","37","야간","월","1","1","0","0","0","경기","고양시","차대차","기타","기타","운전자법규위반","부당한 회전","단일로","횡단보도상","자전거","자전거","승용차","중형","934388","1963906","126.75599154","37.67233268"
"2013","2013-08-03 05:00","15","야간","토","1","1","0","0","0","충남","천안시","차대사람","기타","기타","운전자법규위반","안전운전 의무 불이행","단일로","기타단일로","승용차","소형","보행자","보행자","965119","1868340","127.10893174","36.81259895"
"2013","2013-08-07 23:00","40","야간","수","1","2","1","0","0","경기","의정부시","차대차","기타","기타","운전자법규위반","안전운전 의무 불이행","기타/불명","기타/불명","이륜차","중형","원동기장치자전거","원동기장치자전거","960070","1971548","127.04685431","37.74212049"
"2013","2013-08-30 05:00","35","야간","금","1","1","0","0","0","경북","울진군","차대차","추돌","진행중 추돌","운전자법규위반","안전운전 의무 불이행","단일로","기타단일로","화물차","소형","건설기계","건설기계","1167182","1898669","129.38062971","37.07173057"
"2013","2013-08-30 19:00","45","야간","금","1","3","2","0","0","충북","청주시","차대차","기타","기타","운전자법규위반","안전운전 의무 불이행","교차로","교차로내","승용차","경형","승용차","중형","1000092","1845683","127.50102874","36.60899207"
"2013","2013-08-30 19:00","17","야간","금","1","1","0","0","0","전남","강진군","차대사람","길가장자리구역통행중","길가장자리구역통행중","운전자법규위반","안전운전 의무 불이행","단일로","기타단일로","승용차","대형","보행자","보행자","931519","1625763","126.75294752","34.62379224"
"2013","2013-08-29 21:00","10","야간","목","1","3","2","0","0","경기","수원시","차대차","측면직각충돌","측면직각충돌","운전자법규위반","신호위반","교차로","교차로내","이륜차","중형","승용차","대형","961888","1920337","127.06883524","37.28061738"
"2013","2013-08-29 08:00","30","주간","목","1","3","2","0","0","경기","양주시","차대차","추돌","진행중 추돌","운전자법규위반","중앙선 침범","단일로","기타단일로","승용차","대형","승용차","대형","960133","1975026","127.04730681","37.77403797"
"2013","2013-08-26 16:00","00","주간","월","1","1","0","0","0","강원","동해시","차대차","측면직각충돌","측면직각충돌","운전자법규위반","안전운전 의무 불이행","교차로","교차로내","화물차","소형","자전거","자전거","1142906","1948160","129.1171878","37.5216052"
"2013","2013-08-27 11:00","05","주간","화","1","7","5","1","0","경기","안산시","차대차","정면충돌","정면충돌","운전자법규위반","중앙선 침범","단일로","기타단일로","승용차","중형","승용차","중형","917602","1919417","126.57064504","37.27002063"
"2013","2013-08-28 16:00","10","주간","수","1","1","0","0","0","경기","여주시","차대차","기타","기타","운전자법규위반","중앙선 침범","단일로","기타단일로","원동기장치자전거","원동기장치자전거","승용차","중형","1004643","1913613","127.55233466","37.22133947"
"2013","2013-08-26 22:00","50","야간","월","1","1","0","0","0","서울","강서구","차대차","기타","기타","운전자법규위반","안전운전 의무 불이행","단일로","기타단일로","자전거","자전거","승합차","대형","939218","1951539","126.81225997","37.5613507"
"2013","2013-08-29 05:00","00","야간","목","1","1","0","0","0","경남","하동군","차량단독","공작물충돌","공작물충돌","운전자법규위반","안전운전 의무 불이행","기타/불명","기타/불명","승용차","중형","00","00","1025142","1675615","127.77577633","35.07531487"
"2013","2013-08-28 02:00","57","야간","수","1","1","0","0","0","인천","남구","차량단독","기타","기타","운전자법규위반","안전운전 의무 불이행","교차로","교차로내","원동기장치자전거","원동기장치자전거","00","00","928337","1939086","126.68980816","37.44818548"
"2013","2013-09-03 20:00","00","야간","화","1","1","0","0","0","경남","사천시","차대사람","차도통행중","차도통행중","운전자법규위반","안전운전 의무 불이행","교차로","교차로내","승용차","대형","보행자","보행자","1053532","1660410","128.08618968","34.93710419"
"2013","2013-09-03 09:00","10","주간","화","1","1","0","0","0","전북","전주시","차대차","기타","기타","운전자법규위반","부당한 회전","교차로","교차로부근","승합차","소형","승용차","경형","963931","1762245","127.1005264","35.856085"
"2013","2013-04-21 21:00","05","야간","일","1","1","0","0","0","전남","순천시","차대사람","횡단중","횡단중","운전자법규위반","안전운전 의무 불이행","단일로","횡단보도부근","승용차","중형","보행자","보행자","999786","1661249","127.49778889","34.94608315"
"2013","2013-04-04 10:00","14","주간","목","1","1","0","0","0","충북","음성군","차량단독","전도전복","전도전복","운전자법규위반","안전운전 의무 불이행","단일로","기타단일로","자전거","자전거","00","00","1001509","1890664","127.51696283","37.0144818"
"2013","2013-04-05 03:00","05","야간","금","1","1","0","0","0","부산","사상구","차대차","기타","기타","운전자법규위반","중앙선 침범","단일로","기타단일로","이륜차","중형","승용차","중형","1133626","1683665","128.96680437","35.13933906"
"2013","2013-07-16 00:00","18","야간","화","1","2","1","0","0","울산","울주군","차대차","추돌","주정차중 추돌","운전자법규위반","안전운전 의무 불이행","단일로","기타단일로","승용차","소형","건설기계","건설기계","1166402","1717623","129.33332672","35.44049439"
"2013","2013-07-16 21:00","05","야간","화","1","1","0","0","0","부산","강서구","차량단독","공작물충돌","공작물충돌","운전자법규위반","안전운전 의무 불이행","단일로","교량위","승용차","중형","00","00","1122123","1677300","128.83962927","35.08342234"
"2013","2013-07-23 15:00","20","주간","화","1","1","0","0","0","강원","철원군","차량단독","공작물충돌","공작물충돌","운전자법규위반","안전운전 의무 불이행","단일로","기타단일로","화물차","소형","00","00","981300","2027051","127.28630073","38.24360834"
"2013","2013-07-23 19:00","50","야간","화","1","1","0","0","0","전남","목포시","차대차","측면직각충돌","측면직각충돌","운전자법규위반","신호위반","교차로","교차로내","승합차","대형","자전거","자전거","898450","1644507","126.38999571","34.7900492"
"2013","2013-07-23 15:00","20","주간","화","1","2","1","0","0","강원","강릉시","차량단독","공작물충돌","공작물충돌","운전자법규위반","안전운전 의무 불이행","단일로","기타단일로","승용차","소형","00","00","1117566","1986085","128.83609094","37.86801106"
"2013","2013-07-21 08:00","50","주간","일","1","1","0","0","0","충북","음성군","차대사람","기타","기타","운전자법규위반","안전운전 의무 불이행","기타/불명","기타/불명","승합차","소형","보행자","보행자","1016395","1881231","127.68409266","36.92930684"
"2013","2013-07-21 09:00","22","주간","일","1","1","0","0","0","충남","금산군","차량단독","공작물충돌","공작물충돌","운전자법규위반","안전운전 의무 불이행","단일로","기타단일로","승용차","중형","00","00","997469","1798287","127.47185289","36.18169736"
"2013","2013-07-21 20:00","50","야간","일","1","1","0","0","0","전북","부안군","차량단독","전도전복","전도전복","운전자법규위반","안전운전 의무 불이행","교차로","교차로부근","원동기장치자전거","원동기장치자전거","00","00","908817","1737773","126.4929662","35.63189213"