"발생년","발생년월일시","발생분","주야","요일","사망자수","사상자수","중상자수","경상자수","부상신고자수","발생지시도","발생지시군구","사고유형_대분류","사고유형_중분류","사고유형","법규위반_대분류","법규위반","도로형태_대분류","도로형태","당사자종별_1당_대분류","당사자종별_1당","당사자종별_2당_대분류","당사자종별_2당","발생위치X_UTMK","발생위치Y_UTMK","경도","위도"
"2012","2012-09-22 14:00","13","주간","토","1","1","0","0","0","경남","양산시","차량단독","공작물충돌","공작물충돌","운전자법규위반","안전운전 의무 불이행","단일로","기타단일로","이륜차","소형","00","00","1143988","1721825","129.08417086","35.48673758"
"2012","2012-08-07 15:00","55","주간","화","1","1","0","0","0","경기","김포시","차량단독","전도전복","전도전복","운전자법규위반","안전운전 의무 불이행","단일로","기타단일로","농기계","농기계","00","00","936076","1954386","126.77596411","37.58665053"
"2012","2012-08-05 12:00","50","주간","일","1","1","0","0","0","울산","중구","차대차","측면직각충돌","측면직각충돌","운전자법규위반","안전운전 의무 불이행","단일로","기타단일로","화물차","소형","자전거","자전거","1165306","1729975","129.32377203","35.55199489"
"2012","2012-08-11 04:00","25","야간","토","1","2","1","0","0","부산","진구","차대차","기타","기타","운전자법규위반","안전운전 의무 불이행","기타/불명","기타/불명","이륜차","소형","승용차","중형","1140366","1686269","129.04120834","35.16189339"
"2012","2012-08-10 01:00","45","야간","금","1","1","0","0","0","울산","북구","차대차","기타","기타","운전자법규위반","안전운전 의무 불이행","단일로","기타단일로","승용차","소형","승용차","중형","1167579","1739354","129.35078299","35.63613511"
"2012","2012-08-19 02:00","20","야간","일","1","2","0","1","0","서울","서초구","차대사람","기타","기타","운전자법규위반","신호위반","단일로","횡단보도부근","승용차","중형","보행자","보행자","954221","1943334","126.98216374","37.48811793"
"2012","2012-08-25 08:00","50","주간","토","2","4","1","1","0","서울","동작구","차대차","기타","기타","운전자법규위반","안전운전 의무 불이행","단일로","기타단일로","건설기계","건설기계","승용차","중형","952525","1945729","126.96282532","37.50961907"
"2012","2012-08-25 08:00","30","주간","토","1","5","4","0","0","충남","부여군","차대차","측면직각충돌","측면직각충돌","운전자법규위반","안전운전 의무 불이행","단일로","기타단일로","승용차","중형","승용차","경형","955405","1805290","127.00663379","36.24348619"
"2012","2012-08-23 00:00","50","야간","목","1","1","0","0","0","부산","동구","차대사람","횡단중","횡단중","운전자법규위반","안전운전 의무 불이행","단일로","기타단일로","승용차","중형","보행자","보행자","1141798","1684052","129.05654574","35.1417086"
"2012","2012-08-22 00:00","20","야간","수","1","1","0","0","0","경남","창원시(통합)","차대사람","횡단중","횡단중","운전자법규위반","안전운전 의무 불이행","단일로","기타단일로","승용차","중형","보행자","보행자","1098612","1692318","128.58356473","35.22139336"
"2012","2012-08-28 07:00","51","주간","화","1","1","0","0","0","인천","연수구","차대차","측면직각충돌","측면직각충돌","운전자법규위반","안전운전 의무 불이행","교차로","교차로내","건설기계","건설기계","원동기장치자전거","원동기장치자전거","929088","1937195","126.69847969","37.43120003"
"2012","2012-08-27 10:00","14","주간","월","1","1","0","0","0","서울","종로구","차대사람","보도통행중","보도통행중","운전자법규위반","신호위반","단일로","기타단일로","화물차","소형","보행자","보행자","955005","1953108","126.99043274","37.57625208"
"2012","2012-09-02 16:00","30","주간","일","1","1","0","0","0","경북","상주시","차량단독","기타","기타","운전자법규위반","안전운전 의무 불이행","단일로","기타단일로","농기계","농기계","00","00","1056276","1838991","128.12877066","36.5470055"
"2012","2012-09-01 04:00","30","야간","토","1","1","0","0","0","대구","북구","차대사람","기타","기타","운전자법규위반","안전운전 의무 불이행","단일로","기타단일로","화물차","소형","보행자","보행자","1098902","1768385","128.59604997","35.90710561"
"2012","2012-09-01 09:00","35","주간","토","2","6","2","2","0","전북","순창군","차대사람","길가장자리구역통행중","길가장자리구역통행중","운전자법규위반","과속","단일로","기타단일로","승용차","소형","보행자","보행자","965211","1708577","127.11701604","35.37224339"
"2012","2012-08-31 14:00","00","주간","금","1","1","0","0","0","경남","진주시","차대사람","보도통행중","보도통행중","운전자법규위반","기타(운전자법규위반)","단일로","기타단일로","승합차","대형","보행자","보행자","1054043","1686646","128.09349423","35.1736438"
"2012","2012-08-31 01:00","20","야간","금","1","1","0","0","0","경기","평택시","차대사람","차도통행중","차도통행중","운전자법규위반","안전운전 의무 불이행","단일로","기타단일로","승용차","중형","보행자","보행자","965817","1885928","127.11596379","36.97116954"
"2012","2012-08-29 14:00","00","주간","수","1","1","0","0","0","전남","화순군","차대차","추돌","진행중 추돌","운전자법규위반","과속","교차로","교차로내","승합차","대형","이륜차","사발이","943964","1664180","126.88613882","34.97096286"
"2012","2012-09-06 15:00","00","주간","목","1","1","0","0","0","전남","고흥군","차량단독","기타","기타","운전자법규위반","안전운전 의무 불이행","단일로","기타단일로","농기계","농기계","00","00","977594","1625694","127.25247015","34.61801013"
"2012","2012-09-05 17:00","07","주간","수","1","1","0","0","0","경기","파주시","차대사람","횡단중","횡단중","운전자법규위반","안전운전 의무 불이행","교차로","교차로부근","승합차","중형","보행자","보행자","930247","1970082","126.73504158","37.84160833"
"2012","2012-09-05 05:00","40","야간","수","1","1","0","0","0","충북","진천군","차대사람","길가장자리구역통행중","길가장자리구역통행중","운전자법규위반","안전운전 의무 불이행","단일로","기타단일로","화물차","소형","보행자","보행자","1000952","1879509","127.51068747","36.91392596"
"2012","2012-09-02 18:00","00","야간","일","1","1","0","0","0","전남","진도군","차대차","측면직각충돌","측면직각충돌","운전자법규위반","중앙선 침범","단일로","횡단보도부근","이륜차","소형","화물차","소형","879722","1597839","126.19253109","34.36700162"
"2012","2012-09-04 15:00","30","주간","화","1","1","0","0","0","인천","강화군","차량단독","전도전복","전도전복","운전자법규위반","안전운전 의무 불이행","단일로","기타단일로","농기계","농기계","00","00","903359","1978848","126.40241904","37.80405344"
"2012","2012-09-04 15:00","12","주간","화","1","2","1","0","0","전남","신안군","차대차","측면직각충돌","측면직각충돌","운전자법규위반","직진 및 우회전차의 통행방해","교차로","교차로내","승용차","대형","승용차","중형","866964","1655463","126.04418288","34.88519049"
"2013","2013-12-05 18:00","30","야간","목","1","1","0","0","0","충남","당진시","차대사람","횡단중","횡단중","운전자법규위반","보행자 보호의무 위반","교차로","교차로부근","승용차","중형","보행자","보행자","922220","1877159","126.62710299","36.88953596"
"2013","2013-12-05 17:00","43","주간","목","1","1","0","0","0","전남","광양시","차대차","측면직각충돌","측면직각충돌","운전자법규위반","교차로 통행방법 위반","교차로","교차로내","화물차","중형","이륜차","소형","1008478","1664894","127.59288407","34.97891733"
"2013","2013-12-05 14:00","40","주간","목","1","1","0","0","0","충북","청원군","차량단독","공작물충돌","공작물충돌","운전자법규위반","안전운전 의무 불이행","단일로","기타단일로","농기계","농기계","00","00","999641","1863384","127.49597737","36.7685648"
"2013","2013-10-25 16:00","30","주간","금","1","1","0","0","0","충북","청원군","차대차","측면직각충돌","측면직각충돌","운전자법규위반","안전운전 의무 불이행","교차로","교차로내","승합차","소형","자전거","자전거","983581","1845479","127.31639957","36.60719639"
"2013","2013-10-24 19:00","30","야간","목","1","1","0","0","0","전북","군산시","차대사람","횡단중","횡단중","운전자법규위반","안전운전 의무 불이행","교차로","교차로내","승용차","중형","보행자","보행자","927173","1774178","126.69235647","35.96162019"
"2013","2013-10-24 12:00","50","주간","목","1","1","0","0","0","경기","이천시","차대사람","길가장자리구역통행중","길가장자리구역통행중","운전자법규위반","안전운전 의무 불이행","단일로","기타단일로","화물차","중형","보행자","보행자","999112","1920949","127.48998195","37.28747762"
"2013","2013-09-07 05:00","30","야간","토","1","1","0","0","0","전북","전주시","차대차","측면직각충돌","측면직각충돌","운전자법규위반","안전운전 의무 불이행","교차로","교차로부근","승용차","중형","자전거","자전거","962085","1763297","127.08003191","35.86550002"
"2013","2013-09-07 02:00","30","야간","토","1","1","0","0","0","전남","순천시","차대사람","횡단중","횡단중","운전자법규위반","안전운전 의무 불이행","단일로","기타단일로","승용차","대형","보행자","보행자","1001323","1661291","127.51452842","34.94679559"
"2013","2013-09-07 05:00","01","야간","토","1","1","0","0","0","전남","보성군","차대사람","차도통행중","차도통행중","운전자법규위반","안전운전 의무 불이행","단일로","기타단일로","화물차","중형","보행자","보행자","982567","1649276","127.30933211","34.8379669"
"2013","2013-09-14 21:00","30","야간","토","1","1","0","0","0","충북","청주시","차대사람","횡단중","횡단중","운전자법규위반","안전운전 의무 불이행","단일로","기타단일로","승용차","중형","보행자","보행자","998149","1849436","127.4792931","36.64282356"
"2013","2013-09-15 20:00","36","야간","일","1","1","0","0","0","전북","전주시","차대차","추돌","진행중 추돌","운전자법규위반","안전운전 의무 불이행","교차로","교차로내","승용차","소형","이륜차","소형","967111","1759878","127.13584263","35.83485607"
"2013","2013-09-16 03:00","00","야간","월","1","2","0","1","0","울산","북구","차량단독","공작물충돌","공작물충돌","운전자법규위반","안전운전 의무 불이행","단일로","기타단일로","이륜차","중형","00","00","1172712","1727369","129.40488517","35.52724724"
"2013","2013-09-11 02:00","45","야간","수","1","1","0","0","0","경북","포항시","차대사람","기타","기타","운전자법규위반","안전운전 의무 불이행","교차로","교차로내","승용차","중형","보행자","보행자","1168473","1785999","129.37049951","36.05631897"
"2013","2013-09-27 22:00","44","야간","금","1","1","0","0","0","서울","서초구","차량단독","기타","기타","운전자법규위반","안전운전 의무 불이행","단일로","기타단일로","이륜차","소형","00","00","953438","1945413","126.97317543","37.50681741"
"2013","2013-09-26 08:00","55","주간","목","1","2","0","1","0","경북","성주군","차대차","정면충돌","정면충돌","운전자법규위반","중앙선 침범","교차로","교차로부근","승용차","중형","승용차","소형","1067362","1768703","128.24657776","35.91265413"
"2013","2013-09-30 06:00","10","주간","월","1","1","0","0","0","경남","남해군","차량단독","기타","기타","운전자법규위반","안전운전 의무 불이행","기타/불명","기타/불명","화물차","소형","00","00","1032184","1641586","127.85170551","34.76826198"
"2013","2013-09-30 10:00","24","주간","월","1","1","0","0","0","충남","홍성군","차대사람","기타","기타","운전자법규위반","안전운전 의무 불이행","교차로","교차로부근","화물차","중형","보행자","보행자","925869","1845238","126.67109639","36.60090776"
"2013","2013-09-30 06:00","00","주간","월","1","1","0","0","0","전북","순창군","차량단독","공작물충돌","공작물충돌","운전자법규위반","안전운전 의무 불이행","단일로","기타단일로","승용차","소형","00","00","964394","1718321","127.10759633","35.46007239"
"2013","2013-09-28 05:00","30","야간","토","1","1","0","0","0","전북","군산시","차대사람","기타","기타","운전자법규위반","안전운전 의무 불이행","단일로","기타단일로","승용차","중형","보행자","보행자","909501","1761649","126.4978254","35.84719613"
"2013","2013-10-20 22:00","15","야간","일","1","1","0","0","0","경기","안성시","차량단독","기타","기타","운전자법규위반","안전운전 의무 불이행","단일로","기타단일로","이륜차","중형","00","00","978127","1901910","127.25379683","37.11560255"
"2013","2013-10-19 14:00","11","주간","토","1","1","0","0","0","경기","용인시","차량단독","기타","기타","운전자법규위반","안전운전 의무 불이행","단일로","기타단일로","이륜차","중형","00","00","971321","1915030","127.17668572","37.23368266"
"2013","2013-10-18 22:00","57","야간","금","1","1","0","0","0","대전","중구","차대사람","횡단중","횡단중","운전자법규위반","안전운전 의무 불이행","단일로","횡단보도상","승용차","경형","보행자","보행자","990365","1814347","127.3926519","36.32644238"
"2013","2013-10-20 13:00","45","주간","일","1","1","0","0","0","충북","옥천군","차량단독","전도전복","전도전복","운전자법규위반","안전운전 의무 불이행","단일로","기타단일로","이륜차","소형","00","00","1005327","1810830","127.55932664","36.29476844"
"2013","2013-09-16 12:00","00","주간","월","1","1","0","0","0","경기","성남시","차대차","기타","기타","운전자법규위반","안전운전 의무 불이행","교차로","교차로부근","화물차","대형","이륜차","중형","968282","1940453","127.14063769","37.46331271"
"2013","2013-09-22 10:00","50","주간","일","1","2","0","1","0","경기","안산시","차대차","추돌","진행중 추돌","운전자법규위반","신호위반","교차로","교차로내","이륜차","중형","승용차","중형","931677","1923921","126.72896626","37.31175569"
"2013","2013-09-21 06:00","32","주간","토","1","1","0","0","0","경북","경산시","차대사람","횡단중","횡단중","운전자법규위반","안전운전 의무 불이행","단일로","횡단보도상","승용차","대형","보행자","보행자","1119776","1769587","128.82750956","35.91560605"
"2013","2013-09-23 14:00","58","주간","월","1","7","5","1","0","제주","제주시","차대차","측면직각충돌","측면직각충돌","운전자법규위반","중앙선 침범","단일로","기타단일로","승용차","소형","승용차","소형","902372","1500785","126.44903118","33.4944677"
"2013","2013-06-04 21:00","20","야간","화","1","4","3","0","0","경남","양산시","차대차","측면직각충돌","측면직각충돌","운전자법규위반","안전운전 의무 불이행","교차로","교차로내","승용차","중형","승용차","중형","1150959","1712678","129.16233535","35.39838851"
"2013","2013-07-03 12:00","20","주간","수","1","1","0","0","0","경북","고령군","차량단독","공작물충돌","공작물충돌","운전자법규위반","안전운전 의무 불이행","단일로","기타단일로","승용차","소형","00","00","1074666","1746258","128.32542448","35.70977542"
"2013","2013-07-14 01:00","54","야간","일","1","1","0","0","0","전북","김제시","차대사람","횡단중","횡단중","운전자법규위반","안전운전 의무 불이행","단일로","기타단일로","승용차","대형","보행자","보행자","947071","1756987","126.91389692","35.80787532"
"2013","2013-05-29 08:00","45","주간","수","1","1","0","0","0","서울","강남구","차대차","추돌","진행중 추돌","운전자법규위반","교차로 통행방법 위반","교차로","교차로부근","승용차","중형","이륜차","중형","960294","1941464","127.05095822","37.47154396"
"2013","2013-06-22 07:00","30","주간","토","1","1","0","0","0","전북","김제시","차대사람","기타","기타","운전자법규위반","안전운전 의무 불이행","단일로","기타단일로","승용차","소형","보행자","보행자","945707","1754899","126.89919843","35.78901503"
"2012","2012-09-27 14:00","50","주간","목","1","1","0","0","0","서울","마포구","차대차","추돌","주정차중 추돌","운전자법규위반","신호위반","단일로","교량위","건설기계","건설기계","화물차","중형","943402","1952155","126.85910943","37.56702237"
"2012","2012-08-17 21:00","35","야간","금","1","6","3","2","0","전북","군산시","차대차","추돌","진행중 추돌","운전자법규위반","안전운전 의무 불이행","단일로","기타단일로","승용차","소형","화물차","소형","934714","1771869","126.77616892","35.94133753"
"2012","2012-02-27 19:00","10","야간","월","1","3","2","0","0","전북","익산시","차대차","측면직각충돌","측면직각충돌","운전자법규위반","중앙선 침범","단일로","기타단일로","농기계","농기계","승용차","소형","961115","1777862","127.06857507","35.996777"
"2012","2012-06-14 03:00","05","야간","목","1","3","2","0","0","서울","광진구","차대사람","횡단중","횡단중","운전자법규위반","과속","교차로","교차로내","승용차","중형","보행자","보행자","962801","1952140","127.07876898","37.56787528"
"2013","2013-07-08 11:00","33","주간","월","1","5","3","1","0","경기","가평군","차량단독","도로이탈","도로이탈 추락","운전자법규위반","안전운전 의무 불이행","단일로","기타단일로","승용차","중형","00","00","1002898","1964968","127.53286741","37.68424701"
"2013","2013-07-20 04:00","45","야간","토","1","2","0","0","1","서울","서초구","차대사람","보도통행중","보도통행중","운전자법규위반","과속","단일로","기타단일로","이륜차","소형","보행자","보행자","957645","1943096","127.02090726","37.48613616"
"2013","2013-07-29 21:00","50","야간","월","1","1","0","0","0","경북","구미시","차대사람","기타","기타","운전자법규위반","보행자 보호의무 위반","단일로","횡단보도상","승용차","중형","보행자","보행자","1076353","1791794","128.34844476","36.12015703"
"2013","2013-08-30 07:00","00","주간","금","1","1","0","0","0","부산","수영구","차대차","추돌","주정차중 추돌","운전자법규위반","안전운전 의무 불이행","단일로","기타단일로","승용차","대형","화물차","대형","1145753","1685472","129.10019633","35.15394267"
"2013","2013-08-29 19:00","20","야간","목","1","1","0","0","0","충북","옥천군","차대사람","차도통행중","차도통행중","운전자법규위반","안전운전 의무 불이행","단일로","기타단일로","화물차","소형","보행자","보행자","1011612","1800512","127.6291692","36.20169081"
"2013","2013-06-16 11:00","50","주간","일","1","2","1","0","0","경남","김해시","차대차","기타","기타","운전자법규위반","안전운전 의무 불이행","단일로","기타단일로","승합차","소형","승용차","경형","1125253","1695567","128.87672802","35.24770774"
"2013","2013-07-19 21:00","03","야간","금","1","1","0","0","0","대구","북구","차대차","측면직각충돌","측면직각충돌","운전자법규위반","안전운전 의무 불이행","단일로","기타단일로","이륜차","중형","이륜차","중형","1099095","1771235","128.59854373","35.93277712"
"2013","2013-07-14 12:00","35","주간","일","2","2","0","0","0","경기","화성시","차량단독","기타","기타","운전자법규위반","안전운전 의무 불이행","단일로","기타단일로","승용차","중형","00","00","963549","1907153","127.08945417","37.1624086"
"2014","2014-10-27 12:00","11","주간","월","1","1","0","0","0","광주","북구","차대사람","보도통행중","보도통행중","운전자법규위반","기타(운전자법규위반)","단일로","기타단일로","화물차","소형","보행자","보행자","942818","1689329","126.87184928","35.1976616"
"2014","2014-11-01 23:00","10","야간","토","1","2","1","0","0","광주","북구","차량단독","공작물충돌","공작물충돌","운전자법규위반","안전운전 의무 불이행","단일로","기타단일로","승용차","소형","00","00","950050","1685295","126.95153453","35.16167402"
"2013","2013-01-23 05:00","00","야간","수","1","13","5","7","0","경남","통영시","차량단독","공작물충돌","공작물충돌","운전자법규위반","안전운전 의무 불이행","단일로","기타단일로","승합차","중형","00","00","1083799","1643713","128.41592002","34.78450476"
"2013","2013-01-04 21:00","25","야간","금","1","1","0","0","0","경북","성주군","차대사람","차도통행중","차도통행중","운전자법규위반","안전운전 의무 불이행","단일로","기타단일로","승합차","소형","보행자","보행자","1051689","1769255","128.07291767","35.91858512"
"2013","2013-01-03 20:00","25","야간","목","1","1","0","0","0","경기","군포시","차대차","측면직각충돌","측면직각충돌","운전자법규위반","기타(운전자법규위반)","교차로","교차로부근","특수차","중형","화물차","대형","949905","1925822","126.93038411","37.33011178"
"2013","2013-04-30 10:00","55","주간","화","1","2","0","1","0","강원","삼척시","차량단독","도로이탈","도로이탈 추락","운전자법규위반","안전운전 의무 불이행","단일로","기타단일로","승용차","소형","00","00","1162648","1909111","129.33191697","37.16660676"
"2013","2013-04-30 22:00","43","야간","화","1","1","0","0","0","서울","마포구","차대사람","횡단중","횡단중","운전자법규위반","안전운전 의무 불이행","단일로","기타단일로","승용차","중형","보행자","보행자","946991","1952025","126.89975696","37.56606429"
"2013","2013-05-11 00:00","10","야간","토","1","2","0","1","0","전남","해남군","차량단독","공작물충돌","공작물충돌","운전자법규위반","안전운전 의무 불이행","단일로","기타단일로","승용차","경형","00","00","890614","1639520","126.32774992","34.67085366"
"2013","2013-05-17 10:00","00","주간","금","1","1","0","0","0","충남","당진시","차량단독","전도전복","전도전복","운전자법규위반","안전운전 의무 불이행","교차로","교차로내","이륜차","소형","00","00","934243","1882865","126.76152596","36.9418833"
"2013","2013-03-18 20:00","25","야간","월","1","1","0","0","0","경기","양평군","차대사람","횡단중","횡단중","운전자법규위반","안전운전 의무 불이행","단일로","기타단일로","승용차","대형","보행자","보행자","999039","1944211","127.48993508","37.49735585"
"2013","2013-04-11 10:00","20","주간","목","1","2","1","0","0","전남","무안군","차대차","측면직각충돌","측면직각충돌","운전자법규위반","신호위반","교차로","교차로내","화물차","소형","승용차","소형","904897","1646141","126.46026982","34.80540397"
"2013","2013-04-07 16:00","25","주간","일","1","1","0","0","0","전북","김제시","차량단독","도로이탈","도로이탈 기타","운전자법규위반","안전운전 의무 불이행","단일로","기타단일로","특수차","소형","00","00","940628","1763264","126.84237596","35.86413667"
"2013","2013-07-24 03:00","20","야간","수","1","1","0","0","0","경기","평택시","차대차","기타","기타","운전자법규위반","안전운전 의무 불이행","단일로","기타단일로","화물차","대형","화물차","대형","964304","1889260","127.09668044","37.00136303"
"2013","2013-08-04 21:00","30","야간","일","2","3","1","0","0","전남","광양시","차대차","측면직각충돌","측면직각충돌","운전자법규위반","중앙선 침범","단일로","기타단일로","승용차","대형","화물차","소형","1008860","1665719","127.597078","34.98635345"
"2013","2013-08-10 20:00","55","야간","토","1","5","2","2","0","강원","원주시","차대차","측면직각충돌","측면직각충돌","운전자법규위반","신호위반","교차로","교차로내","승용차","경형","승합차","대형","1040985","1935725","127.96299532","37.41968673"
"2013","2013-09-23 15:00","55","주간","월","1","1","0","0","0","울산","중구","차대사람","횡단중","횡단중","운전자법규위반","보행자 보호의무 위반","단일로","횡단보도상","건설기계","건설기계","보행자","보행자","1166372","1731351","129.33581034","35.56421693"
"2013","2013-10-02 22:00","30","야간","수","1","1","0","0","0","충남","홍성군","차대사람","횡단중","횡단중","운전자법규위반","안전운전 의무 불이행","단일로","기타단일로","승용차","경형","보행자","보행자","922213","1837966","126.63101232","36.53625667"
"2013","2013-10-02 09:00","11","주간","수","1","1","0","0","0","충남","태안군","차대사람","횡단중","횡단중","운전자법규위반","보행자 보호의무 위반","단일로","기타단일로","화물차","중형","보행자","보행자","892094","1862555","126.29114094","36.75495047"
"2013","2013-10-17 02:00","10","야간","목","1","1","0","0","0","서울","중구","차대사람","횡단중","횡단중","운전자법규위반","안전운전 의무 불이행","단일로","기타단일로","승용차","중형","보행자","보행자","956383","1951225","127.00615008","37.5593465"
"2013","2013-10-01 22:00","17","야간","화","1","1","0","0","0","강원","속초시","차대차","추돌","진행중 추돌","운전자법규위반","안전운전 의무 불이행","단일로","기타단일로","승용차","대형","자전거","자전거","1095127","2021344","128.58559157","38.18735217"
"2013","2013-06-03 17:00","58","주간","월","1","1","0","0","0","충북","보은군","차량단독","전도전복","전도전복","운전자법규위반","안전운전 의무 불이행","단일로","기타단일로","농기계","농기계","00","00","1029308","1825849","127.82691006","36.42971983"
"2013","2013-06-04 14:00","33","주간","화","1","2","0","1","0","서울","강서구","차대사람","기타","기타","운전자법규위반","안전거리 미확보","단일로","기타단일로","화물차","소형","보행자","보행자","941606","1953258","126.83868564","37.57685151"
"2013","2013-06-30 13:00","50","주간","일","1","1","0","0","0","경북","칠곡군","차대사람","기타","기타","운전자법규위반","안전운전 의무 불이행","단일로","기타단일로","승용차","중형","보행자","보행자","1084348","1781779","128.43620537","36.02921347"
"2012","2012-04-12 22:00","10","야간","목","1","1","0","0","0","전북","김제시","차대사람","기타","기타","운전자법규위반","안전운전 의무 불이행","단일로","기타단일로","승용차","중형","보행자","보행자","950549","1763513","127.00580853","35.87082561"
"2012","2012-11-24 20:00","00","야간","토","1","1","0","0","0","전북","김제시","차량단독","전도전복","전도전복","운전자법규위반","안전운전 의무 불이행","교차로","교차로내","농기계","농기계","00","00","949887","1762073","126.94500186","35.85391651"
"2014","2014-10-29 05:00","55","야간","수","1","1","0","0","0","전북","익산시","차대사람","횡단중","횡단중","운전자법규위반","과속","단일로","기타단일로","화물차","소형","보행자","보행자","952738","1772827","126.97593647","35.95101318"
"2014","2014-04-15 21:00","20","야간","화","1","2","1","0","0","경남","거제시","차대차","측면직각충돌","측면직각충돌","운전자법규위반","신호위반","교차로","교차로내","승합차","대형","승용차","중형","1106486","1658053","128.65504953","34.95525413"
"2012","2012-02-24 14:00","45","주간","금","1","1","0","0","0","제주","제주시","차대사람","기타","기타","운전자법규위반","안전운전 의무 불이행","단일로","기타단일로","승합차","소형","보행자","보행자","939337","1503699","126.84673382","33.52348533"
"2013","2013-01-29 21:00","15","야간","화","1","1","0","0","0","경기","평택시","차량단독","공작물충돌","공작물충돌","운전자법규위반","안전운전 의무 불이행","단일로","기타단일로","승용차","중형","00","00","948264","1890298","126.91846872","37.00975905"
"2013","2013-06-30 08:00","57","주간","일","1","1","0","0","0","부산","강서구","차대차","기타","기타","운전자법규위반","안전운전 의무 불이행","단일로","기타단일로","원동기장치자전거","원동기장치자전거","승용차","중형","1132040","1685340","128.94966772","35.15464752"
"2013","2013-04-28 06:00","20","주간","일","1","2","0","1","0","대전","동구","차대차","측면직각충돌","측면직각충돌","운전자법규위반","신호위반","교차로","교차로내","이륜차","소형","승합차","소형","993957","1814864","127.43266803","36.3311326"
"2014","2014-07-22 02:00","40","야간","화","1","1","0","0","0","부산","동래구","차대사람","횡단중","횡단중","운전자법규위반","안전운전 의무 불이행","단일로","기타단일로","승용차","중형","보행자","보행자","1142985","1691365","129.0708391","35.20745836"
"2014","2014-07-21 21:00","00","야간","월","1","1","0","0","0","경남","함안군","차대사람","기타","기타","운전자법규위반","안전운전 의무 불이행","단일로","기타단일로","승용차","대형","보행자","보행자","1088922","1697137","128.47762534","35.26574648"
"2014","2014-04-10 19:00","52","야간","목","1","2","1","0","0","충북","옥천군","차대차","측면직각충돌","측면직각충돌","운전자법규위반","안전운전 의무 불이행","교차로","교차로내","화물차","대형","화물차","대형","1006186","1810395","127.56888984","36.29084157"
"2014","2014-04-06 17:00","35","주간","일","1","1","0","0","0","충남","서산시","차대차","측면직각충돌","측면직각충돌","운전자법규위반","안전운전 의무 불이행","교차로","교차로내","승합차","대형","자전거","자전거","922256","1865752","126.62867416","36.78672046"
"2014","2014-04-08 16:00","45","주간","화","1","1","0","0","0","전북","전주시","차대사람","차도통행중","차도통행중","운전자법규위반","안전운전 의무 불이행","단일로","기타단일로","승용차","중형","보행자","보행자","969301","1759116","127.1601199","35.82805687"
"2014","2014-01-14 07:00","12","주간","화","1","1","0","0","0","충남","서산시","차대사람","횡단중","횡단중","운전자법규위반","안전운전 의무 불이행","교차로","교차로부근","승용차","대형","보행자","보행자","907440","1864741","126.46276747","36.7762759"
"2014","2014-07-21 15:00","20","주간","월","1","1","0","0","0","대구","동구","차대차","측면직각충돌","측면직각충돌","운전자법규위반","신호위반","교차로","교차로내","원동기장치자전거","원동기장치자전거","화물차","소형","1111958","1764706","128.74019295","35.87253547"
"2014","2014-04-11 15:00","25","주간","금","1","1","0","0","0","경남","창원시(통합)","차대차","측면직각충돌","측면직각충돌","운전자법규위반","안전거리 미확보","단일로","기타단일로","화물차","소형","이륜차","소형","1094521","1683976","128.551046","35.15611103"
"2014","2014-11-06 10:00","50","주간","목","1","1","0","0","0","경기","성남시","차대사람","기타","기타","운전자법규위반","안전운전 의무 불이행","단일로","횡단보도상","화물차","중형","보행자","보행자","966380","1938430","127.11992273","37.44443841"
"2014","2014-01-28 03:00","20","야간","화","1","1","0","0","0","서울","동대문구","차대사람","차도통행중","차도통행중","운전자법규위반","안전운전 의무 불이행","단일로","기타단일로","승용차","중형","보행자","보행자","961336","1954593","127.06205068","37.58992451"
"2014","2014-07-20 17:00","40","주간","일","1","1","0","0","0","충북","청주시","차대사람","기타","기타","운전자법규위반","안전운전 의무 불이행","교차로","교차로내","승용차","경형","보행자","보행자","1000499","1848756","127.50558181","36.63669504"
"2014","2014-04-24 19:00","30","야간","목","1","1","0","0","0","경기","수원시","차대사람","기타","기타","운전자법규위반","안전운전 의무 불이행","교차로","교차로부근","승합차","대형","보행자","보행자","959744","1915590","127.04614471","37.23830217"
"2014","2014-11-13 18:00","00","야간","목","1","1","0","0","0","인천","동구","차대차","측면직각충돌","측면직각충돌","운전자법규위반","안전운전 의무 불이행","교차로","교차로부근","화물차","대형","자전거","자전거","925669","1943289","126.65922363","37.48585543"
"2014","2014-11-09 04:00","55","야간","일","1","2","1","0","0","부산","진구","차대사람","횡단중","횡단중","운전자법규위반","안전운전 의무 불이행","단일로","기타단일로","승용차","중형","보행자","보행자","1138903","1685303","129.02498725","35.15338913"
"2014","2014-02-24 17:00","30","주간","월","1","1","0","0","0","충남","천안시","차대사람","횡단중","횡단중","운전자법규위반","안전운전 의무 불이행","단일로","기타단일로","승용차","대형","보행자","보행자","965790","1868783","127.11643458","36.81661688"
"2014","2014-07-18 10:00","35","주간","금","1","2","1","0","0","경기","화성시","차대차","측면직각충돌","측면직각충돌","운전자법규위반","안전운전 의무 불이행","단일로","기타단일로","화물차","중형","승용차","중형","939989","1903980","126.82436704","37.13259224"
"2014","2014-12-19 18:00","30","야간","금","1","2","0","1","0","경남","김해시","차대차","추돌","주정차중 추돌","운전자법규위반","안전운전 의무 불이행","단일로","기타단일로","특수차","대형","화물차","중형","1110219","1698826","128.71195325","35.27885466"