"발생년","발생년월일시","발생분","주야","요일","사망자수","사상자수","중상자수","경상자수","부상신고자수","발생지시도","발생지시군구","사고유형_대분류","사고유형_중분류","사고유형","법규위반_대분류","법규위반","도로형태_대분류","도로형태","당사자종별_1당_대분류","당사자종별_1당","당사자종별_2당_대분류","당사자종별_2당","발생위치X_UTMK","발생위치Y_UTMK","경도","위도"
"2014","2014-05-21 09:00","32","주간","수","1","1","0","0","0","경기","남양주시","차대차","측면직각충돌","측면직각충돌","운전자법규위반","안전운전 의무 불이행","단일로","기타단일로","건설기계","건설기계","자전거","자전거","970408","1959771","127.16459833","37.63693211"
"2014","2014-05-28 14:00","00","주간","수","1","1","0","0","0","경남","창원시(통합)","차대사람","기타","기타","운전자법규위반","기타(운전자법규위반)","기타/불명","기타/불명","승용차","중형","보행자","보행자","1106926","1694136","128.67514021","35.2369309"
"2014","2014-08-02 03:00","18","야간","토","1","2","0","1","0","울산","울주군","차대차","추돌","주정차중 추돌","운전자법규위반","안전운전 의무 불이행","교차로","교차로부근","승용차","중형","화물차","중형","1158246","1731518","129.2462159","35.56705387"
"2013","2013-05-18 22:00","00","야간","토","1","4","3","0","0","충남","공주시","차대차","기타","기타","운전자법규위반","기타(운전자법규위반)","교차로","교차로부근","승용차","경형","화물차","대형","956915","1833537","127.01891122","36.49852463"
"2013","2013-07-05 06:00","00","주간","금","1","1","0","0","0","충북","청원군","차량단독","공작물충돌","공작물충돌","운전자법규위반","안전운전 의무 불이행","단일로","기타단일로","승용차","중형","00","00","1017110","1851836","127.68991043","36.66195695"
"2014","2014-05-27 20:00","20","야간","화","1","2","1","0","0","전북","전주시","차대차","정면충돌","정면충돌","운전자법규위반","안전운전 의무 불이행","단일로","기타단일로","원동기장치자전거","원동기장치자전거","자전거","자전거","970935","1756071","127.17832102","35.8006527"
"2012","2012-08-10 20:00","00","야간","금","1","1","0","0","0","충북","영동군","차대사람","기타","기타","운전자법규위반","안전운전 의무 불이행","단일로","기타단일로","화물차","소형","보행자","보행자","1019577","1790703","127.71752515","36.11312797"
"2012","2012-09-03 06:00","20","주간","월","1","1","0","0","0","인천","서구","차대사람","횡단중","횡단중","운전자법규위반","안전운전 의무 불이행","단일로","기타단일로","승용차","소형","보행자","보행자","924826","1956190","126.66170199","37.58684972"
"2014","2014-04-06 19:00","10","야간","일","1","1","0","0","0","서울","동작구","차대사람","횡단중","횡단중","운전자법규위반","신호위반","단일로","횡단보도부근","자전거","자전거","보행자","보행자","951518","1944537","126.9515103","37.49882292"
"2014","2014-05-04 20:00","05","야간","일","1","1","0","0","0","전북","익산시","차대사람","기타","기타","운전자법규위반","안전운전 의무 불이행","단일로","기타단일로","승용차","중형","보행자","보행자","957161","1784412","127.00994581","36.07809058"
"2014","2014-05-02 07:00","00","주간","금","1","1","0","0","0","경기","안양시","차량단독","전도전복","전도전복","운전자법규위반","안전운전 의무 불이행","단일로","터널안","이륜차","대형","00","00","951981","1930598","126.95765549","37.37320991"
"2014","2014-03-18 07:00","55","주간","화","1","4","0","3","0","경남","하동군","차대차","정면충돌","정면충돌","운전자법규위반","중앙선 침범","단일로","기타단일로","승용차","소형","화물차","소형","1034925","1673626","127.882998","35.05708831"
"2014","2014-11-19 09:00","35","주간","수","1","1","0","0","0","광주","북구","차대차","추돌","진행중 추돌","운전자법규위반","안전운전 의무 불이행","교차로","교차로부근","자전거","자전거","승용차","중형","946405","1684895","126.91153917","35.15787953"
"2014","2014-10-08 14:00","08","주간","수","1","1","0","0","0","경북","칠곡군","차대차","추돌","진행중 추돌","운전자법규위반","안전운전 의무 불이행","단일로","기타단일로","화물차","대형","원동기장치자전거","원동기장치자전거","1089625","1791387","128.4958601","36.11535297"
"2014","2014-09-20 01:00","45","야간","토","1","1","0","0","0","경기","수원시","차대사람","횡단중","횡단중","운전자법규위반","안전운전 의무 불이행","단일로","기타단일로","승용차","중형","보행자","보행자","958649","1918738","127.03362493","37.26662948"
"2014","2014-01-26 13:00","05","주간","일","1","1","0","0","0","제주","서귀포시","차대차","기타","기타","운전자법규위반","안전운전 의무 불이행","교차로","교차로내","화물차","중형","이륜차","소형","878405","1476372","126.19437329","33.27186769"
"2012","2012-06-14 14:00","20","주간","목","1","1","0","0","0","경기","이천시","차대사람","차도통행중","차도통행중","운전자법규위반","신호위반","교차로","교차로내","원동기장치자전거","원동기장치자전거","보행자","보행자","995421","1920743","127.44834287","37.28560989"
"2012","2012-03-19 02:00","10","야간","월","1","1","0","0","0","서울","도봉구","차량단독","공작물충돌","공작물충돌","운전자법규위반","안전운전 의무 불이행","기타/불명","기타/불명","이륜차","소형","00","00","960111","1961082","127.04782135","37.64835888"
"2012","2012-03-24 09:00","48","주간","토","1","2","0","1","0","충남","보령시","차대차","측면직각충돌","측면직각충돌","운전자법규위반","안전운전 의무 불이행","단일로","기타단일로","승용차","소형","승용차","중형","917710","1819594","126.58266568","36.37027252"
"2012","2012-04-01 00:00","00","야간","일","1","1","0","0","0","충북","옥천군","차대사람","차도통행중","차도통행중","운전자법규위반","안전운전 의무 불이행","단일로","기타단일로","화물차","소형","보행자","보행자","1011493","1806194","127.62792888","36.25291875"
"2012","2012-03-31 20:00","45","야간","토","1","1","0","0","0","울산","중구","차대사람","횡단중","횡단중","운전자법규위반","안전운전 의무 불이행","단일로","기타단일로","승용차","중형","보행자","보행자","1164128","1730054","129.31079734","35.5529027"
"2012","2012-04-01 02:00","40","야간","일","1","1","0","0","0","경기","수원시","차량단독","공작물충돌","공작물충돌","운전자법규위반","안전운전 의무 불이행","단일로","기타단일로","이륜차","소형","00","00","954582","1924609","126.98739816","37.31935888"
"2012","2012-01-22 03:00","50","야간","일","1","9","2","6","0","경북","경산시","차대차","추돌","주정차중 추돌","운전자법규위반","안전운전 의무 불이행","교차로","교차로부근","승용차","소형","승용차","중형","1112774","1760499","128.7486353","35.83451985"
"2012","2012-02-22 13:00","20","주간","수","1","1","0","0","0","경기","수원시","차대사람","보도통행중","보도통행중","운전자법규위반","안전운전 의무 불이행","교차로","교차로내","승용차","중형","보행자","보행자","954491","1917054","126.98683377","37.25125644"
"2012","2012-01-31 11:00","30","주간","화","1","1","0","0","0","제주","제주시","차량단독","공작물충돌","공작물충돌","운전자법규위반","안전운전 의무 불이행","단일로","기타단일로","승용차","소형","00","00","910674","1498890","126.53735284","33.47811209"
"2012","2012-12-01 18:00","40","야간","토","1","1","0","0","0","전남","순천시","차대사람","차도통행중","차도통행중","운전자법규위반","안전운전 의무 불이행","단일로","기타단일로","승용차","대형","보행자","보행자","997844","1655027","127.47640457","34.8899745"
"2012","2012-12-16 06:00","30","주간","일","1","2","1","0","0","부산","동구","차대사람","횡단중","횡단중","운전자법규위반","안전운전 의무 불이행","단일로","기타단일로","승용차","대형","보행자","보행자","1140335","1681538","129.04006446","35.11925266"
"2012","2012-12-12 14:00","00","주간","수","2","3","1","0","0","강원","영월군","차대차","정면충돌","정면충돌","운전자법규위반","중앙선 침범","단일로","기타단일로","화물차","소형","화물차","중형","1079569","1912066","128.39646287","37.20402307"
"2012","2012-09-18 07:00","10","주간","화","1","3","2","0","0","경남","김해시","차대차","추돌","주정차중 추돌","운전자법규위반","안전운전 의무 불이행","단일로","기타단일로","화물차","소형","화물차","소형","1129048","1692392","128.91718907","35.22644935"
"2012","2012-11-23 15:00","15","주간","금","1","1","0","0","0","경북","상주시","차량단독","도로이탈","도로이탈 기타","운전자법규위반","안전운전 의무 불이행","단일로","기타단일로","이륜차","소형","00","00","1052532","1817189","128.08546231","36.35067821"
"2012","2012-10-21 22:00","45","야간","토","1","1","0","0","0","울산","중구","차대사람","횡단중","횡단중","운전자법규위반","안전운전 의무 불이행","교차로","교차로부근","승용차","중형","보행자","보행자","1167285","1733190","129.3462604","35.58063599"
"2012","2012-10-10 19:00","03","야간","수","1","1","0","0","0","충북","음성군","차대사람","보도통행중","보도통행중","운전자법규위반","안전운전 의무 불이행","단일로","기타단일로","화물차","소형","보행자","보행자","1003437","1893733","127.5386497","37.04214187"
"2012","2012-07-22 06:00","05","주간","일","1","5","2","2","0","경남","김해시","차량단독","공작물충돌","공작물충돌","운전자법규위반","안전운전 의무 불이행","교차로","교차로내","승용차","중형","00","00","1111788","1702259","128.72967031","35.30962883"
"2012","2012-07-29 16:00","10","주간","일","1","4","1","2","0","인천","남동구","차대차","추돌","주정차중 추돌","운전자법규위반","안전운전 의무 불이행","단일로","기타단일로","승용차","중형","승용차","중형","931265","1934411","126.72334346","37.40627223"
"2014","2014-05-24 02:00","26","야간","토","1","5","1","3","0","경북","구미시","차대차","추돌","주정차중 추돌","운전자법규위반","안전거리 미확보","단일로","기타단일로","화물차","대형","화물차","대형","1068561","1802409","128.26279306","36.21643201"
"2014","2014-10-03 09:00","05","주간","금","1","1","0","0","0","경북","문경시","차대차","기타","기타","운전자법규위반","안전운전 의무 불이행","단일로","기타단일로","원동기장치자전거","원동기장치자전거","자전거","자전거","1063255","1846173","128.20733216","36.61131015"
"2013","2013-10-28 14:00","30","주간","월","1","20","6","11","2","부산","금정구","차대차","추돌","주정차중 추돌","운전자법규위반","과속","단일로","기타단일로","승용차","중형","화물차","경형","1144953","1695735","129.09322222","35.24656544"
"2014","2014-03-25 19:00","20","야간","화","1","1","0","0","0","경북","김천시","차대사람","보도통행중","보도통행중","운전자법규위반","안전운전 의무 불이행","교차로","교차로부근","승합차","대형","보행자","보행자","1048195","1793179","128.03565003","36.13445073"
"2014","2014-04-03 22:00","32","야간","목","1","1","0","0","0","대구","달성군","차대사람","차도통행중","차도통행중","운전자법규위반","안전운전 의무 불이행","교차로","교차로부근","승용차","대형","보행자","보행자","1103961","1751564","128.6499148","35.75495005"
"2014","2014-03-31 18:00","00","야간","월","1","1","0","0","0","울산","남구","차대차","측면직각충돌","측면직각충돌","운전자법규위반","차로위반(진로변경 위반)","단일로","기타단일로","승용차","중형","이륜차","중형","1167246","1725387","129.34421888","35.51032243"
"2014","2014-04-01 10:00","30","주간","화","1","2","0","1","0","경기","고양시","차대차","기타","기타","운전자법규위반","안전운전 의무 불이행","단일로","기타단일로","화물차","중형","화물차","중형","939162","1955734","126.81080331","37.5990091"
"2014","2014-04-09 15:00","20","주간","수","1","3","0","2","0","대구","서구","차대차","측면직각충돌","측면직각충돌","운전자법규위반","안전운전 의무 불이행","교차로","교차로내","승용차","중형","승용차","중형","1096706","1764485","128.57124366","35.8721686"
"2014","2014-04-10 11:00","45","주간","목","1","1","0","0","0","경기","용인시","차량단독","기타","기타","운전자법규위반","기타(운전자법규위반)","단일로","기타단일로","화물차","소형","00","00","962586","1925541","127.07768433","37.32811648"
"2014","2014-04-10 21:00","07","야간","목","1","1","0","0","0","경남","진주시","차대사람","기타","기타","운전자법규위반","안전운전 의무 불이행","단일로","기타단일로","승용차","중형","보행자","보행자","1052017","1687368","128.07129147","35.18026085"
"2014","2014-04-11 20:00","14","야간","금","1","1","0","0","0","강원","춘천시","차량단독","기타","기타","운전자법규위반","기타(운전자법규위반)","교차로","교차로내","승합차","경형","00","00","1019506","1986464","127.72180306","37.87779118"
"2014","2014-04-10 20:00","50","야간","목","1","1","0","0","0","충남","홍성군","차대사람","기타","기타","운전자법규위반","안전운전 의무 불이행","단일로","기타단일로","승용차","중형","보행자","보행자","928012","1837048","126.69681323","36.52626074"
"2014","2014-04-11 19:00","30","야간","금","1","1","0","0","0","울산","동구","차대사람","보도통행중","보도통행중","운전자법규위반","안전운전 의무 불이행","단일로","기타단일로","승용차","중형","보행자","보행자","1174666","1726459","129.42622949","35.51870449"
"2014","2014-04-11 18:00","10","야간","금","1","1","0","0","0","충남","논산시","차량단독","공작물충돌","공작물충돌","운전자법규위반","안전운전 의무 불이행","단일로","기타단일로","화물차","소형","00","00","960999","1795957","127.06639337","36.15990906"
"2014","2014-04-11 19:00","57","야간","금","1","1","0","0","0","강원","양구군","차대사람","횡단중","횡단중","운전자법규위반","중앙선 침범","교차로","교차로내","승용차","소형","보행자","보행자","1046713","2012106","128.03283473","38.10790098"
"2014","2014-04-11 22:00","00","야간","금","1","2","1","0","0","경기","안산시","차대사람","횡단중","횡단중","운전자법규위반","안전운전 의무 불이행","기타/불명","기타/불명","승합차","대형","보행자","보행자","942243","1925620","126.84806495","37.32778619"
"2014","2014-04-08 04:00","40","야간","화","1","1","0","0","0","대구","수성구","차대사람","기타","기타","운전자법규위반","안전운전 의무 불이행","단일로","횡단보도부근","승용차","중형","보행자","보행자","1104623","1762473","128.65866332","35.85321784"
"2014","2014-04-16 15:00","50","주간","수","1","1","0","0","0","경북","김천시","차량단독","도로이탈","도로이탈 추락","운전자법규위반","안전운전 의무 불이행","기타/불명","기타/불명","원동기장치자전거","원동기장치자전거","00","00","1059919","1803601","128.16848772","36.22894142"
"2014","2014-04-16 13:00","25","주간","수","1","1","0","0","0","충남","부여군","차대차","추돌","진행중 추돌","운전자법규위반","안전운전 의무 불이행","단일로","교량위","이륜차","소형","승용차","대형","948092","1811996","126.92183773","36.30389724"
"2014","2014-04-17 17:00","40","주간","목","1","1","0","0","0","서울","종로구","차대사람","보도통행중","보도통행중","운전자법규위반","안전운전 의무 불이행","단일로","횡단보도상","화물차","소형","보행자","보행자","952270","1956520","126.95923769","37.6068671"
"2014","2014-04-18 08:00","35","주간","금","1","2","1","0","0","경남","하동군","차대차","정면충돌","정면충돌","운전자법규위반","중앙선 침범","단일로","기타단일로","화물차","소형","화물차","중형","1029133","1666769","127.81662406","34.99579037"
"2014","2014-04-17 06:00","14","주간","목","1","1","0","0","0","대구","북구","차량단독","도로이탈","도로이탈 추락","운전자법규위반","안전운전 의무 불이행","단일로","기타단일로","승합차","대형","00","00","1098117","1769014","128.58742946","35.91285479"
"2014","2014-04-16 13:00","00","주간","수","1","2","0","1","0","충남","청양군","차대차","기타","기타","운전자법규위반","직진 및 우회전차의 통행방해","교차로","교차로내","이륜차","소형","화물차","소형","956326","1821931","127.01298901","36.39387049"
"2014","2014-04-16 12:00","50","주간","수","1","1","0","0","0","대구","중구","차대사람","기타","기타","운전자법규위반","안전운전 의무 불이행","교차로","교차로내","화물차","경형","보행자","보행자","1097442","1764398","128.57938464","35.87131136"
"2014","2014-04-12 17:00","00","주간","토","1","6","0","5","0","전남","여수시","차대차","추돌","진행중 추돌","운전자법규위반","안전운전 의무 불이행","교차로","교차로부근","승용차","중형","승용차","중형","1016003","1640156","127.67485408","34.75574897"
"2014","2014-04-13 18:00","50","야간","일","1","1","0","0","0","충남","금산군","차대사람","기타","기타","운전자법규위반","안전운전 의무 불이행","단일로","기타단일로","화물차","소형","보행자","보행자","998670","1800422","127.48520552","36.20094818"
"2014","2014-04-22 14:00","10","주간","화","1","1","0","0","0","부산","금정구","차대사람","횡단중","횡단중","운전자법규위반","보행자 보호의무 위반","교차로","교차로부근","승용차","대형","보행자","보행자","1147059","1693401","129.11594436","35.22522104"
"2014","2014-04-23 05:00","10","야간","수","1","2","1","0","0","서울","구로구","차대차","정면충돌","정면충돌","운전자법규위반","중앙선 침범","단일로","기타단일로","승용차","대형","승용차","소형","941406","1943962","126.83716278","37.49305388"
"2014","2014-04-24 14:00","00","주간","목","1","1","0","0","0","경기","평택시","차량단독","전도전복","전도전복","운전자법규위반","안전운전 의무 불이행","단일로","기타단일로","이륜차","소형","00","00","956302","1889296","127.00887354","37.00113522"
"2014","2014-04-23 20:00","00","야간","수","1","1","0","0","0","경기","동두천시","차대차","기타","기타","운전자법규위반","안전운전 의무 불이행","단일로","기타단일로","화물차","소형","자전거","자전거","961743","1995850","127.06448471","37.96179022"
"2014","2014-04-24 04:00","50","야간","목","1","1","0","0","0","충남","논산시","차대차","측면직각충돌","측면직각충돌","운전자법규위반","안전운전 의무 불이행","교차로","교차로내","승용차","중형","원동기장치자전거","원동기장치자전거","964032","1799223","127.09996335","36.18947091"
"2014","2014-04-24 08:00","12","주간","목","1","1","0","0","0","대전","중구","차대차","기타","기타","운전자법규위반","직진 및 우회전차의 통행방해","교차로","교차로내","화물차","중형","자전거","자전거","990025","1812716","127.38888468","36.31173472"
"2014","2014-04-25 22:00","46","야간","금","1","1","0","0","0","서울","강남구","차대사람","횡단중","횡단중","운전자법규위반","안전운전 의무 불이행","단일로","횡단보도상","승용차","대형","보행자","보행자","958701","1943163","127.03284793","37.48678789"
"2014","2014-04-20 07:00","30","주간","일","1","3","1","1","0","경기","성남시","차대차","추돌","진행중 추돌","운전자법규위반","안전거리 미확보","기타/불명","기타/불명","승용차","소형","승용차","소형","966220","1935563","127.11824521","37.41859068"
"2014","2014-04-20 04:00","40","야간","일","1","3","2","0","0","서울","은평구","차대사람","횡단중","횡단중","운전자법규위반","보행자 보호의무 위반","단일로","횡단보도상","승용차","중형","보행자","보행자","948656","1954581","126.91843039","37.58919608"
"2014","2014-04-20 02:00","10","야간","일","1","1","0","0","0","경남","진주시","차량단독","공작물충돌","공작물충돌","운전자법규위반","안전운전 의무 불이행","교차로","교차로내","원동기장치자전거","원동기장치자전거","00","00","1050877","1686371","128.05871012","35.17132955"
"2014","2014-04-28 22:00","55","야간","월","1","8","0","7","0","경북","경산시","차대차","기타","기타","운전자법규위반","안전운전 의무 불이행","단일로","기타단일로","화물차","경형","승합차","대형","1113792","1758700","128.75964787","35.818186"
"2013","2013-02-24 17:00","40","주간","일","1","3","2","0","0","경북","구미시","차대차","정면충돌","정면충돌","운전자법규위반","안전운전 의무 불이행","교차로","교차로내","화물차","소형","승용차","중형","1074141","1802064","128.32483656","36.21291015"
"2014","2014-05-04 04:00","15","야간","일","1","1","0","0","0","서울","서초구","차대사람","기타","기타","운전자법규위반","안전운전 의무 불이행","단일로","기타단일로","승용차","중형","보행자","보행자","962192","1940397","127.07247723","37.46200621"
"2014","2014-05-11 22:00","05","야간","일","1","1","0","0","0","충남","아산시","차대사람","횡단중","횡단중","운전자법규위반","안전운전 의무 불이행","기타/불명","기타/불명","원동기장치자전거","원동기장치자전거","보행자","보행자","956539","1865287","127.01291423","36.78472273"
"2014","2014-05-11 12:00","30","주간","일","1","1","0","0","0","경북","의성군","차량단독","도로이탈","도로이탈 추락","운전자법규위반","안전운전 의무 불이행","단일로","기타단일로","농기계","농기계","00","00","1076197","1828884","128.35124106","36.45299682"
"2014","2014-05-13 14:00","43","주간","화","1","1","0","0","0","경북","울릉군","차량단독","기타","기타","운전자법규위반","안전운전 의무 불이행","교차로","교차로부근","농기계","농기계","00","00","1295333","1946260","130.83792964","37.47040962"
"2014","2014-05-13 07:00","18","주간","화","1","1","0","0","0","강원","강릉시","차량단독","공작물충돌","공작물충돌","운전자법규위반","안전운전 의무 불이행","단일로","기타단일로","이륜차","소형","00","00","1124790","1975322","128.91687333","37.76905657"
"2014","2014-05-14 11:00","35","주간","수","1","2","0","1","0","충남","홍성군","차대차","추돌","주정차중 추돌","운전자법규위반","안전운전 의무 불이행","단일로","기타단일로","승용차","중형","농기계","농기계","925525","1842142","126.66760464","36.57416362"
"2014","2014-03-18 16:00","25","주간","화","1","1","0","0","0","대전","서구","차대차","측면직각충돌","측면직각충돌","운전자법규위반","신호위반","단일로","횡단보도상","승용차","소형","자전거","자전거","990557","1818398","127.39474192","36.3629657"
"2014","2014-03-24 08:00","15","주간","월","1","1","0","0","0","서울","노원구","차량단독","공작물충돌","공작물충돌","운전자법규위반","안전운전 의무 불이행","단일로","기타단일로","승용차","중형","00","00","963404","1957922","127.08530792","37.62001427"
"2014","2014-04-05 02:00","10","야간","토","1","3","0","2","0","서울","서대문구","차대차","정면충돌","정면충돌","운전자법규위반","중앙선 침범","고가도로위","고가도로위","이륜차","중형","승용차","중형","952369","1952693","126.96092867","37.57285996"
"2014","2014-04-04 21:00","20","야간","금","1","1","0","0","0","전남","장흥군","차대사람","길가장자리구역통행중","길가장자리구역통행중","운전자법규위반","안전운전 의무 불이행","단일로","기타단일로","승용차","대형","보행자","보행자","943908","1630302","126.88778956","34.66547527"
"2014","2014-04-06 02:00","00","야간","일","1","1","0","0","0","경기","화성시","차대사람","기타","기타","운전자법규위반","안전운전 의무 불이행","단일로","횡단보도부근","승용차","중형","보행자","보행자","949128","1906421","126.92836322","37.15768472"
"2014","2014-04-03 00:00","43","야간","목","2","2","0","0","0","전남","나주시","차량단독","도로이탈","도로이탈 추락","운전자법규위반","안전운전 의무 불이행","단일로","교량위","승용차","대형","00","00","928141","1667796","126.71250234","35.00256706"
"2014","2014-03-30 23:00","50","야간","일","4","4","0","0","0","충남","아산시","차량단독","공작물충돌","공작물충돌","운전자법규위반","과속","단일로","기타단일로","승용차","소형","00","00","951823","1875047","126.95944347","36.87247403"
"2014","2014-04-02 09:00","46","주간","수","1","1","0","0","0","강원","강릉시","차량단독","도로이탈","도로이탈 추락","운전자법규위반","안전운전 의무 불이행","단일로","기타단일로","원동기장치자전거","원동기장치자전거","00","00","1125058","1972465","128.91940649","37.74322668"
"2014","2014-04-09 09:00","03","주간","수","1","1","0","0","0","전남","곡성군","차대사람","기타","기타","운전자법규위반","안전운전 의무 불이행","단일로","기타단일로","특수차","대형","보행자","보행자","973277","1701775","127.20603378","35.31115984"
"2014","2014-04-05 15:00","30","주간","토","1","1","0","0","0","충남","서천군","차량단독","기타","기타","운전자법규위반","안전운전 의무 불이행","단일로","기타단일로","농기계","농기계","00","00","926408","1789583","126.68243958","36.10043854"
"2014","2014-04-18 11:00","50","주간","금","1","1","0","0","0","경남","거제시","차량단독","기타","기타","운전자법규위반","안전운전 의무 불이행","단일로","기타단일로","이륜차","소형","00","00","1104420","1657176","128.64294806","34.90398118"
"2014","2014-04-14 07:00","50","주간","월","1","1","0","0","0","경북","칠곡군","차대사람","횡단중","횡단중","운전자법규위반","보행자 보호의무 위반","교차로","교차로부근","승용차","소형","보행자","보행자","1083114","1775238","128.42182387","35.97035398"
"2014","2014-04-14 18:00","30","야간","월","1","1","0","0","0","강원","정선군","차량단독","공작물충돌","공작물충돌","운전자법규위반","안전운전 의무 불이행","단일로","기타단일로","이륜차","소형","00","00","1119280","1908702","128.84353929","37.1694654"
"2014","2014-04-13 23:00","05","야간","일","1","1","0","0","0","충북","충주시","차대차","추돌","주정차중 추돌","운전자법규위반","안전운전 의무 불이행","단일로","기타단일로","원동기장치자전거","원동기장치자전거","자전거","자전거","1038895","1886046","127.93697895","36.9720502"
"2014","2014-04-23 23:00","03","야간","수","1","1","0","0","0","제주","제주시","차대사람","기타","기타","운전자법규위반","안전운전 의무 불이행","단일로","기타단일로","승용차","소형","보행자","보행자","907550","1500595","126.5047846","33.49321444"
"2014","2014-04-21 20:00","15","야간","월","1","1","0","0","0","경남","밀양시","차대사람","횡단중","횡단중","운전자법규위반","안전운전 의무 불이행","단일로","횡단보도상","화물차","소형","보행자","보행자","1112133","1723993","128.73645361","35.50551639"
"2014","2014-04-22 07:00","30","주간","화","1","1","0","0","0","전남","여수시","차량단독","전도전복","전도전복","운전자법규위반","안전운전 의무 불이행","단일로","기타단일로","원동기장치자전거","원동기장치자전거","00","00","1005080","1652640","127.55957887","34.87387477"
"2014","2014-05-12 08:00","00","주간","월","1","1","0","0","0","경남","함양군","차량단독","전도전복","전도전복","운전자법규위반","안전거리 미확보","단일로","기타단일로","화물차","소형","00","00","1023173","1718590","127.7553923","35.46286552"
"2014","2014-05-13 19:00","57","야간","화","1","1","0","0","0","전북","익산시","차대사람","횡단중","횡단중","운전자법규위반","안전운전 의무 불이행","단일로","기타단일로","화물차","소형","보행자","보행자","950708","1774009","126.95335435","35.96156922"
"2014","2014-05-01 16:00","35","주간","목","1","1","0","0","0","인천","서구","차대사람","횡단중","횡단중","운전자법규위반","안전운전 의무 불이행","단일로","기타단일로","승용차","중형","보행자","보행자","926524","1946226","126.66860037","37.51239421"
"2014","2014-04-30 16:00","15","주간","수","1","5","0","4","0","경기","남양주시","차대차","정면충돌","정면충돌","운전자법규위반","중앙선 침범","교차로","교차로부근","승용차","경형","승용차","경형","971963","1956717","127.18233991","37.60945416"
"2014","2014-04-30 14:00","00","주간","수","1","1","0","0","0","경남","창원시(통합)","차대차","측면직각충돌","측면직각충돌","운전자법규위반","교차로 통행방법 위반","교차로","교차로내","건설기계","건설기계","이륜차","중형","1078798","1682109","128.36489463","35.13110045"
"2014","2014-04-29 16:00","00","주간","화","1","1","0","0","0","경기","가평군","차량단독","기타","기타","운전자법규위반","기타(운전자법규위반)","기타/불명","기타/불명","자전거","자전거","00","00","997777","1978816","127.47474566","37.80906491"
"2014","2014-04-29 19:00","30","야간","화","1","2","0","1","0","전남","목포시","차대차","기타","기타","운전자법규위반","중앙선 침범","기타/불명","기타/불명","원동기장치자전거","원동기장치자전거","승용차","중형","900652","1644756","126.41403162","34.79251132"
"2014","2014-05-03 03:00","40","야간","토","1","1","0","0","0","서울","노원구","차량단독","기타","기타","운전자법규위반","안전운전 의무 불이행","단일로","기타단일로","이륜차","소형","00","00","961126","1962498","127.05844999","37.66269523"
"2014","2014-05-03 14:00","14","주간","토","1","1","0","0","0","대전","서구","차대차","측면직각충돌","측면직각충돌","운전자법규위반","안전운전 의무 불이행","교차로","교차로내","이륜차","중형","승용차","중형","989867","1815835","127.3870841","36.33985222"
"2014","2014-05-03 13:00","55","주간","토","1","1","0","0","0","전북","순창군","차대차","측면직각충돌","측면직각충돌","운전자법규위반","안전운전 의무 불이행","단일로","기타단일로","화물차","소형","원동기장치자전거","원동기장치자전거","968808","1709223","127.15658923","35.37818721"
"2014","2014-05-03 01:00","13","야간","토","1","1","0","0","0","경기","이천시","차대사람","기타","기타","운전자법규위반","안전운전 의무 불이행","단일로","기타단일로","화물차","경형","보행자","보행자","995685","1912794","127.45136721","37.21395851"
"2014","2014-04-18 18:00","50","야간","금","1","2","1","0","0","대구","달성군","차대차","추돌","주정차중 추돌","운전자법규위반","안전운전 의무 불이행","단일로","기타단일로","이륜차","소형","화물차","중형","1086381","1754838","128.4558419","35.78616689"
"2014","2014-05-12 12:00","50","주간","월","1","1","0","0","0","충남","계룡시","차대차","측면직각충돌","측면직각충돌","운전자법규위반","중앙선 침범","단일로","기타단일로","이륜차","소형","승용차","중형","976566","1811039","127.23901113","36.29638255"
"2014","2014-05-13 17:00","50","주간","화","1","1","0","0","0","충남","부여군","차량단독","도로이탈","도로이탈 추락","운전자법규위반","안전운전 의무 불이행","단일로","기타단일로","이륜차","소형","00","00","949852","1812366","126.94141634","36.307326"
"2014","2014-05-13 16:00","45","주간","화","1","1","0","0","0","부산","남구","차대차","측면직각충돌","측면직각충돌","운전자법규위반","안전운전 의무 불이행","단일로","기타단일로","자전거","자전거","승용차","중형","1143937","1682337","129.07971942","35.12594608"
"2014","2014-05-13 13:00","45","주간","화","1","1","0","0","0","강원","원주시","차량단독","공작물충돌","공작물충돌","운전자법규위반","안전운전 의무 불이행","단일로","기타단일로","승용차","경형","00","00","1044763","1920193","127.99436498","37.28962579"
"2014","2014-05-14 14:00","20","주간","수","1","1","0","0","0","광주","광산구","차대차","측면직각충돌","측면직각충돌","운전자법규위반","안전운전 의무 불이행","교차로","교차로내","특수차","중형","자전거","자전거","941565","1688396","126.85815186","35.18917695"
"2014","2014-05-12 11:00","40","주간","월","1","1","0","0","0","강원","평창군","차량단독","도로이탈","도로이탈 추락","운전자법규위반","안전운전 의무 불이행","단일로","기타단일로","농기계","농기계","00","00","1076325","1923170","128.361938","37.30313693"
"2014","2014-05-12 15:00","00","주간","월","1","2","0","1","0","전남","화순군","차대차","추돌","주정차중 추돌","운전자법규위반","안전운전 의무 불이행","교차로","교차로부근","특수차","대형","화물차","대형","956921","1652338","127.02564345","34.86569504"
"2014","2014-04-29 08:00","00","주간","화","1","1","0","0","0","부산","진구","차량단독","공작물충돌","공작물충돌","운전자법규위반","안전운전 의무 불이행","단일로","기타단일로","특수차","대형","00","00","1139396","1686342","129.03057353","35.16268642"