"발생년","발생년월일시","발생분","주야","요일","사망자수","사상자수","중상자수","경상자수","부상신고자수","발생지시도","발생지시군구","사고유형_대분류","사고유형_중분류","사고유형","법규위반_대분류","법규위반","도로형태_대분류","도로형태","당사자종별_1당_대분류","당사자종별_1당","당사자종별_2당_대분류","당사자종별_2당","발생위치X_UTMK","발생위치Y_UTMK","경도","위도"
"2013","2013-07-03 22:00","35","야간","수","1","1","0","0","0","광주","광산구","차대차","측면직각충돌","측면직각충돌","운전자법규위반","과속","단일로","기타단일로","승용차","중형","자전거","자전거","939479","1687174","126.83533037","35.17803512"
"2013","2013-07-02 04:00","50","야간","화","1","1","0","0","0","서울","용산구","차대사람","기타","기타","운전자법규위반","중앙선 침범","단일로","기타단일로","승용차","중형","보행자","보행자","955373","1948475","126.99488213","37.53451169"
"2013","2013-07-03 10:00","50","주간","수","1","1","0","0","0","충남","아산시","차대사람","기타","기타","운전자법규위반","안전운전 의무 불이행","교차로","교차로부근","승용차","소형","보행자","보행자","956520","1872170","127.01230783","36.84676785"
"2013","2013-06-28 17:00","13","주간","금","1","4","3","0","0","경북","문경시","차대차","측면직각충돌","측면직각충돌","운전자법규위반","직진 및 우회전차의 통행방해","교차로","교차로내","화물차","중형","화물차","소형","1062948","1843832","128.20370775","36.59022787"
"2013","2013-06-28 21:00","55","야간","금","1","2","1","0","0","충북","청주시","차대차","추돌","진행중 추돌","운전자법규위반","안전운전 의무 불이행","단일로","기타단일로","승용차","중형","승용차","중형","999644","1845358","127.49601937","36.60606212"
"2013","2013-06-30 17:00","44","주간","일","1","1","0","0","0","전남","나주시","차대사람","기타","기타","운전자법규위반","안전운전 의무 불이행","기타/불명","기타/불명","화물차","중형","보행자","보행자","932257","1667276","126.75764818","34.99816262"
"2013","2013-06-29 00:00","35","야간","토","1","1","0","0","0","광주","광산구","차대사람","차도통행중","차도통행중","운전자법규위반","과속","교차로","교차로부근","화물차","경형","보행자","보행자","939506","1692158","126.83526082","35.22297515"
"2013","2013-06-30 13:00","15","주간","일","1","1","0","0","0","경기","용인시","차대차","측면직각충돌","측면직각충돌","운전자법규위반","신호위반","교차로","교차로내","원동기장치자전거","원동기장치자전거","화물차","소형","967812","1900510","127.13775275","37.10268489"
"2013","2013-07-08 03:00","47","야간","월","1","2","0","1","0","울산","중구","차량단독","공작물충돌","공작물충돌","운전자법규위반","안전운전 의무 불이행","단일로","기타단일로","승용차","소형","00","00","1167135","1733579","129.34468609","35.58416696"
"2013","2013-07-06 19:00","00","야간","토","1","1","0","0","0","전북","남원시","차대차","기타","기타","운전자법규위반","중앙선 침범","단일로","기타단일로","화물차","소형","농기계","농기계","1011214","1718682","127.62359247","35.46390197"
"2013","2013-07-06 16:00","30","주간","토","1","2","1","0","0","전북","완주군","차량단독","도로이탈","도로이탈 추락","운전자법규위반","안전운전 의무 불이행","단일로","기타단일로","승용차","중형","00","00","982261","1761611","127.30354841","35.85087222"
"2013","2013-07-07 18:00","50","야간","일","1","1","0","0","0","경북","포항시","차량단독","공작물충돌","공작물충돌","운전자법규위반","안전운전 의무 불이행","단일로","기타단일로","원동기장치자전거","원동기장치자전거","00","00","1165832","1789405","129.33676194","36.08447897"
"2013","2013-07-07 19:00","00","야간","일","1","1","0","0","0","전남","여수시","차대사람","기타","기타","운전자법규위반","안전운전 의무 불이행","단일로","기타단일로","화물차","중형","보행자","보행자","1024441","1635665","127.76691947","34.71508303"
"2013","2013-07-05 22:00","15","야간","금","1","1","0","0","0","강원","영월군","차량단독","전도전복","전도전복","운전자법규위반","안전운전 의무 불이행","단일로","기타단일로","승용차","소형","00","00","1079589","1907496","128.38765119","37.17394082"
"2013","2013-07-03 17:00","00","주간","수","1","2","1","0","0","경기","김포시","차대차","측면직각충돌","측면직각충돌","운전자법규위반","과속","교차로","교차로내","승용차","중형","승용차","중형","918506","1961451","126.5766904","37.64910616"
"2013","2013-05-20 11:00","18","주간","월","1","1","0","0","0","경남","창원시(통합)","차대차","기타","기타","운전자법규위반","안전운전 의무 불이행","교차로","교차로부근","원동기장치자전거","원동기장치자전거","화물차","대형","1107606","1698621","128.68381416","35.27720382"
"2013","2013-05-20 12:00","20","주간","월","1","1","0","0","0","경기","평택시","차대차","기타","기타","운전자법규위반","안전운전 의무 불이행","단일로","기타단일로","화물차","경형","승용차","소형","966599","1892460","127.12445969","37.03007862"
"2012","2012-10-21 21:00","30","야간","일","1","3","0","2","0","전남","보성군","차대차","추돌","주정차중 추돌","운전자법규위반","안전운전 의무 불이행","단일로","기타단일로","화물차","소형","화물차","소형","968574","1642443","127.15654573","34.77601372"
"2012","2012-10-08 19:00","15","야간","월","1","1","0","0","0","강원","홍천군","차대사람","기타","기타","운전자법규위반","신호위반","교차로","교차로부근","승합차","중형","보행자","보행자","1029919","1961500","127.83917875","37.65250549"
"2012","2012-10-09 13:00","57","주간","화","1","1","0","0","0","서울","동작구","차대차","측면직각충돌","측면직각충돌","운전자법규위반","신호위반","교차로","교차로내","이륜차","중형","승합차","대형","947618","1943626","126.90745552","37.49039881"
"2012","2012-10-19 18:00","25","야간","금","1","1","0","0","0","충남","홍성군","차대사람","차도통행중","차도통행중","운전자법규위반","안전운전 의무 불이행","단일로","기타단일로","승용차","대형","보행자","보행자","934368","1836109","126.76694737","36.52042902"
"2012","2012-10-19 20:00","50","야간","금","1","1","0","0","0","충남","당진시","차대사람","길가장자리구역통행중","길가장자리구역통행중","운전자법규위반","안전운전 의무 불이행","단일로","기타단일로","승용차","대형","보행자","보행자","928009","1884385","126.69291455","36.97016525"
"2012","2012-10-02 23:00","15","야간","화","1","1","0","0","0","경북","안동시","차대사람","횡단중","횡단중","운전자법규위반","안전운전 의무 불이행","단일로","횡단보도상","승용차","중형","보행자","보행자","1114126","1842233","128.72285297","36.5634057"
"2012","2012-07-24 17:00","28","주간","화","1","1","0","0","0","서울","관악구","차대차","측면직각충돌","측면직각충돌","운전자법규위반","기타(운전자법규위반)","교차로","교차로내","자전거","자전거","화물차","중형","948140","1943247","126.91338681","37.48701227"
"2012","2012-07-23 18:00","09","야간","월","1","1","0","0","0","서울","동대문구","차대사람","기타","기타","운전자법규위반","안전운전 의무 불이행","단일로","기타단일로","자전거","자전거","보행자","보행자","962410","1951848","127.07435649","37.56522751"
"2012","2012-08-02 19:00","55","야간","목","1","3","2","0","0","경북","군위군","차대차","추돌","진행중 추돌","운전자법규위반","안전운전 의무 불이행","단일로","교량위","승용차","소형","농기계","농기계","1105376","1801246","128.67216769","36.20263767"
"2012","2012-06-12 10:00","30","주간","화","1","1","0","0","0","서울","영등포구","차대차","정면충돌","정면충돌","운전자법규위반","중앙선 침범","단일로","기타단일로","자전거","자전거","승용차","대형","947072","1944207","126.90123768","37.49560433"
"2012","2012-06-24 20:00","47","야간","일","1","1","0","0","0","전북","정읍시","차대차","정면충돌","정면충돌","운전자법규위반","중앙선 침범","단일로","기타단일로","이륜차","중형","승용차","중형","940535","1746876","126.84219694","35.71665081"
"2012","2012-07-04 06:00","30","주간","수","1","1","0","0","0","경남","창원시(통합)","차량단독","전도전복","전도전복","운전자법규위반","안전운전 의무 불이행","단일로","기타단일로","원동기장치자전거","원동기장치자전거","00","00","1105926","1706123","128.66570044","35.34510156"
"2013","2013-01-14 23:00","20","야간","월","1","1","0","0","0","경기","고양시","차대사람","횡단중","횡단중","운전자법규위반","안전운전 의무 불이행","단일로","기타단일로","승용차","중형","보행자","보행자","941351","1957943","126.83542246","37.61906077"
"2013","2013-01-21 07:00","02","주간","월","1","1","0","0","0","서울","강서구","차대사람","기타","기타","운전자법규위반","안전운전 의무 불이행","단일로","기타단일로","승용차","중형","보행자","보행자","940935","1952784","126.83099994","37.57261697"
"2013","2013-01-22 18:00","10","야간","화","1","1","0","0","0","경북","영천시","차대사람","횡단중","횡단중","운전자법규위반","안전운전 의무 불이행","교차로","교차로내","승용차","중형","보행자","보행자","1125672","1784556","128.89521302","36.04978587"
"2013","2013-09-11 17:00","53","주간","수","1","1","0","0","0","경남","창녕군","차대차","정면충돌","정면충돌","운전자법규위반","중앙선 침범","단일로","기타단일로","이륜차","소형","화물차","중형","1080382","1716330","128.38563264","35.43950961"
"2013","2013-09-08 19:00","25","야간","일","1","1","0","0","0","전북","진안군","차대차","추돌","진행중 추돌","운전자법규위반","안전운전 의무 불이행","단일로","기타단일로","승용차","경형","건설기계","건설기계","988968","1753058","127.37794335","35.77385509"
"2013","2013-06-20 09:00","15","주간","목","1","1","0","0","0","경기","평택시","차대사람","기타","기타","운전자법규위반","안전운전 의무 불이행","교차로","교차로부근","승용차","경형","보행자","보행자","951796","1893814","126.95794284","37.0416401"
"2013","2013-06-27 09:00","36","주간","목","1","3","1","1","0","서울","노원구","차대차","측면직각충돌","측면직각충돌","운전자법규위반","중앙선 침범","단일로","기타단일로","승용차","소형","승용차","소형","962488","1957846","127.07454564","37.62092957"
"2013","2013-06-27 13:00","00","주간","목","1","1","0","0","0","경기","여주시","차량단독","전도전복","전도전복","운전자법규위반","안전운전 의무 불이행","단일로","기타단일로","승용차","소형","00","00","1011543","1919835","127.63020596","37.27736485"
"2013","2013-06-26 09:00","05","주간","수","2","25","1","22","0","경기","화성시","차대차","측면직각충돌","측면직각충돌","운전자법규위반","신호위반","교차로","교차로내","승합차","소형","승합차","대형","949415","1907079","126.93092311","37.16243113"
"2013","2013-06-25 14:00","55","주간","화","1","1","0","0","0","전남","신안군","차대차","정면충돌","정면충돌","운전자법규위반","중앙선 침범","단일로","기타단일로","이륜차","소형","화물차","소형","873241","1677058","126.10956618","35.0806684"
"2013","2013-06-24 00:00","05","야간","월","1","1","0","0","0","울산","중구","차대사람","횡단중","횡단중","운전자법규위반","안전운전 의무 불이행","단일로","기타단일로","승용차","대형","보행자","보행자","1165310","1729974","129.32381593","35.55198521"
"2013","2013-06-25 12:00","30","주간","화","1","3","1","1","0","광주","동구","차대사람","횡단중","횡단중","운전자법규위반","중앙선 침범","단일로","횡단보도상","승합차","중형","보행자","보행자","947419","1682862","126.92280161","35.13960202"
"2013","2013-05-20 21:00","50","야간","월","1","3","2","0","0","경기","평택시","차대차","기타","기타","운전자법규위반","중앙선 침범","단일로","기타단일로","승용차","소형","화물차","소형","948887","1884999","126.92583023","36.96202798"
"2013","2013-05-27 22:00","54","야간","월","1","1","0","0","0","충남","서천군","차량단독","도로이탈","도로이탈 추락","운전자법규위반","안전운전 의무 불이행","교차로","교차로부근","승용차","중형","00","00","928485","1784571","126.70596611","36.05541078"
"2013","2013-05-23 09:00","40","주간","목","1","1","0","0","0","경기","안양시","차대사람","기타","기타","운전자법규위반","기타(운전자법규위반)","단일로","기타단일로","승용차","소형","보행자","보행자","951484","1930976","126.94692548","37.40067372"
"2013","2013-05-30 03:00","00","야간","목","1","1","0","0","0","대구","수성구","차대사람","횡단중","횡단중","운전자법규위반","안전운전 의무 불이행","단일로","기타단일로","승용차","중형","보행자","보행자","1101890","1763077","128.6284788","35.85895057"
"2013","2013-06-06 12:00","10","주간","목","1","4","0","3","0","경남","남해군","차대차","추돌","주정차중 추돌","운전자법규위반","안전운전 의무 불이행","기타/불명","기타/불명","화물차","소형","승용차","중형","1048928","1646061","128.03493794","34.80794865"
"2013","2013-06-06 02:00","00","야간","목","1","1","0","0","0","충북","증평군","차량단독","공작물충돌","공작물충돌","운전자법규위반","안전운전 의무 불이행","단일로","기타단일로","승용차","중형","00","00","1010035","1869164","127.61251935","36.82061684"
"2013","2013-06-03 08:00","35","주간","월","1","1","0","0","0","강원","삼척시","차대차","측면직각충돌","측면직각충돌","운전자법규위반","중앙선 침범","단일로","기타단일로","원동기장치자전거","원동기장치자전거","화물차","소형","1144184","1939336","129.12988494","37.44185894"
"2013","2013-06-05 17:00","50","주간","수","1","1","0","0","0","경북","안동시","차대사람","기타","기타","운전자법규위반","과속","단일로","기타단일로","승용차","중형","보행자","보행자","1113310","1839955","128.7642117","36.5511473"
"2013","2013-06-03 20:00","10","야간","월","1","5","3","1","0","전남","신안군","차대차","기타","기타","운전자법규위반","안전운전 의무 불이행","기타/불명","기타/불명","승용차","중형","승용차","중형","875010","1662922","126.13109126","34.95345566"
"2013","2013-06-03 15:00","55","주간","월","1","2","1","0","0","경기","이천시","차량단독","도로이탈","도로이탈 기타","운전자법규위반","안전운전 의무 불이행","교차로","교차로부근","이륜차","중형","00","00","987465","1912542","127.35872699","37.21161269"
"2013","2013-06-09 20:00","40","야간","일","1","5","1","3","0","충남","서산시","차대차","추돌","주정차중 추돌","운전자법규위반","안전운전 의무 불이행","교차로","교차로부근","승용차","소형","승용차","중형","905775","1878686","126.44238284","36.90179996"
"2013","2013-06-10 04:00","05","야간","월","1","1","0","0","0","서울","중랑구","차대사람","횡단중","횡단중","운전자법규위반","안전운전 의무 불이행","단일로","횡단보도상","화물차","소형","보행자","보행자","962850","1956096","127.07912312","37.60353384"
"2013","2013-06-08 12:00","09","주간","토","1","1","0","0","0","전북","익산시","차대차","측면직각충돌","측면직각충돌","운전자법규위반","안전운전 의무 불이행","교차로","교차로내","화물차","소형","자전거","자전거","952064","1773734","126.96840834","35.95915749"
"2013","2013-06-10 01:00","55","야간","월","1","1","0","0","0","부산","진구","차량단독","전도전복","전도전복","운전자법규위반","안전운전 의무 불이행","단일로","기타단일로","화물차","중형","00","00","1142292","1685036","129.06213621","35.15050847"
"2013","2013-06-12 17:00","35","주간","수","1","2","1","0","0","경기","포천시","차대차","추돌","진행중 추돌","운전자법규위반","안전거리 미확보","단일로","기타단일로","원동기장치자전거","원동기장치자전거","승합차","중형","980169","1982394","127.27461312","37.84110106"
"2013","2013-06-13 02:00","00","야간","목","1","1","0","0","0","경기","이천시","차대차","추돌","주정차중 추돌","운전자법규위반","안전운전 의무 불이행","단일로","기타단일로","승용차","소형","화물차","대형","1000134","1915887","127.50068777","37.24224296"
"2013","2013-06-12 20:00","20","야간","수","1","1","0","0","0","전남","고흥군","차대사람","기타","기타","운전자법규위반","중앙선 침범","교차로","교차로부근","화물차","소형","보행자","보행자","966515","1615308","127.13511722","34.53125091"
"2012","2012-06-15 21:00","10","야간","금","1","1","0","0","0","강원","강릉시","차대차","추돌","진행중 추돌","운전자법규위반","안전운전 의무 불이행","단일로","기타단일로","승용차","중형","농기계","농기계","1115472","1991128","128.81362673","37.91270532"
"2012","2012-06-14 20:00","20","야간","목","1","1","0","0","0","경기","안양시","차대사람","횡단중","횡단중","운전자법규위반","안전운전 의무 불이행","단일로","기타단일로","승용차","중형","보행자","보행자","947620","1934385","126.90218428","37.40230018"
"2012","2012-03-19 06:00","40","주간","월","1","1","0","0","0","충북","청원군","차대사람","기타","기타","운전자법규위반","안전운전 의무 불이행","교차로","교차로내","승합차","중형","보행자","보행자","1008872","1847681","127.59922955","36.62696274"
"2012","2012-12-03 21:00","00","야간","월","1","3","0","2","0","경남","창원시(통합)","차대차","추돌","주정차중 추돌","운전자법규위반","안전운전 의무 불이행","단일로","기타단일로","승용차","경형","승용차","중형","1097653","1690253","128.57278378","35.20287012"
"2012","2012-12-05 07:00","30","주간","수","1","2","1","0","0","경북","상주시","차량단독","공작물충돌","공작물충돌","운전자법규위반","안전운전 의무 불이행","단일로","기타단일로","화물차","소형","00","00","1037104","1827801","127.91403129","36.44706522"
"2012","2012-11-18 21:00","12","야간","일","1","2","0","1","0","서울","동대문구","차대사람","기타","기타","운전자법규위반","안전운전 의무 불이행","단일로","기타단일로","승용차","중형","보행자","보행자","962016","1952649","127.0698537","37.572431"
"2012","2012-10-29 19:00","04","야간","월","1","1","0","0","0","경기","안성시","차대차","추돌","주정차중 추돌","운전자법규위반","안전운전 의무 불이행","단일로","기타단일로","승용차","소형","건설기계","건설기계","978586","1898887","127.25904962","37.08836325"
"2012","2012-10-31 11:00","20","주간","수","1","1","0","0","0","경북","의성군","차량단독","도로이탈","도로이탈 기타","운전자법규위반","안전운전 의무 불이행","단일로","기타단일로","이륜차","사발이","00","00","1092941","1823371","128.5365025","36.40334735"
"2012","2012-11-01 09:00","40","주간","목","1","1","0","0","0","경북","의성군","차량단독","전도전복","전도전복","운전자법규위반","안전운전 의무 불이행","단일로","기타단일로","이륜차","소형","00","00","1080332","1824641","128.39614315","36.41591414"
"2012","2012-09-03 01:00","20","야간","월","1","3","2","0","0","광주","북구","차대차","정면충돌","정면충돌","운전자법규위반","중앙선 침범","단일로","기타단일로","승용차","중형","승용차","중형","941922","1686500","126.86254697","35.17209494"
"2012","2012-09-15 21:00","40","야간","토","1","1","0","0","0","전남","여수시","차량단독","공작물충돌","공작물충돌","운전자법규위반","안전운전 의무 불이행","교차로","교차로내","승용차","중형","00","00","1010313","1633259","127.61259903","34.69362637"
"2012","2012-09-26 11:00","30","주간","수","1","1","0","0","0","경북","포항시","차대사람","횡단중","횡단중","운전자법규위반","중앙선 침범","단일로","기타단일로","화물차","중형","보행자","보행자","1168198","1781387","129.36646655","36.01480742"
"2012","2012-11-24 12:00","25","주간","토","1","1","0","0","0","대전","대덕구","차대사람","횡단중","횡단중","운전자법규위반","안전운전 의무 불이행","단일로","기타단일로","화물차","소형","보행자","보행자","993656","1827299","127.42902379","36.44238002"
"2014","2014-10-26 19:00","35","야간","일","1","1","0","0","0","경북","칠곡군","차대사람","기타","기타","운전자법규위반","안전운전 의무 불이행","단일로","기타단일로","승용차","대형","보행자","보행자","1076142","1785614","128.34550337","36.06446203"
"2014","2014-10-26 22:00","30","야간","일","1","1","0","0","0","전북","고창군","차대차","추돌","진행중 추돌","운전자법규위반","과속","단일로","기타단일로","승용차","중형","농기계","농기계","914106","1715563","126.55321576","35.43237433"
"2014","2014-10-27 00:00","40","야간","월","1","1","0","0","0","경기","평택시","차대차","기타","기타","운전자법규위반","안전운전 의무 불이행","단일로","기타단일로","승용차","중형","승용차","중형","955635","1890670","127.00129641","37.01348931"
"2014","2014-10-26 18:00","40","야간","일","1","1","0","0","0","경기","양평군","차대차","추돌","진행중 추돌","운전자법규위반","안전운전 의무 불이행","단일로","기타단일로","원동기장치자전거","원동기장치자전거","농기계","농기계","1023143","1934994","127.76152742","37.41378894"
"2014","2014-10-24 11:00","45","주간","금","1","1","0","0","0","전남","곡성군","차량단독","공작물충돌","공작물충돌","운전자법규위반","안전운전 의무 불이행","교차로","교차로내","승용차","중형","00","00","972225","1694432","127.19470998","35.24492006"
"2014","2014-10-31 20:00","15","야간","금","1","1","0","0","0","경북","문경시","차량단독","도로이탈","도로이탈 추락","운전자법규위반","안전운전 의무 불이행","기타/불명","기타/불명","승용차","중형","00","00","1058556","1849570","128.15504917","36.64223239"
"2014","2014-10-31 10:00","12","주간","금","1","2","1","0","0","전북","전주시","차대사람","기타","기타","운전자법규위반","안전운전 의무 불이행","단일로","기타단일로","화물차","소형","보행자","보행자","965910","1758492","127.12257784","35.82321137"
"2014","2014-10-30 17:00","12","주간","목","1","2","0","1","0","인천","동구","차대차","기타","기타","운전자법규위반","안전거리 미확보","교차로","교차로내","승용차","중형","화물차","대형","923103","1943312","126.63019958","37.48585262"
"2014","2014-10-29 12:00","30","주간","수","1","1","0","0","0","경기","시흥시","차대사람","횡단중","횡단중","운전자법규위반","안전운전 의무 불이행","교차로","교차로부근","화물차","소형","보행자","보행자","928151","1927627","126.68881941","37.34489202"
"2014","2014-10-30 19:00","25","야간","목","1","2","1","0","0","경기","용인시","차대사람","횡단중","횡단중","운전자법규위반","보행자 보호의무 위반","교차로","교차로내","승용차","중형","보행자","보행자","963535","1924797","127.08843262","37.32144804"
"2014","2014-10-28 01:00","35","야간","화","1","1","0","0","0","강원","원주시","차량단독","공작물충돌","공작물충돌","운전자법규위반","안전운전 의무 불이행","교차로","교차로부근","승용차","경형","00","00","1040406","1934297","127.95656533","37.40691405"
"2014","2014-10-28 16:00","15","주간","화","1","1","0","0","0","경북","상주시","차대차","측면직각충돌","측면직각충돌","운전자법규위반","교차로 통행방법 위반","교차로","교차로내","화물차","중형","원동기장치자전거","원동기장치자전거","1060614","1840798","128.17752494","36.56191057"
"2014","2014-11-18 20:00","30","야간","화","1","1","0","0","0","충남","당진시","차량단독","전도전복","전도전복","운전자법규위반","안전운전 의무 불이행","단일로","기타단일로","승용차","대형","00","00","935643","1876064","126.76608325","36.88352557"
"2014","2014-11-18 19:00","05","야간","화","1","1","0","0","0","경기","포천시","차대사람","횡단중","횡단중","운전자법규위반","과속","단일로","기타단일로","승용차","중형","보행자","보행자","982603","1987402","127.30215566","37.88628814"
"2014","2014-11-19 06:00","35","주간","수","1","1","0","0","0","전남","강진군","차대사람","횡단중","횡단중","운전자법규위반","과속","단일로","기타단일로","화물차","대형","보행자","보행자","928602","1613678","126.72214431","34.51461979"
"2014","2014-11-19 21:00","50","야간","수","1","1","0","0","0","대구","동구","차대사람","기타","기타","운전자법규위반","안전운전 의무 불이행","교차로","교차로내","승용차","중형","보행자","보행자","1100092","1765197","128.60133448","35.87580023"
"2014","2014-11-19 21:00","41","야간","수","1","1","0","0","0","경남","거제시","차대사람","기타","기타","운전자법규위반","안전운전 의무 불이행","단일로","기타단일로","승용차","중형","보행자","보행자","1102531","1655175","128.62270158","34.88644249"
"2014","2014-10-07 19:00","58","야간","화","1","1","0","0","0","충남","아산시","차대사람","횡단중","횡단중","운전자법규위반","안전운전 의무 불이행","단일로","기타단일로","승용차","중형","보행자","보행자","963865","1870500","127.09477018","36.83202315"
"2014","2014-10-09 21:00","40","야간","목","1","4","0","3","0","세종","세종","차대차","정면충돌","정면충돌","운전자법규위반","중앙선 침범","단일로","기타단일로","원동기장치자전거","원동기장치자전거","승용차","소형","988238","1835627","127.36863128","36.51826396"
"2014","2014-10-10 07:00","30","주간","금","1","1","0","0","0","세종","세종","차량단독","전도전복","전도전복","운전자법규위반","안전운전 의무 불이행","교차로","교차로내","농기계","농기계","00","00","974331","1845717","127.21297022","36.60895292"
"2014","2014-10-07 02:00","30","야간","화","1","1","0","0","0","경북","경산시","차량단독","공작물충돌","공작물충돌","운전자법규위반","안전운전 의무 불이행","단일로","기타단일로","승용차","소형","00","00","1119461","1767672","128.82373161","35.89838341"
"2014","2014-10-16 01:00","10","야간","목","1","1","0","0","0","울산","울주군","차량단독","공작물충돌","공작물충돌","운전자법규위반","안전운전 의무 불이행","단일로","기타단일로","이륜차","소형","00","00","1158490","1731165","129.24883813","35.56383348"
"2014","2014-10-13 16:00","50","주간","월","1","3","0","2","0","강원","횡성군","차량단독","도로이탈","도로이탈 추락","운전자법규위반","안전운전 의무 불이행","단일로","기타단일로","농기계","농기계","00","00","1041384","1948211","127.9585808","37.53107453"
"2014","2014-10-16 13:00","47","주간","목","1","2","1","0","0","전북","진안군","차대차","추돌","주정차중 추돌","운전자법규위반","과속","단일로","기타단일로","화물차","소형","화물차","중형","998759","1764055","127.48625263","35.8730675"
"2014","2014-10-15 12:00","10","주간","수","1","1","0","0","0","대구","북구","차량단독","전도전복","전도전복","운전자법규위반","안전운전 의무 불이행","지하도로내","지하도로내","원동기장치자전거","원동기장치자전거","00","00","1099187","1769583","128.59937229","35.9245654"
"2014","2014-10-11 20:00","05","야간","토","1","10","3","6","0","전남","담양군","차대차","측면직각충돌","측면직각충돌","운전자법규위반","신호위반","교차로","교차로내","승합차","소형","화물차","소형","952186","1702054","126.97401286","35.31288893"
"2014","2014-10-13 18:00","10","야간","월","1","1","0","0","0","경기","수원시","차대사람","기타","기타","운전자법규위반","안전운전 의무 불이행","단일로","기타단일로","승용차","소형","보행자","보행자","957160","1919845","127.01676809","37.2765403"
"2014","2014-10-21 20:00","15","야간","화","1","1","0","0","0","경기","성남시","차대사람","보도통행중","보도통행중","운전자법규위반","신호위반","단일로","횡단보도상","승합차","대형","보행자","보행자","968910","1935113","127.14866386","37.4146288"
"2014","2014-10-20 06:00","04","주간","월","1","1","0","0","0","전북","완주군","차대사람","횡단중","횡단중","운전자법규위반","안전운전 의무 불이행","단일로","기타단일로","화물차","소형","보행자","보행자","975799","1747390","127.23241534","35.72251501"
"2014","2014-10-17 06:00","00","주간","금","1","1","0","0","0","전남","순천시","차대사람","기타","기타","운전자법규위반","안전운전 의무 불이행","단일로","기타단일로","승용차","소형","보행자","보행자","996555","1661712","127.46227008","34.95025333"
"2014","2014-10-26 18:00","50","야간","일","1","1","0","0","0","전북","정읍시","차대차","추돌","진행중 추돌","운전자법규위반","안전운전 의무 불이행","단일로","기타단일로","화물차","소형","농기계","농기계","932018","1735922","126.74933323","35.61707349"
"2014","2014-10-26 20:00","25","야간","일","1","1","0","0","0","경기","포천시","차대사람","횡단중","횡단중","운전자법규위반","안전운전 의무 불이행","단일로","기타단일로","승용차","경형","보행자","보행자","969095","1980918","127.14881774","37.82748978"
"2014","2014-10-25 05:00","15","야간","토","1","1","0","0","0","부산","남구","차대사람","횡단중","횡단중","운전자법규위반","안전운전 의무 불이행","단일로","횡단보도상","승용차","중형","보행자","보행자","1142724","1684195","129.06673197","35.1428666"
"2014","2014-10-25 13:00","30","주간","토","1","2","0","1","0","경북","경주시","차대차","추돌","진행중 추돌","운전자법규위반","안전운전 의무 불이행","단일로","기타단일로","승용차","대형","건설기계","건설기계","1145423","1762631","129.11040023","35.84943619"
"2014","2014-10-22 12:00","15","주간","수","3","4","1","0","0","경기","양평군","차대차","기타","기타","운전자법규위반","중앙선 침범","단일로","기타단일로","승용차","대형","승용차","대형","987159","1948615","127.35465226","37.53676442"
"2014","2014-10-24 12:00","15","주간","금","1","3","1","1","0","경남","김해시","차대차","측면직각충돌","측면직각충돌","운전자법규위반","직진 및 우회전차의 통행방해","교차로","교차로내","이륜차","소형","승합차","대형","1124796","1692917","128.87130397","35.22387635"
"2014","2014-10-23 23:00","00","야간","목","1","1","0","0","0","경북","경주시","차대사람","기타","기타","운전자법규위반","안전운전 의무 불이행","단일로","교량위","화물차","소형","보행자","보행자","1165998","1743905","129.33426797","35.67741492"
"2013","2013-06-20 21:00","35","야간","목","1","1","0","0","0","경북","칠곡군","차대사람","길가장자리구역통행중","길가장자리구역통행중","운전자법규위반","안전운전 의무 불이행","단일로","기타단일로","승용차","대형","보행자","보행자","1083775","1777556","128.42939921","35.99119371"
"2013","2013-06-21 02:00","10","야간","금","1","1","0","0","0","경북","경산시","차량단독","전도전복","전도전복","운전자법규위반","안전운전 의무 불이행","교차로","교차로내","승용차","소형","00","00","1112162","1752367","128.74072026","35.76128718"
"2013","2013-07-05 17:00","20","주간","금","1","1","0","0","0","충남","논산시","차대차","기타","기타","운전자법규위반","교차로 통행방법 위반","교차로","교차로내","화물차","소형","자전거","자전거","964062","1804184","127.10006948","36.23419744"
"2013","2013-07-05 17:00","40","주간","금","1","1","0","0","0","경기","시흥시","차대차","측면직각충돌","측면직각충돌","운전자법규위반","차로위반(진로변경 위반)","단일로","기타단일로","원동기장치자전거","원동기장치자전거","승용차","소형","933497","1927172","126.74898611","37.34120609"
"2013","2013-07-12 18:00","20","야간","금","1","1","0","0","0","충북","청원군","차량단독","기타","기타","운전자법규위반","안전운전 의무 불이행","교차로","교차로부근","이륜차","사발이","00","00","1001041","1841898","127.51163532","36.57486954"
"2013","2013-07-12 10:00","50","주간","금","1","1","0","0","0","전남","순천시","차대차","측면직각충돌","측면직각충돌","운전자법규위반","신호위반","교차로","교차로내","건설기계","건설기계","이륜차","소형","997752","1667690","127.47644796","35.00621123"
"2013","2013-06-26 09:00","45","주간","수","1","1","0","0","0","경기","파주시","차량단독","기타","기타","운전자법규위반","안전운전 의무 불이행","고가도로위","고가도로위","이륜차","사발이","00","00","930988","1969954","126.71096448","37.72572675"
"2013","2013-06-25 10:00","00","주간","화","1","1","0","0","0","경북","예천군","차대차","기타","기타","운전자법규위반","과속","단일로","기타단일로","승용차","소형","원동기장치자전거","원동기장치자전거","1069156","1833885","128.27221033","36.50013272"