"발생년","발생년월일시","발생분","주야","요일","사망자수","사상자수","중상자수","경상자수","부상신고자수","발생지시도","발생지시군구","사고유형_대분류","사고유형_중분류","사고유형","법규위반_대분류","법규위반","도로형태_대분류","도로형태","당사자종별_1당_대분류","당사자종별_1당","당사자종별_2당_대분류","당사자종별_2당","발생위치X_UTMK","발생위치Y_UTMK","경도","위도"
"2014","2014-04-27 21:00","38","야간","일","1","1","0","0","0","경기","부천시","차대사람","횡단중","횡단중","운전자법규위반","안전운전 의무 불이행","단일로","기타단일로","승용차","중형","보행자","보행자","934794","1944380","126.76233369","37.49637796"
"2014","2014-04-26 16:00","57","주간","토","1","1","0","0","0","서울","금천구","차대사람","기타","기타","운전자법규위반","안전운전 의무 불이행","교차로","교차로내","승합차","대형","보행자","보행자","946981","1939663","126.90053549","37.45464309"
"2014","2014-04-26 17:00","09","주간","토","1","1","0","0","0","경기","광명시","차대차","측면직각충돌","측면직각충돌","운전자법규위반","신호위반","교차로","교차로내","승합차","대형","원동기장치자전거","원동기장치자전거","945017","1935328","126.8786536","37.41545599"
"2014","2014-04-26 09:00","30","주간","토","1","1","0","0","0","경기","의정부시","차량단독","공작물충돌","공작물충돌","운전자법규위반","안전운전 의무 불이행","단일로","기타단일로","화물차","소형","00","00","958973","1969977","127.03438067","37.72759663"
"2014","2014-04-27 23:00","20","야간","일","1","1","0","0","0","전북","완주군","차량단독","공작물충돌","공작물충돌","운전자법규위반","안전운전 의무 불이행","단일로","기타단일로","승용차","소형","00","00","966144","1775214","127.12448327","35.97309091"
"2014","2014-04-26 22:00","50","야간","토","1","1","0","0","0","서울","중랑구","차대차","기타","기타","운전자법규위반","안전운전 의무 불이행","단일로","기타단일로","원동기장치자전거","원동기장치자전거","승용차","중형","964096","1954863","127.09329937","37.59246995"
"2014","2014-05-06 19:00","45","야간","화","1","1","0","0","0","전북","완주군","차대사람","횡단중","횡단중","운전자법규위반","안전운전 의무 불이행","교차로","교차로내","승용차","중형","보행자","보행자","970579","1771271","127.17381987","35.93768522"
"2014","2014-05-07 12:00","40","주간","수","1","1","0","0","0","전남","장흥군","차량단독","기타","기타","운전자법규위반","안전운전 의무 불이행","단일로","기타단일로","승용차","대형","00","00","942316","1612220","126.87164325","34.50233209"
"2013","2013-05-20 15:00","50","주간","월","1","9","3","5","0","부산","기장군","차대차","측면직각충돌","측면직각충돌","운전자법규위반","안전운전 의무 불이행","교차로","교차로내","승용차","중형","승용차","중형","1156088","1695543","129.21552679","35.24316211"
"2013","2013-05-19 17:00","27","주간","일","1","1","0","0","0","제주","제주시","차대사람","횡단중","횡단중","운전자법규위반","안전운전 의무 불이행","단일로","기타단일로","승합차","대형","보행자","보행자","910792","1502869","126.53945354","33.51399759"
"2013","2013-05-20 00:00","02","야간","월","1","1","0","0","0","경남","창원시(통합)","차대사람","횡단중","횡단중","운전자법규위반","안전운전 의무 불이행","단일로","기타단일로","승용차","소형","보행자","보행자","1097985","1690072","128.57640891","35.20120594"
"2013","2013-05-26 06:00","35","주간","일","1","2","0","1","0","전북","군산시","차대차","측면직각충돌","측면직각충돌","운전자법규위반","신호위반","교차로","교차로내","이륜차","소형","승용차","중형","915917","1774187","126.56754156","35.96079638"
"2013","2013-05-27 15:00","50","주간","월","1","1","0","0","0","인천","부평구","차대사람","횡단중","횡단중","운전자법규위반","안전운전 의무 불이행","단일로","횡단보도부근","승용차","중형","보행자","보행자","931506","1944650","126.72511491","37.49857331"
"2013","2013-05-26 01:00","52","야간","일","1","2","0","1","0","경기","양평군","차대차","정면충돌","정면충돌","운전자법규위반","중앙선 침범","단일로","기타단일로","승용차","중형","이륜차","중형","1004221","1942478","127.54774247","37.48152743"
"2013","2013-05-25 23:00","35","야간","토","1","2","1","0","0","전남","순천시","차대사람","길가장자리구역통행중","길가장자리구역통행중","운전자법규위반","안전운전 의무 불이행","단일로","기타단일로","승용차","중형","보행자","보행자","998558","1662506","127.48420572","34.95741806"
"2013","2013-05-24 22:00","30","야간","금","2","7","4","1","0","충남","공주시","차량단독","공작물충돌","공작물충돌","운전자법규위반","안전운전 의무 불이행","단일로","기타단일로","승용차","소형","00","00","956904","1838749","127.01849733","36.54550946"
"2013","2013-05-25 10:00","25","주간","토","1","1","0","0","0","광주","서구","차대사람","횡단중","횡단중","운전자법규위반","안전운전 의무 불이행","교차로","교차로부근","화물차","소형","보행자","보행자","942634","1681356","126.86934091","35.12560802"
"2013","2013-05-25 07:00","25","주간","토","1","1","0","0","0","경기","시흥시","차대차","측면직각충돌","측면직각충돌","운전자법규위반","과속","단일로","기타단일로","화물차","소형","자전거","자전거","933740","1929704","126.75172871","37.36402809"
"2013","2013-05-31 20:00","00","야간","금","1","3","0","2","0","전남","광양시","차량단독","공작물충돌","공작물충돌","운전자법규위반","안전운전 의무 불이행","단일로","기타단일로","화물차","소형","00","00","1008830","1677730","127.59687705","35.09466133"
"2013","2013-05-31 20:00","25","야간","금","1","1","0","0","0","광주","광산구","차대사람","횡단중","횡단중","운전자법규위반","안전운전 의무 불이행","단일로","기타단일로","승용차","중형","보행자","보행자","939317","1691694","126.83321834","35.21878007"
"2013","2013-05-31 00:00","30","야간","금","1","1","0","0","0","경기","부천시","차대사람","횡단중","횡단중","운전자법규위반","안전운전 의무 불이행","교차로","교차로부근","승용차","중형","보행자","보행자","935258","1945246","126.74270574","37.50650206"
"2013","2013-05-31 14:00","33","주간","금","1","1","0","0","0","경기","성남시","차대사람","기타","기타","운전자법규위반","안전운전 의무 불이행","교차로","교차로내","화물차","소형","보행자","보행자","966090","1930564","127.11751577","37.37311384"
"2013","2013-06-01 08:00","50","주간","토","1","1","0","0","0","경기","파주시","차대사람","횡단중","횡단중","운전자법규위반","안전운전 의무 불이행","단일로","횡단보도부근","화물차","중형","보행자","보행자","941782","1970130","126.83933283","37.72892718"
"2013","2013-05-28 20:00","45","야간","화","1","1","0","0","0","경북","김천시","차대사람","기타","기타","운전자법규위반","안전운전 의무 불이행","단일로","기타단일로","승합차","대형","보행자","보행자","1070163","1795283","128.27997788","36.15207742"
"2013","2013-06-05 18:00","40","야간","수","1","1","0","0","0","전북","진안군","차량단독","전도전복","전도전복","운전자법규위반","안전운전 의무 불이행","단일로","기타단일로","농기계","농기계","00","00","1009931","1761202","127.60997654","35.84729487"
"2013","2013-06-11 01:00","43","야간","화","1","1","0","0","0","전북","군산시","차량단독","공작물충돌","공작물충돌","운전자법규위반","안전운전 의무 불이행","단일로","기타단일로","이륜차","중형","00","00","933835","1772180","126.75847887","35.9444031"
"2013","2013-06-20 22:00","00","야간","목","1","1","0","0","0","경기","의왕시","차대차","추돌","진행중 추돌","운전자법규위반","안전운전 의무 불이행","단일로","기타단일로","승용차","대형","이륜차","중형","954037","1932275","126.98077162","37.38842972"
"2013","2013-06-21 18:00","40","야간","금","1","1","0","0","0","경남","의령군","차대사람","기타","기타","운전자법규위반","안전운전 의무 불이행","단일로","기타단일로","농기계","농기계","보행자","보행자","1077302","1717232","128.35178691","35.44788598"
"2013","2013-07-04 20:00","05","야간","목","1","1","0","0","0","충남","청양군","차대차","정면충돌","정면충돌","운전자법규위반","중앙선 침범","단일로","기타단일로","화물차","중형","승용차","대형","939331","1828238","126.82299379","36.44980304"
"2013","2013-07-13 12:00","20","주간","토","1","2","1","0","0","제주","제주시","차대차","정면충돌","정면충돌","운전자법규위반","중앙선 침범","단일로","기타단일로","승용차","소형","화물차","소형","907684","1500592","126.50622721","33.49319896"
"2013","2013-07-13 13:00","45","주간","토","1","1","0","0","0","경남","남해군","차량단독","전도전복","전도전복","운전자법규위반","안전운전 의무 불이행","교차로","교차로내","농기계","농기계","00","00","1046247","1652828","128.00600042","34.86909423"
"2013","2013-07-13 10:00","55","주간","토","1","1","0","0","0","전남","담양군","차대차","기타","기타","운전자법규위반","안전운전 의무 불이행","교차로","교차로내","승합차","대형","자전거","자전거","953133","1702817","126.98438647","35.31981346"
"2013","2013-07-13 22:00","08","야간","토","1","1","0","0","0","전북","전주시","차대사람","횡단중","횡단중","운전자법규위반","안전운전 의무 불이행","단일로","기타단일로","승용차","중형","보행자","보행자","966169","1766963","127.12511197","35.89870203"
"2013","2013-06-17 21:00","18","야간","월","1","2","0","1","0","서울","강서구","차대사람","기타","기타","운전자법규위반","안전운전 의무 불이행","기타/불명","기타/불명","승용차","중형","보행자","보행자","942693","1950212","126.85123335","37.54946626"
"2013","2013-06-27 03:00","30","야간","목","1","1","0","0","0","부산","동래구","차대사람","기타","기타","운전자법규위반","안전운전 의무 불이행","단일로","기타단일로","승용차","소형","보행자","보행자","1143644","1690742","129.07796781","35.20174869"
"2013","2013-06-26 19:00","25","야간","수","1","1","0","0","0","제주","서귀포시","차대사람","횡단중","횡단중","운전자법규위반","보행자 보호의무 위반","교차로","교차로내","승용차","소형","보행자","보행자","944132","1491266","126.8991418","33.41161117"
"2013","2013-06-27 18:00","50","야간","목","1","1","0","0","0","서울","도봉구","차대차","측면직각충돌","측면직각충돌","운전자법규위반","기타(운전자법규위반)","단일로","기타단일로","승용차","중형","원동기장치자전거","원동기장치자전거","958826","1963216","127.0331347","37.66753616"
"2013","2013-06-25 23:00","40","야간","화","1","1","0","0","0","충남","천안시","차대사람","횡단중","횡단중","운전자법규위반","안전운전 의무 불이행","단일로","기타단일로","승용차","중형","보행자","보행자","966833","1864825","127.128301","36.78097445"
"2013","2013-06-27 04:00","18","야간","목","1","1","0","0","0","인천","연수구","차대사람","횡단중","횡단중","운전자법규위반","안전운전 의무 불이행","교차로","교차로내","승용차","중형","보행자","보행자","925968","1936766","126.6632298","37.42711959"
"2013","2013-06-26 21:00","02","야간","수","1","2","1","0","0","충남","천안시","차대사람","기타","기타","운전자법규위반","안전운전 의무 불이행","단일로","기타단일로","이륜차","소형","보행자","보행자","975610","1860639","127.22679658","36.74350564"
"2013","2013-06-28 01:00","30","야간","금","1","2","0","1","0","충북","음성군","차대차","정면충돌","정면충돌","운전자법규위반","중앙선 침범","교차로","교차로부근","승용차","중형","승용차","중형","999546","1885340","127.49489974","36.96649"
"2013","2013-07-03 13:00","55","주간","수","1","1","0","0","0","인천","서구","차량단독","공작물충돌","공작물충돌","운전자법규위반","안전운전 의무 불이행","단일로","교량위","승용차","중형","00","00","921907","1951002","126.61585532","37.55505884"
"2013","2013-12-12 02:00","56","야간","목","1","1","0","0","0","경기","군포시","차대차","추돌","진행중 추돌","운전자법규위반","안전운전 의무 불이행","단일로","기타단일로","승합차","소형","건설기계","건설기계","947932","1925079","126.91231455","37.32324629"
"2013","2013-05-04 00:00","08","야간","토","1","2","0","1","0","충남","예산군","차량단독","공작물충돌","공작물충돌","운전자법규위반","안전운전 의무 불이행","단일로","기타단일로","승용차","경형","00","00","944824","1850191","126.8827152","36.64803226"
"2013","2013-05-10 08:00","23","주간","금","1","1","0","0","0","경남","창녕군","차대차","정면충돌","정면충돌","운전자법규위반","중앙선 침범","단일로","기타단일로","원동기장치자전거","원동기장치자전거","화물차","중형","1083190","1715090","128.41644046","35.42809934"
"2013","2013-10-24 08:00","50","주간","목","1","1","0","0","0","경남","의령군","차대차","측면직각충돌","측면직각충돌","운전자법규위반","교차로 통행방법 위반","교차로","교차로내","원동기장치자전거","원동기장치자전거","화물차","대형","1074060","1718714","128.31620172","35.46149421"
"2013","2013-12-02 10:00","20","주간","월","1","1","0","0","0","경기","안양시","차대차","측면직각충돌","측면직각충돌","운전자법규위반","안전거리 미확보","단일로","횡단보도부근","화물차","소형","이륜차","대형","952319","1931477","126.97614379","37.40249776"
"2013","2013-12-31 00:00","25","야간","화","1","1","0","0","0","경남","거제시","차대사람","보도통행중","보도통행중","운전자법규위반","보행자 보호의무 위반","교차로","교차로부근","화물차","소형","보행자","보행자","1108782","1655657","128.69048654","34.88982809"
"2013","2013-03-10 23:00","30","야간","일","2","5","3","0","0","경기","포천시","차대차","정면충돌","정면충돌","운전자법규위반","중앙선 침범","단일로","기타단일로","승용차","중형","승용차","중형","976072","1974649","127.22830546","37.77119631"
"2013","2013-03-18 06:00","20","주간","월","1","1","0","0","0","경기","평택시","차대사람","횡단중","횡단중","운전자법규위반","안전운전 의무 불이행","교차로","교차로내","승용차","중형","보행자","보행자","951172","1888751","126.95125451","36.99597003"
"2013","2013-03-26 15:00","20","주간","화","1","1","0","0","0","서울","노원구","차대사람","보도통행중","보도통행중","운전자법규위반","중앙선 침범","단일로","기타단일로","화물차","소형","보행자","보행자","962419","1958989","127.07409168","37.62959163"
"2013","2013-04-20 21:00","17","야간","토","1","1","0","0","0","대구","서구","차대사람","기타","기타","운전자법규위반","안전운전 의무 불이행","교차로","교차로내","화물차","소형","보행자","보행자","1095411","1765898","128.55706997","35.88503327"
"2013","2013-08-01 07:00","30","주간","목","1","1","0","0","0","세종","세종","차량단독","전도전복","전도전복","운전자법규위반","안전운전 의무 불이행","기타/불명","기타/불명","이륜차","소형","00","00","969501","1858613","127.15844881","36.72506514"
"2013","2013-08-02 11:00","28","주간","금","1","1","0","0","0","전남","영암군","차량단독","공작물충돌","공작물충돌","운전자법규위반","안전운전 의무 불이행","단일로","기타단일로","승용차","소형","00","00","926105","1649898","126.69177577","34.84104015"
"2013","2013-08-05 11:00","20","주간","월","1","3","0","2","0","충남","청양군","차대차","측면직각충돌","측면직각충돌","운전자법규위반","직진 및 우회전차의 통행방해","교차로","교차로내","승용차","중형","이륜차","중형","950754","1823809","126.95073865","36.41053102"
"2013","2013-08-15 10:00","10","주간","목","1","5","0","4","0","경남","밀양시","차대차","추돌","진행중 추돌","운전자법규위반","안전운전 의무 불이행","교차로","교차로부근","화물차","소형","승용차","중형","1114669","1724813","128.76452712","35.51261845"
"2013","2013-08-12 16:00","35","주간","월","1","2","0","1","0","전남","진도군","차대차","정면충돌","정면충돌","운전자법규위반","중앙선 침범","단일로","기타단일로","화물차","소형","승합차","대형","887751","1619962","126.27630739","34.56779464"
"2012","2012-06-27 02:00","05","야간","수","1","1","0","0","0","서울","강북구","차대사람","기타","기타","운전자법규위반","안전운전 의무 불이행","단일로","기타단일로","승용차","중형","보행자","보행자","957957","1959472","127.02349722","37.63375161"
"2013","2013-01-20 03:00","27","야간","일","1","1","0","0","0","충남","홍성군","차량단독","전도전복","전도전복","운전자법규위반","안전운전 의무 불이행","교차로","교차로내","승용차","중형","00","00","924233","1844353","126.65294784","36.59399204"
"2013","2013-01-12 02:00","10","야간","토","1","2","1","0","0","서울","동대문구","차량단독","기타","기타","운전자법규위반","안전운전 의무 불이행","단일로","기타단일로","이륜차","소형","00","00","959240","1954133","127.03833547","37.58568794"
"2013","2013-06-14 21:00","00","야간","금","1","1","0","0","0","경남","창원시(통합)","차대사람","보도통행중","보도통행중","운전자법규위반","신호위반","단일로","기타단일로","이륜차","중형","보행자","보행자","1091388","1694210","128.50440776","35.23913551"
"2013","2013-08-29 19:00","03","야간","목","1","1","0","0","0","경기","연천군","차대사람","횡단중","횡단중","운전자법규위반","안전운전 의무 불이행","교차로","교차로내","화물차","소형","보행자","보행자","965794","2003534","127.11023368","38.03120545"
"2013","2013-03-27 02:00","10","야간","수","1","1","0","0","0","경남","김해시","차대차","정면충돌","정면충돌","운전자법규위반","안전운전 의무 불이행","단일로","기타단일로","승용차","경형","승용차","중형","1127166","1694462","128.89757843","35.23750583"
"2013","2013-05-23 23:00","18","야간","목","1","1","0","0","0","대구","달성군","차대사람","횡단중","횡단중","운전자법규위반","안전운전 의무 불이행","교차로","교차로내","승용차","중형","보행자","보행자","1090046","1764587","128.49749062","35.8737233"
"2013","2013-05-30 13:00","50","주간","목","1","1","0","0","0","서울","관악구","차대사람","횡단중","횡단중","운전자법규위반","과속","단일로","기타단일로","승용차","중형","보행자","보행자","949197","1942352","126.92540426","37.47900418"
"2013","2013-05-28 23:00","45","야간","화","1","1","0","0","0","경북","경주시","차대사람","횡단중","횡단중","운전자법규위반","안전운전 의무 불이행","교차로","교차로부근","승용차","중형","보행자","보행자","1159093","1758013","129.26079926","35.80569529"
"2013","2013-05-29 03:00","00","야간","수","1","5","4","0","0","경북","경주시","차대차","기타","기타","운전자법규위반","중앙선 침범","교차로","교차로부근","승용차","경형","화물차","대형","1157428","1770627","129.2449965","35.9198128"
"2013","2013-05-30 12:00","35","주간","목","1","1","0","0","0","전북","고창군","차량단독","도로이탈","도로이탈 추락","운전자법규위반","안전운전 의무 불이행","단일로","기타단일로","농기계","농기계","00","00","913095","1707852","126.54341027","35.36252699"
"2013","2013-05-30 20:00","20","야간","목","1","1","0","0","0","전북","익산시","차대사람","횡단중","횡단중","운전자법규위반","안전운전 의무 불이행","교차로","교차로내","화물차","소형","보행자","보행자","953320","1773475","126.98235161","35.95688332"
"2013","2013-06-05 23:00","02","야간","수","1","1","0","0","0","경기","평택시","차대사람","기타","기타","운전자법규위반","안전운전 의무 불이행","단일로","기타단일로","승용차","중형","보행자","보행자","964410","1888300","127.10004499","36.99249913"
"2013","2013-06-06 23:00","50","야간","목","1","1","0","0","0","전남","나주시","차량단독","도로이탈","도로이탈 추락","운전자법규위반","안전운전 의무 불이행","기타/불명","기타/불명","이륜차","사발이","00","00","920477","1659714","126.62929266","34.92912224"
"2013","2013-06-07 08:00","30","주간","금","1","2","0","1","0","전남","화순군","차대차","기타","기타","운전자법규위반","신호위반","교차로","교차로내","승합차","소형","원동기장치자전거","원동기장치자전거","954468","1674041","127.00066315","35.06040737"
"2013","2013-06-04 03:00","35","야간","화","1","1","0","0","0","인천","남구","차대차","추돌","주정차중 추돌","운전자법규위반","안전운전 의무 불이행","단일로","기타단일로","자전거","자전거","화물차","대형","927156","1941633","126.67620572","37.47104879"
"2013","2013-06-02 13:00","00","주간","일","1","1","0","0","0","경북","김천시","차대차","측면직각충돌","측면직각충돌","운전자법규위반","안전운전 의무 불이행","단일로","기타단일로","승용차","중형","농기계","농기계","1055226","1788430","128.11114261","36.08928171"
"2013","2013-06-09 18:00","00","야간","일","1","1","0","0","0","제주","제주시","차대차","측면직각충돌","측면직각충돌","운전자법규위반","중앙선 침범","단일로","기타단일로","이륜차","소형","승용차","중형","908311","1501366","126.51289671","33.50023307"
"2013","2013-06-09 19:00","33","야간","일","1","1","0","0","0","충북","청주시","차대사람","보도통행중","보도통행중","운전자법규위반","기타(운전자법규위반)","단일로","기타단일로","승용차","대형","보행자","보행자","998685","1852278","127.48528439","36.66844495"
"2013","2013-06-10 20:00","10","야간","월","1","2","1","0","0","전남","영광군","차대차","기타","기타","운전자법규위반","중앙선 침범","단일로","기타단일로","이륜차","소형","이륜차","소형","898618","1690915","126.38617592","35.2084685"
"2013","2013-06-12 21:00","15","야간","수","1","1","0","0","0","전남","담양군","차량단독","공작물충돌","공작물충돌","운전자법규위반","안전운전 의무 불이행","단일로","기타단일로","승용차","중형","00","00","957141","1699503","127.02865296","35.29011217"
"2013","2013-06-10 13:00","00","주간","월","1","1","0","0","0","전북","전주시","차대사람","횡단중","횡단중","운전자법규위반","안전운전 의무 불이행","단일로","기타단일로","화물차","중형","보행자","보행자","967846","1759158","127.14400963","35.82838891"
"2013","2013-06-12 02:00","52","야간","수","1","1","0","0","0","경북","경주시","차대사람","기타","기타","운전자법규위반","안전운전 의무 불이행","단일로","기타단일로","승용차","중형","보행자","보행자","1156434","1778652","129.23500996","35.99178412"
"2013","2013-06-15 21:00","03","야간","토","1","1","0","0","0","강원","원주시","차대사람","기타","기타","운전자법규위반","부당한 회전","단일로","기타단일로","승용차","중형","보행자","보행자","1029706","1930871","127.83677764","37.41236455"
"2013","2013-06-16 12:00","50","주간","일","1","1","0","0","0","경기","양주시","차량단독","전도전복","전도전복","운전자법규위반","안전운전 의무 불이행","단일로","기타단일로","이륜차","중형","00","00","965402","1978886","127.10695111","37.80904283"
"2013","2013-06-17 18:00","30","야간","월","1","1","0","0","0","경북","의성군","차량단독","기타","기타","운전자법규위반","안전운전 의무 불이행","단일로","기타단일로","화물차","중형","00","00","1106706","1807323","128.68778754","36.25726787"
"2013","2013-05-06 09:00","20","주간","월","1","2","0","1","0","울산","울주군","차대차","추돌","주정차중 추돌","운전자법규위반","안전운전 의무 불이행","단일로","기타단일로","승용차","경형","화물차","소형","1152224","1730199","129.17954214","35.55611022"
"2013","2013-10-24 13:00","30","주간","목","1","5","4","0","0","경기","여주시","차량단독","공작물충돌","공작물충돌","운전자법규위반","안전운전 의무 불이행","단일로","기타단일로","승용차","중형","00","00","1009906","1911726","127.61163265","37.20428882"
"2013","2013-02-07 09:00","55","주간","목","1","1","0","0","0","전남","나주시","차대사람","기타","기타","운전자법규위반","안전운전 의무 불이행","단일로","기타단일로","승용차","소형","보행자","보행자","928982","1671499","126.72140159","35.03601489"
"2013","2013-02-07 14:00","00","주간","목","1","2","0","0","1","전남","진도군","차량단독","공작물충돌","공작물충돌","운전자법규위반","안전운전 의무 불이행","교차로","교차로부근","승합차","소형","00","00","895167","1608427","126.35098633","34.46087851"
"2013","2013-05-20 16:00","20","주간","월","1","1","0","0","0","경기","화성시","차대차","기타","기타","운전자법규위반","안전운전 의무 불이행","단일로","기타단일로","건설기계","건설기계","자전거","자전거","958320","1912355","127.03027158","37.20907996"
"2013","2013-05-08 21:00","48","야간","수","1","1","0","0","0","경북","성주군","차대사람","기타","기타","운전자법규위반","안전운전 의무 불이행","교차로","교차로부근","승용차","경형","보행자","보행자","1079392","1765479","128.37957244","35.88268672"
"2013","2013-11-16 13:00","25","주간","토","1","1","0","0","0","충북","진천군","차대차","측면직각충돌","측면직각충돌","운전자법규위반","중앙선 침범","단일로","기타단일로","이륜차","소형","승용차","소형","1002031","1868676","127.52277169","36.81626872"
"2013","2013-11-14 07:00","05","주간","목","1","1","0","0","0","경기","성남시","차대사람","횡단중","횡단중","운전자법규위반","신호위반","단일로","횡단보도상","승용차","중형","보행자","보행자","969859","1938210","127.15926147","37.44257536"
"2013","2013-11-13 19:00","20","야간","수","1","2","1","0","0","대구","달성군","차대사람","횡단중","횡단중","운전자법규위반","안전운전 의무 불이행","단일로","기타단일로","승용차","중형","보행자","보행자","1086175","1754725","128.45355054","35.78516629"
"2013","2013-12-02 09:00","17","주간","월","1","2","0","1","0","경남","김해시","차대사람","횡단중","횡단중","운전자법규위반","안전운전 의무 불이행","단일로","기타단일로","승용차","중형","보행자","보행자","1124448","1692756","128.86745664","35.22246826"
"2013","2013-11-14 13:00","50","주간","목","1","1","0","0","0","경북","경주시","차량단독","도로이탈","도로이탈 추락","운전자법규위반","안전운전 의무 불이행","단일로","기타단일로","화물차","중형","00","00","1176551","1756712","129.45363689","35.79098738"
"2013","2013-01-17 22:00","45","야간","목","1","1","0","0","0","경남","창원시(통합)","차량단독","기타","기타","운전자법규위반","기타(운전자법규위반)","단일로","기타단일로","승합차","대형","00","00","1098925","1694859","128.58730914","35.24427083"
"2014","2014-01-26 14:00","37","주간","일","1","1","0","0","0","부산","서구","차대사람","기타","기타","운전자법규위반","안전운전 의무 불이행","단일로","기타단일로","승합차","소형","보행자","보행자","1138953","1678198","129.02434217","35.08933734"
"2014","2014-10-28 16:00","55","주간","화","1","3","2","0","0","세종","세종","차대차","추돌","주정차중 추돌","운전자법규위반","안전운전 의무 불이행","단일로","기타단일로","화물차","중형","화물차","경형","980736","1828332","127.28502432","36.45237676"
"2014","2014-10-28 16:00","15","주간","화","1","2","0","1","0","전북","부안군","차대차","측면직각충돌","측면직각충돌","운전자법규위반","직진 및 우회전차의 통행방해","교차로","교차로내","화물차","소형","화물차","소형","926676","1752761","126.66853639","35.77709258"
"2014","2014-11-19 13:00","40","주간","수","1","1","0","0","0","충남","논산시","차대차","측면직각충돌","측면직각충돌","운전자법규위반","안전운전 의무 불이행","단일로","기타단일로","승합차","대형","이륜차","중형","962401","1801350","127.08133026","36.20898901"
"2014","2014-11-19 14:00","20","주간","수","1","2","1","0","0","경남","거제시","차량단독","전도전복","전도전복","운전자법규위반","안전운전 의무 불이행","단일로","기타단일로","화물차","중형","00","00","1093976","1658552","128.52721438","34.91815238"
"2014","2014-11-19 18:00","10","야간","수","1","1","0","0","0","충남","논산시","차대차","추돌","진행중 추돌","운전자법규위반","안전운전 의무 불이행","단일로","기타단일로","화물차","소형","자전거","자전거","963696","1789000","127.09669848","36.09729287"
"2014","2014-11-19 01:00","15","야간","수","1","4","2","1","0","경기","시흥시","차대차","추돌","주정차중 추돌","운전자법규위반","안전운전 의무 불이행","교차로","교차로부근","화물차","경형","화물차","소형","935822","1936878","126.77461598","37.42883448"
"2014","2014-11-19 14:00","47","주간","수","2","2","0","0","0","강원","인제군","차량단독","공작물충돌","공작물충돌","운전자법규위반","안전운전 의무 불이행","단일로","기타단일로","승용차","소형","00","00","1064387","1981497","128.23167814","37.83095918"
"2014","2014-11-17 19:00","30","야간","월","1","1","0","0","0","경북","경주시","차대사람","기타","기타","운전자법규위반","안전운전 의무 불이행","단일로","기타단일로","승용차","중형","보행자","보행자","1151219","1762220","129.17448256","35.84485491"
"2014","2014-11-16 02:00","48","야간","일","1","1","0","0","0","서울","동대문구","차대사람","횡단중","횡단중","운전자법규위반","신호위반","단일로","기타단일로","승용차","중형","보행자","보행자","962002","1952645","127.06969537","37.57239437"
"2014","2014-11-05 06:00","30","주간","수","1","1","0","0","0","전북","전주시","차대차","추돌","주정차중 추돌","운전자법규위반","안전운전 의무 불이행","단일로","기타단일로","원동기장치자전거","원동기장치자전거","건설기계","건설기계","970390","1760914","127.17210975","35.84430121"
"2014","2014-11-02 16:00","50","주간","일","1","2","1","0","0","충남","부여군","차대차","정면충돌","정면충돌","운전자법규위반","중앙선 침범","단일로","기타단일로","화물차","소형","화물차","소형","929811","1810023","126.71841241","36.28495332"
"2014","2014-11-04 05:00","10","야간","화","1","1","0","0","0","전남","담양군","차대차","추돌","진행중 추돌","운전자법규위반","안전운전 의무 불이행","단일로","기타단일로","승용차","경형","자전거","자전거","950987","1702514","126.96079602","35.31697846"
"2014","2014-11-03 17:00","10","주간","월","1","3","2","0","0","경기","연천군","차대차","정면충돌","정면충돌","운전자법규위반","중앙선 침범","교차로","교차로부근","화물차","소형","승용차","중형","958567","2003954","127.0278624","38.0346889"
"2014","2014-11-04 07:00","50","주간","화","1","2","1","0","0","제주","제주시","차대차","기타","기타","운전자법규위반","안전거리 미확보","단일로","기타단일로","승용차","중형","농기계","농기계","893375","1497826","126.35254628","33.46692461"
"2014","2014-10-05 03:00","00","야간","일","1","1","0","0","0","경기","화성시","차량단독","공작물충돌","공작물충돌","운전자법규위반","안전운전 의무 불이행","교차로","교차로부근","승용차","중형","00","00","954639","1901352","126.98943351","37.10972895"
"2014","2014-10-03 13:00","10","주간","금","1","1","0","0","0","충북","청주시","차대차","기타","기타","운전자법규위반","안전운전 의무 불이행","단일로","횡단보도상","승용차","대형","자전거","자전거","999956","1846504","127.49950795","36.6163934"
"2014","2014-10-13 19:00","30","야간","월","1","1","0","0","0","경북","울진군","차대사람","횡단중","횡단중","운전자법규위반","안전운전 의무 불이행","단일로","기타단일로","화물차","소형","보행자","보행자","1165875","1901844","129.36663597","37.10056791"
"2014","2014-10-13 06:00","55","주간","월","1","1","0","0","0","경북","경산시","차대사람","횡단중","횡단중","운전자법규위반","보행자 보호의무 위반","교차로","교차로내","화물차","소형","보행자","보행자","1119519","1768242","128.82449471","35.90328475"
"2014","2014-10-12 17:00","40","주간","일","1","1","0","0","0","전남","보성군","차대사람","기타","기타","운전자법규위반","안전운전 의무 불이행","교차로","교차로내","화물차","소형","보행자","보행자","966965","1634775","127.14784199","34.69463049"
"2014","2014-10-11 21:00","55","야간","토","1","2","1","0","0","광주","서구","차대사람","횡단중","횡단중","운전자법규위반","안전운전 의무 불이행","단일로","기타단일로","승용차","경형","보행자","보행자","941237","1684475","126.85482867","35.15380366"