"발생년","발생년월일시","발생분","주야","요일","사망자수","사상자수","중상자수","경상자수","부상신고자수","발생지시도","발생지시군구","사고유형_대분류","사고유형_중분류","사고유형","법규위반_대분류","법규위반","도로형태_대분류","도로형태","당사자종별_1당_대분류","당사자종별_1당","당사자종별_2당_대분류","당사자종별_2당","발생위치X_UTMK","발생위치Y_UTMK","경도","위도"
"2014","2014-10-10 07:00","05","주간","금","1","4","2","1","0","전남","완도군","차대차","측면직각충돌","측면직각충돌","운전자법규위반","중앙선 침범","교차로","교차로부근","화물차","소형","화물차","소형","939091","1600975","126.83731653","34.4007429"
"2014","2014-10-21 21:00","18","야간","화","1","1","0","0","0","경기","성남시","차대사람","기타","기타","운전자법규위반","신호위반","교차로","교차로부근","승용차","중형","보행자","보행자","965721","1933299","127.11271109","37.39816554"
"2014","2014-10-18 12:00","00","주간","토","1","3","1","1","0","충남","예산군","차대차","추돌","진행중 추돌","운전자법규위반","안전운전 의무 불이행","단일로","기타단일로","화물차","소형","농기계","농기계","932975","1854438","126.74979169","36.68555476"
"2014","2014-10-18 14:00","40","주간","토","1","2","1","0","0","전북","순창군","차대차","측면직각충돌","측면직각충돌","운전자법규위반","직진 및 우회전차의 통행방해","교차로","교차로내","원동기장치자전거","원동기장치자전거","승용차","중형","972258","1710924","127.19451394","35.39362666"
"2014","2014-10-17 08:00","30","주간","금","1","2","0","1","0","경기","고양시","차대사람","횡단중","횡단중","운전자법규위반","과속","단일로","기타단일로","승합차","대형","보행자","보행자","941582","1958250","126.83801533","37.62184244"
"2014","2014-10-24 23:00","11","야간","금","1","1","0","0","0","대전","중구","차대사람","기타","기타","운전자법규위반","안전운전 의무 불이행","단일로","기타단일로","승용차","소형","보행자","보행자","992625","1815617","127.41781958","36.33791194"
"2014","2014-10-25 07:00","25","주간","토","1","1","0","0","0","울산","중구","차대사람","횡단중","횡단중","운전자법규위반","안전운전 의무 불이행","단일로","기타단일로","화물차","소형","보행자","보행자","1162603","1729635","129.29389553","35.54937806"
"2014","2014-10-25 05:00","10","야간","토","1","1","0","0","0","울산","중구","차대사람","기타","기타","운전자법규위반","안전운전 의무 불이행","교차로","교차로부근","승용차","소형","보행자","보행자","1166418","1731379","129.33632345","35.56446153"
"2014","2014-10-26 05:00","10","야간","일","1","1","0","0","0","경기","용인시","차대사람","횡단중","횡단중","운전자법규위반","보행자 보호의무 위반","교차로","교차로부근","승용차","중형","보행자","보행자","969153","1921521","127.15197592","37.2921224"
"2014","2014-10-23 07:00","35","주간","목","1","1","0","0","0","서울","광진구","차대사람","기타","기타","운전자법규위반","안전운전 의무 불이행","단일로","기타단일로","승용차","중형","보행자","보행자","961424","1949187","127.06333196","37.54120228"
"2014","2014-10-24 15:00","00","주간","금","1","1","0","0","0","전남","보성군","차대사람","기타","기타","운전자법규위반","안전운전 의무 불이행","단일로","기타단일로","화물차","소형","보행자","보행자","963915","1649390","127.10347324","34.84026551"
"2014","2014-10-22 06:00","40","주간","수","1","1","0","0","0","경남","창원시(통합)","차대사람","횡단중","횡단중","운전자법규위반","안전운전 의무 불이행","교차로","교차로부근","승용차","중형","보행자","보행자","1097148","1689646","128.56716528","35.19744669"
"2014","2014-11-01 04:00","07","야간","토","2","5","3","0","0","충남","공주시","차량단독","공작물충돌","공작물충돌","운전자법규위반","과속","단일로","기타단일로","승용차","중형","00","00","968266","1830838","127.14576513","36.4746368"
"2014","2014-11-01 21:00","45","야간","토","1","2","1","0","0","울산","동구","차대사람","기타","기타","운전자법규위반","안전운전 의무 불이행","단일로","기타단일로","이륜차","중형","보행자","보행자","1175194","1726306","129.4320163","35.51723262"
"2014","2014-10-30 16:00","00","주간","목","1","1","0","0","0","충남","부여군","차량단독","기타","기타","운전자법규위반","안전운전 의무 불이행","단일로","기타단일로","이륜차","중형","00","00","955346","1802354","127.00318213","36.21733599"
"2014","2014-10-28 23:00","38","야간","화","1","1","0","0","0","충남","당진시","차대차","기타","기타","운전자법규위반","안전운전 의무 불이행","단일로","기타단일로","승용차","중형","화물차","중형","932311","1876701","126.74038185","36.88618556"
"2014","2014-10-30 05:00","49","야간","목","2","8","6","0","0","서울","서초구","차량단독","전도전복","전도전복","운전자법규위반","안전운전 의무 불이행","단일로","기타단일로","승합차","소형","00","00","955675","1945724","126.99846625","37.50973071"
"2014","2014-10-28 13:00","50","주간","화","1","1","0","0","0","광주","광산구","차대차","측면직각충돌","측면직각충돌","운전자법규위반","신호위반","교차로","교차로내","승용차","대형","원동기장치자전거","원동기장치자전거","936699","1690614","126.80453679","35.20888045"
"2014","2014-10-29 22:00","10","야간","수","1","1","0","0","0","경북","문경시","차량단독","공작물충돌","공작물충돌","운전자법규위반","안전운전 의무 불이행","단일로","기타단일로","승용차","대형","00","00","1054379","1858708","128.10897381","36.72485374"
"2014","2014-10-29 19:00","00","야간","수","1","1","0","0","0","대구","달성군","차대사람","횡단중","횡단중","운전자법규위반","과속","교차로","교차로부근","승합차","소형","보행자","보행자","1086569","1749460","128.45734085","35.73766745"
"2014","2014-11-15 23:00","25","야간","토","1","1","0","0","0","인천","서구","차대차","측면직각충돌","측면직각충돌","운전자법규위반","신호위반","교차로","교차로내","승용차","중형","승합차","대형","923525","1947305","126.63455709","37.52187509"
"2013","2013-06-28 00:00","50","야간","금","1","1","0","0","0","강원","영월군","차량단독","기타","기타","운전자법규위반","안전운전 의무 불이행","단일로","기타단일로","승용차","중형","00","00","1066047","1916285","128.24477255","37.24295388"
"2013","2013-06-25 08:00","23","주간","화","1","1","0","0","0","전북","임실군","차량단독","전도전복","전도전복","운전자법규위반","안전운전 의무 불이행","교차로","교차로부근","화물차","소형","00","00","975518","1743121","127.23250942","35.68773913"
"2013","2013-07-03 04:00","30","야간","수","1","1","0","0","0","경기","화성시","차대사람","횡단중","횡단중","운전자법규위반","안전운전 의무 불이행","단일로","기타단일로","승용차","중형","보행자","보행자","947342","1900353","126.89598761","37.10348464"
"2013","2013-07-02 22:00","14","야간","화","1","1","0","0","0","경기","이천시","차대차","추돌","주정차중 추돌","운전자법규위반","안전운전 의무 불이행","교차로","교차로부근","승용차","대형","화물차","대형","1000122","1915892","127.50137552","37.24189411"
"2013","2013-07-02 16:00","55","주간","화","1","1","0","0","0","전남","나주시","차대사람","횡단중","횡단중","운전자법규위반","안전운전 의무 불이행","교차로","교차로내","승용차","중형","보행자","보행자","928720","1672586","126.71843609","35.0457974"
"2013","2013-07-03 00:00","00","야간","수","1","1","0","0","0","강원","평창군","차량단독","도로이탈","도로이탈 추락","운전자법규위반","안전운전 의무 불이행","단일로","기타단일로","승용차","경형","00","00","1096767","1965186","128.59741118","37.68111037"
"2013","2013-07-01 12:00","13","주간","월","1","2","0","0","1","경남","창원시(통합)","차대차","기타","기타","운전자법규위반","안전운전 의무 불이행","교차로","교차로내","이륜차","사발이","승합차","중형","1099306","1709185","128.59323257","35.37338686"
"2013","2013-07-01 20:00","55","야간","월","1","1","0","0","0","경기","이천시","차량단독","공작물충돌","공작물충돌","운전자법규위반","안전운전 의무 불이행","단일로","기타단일로","화물차","소형","00","00","1001779","1909946","127.49610169","37.18817001"
"2013","2013-07-01 13:00","39","주간","월","1","1","0","0","0","서울","성동구","차대사람","기타","기타","운전자법규위반","신호위반","교차로","교차로내","승합차","중형","보행자","보행자","957947","1951342","127.02385106","37.56047379"
"2012","2012-01-02 13:00","35","주간","월","1","1","0","0","0","경기","광명시","차량단독","전도전복","전도전복","운전자법규위반","안전운전 의무 불이행","단일로","기타단일로","화물차","중형","00","00","942622","1938164","126.85124381","37.44102462"
"2012","2012-05-30 09:00","18","주간","수","1","1","0","0","0","서울","강동구","차대사람","기타","기타","운전자법규위반","안전운전 의무 불이행","단일로","기타단일로","승용차","중형","보행자","보행자","968438","1950654","127.14266352","37.55469186"
"2012","2012-04-26 21:00","45","야간","목","1","2","1","0","0","충북","괴산군","차대차","정면충돌","정면충돌","운전자법규위반","중앙선 침범","단일로","기타단일로","화물차","소형","화물차","중형","1022616","1871111","127.75364323","36.83795111"
"2012","2012-02-20 19:00","05","야간","월","1","1","0","0","0","전남","함평군","차대차","추돌","진행중 추돌","운전자법규위반","안전운전 의무 불이행","단일로","기타단일로","특수차","소형","자전거","자전거","911309","1669780","126.52785135","35.01911835"
"2012","2012-10-30 13:00","30","주간","화","1","40","6","33","0","강원","영월군","차대차","정면충돌","정면충돌","운전자법규위반","중앙선 침범","단일로","기타단일로","승합차","대형","건설기계","건설기계","1094067","1902993","128.55887911","37.12089165"
"2012","2012-11-01 18:00","20","야간","목","1","1","0","0","0","경북","김천시","차대사람","보도통행중","보도통행중","운전자법규위반","신호위반","단일로","기타단일로","승용차","대형","보행자","보행자","1060305","1792209","128.17016148","36.12502855"
"2012","2012-08-20 05:00","20","야간","월","1","1","0","0","0","서울","강동구","차대사람","차도통행중","차도통행중","운전자법규위반","과속","단일로","횡단보도부근","승용차","중형","보행자","보행자","967975","1948101","127.13753308","37.53166462"
"2012","2012-11-10 14:00","25","주간","토","1","1","0","0","0","전북","완주군","차대사람","횡단중","횡단중","운전자법규위반","안전운전 의무 불이행","교차로","교차로내","건설기계","건설기계","보행자","보행자","975073","1749032","127.2243372","35.73730157"
"2012","2012-10-25 18:00","20","야간","목","1","1","0","0","0","전북","정읍시","차대사람","횡단중","횡단중","운전자법규위반","안전운전 의무 불이행","단일로","기타단일로","승용차","중형","보행자","보행자","938021","1727207","126.81628289","35.53889437"
"2012","2012-06-25 21:00","45","야간","월","1","1","0","0","0","경남","함양군","차대차","정면충돌","정면충돌","운전자법규위반","중앙선 침범","단일로","기타단일로","원동기장치자전거","원동기장치자전거","승용차","중형","1014542","1711427","127.66056955","35.39768424"
"2012","2012-07-10 07:00","30","주간","화","1","1","0","0","0","경북","영주시","차대차","측면직각충돌","측면직각충돌","운전자법규위반","신호위반","교차로","교차로내","승용차","소형","자전거","자전거","1099363","1869084","128.61402145","36.81473044"
"2012","2012-07-14 13:00","25","주간","토","1","1","0","0","0","전남","무안군","차대사람","기타","기타","운전자법규위반","기타(운전자법규위반)","교차로","교차로부근","승합차","경형","보행자","보행자","903883","1648285","126.44894025","34.82463947"
"2013","2013-01-06 10:00","35","주간","일","1","1","0","0","0","경북","영덕군","차대사람","기타","기타","운전자법규위반","안전운전 의무 불이행","교차로","교차로부근","화물차","중형","보행자","보행자","1170425","1836945","129.40403904","36.5163976"
"2013","2013-02-22 22:00","00","야간","금","1","1","0","0","0","경기","김포시","차대사람","차도통행중","차도통행중","운전자법규위반","안전운전 의무 불이행","교차로","교차로내","승합차","소형","보행자","보행자","921421","1965313","126.6088153","37.68399386"
"2013","2013-08-20 02:00","15","야간","화","1","1","0","0","0","경북","김천시","차량단독","전도전복","전도전복","운전자법규위반","안전운전 의무 불이행","단일로","기타단일로","승용차","중형","00","00","1065265","1795789","128.25367313","36.15987295"
"2014","2014-06-27 03:00","50","야간","금","1","1","0","0","0","부산","기장군","차량단독","공작물충돌","공작물충돌","운전자법규위반","안전운전 의무 불이행","단일로","기타단일로","이륜차","소형","00","00","1156223","1689792","129.21591842","35.19130696"
"2014","2014-06-28 02:00","30","야간","토","1","1","0","0","0","서울","동대문구","차대사람","길가장자리구역통행중","길가장자리구역통행중","운전자법규위반","안전운전 의무 불이행","기타/불명","기타/불명","승용차","중형","보행자","보행자","961671","1951648","127.06599923","37.56339438"
"2014","2014-06-27 20:00","36","야간","금","1","1","0","0","0","경북","경주시","차대사람","횡단중","횡단중","운전자법규위반","신호위반","교차로","교차로부근","승용차","소형","보행자","보행자","1154123","1750577","129.20438381","35.73947294"
"2013","2013-08-23 23:00","39","야간","금","2","2","0","0","0","광주","북구","차대차","추돌","주정차중 추돌","운전자법규위반","안전운전 의무 불이행","단일로","기타단일로","승용차","중형","화물차","소형","945204","1686269","126.8978832","35.17032627"
"2013","2013-09-24 14:00","45","주간","화","1","1","0","0","0","충북","영동군","차대차","추돌","주정차중 추돌","운전자법규위반","안전운전 의무 불이행","교차로","교차로부근","원동기장치자전거","원동기장치자전거","건설기계","건설기계","1025554","1796432","127.78412266","36.16463949"
"2013","2013-09-27 08:00","20","주간","금","1","1","0","0","0","경북","청도군","차대사람","횡단중","횡단중","운전자법규위반","보행자 보호의무 위반","교차로","교차로내","승용차","소형","보행자","보행자","1113255","1739511","128.75089793","35.64533903"
"2014","2014-06-28 11:00","05","주간","토","1","2","1","0","0","강원","횡성군","차대차","정면충돌","정면충돌","운전자법규위반","중앙선 침범","단일로","기타단일로","승합차","소형","화물차","중형","1027348","1947392","127.80950584","37.52542466"
"2014","2014-06-28 15:00","40","주간","토","1","1","0","0","0","전남","고흥군","차량단독","전도전복","전도전복","운전자법규위반","안전운전 의무 불이행","단일로","기타단일로","이륜차","중형","00","00","974413","1608338","127.22138911","34.46862172"
"2014","2014-06-25 20:00","10","야간","수","1","1","0","0","0","경남","창원시(통합)","차대차","추돌","진행중 추돌","운전자법규위반","안전운전 의무 불이행","단일로","기타단일로","화물차","소형","자전거","자전거","1107962","1708677","128.68843941","35.36790765"
"2014","2014-06-26 21:00","55","야간","목","1","1","0","0","0","경북","고령군","차대차","추돌","진행중 추돌","운전자법규위반","안전운전 의무 불이행","단일로","기타단일로","승용차","소형","농기계","농기계","1070113","1750282","128.27544739","35.74638855"
"2014","2014-06-28 15:00","08","주간","토","1","1","0","0","0","충남","홍성군","차량단독","기타","기타","운전자법규위반","안전운전 의무 불이행","단일로","기타단일로","자전거","자전거","00","00","923750","1845468","126.64735967","36.60299398"
"2014","2014-06-27 07:00","30","주간","금","1","2","1","0","0","부산","사하구","차대차","정면충돌","정면충돌","운전자법규위반","중앙선 침범","단일로","기타단일로","승용차","중형","승용차","중형","1134004","1678317","128.97008609","35.09108034"
"2014","2014-06-25 23:00","40","야간","수","1","1","0","0","0","경북","영양군","차대사람","횡단중","횡단중","운전자법규위반","안전운전 의무 불이행","단일로","기타단일로","승용차","대형","보행자","보행자","1143756","1851878","129.10835031","36.65397954"
"2012","2012-06-10 07:00","20","주간","토","1","1","0","0","0","대전","중구","차대사람","보도통행중","보도통행중","운전자법규위반","보행자 보호의무 위반","단일로","횡단보도상","승용차","경형","보행자","보행자","994517","1813034","127.4389205","36.31463768"
"2012","2012-03-15 14:00","55","주간","목","1","1","0","0","0","대구","달서구","차대차","측면직각충돌","측면직각충돌","운전자법규위반","안전운전 의무 불이행","교차로","교차로내","승합차","대형","자전거","자전거","1093683","1761278","128.53738516","35.84355247"
"2012","2012-03-12 07:00","55","주간","월","1","5","1","1","2","대구","달서구","차대차","측면직각충돌","측면직각충돌","운전자법규위반","교차로 통행방법 위반","교차로","교차로내","이륜차","중형","승용차","소형","1094986","1761732","128.55327804","35.85049152"
"2012","2012-02-29 21:00","41","야간","수","1","1","0","0","0","경북","문경시","차대사람","기타","기타","운전자법규위반","안전운전 의무 불이행","단일로","기타단일로","승용차","대형","보행자","보행자","1066035","1847075","128.23840542","36.61934315"
"2012","2012-01-26 11:00","30","주간","목","1","1","0","0","0","제주","제주시","차대차","측면직각충돌","측면직각충돌","운전자법규위반","교차로 통행방법 위반","교차로","교차로내","화물차","소형","원동기장치자전거","원동기장치자전거","938140","1504869","126.83376343","33.5339689"
"2012","2012-08-10 18:00","30","야간","금","1","2","1","0","0","인천","부평구","차대차","추돌","진행중 추돌","운전자법규위반","안전운전 의무 불이행","고가도로위","고가도로위","이륜차","소형","승용차","중형","932232","1947484","126.73306628","37.52416929"
"2012","2012-01-21 06:00","35","주간","토","1","1","0","0","0","전북","장수군","차대사람","기타","기타","운전자법규위반","안전운전 의무 불이행","단일로","기타단일로","화물차","소형","보행자","보행자","1002560","1723260","127.5282289","35.50524048"
"2012","2012-11-14 18:00","00","야간","수","1","1","0","0","0","경북","울진군","차대차","추돌","진행중 추돌","운전자법규위반","안전운전 의무 불이행","단일로","기타단일로","승용차","중형","건설기계","건설기계","1170180","1890566","129.41250494","36.9981885"
"2012","2012-11-18 23:00","30","야간","일","1","3","2","0","0","경기","의정부시","차대차","정면충돌","정면충돌","운전자법규위반","중앙선 침범","단일로","기타단일로","승용차","소형","승용차","소형","956520","1970874","127.00653085","37.7364515"
"2012","2012-08-25 14:00","45","주간","토","1","1","0","0","0","인천","동구","차대사람","기타","기타","운전자법규위반","보행자 보호의무 위반","교차로","교차로내","건설기계","건설기계","보행자","보행자","924374","1942199","126.64468904","37.47592646"
"2012","2012-09-05 22:00","25","야간","수","1","1","0","0","0","충북","청원군","차대차","추돌","진행중 추돌","운전자법규위반","안전운전 의무 불이행","단일로","교량위","화물차","소형","화물차","중형","986573","1847248","127.34983241","36.62300594"
"2012","2012-09-09 21:00","30","야간","일","1","1","0","0","0","광주","광산구","차대사람","기타","기타","운전자법규위반","안전운전 의무 불이행","단일로","기타단일로","승용차","중형","보행자","보행자","925306","1685561","126.67983484","35.16253778"
"2012","2012-10-19 05:00","18","야간","금","1","1","0","0","0","인천","남구","차대차","측면직각충돌","측면직각충돌","운전자법규위반","안전운전 의무 불이행","단일로","터널안","승용차","중형","이륜차","소형","925649","1939851","126.65934453","37.45486803"
"2013","2013-03-27 16:00","50","주간","수","1","1","0","0","0","경기","용인시","차대사람","차도통행중","차도통행중","운전자법규위반","안전운전 의무 불이행","단일로","기타단일로","승용차","중형","보행자","보행자","969297","1920342","127.15364926","37.28149986"
"2013","2013-03-10 13:00","40","주간","일","1","1","0","0","0","경기","수원시","차대사람","기타","기타","운전자법규위반","안전운전 의무 불이행","교차로","교차로부근","승합차","중형","보행자","보행자","954950","1922304","126.99169126","37.29860045"
"2013","2013-04-15 08:00","45","주간","월","1","2","1","0","0","강원","횡성군","차량단독","도로이탈","도로이탈 추락","운전자법규위반","안전운전 의무 불이행","단일로","기타단일로","화물차","중형","00","00","1043331","1956499","127.99092387","37.60689566"
"2013","2013-03-09 23:00","01","야간","토","2","4","2","0","0","부산","기장군","차량단독","공작물충돌","공작물충돌","운전자법규위반","안전운전 의무 불이행","단일로","기타단일로","승용차","중형","00","00","1151402","1694710","129.16389184","35.23623329"
"2013","2013-03-31 20:00","00","야간","일","1","2","0","1","0","강원","영월군","차대차","기타","기타","운전자법규위반","중앙선 침범","단일로","기타단일로","화물차","소형","화물차","중형","1066020","1919372","128.24460273","37.27095011"
"2013","2013-03-05 07:00","25","주간","화","1","2","0","1","0","경북","경산시","차대차","기타","기타","운전자법규위반","중앙선 침범","단일로","기타단일로","승용차","중형","건설기계","건설기계","1111410","1749167","128.7322771","35.73237062"
"2013","2013-04-04 23:00","32","야간","목","1","1","0","0","0","울산","동구","차량단독","기타","기타","운전자법규위반","안전운전 의무 불이행","단일로","기타단일로","이륜차","중형","00","00","1173476","1728085","129.41346057","35.5335662"
"2013","2013-08-13 04:00","36","야간","화","1","1","0","0","0","부산","동래구","차대사람","차도통행중","차도통행중","운전자법규위반","안전운전 의무 불이행","단일로","횡단보도부근","승용차","중형","보행자","보행자","1142994","1691358","129.07093673","35.20739398"
"2013","2013-07-20 14:00","45","주간","토","1","6","2","3","0","전남","보성군","차대차","측면직각충돌","측면직각충돌","운전자법규위반","교차로 통행방법 위반","교차로","교차로내","승용차","소형","화물차","소형","959895","1630364","127.06226971","34.6667857"
"2014","2014-06-28 11:00","55","주간","토","1","1","0","0","0","경남","거창군","차대사람","차도통행중","차도통행중","운전자법규위반","안전운전 의무 불이행","교차로","교차로내","승용차","소형","보행자","보행자","1047296","1743093","128.05294267","35.7043572"
"2014","2014-06-28 14:00","00","주간","토","1","1","0","0","0","전남","해남군","차량단독","전도전복","전도전복","운전자법규위반","안전운전 의무 불이행","단일로","기타단일로","농기계","농기계","00","00","909001","1626746","126.50722387","34.63090401"
"2012","2012-05-31 21:00","40","야간","목","1","1","0","0","0","충남","당진시","차대차","추돌","진행중 추돌","운전자법규위반","안전운전 의무 불이행","단일로","기타단일로","화물차","중형","화물차","대형","935588","1881845","126.77671657","36.93278217"
"2012","2012-06-24 19:00","55","야간","일","2","8","5","1","0","경기","화성시","차량단독","전도전복","전도전복","운전자법규위반","안전운전 의무 불이행","단일로","기타단일로","승합차","중형","00","00","964038","1908343","127.09490438","37.17315415"
"2012","2012-08-17 03:00","40","야간","금","1","1","0","0","0","경남","창녕군","차대차","기타","기타","운전자법규위반","안전운전 의무 불이행","단일로","기타단일로","화물차","중형","화물차","소형","1091844","1718998","128.51220334","35.46257031"
"2012","2012-04-24 10:00","18","주간","화","1","3","1","1","0","충남","연기군","차대차","측면직각충돌","측면직각충돌","운전자법규위반","신호위반","교차로","교차로내","승용차","소형","특수차","대형","969024","1858126","127.15312683","36.72065954"
"2012","2012-04-28 00:00","50","야간","토","1","2","1","0","0","경기","여주시","차대차","기타","기타","운전자법규위반","안전운전 의무 불이행","단일로","기타단일로","승용차","대형","화물차","중형","1013149","1907604","127.64786892","37.16682243"
"2012","2012-03-29 13:00","45","주간","목","1","2","0","1","0","전북","군산시","차대차","측면직각충돌","측면직각충돌","운전자법규위반","안전운전 의무 불이행","단일로","횡단보도상","승용차","중형","자전거","자전거","931274","1775319","126.73773352","35.97220396"
"2014","2014-09-18 05:00","45","야간","목","1","1","0","0","0","충북","진천군","차대사람","길가장자리구역통행중","길가장자리구역통행중","운전자법규위반","안전운전 의무 불이행","단일로","기타단일로","승용차","대형","보행자","보행자","994116","1866787","127.43404288","36.7992238"
"2014","2014-10-01 17:00","00","주간","수","2","2","0","0","0","경북","구미시","차대차","측면직각충돌","측면직각충돌","운전자법규위반","교차로 통행방법 위반","교차로","교차로내","이륜차","소형","화물차","중형","1072403","1804240","128.3057038","36.23265787"
"2014","2014-10-02 05:00","45","야간","목","1","1","0","0","0","충남","보령시","차대사람","횡단중","횡단중","운전자법규위반","보행자 보호의무 위반","교차로","교차로부근","승용차","중형","보행자","보행자","918887","1816665","126.59609025","36.34396971"
"2014","2014-10-01 18:00","55","야간","수","1","1","0","0","0","전남","여수시","차대사람","기타","기타","운전자법규위반","안전운전 의무 불이행","교차로","교차로부근","승용차","소형","보행자","보행자","1010795","1647786","127.61804788","34.82462269"
"2014","2014-08-16 18:00","30","야간","토","1","4","3","0","0","전남","곡성군","차대차","정면충돌","정면충돌","운전자법규위반","과속","단일로","기타단일로","승용차","소형","승용차","중형","978129","1694674","127.24909182","35.23913886"
"2014","2014-08-26 00:00","15","야간","화","2","2","0","0","0","충남","천안시","차대사람","기타","기타","운전자법규위반","안전운전 의무 불이행","교차로","교차로부근","승용차","대형","보행자","보행자","969273","1872465","127.15533671","36.84992789"
"2014","2014-08-26 03:00","18","야간","화","1","1","0","0","0","경남","진주시","차량단독","도로이탈","도로이탈 추락","운전자법규위반","안전운전 의무 불이행","단일로","교량위","승용차","대형","00","00","1057075","1690991","128.12709057","35.21265327"
"2014","2014-08-26 04:00","45","야간","화","1","1","0","0","0","전남","화순군","차대사람","횡단중","횡단중","운전자법규위반","안전운전 의무 불이행","단일로","기타단일로","승용차","중형","보행자","보행자","952556","1673658","126.97971743","35.05686574"
"2014","2014-08-27 14:00","20","주간","수","1","2","1","0","0","경북","영양군","차대차","정면충돌","정면충돌","운전자법규위반","중앙선 침범","단일로","기타단일로","승용차","중형","승합차","소형","1145186","1854058","129.12542513","36.67434444"
"2014","2014-08-22 10:00","25","주간","금","1","1","0","0","0","전북","군산시","차대차","추돌","진행중 추돌","운전자법규위반","안전운전 의무 불이행","단일로","기타단일로","승용차","소형","승용차","중형","930624","1775081","126.72985184","35.96949399"
"2014","2014-08-22 11:00","30","주간","금","1","1","0","0","0","강원","강릉시","차대차","측면직각충돌","측면직각충돌","운전자법규위반","안전운전 의무 불이행","교차로","교차로내","화물차","소형","농기계","농기계","1133174","1958827","129.00913246","37.61923324"
"2014","2014-08-22 19:00","20","야간","금","1","1","0","0","0","경기","화성시","차대차","측면직각충돌","측면직각충돌","운전자법규위반","안전운전 의무 불이행","교차로","교차로내","이륜차","중형","승용차","중형","937126","1896250","126.79278411","37.06272909"
"2014","2014-08-31 03:00","50","야간","일","1","3","2","0","0","제주","제주시","차대차","추돌","주정차중 추돌","운전자법규위반","안전운전 의무 불이행","단일로","기타단일로","승용차","소형","승합차","대형","903904","1499124","126.46530895","33.47938769"
"2014","2014-09-03 00:00","40","야간","수","1","1","0","0","0","충북","청주시","차대사람","기타","기타","운전자법규위반","안전운전 의무 불이행","단일로","기타단일로","승용차","중형","보행자","보행자","996601","1851918","127.46196483","36.66519441"
"2014","2014-08-29 03:00","41","야간","금","1","1","0","0","0","인천","남동구","차량단독","공작물충돌","공작물충돌","운전자법규위반","안전운전 의무 불이행","교차로","교차로부근","원동기장치자전거","원동기장치자전거","00","00","932078","1939059","126.73210125","37.44822448"
"2014","2014-08-29 19:00","05","야간","금","1","1","0","0","0","제주","제주시","차대사람","횡단중","횡단중","운전자법규위반","보행자 보호의무 위반","단일로","기타단일로","화물차","소형","보행자","보행자","909348","1501812","126.52401426","33.50434369"
"2014","2014-09-07 17:00","30","주간","일","1","1","0","0","0","강원","삼척시","차량단독","기타","기타","운전자법규위반","안전운전 의무 불이행","단일로","기타단일로","화물차","중형","00","00","1152270","1926919","129.21871956","37.32880584"
"2014","2014-09-07 17:00","00","주간","일","1","1","0","0","0","경북","포항시","차량단독","전도전복","전도전복","운전자법규위반","안전운전 의무 불이행","단일로","기타단일로","이륜차","사발이","00","00","1166932","1792992","129.35487876","36.11959914"
"2014","2014-09-15 22:00","25","야간","월","1","2","1","0","0","경남","김해시","차대차","추돌","주정차중 추돌","운전자법규위반","안전운전 의무 불이행","교차로","교차로부근","승용차","중형","승용차","중형","1113785","1695962","128.75075941","35.25263687"
"2014","2014-09-21 01:00","06","야간","일","2","3","1","0","0","전남","영암군","차대차","기타","기타","운전자법규위반","신호위반","교차로","교차로내","승용차","중형","승용차","중형","903314","1643049","126.44332169","34.77737675"
"2014","2014-09-20 21:00","20","야간","토","1","1","0","0","0","전남","순천시","차대사람","차도통행중","차도통행중","운전자법규위반","안전운전 의무 불이행","단일로","기타단일로","승용차","중형","보행자","보행자","978964","1672623","127.2693369","35.04842923"
"2014","2014-09-19 19:00","00","야간","금","1","1","0","0","0","경남","거창군","차대차","추돌","주정차중 추돌","운전자법규위반","안전운전 의무 불이행","단일로","기타단일로","화물차","소형","이륜차","소형","1040901","1739484","127.95182635","35.65068122"
"2014","2014-09-21 02:00","54","야간","일","2","4","0","0","2","경기","성남시","차량단독","공작물충돌","공작물충돌","운전자법규위반","안전운전 의무 불이행","단일로","기타단일로","승용차","중형","00","00","966469","1934908","127.12108889","37.41269582"
"2014","2014-10-02 11:00","35","주간","목","1","3","2","0","0","충북","청주시","차대차","기타","기타","운전자법규위반","중앙선 침범","단일로","기타단일로","승용차","경형","건설기계","건설기계","1000593","1859706","127.50664177","36.73540822"
"2014","2014-10-02 07:00","30","주간","목","1","5","2","2","0","전남","나주시","차대차","정면충돌","정면충돌","운전자법규위반","중앙선 침범","교차로","교차로부근","화물차","소형","화물차","소형","929153","1666356","126.72371449","34.98965457"
"2014","2014-10-02 00:00","48","야간","목","1","1","0","0","0","서울","강서구","차대차","기타","기타","운전자법규위반","신호위반","교차로","교차로내","이륜차","대형","승용차","중형","940529","1951352","126.82664401","37.55960389"
"2014","2014-10-02 02:00","10","야간","목","1","1","0","0","0","충남","금산군","차량단독","공작물충돌","공작물충돌","운전자법규위반","안전운전 의무 불이행","단일로","기타단일로","승용차","중형","00","00","999904","1792676","127.4988886","36.13216837"
"2014","2014-09-17 13:00","30","주간","수","1","1","0","0","0","전북","군산시","차대차","측면직각충돌","측면직각충돌","운전자법규위반","안전운전 의무 불이행","단일로","기타단일로","화물차","소형","자전거","자전거","925514","1773497","126.67402397","35.9553557"