"발생년","발생년월일시","발생분","주야","요일","사망자수","사상자수","중상자수","경상자수","부상신고자수","발생지시도","발생지시군구","사고유형_대분류","사고유형_중분류","사고유형","법규위반_대분류","법규위반","도로형태_대분류","도로형태","당사자종별_1당_대분류","당사자종별_1당","당사자종별_2당_대분류","당사자종별_2당","발생위치X_UTMK","발생위치Y_UTMK","경도","위도"
"2013","2013-05-20 06:00","57","주간","월","1","1","0","0","0","전남","나주시","차대사람","기타","기타","운전자법규위반","안전운전 의무 불이행","단일로","기타단일로","화물차","대형","보행자","보행자","940538","1673591","126.84793671","35.0556248"
"2013","2013-05-26 05:00","26","야간","일","1","1","0","0","0","경기","고양시","차량단독","기타","기타","운전자법규위반","안전운전 의무 불이행","단일로","기타단일로","이륜차","소형","00","00","933649","1964687","126.74754121","37.67931838"
"2013","2013-05-26 23:00","00","야간","일","1","1","0","0","0","경기","평택시","차대사람","기타","기타","운전자법규위반","안전운전 의무 불이행","단일로","기타단일로","승용차","중형","보행자","보행자","946232","1887832","126.89580534","36.98741659"
"2013","2013-05-27 16:00","16","주간","월","1","1","0","0","0","충남","아산시","차량단독","전도전복","전도전복","운전자법규위반","안전운전 의무 불이행","단일로","기타단일로","이륜차","중형","00","00","957839","1880523","127.02663731","36.92212405"
"2013","2013-05-25 04:00","53","야간","토","1","1","0","0","0","인천","부평구","차대사람","기타","기타","운전자법규위반","기타(운전자법규위반)","단일로","기타단일로","승용차","중형","보행자","보행자","931119","1945587","126.72064929","37.50698953"
"2013","2013-05-24 21:00","30","야간","금","1","1","0","0","0","충북","청원군","차대차","측면직각충돌","측면직각충돌","운전자법규위반","안전운전 의무 불이행","교차로","교차로부근","승용차","중형","자전거","자전거","982912","1845211","127.30893328","36.60458382"
"2013","2013-05-31 12:00","15","주간","금","1","1","0","0","0","전북","전주시","차대사람","횡단중","횡단중","운전자법규위반","보행자 보호의무 위반","교차로","교차로내","화물차","소형","보행자","보행자","967995","1759134","127.14566021","35.8281774"
"2013","2013-05-29 18:00","00","야간","수","1","1","0","0","0","경기","양평군","차량단독","전도전복","전도전복","운전자법규위반","안전운전 의무 불이행","단일로","기타단일로","자전거","자전거","00","00","984863","1949568","127.32864419","37.5453195"
"2013","2013-05-28 15:00","47","주간","화","1","1","0","0","0","경기","광주시","차대사람","기타","기타","운전자법규위반","안전운전 의무 불이행","단일로","기타단일로","화물차","소형","보행자","보행자","978711","1934311","127.25944321","37.40767706"
"2013","2013-05-29 12:00","40","주간","수","1","1","0","0","0","충남","금산군","차대사람","기타","기타","운전자법규위반","과속","교차로","교차로내","화물차","소형","보행자","보행자","1000777","1787192","127.50863002","36.08167066"
"2013","2013-05-29 04:00","50","야간","수","1","1","0","0","0","충남","아산시","차대사람","횡단중","횡단중","운전자법규위반","안전운전 의무 불이행","기타/불명","기타/불명","화물차","소형","보행자","보행자","955357","1865033","126.9996824","36.78237809"
"2013","2013-06-07 11:00","35","주간","금","1","1","0","0","0","경기","남양주시","차대차","측면직각충돌","측면직각충돌","운전자법규위반","교차로 통행방법 위반","교차로","교차로내","이륜차","소형","승합차","중형","973589","1958478","127.20069869","37.62537484"
"2014","2014-02-07 23:00","43","야간","금","1","1","0","0","0","부산","진구","차대사람","횡단중","횡단중","운전자법규위반","과속","단일로","횡단보도부근","승용차","중형","보행자","보행자","1141302","1685613","129.0512676","35.1558378"
"2014","2014-02-07 19:00","05","야간","금","1","1","0","0","0","경남","진주시","차대차","측면직각충돌","측면직각충돌","운전자법규위반","신호위반","교차로","교차로내","이륜차","중형","승용차","소형","1051821","1687968","128.06917666","35.18568101"
"2014","2014-02-04 23:00","30","야간","화","1","1","0","0","0","경기","의정부시","차량단독","공작물충돌","공작물충돌","운전자법규위반","안전운전 의무 불이행","단일로","기타단일로","승용차","중형","00","00","961390","1968890","127.06190589","37.71878802"
"2014","2014-02-03 02:00","35","야간","월","1","1","0","0","0","경남","창원시(통합)","차대차","측면직각충돌","측면직각충돌","운전자법규위반","교차로 통행방법 위반","교차로","교차로내","승용차","소형","이륜차","중형","1096508","1688125","128.55995787","35.1837957"
"2014","2014-02-01 19:00","25","야간","토","1","2","1","0","0","서울","도봉구","차대사람","횡단중","횡단중","운전자법규위반","안전운전 의무 불이행","단일로","횡단보도상","승용차","중형","보행자","보행자","959584","1961223","127.04183968","37.64960669"
"2014","2014-02-03 11:00","37","주간","월","1","1","0","0","0","경기","남양주시","차대차","측면직각충돌","측면직각충돌","운전자법규위반","신호위반","교차로","교차로내","이륜차","소형","승용차","중형","966689","1962144","127.12233895","37.65819318"
"2014","2014-01-28 13:00","17","주간","화","1","1","0","0","0","경기","화성시","차대차","추돌","진행중 추돌","운전자법규위반","안전운전 의무 불이행","단일로","기타단일로","화물차","대형","승용차","소형","944918","1905558","126.8797409","37.14711912"
"2014","2014-01-24 09:00","00","주간","금","1","1","0","0","0","경북","경산시","차대차","추돌","진행중 추돌","운전자법규위반","안전운전 의무 불이행","단일로","기타단일로","화물차","대형","화물차","대형","1116461","1765240","128.79014098","35.87682359"
"2014","2014-03-08 14:00","04","주간","토","1","1","0","0","0","경기","성남시","차대사람","횡단중","횡단중","운전자법규위반","안전운전 의무 불이행","단일로","기타단일로","승용차","중형","보행자","보행자","964910","1929651","127.10372156","37.36525345"
"2014","2014-11-17 06:00","40","주간","월","1","1","0","0","0","경기","부천시","차대사람","횡단중","횡단중","운전자법규위반","안전운전 의무 불이행","교차로","교차로부근","승용차","대형","보행자","보행자","939664","1943554","126.81749134","37.48926435"
"2014","2014-11-04 06:00","10","주간","화","1","1","0","0","0","경기","여주시","차대사람","기타","기타","운전자법규위반","안전운전 의무 불이행","교차로","교차로내","화물차","소형","보행자","보행자","1013692","1911670","127.65429668","37.20373614"
"2014","2014-03-28 18:00","10","야간","금","1","2","0","0","1","충북","충주시","차대차","기타","기타","운전자법규위반","서행 및 일시정지위반","교차로","교차로내","화물차","소형","화물차","중형","1021620","1888978","127.74298342","36.999036"
"2014","2014-03-29 09:00","45","주간","토","1","2","0","1","0","경북","영덕군","차대차","측면직각충돌","측면직각충돌","운전자법규위반","신호위반","교차로","교차로내","화물차","소형","승용차","대형","1168844","1818122","129.38153312","36.34570807"
"2014","2014-03-25 00:00","12","야간","화","1","1","0","0","0","부산","동래구","차대차","측면직각충돌","측면직각충돌","운전자법규위반","중앙선 침범","단일로","기타단일로","원동기장치자전거","원동기장치자전거","승용차","중형","1142838","1691373","129.07927836","35.20532898"
"2014","2014-04-06 06:00","40","주간","일","1","1","0","0","0","충남","논산시","차대사람","기타","기타","운전자법규위반","안전운전 의무 불이행","단일로","기타단일로","승용차","대형","보행자","보행자","963557","1801691","127.0945658","36.21170318"
"2014","2014-04-05 21:00","45","야간","토","1","1","0","0","0","경기","시흥시","차대차","추돌","진행중 추돌","운전자법규위반","안전운전 의무 불이행","단일로","기타단일로","화물차","경형","화물차","소형","935829","1928481","126.77542392","37.35315188"
"2014","2014-04-05 12:00","20","주간","토","1","1","0","0","0","충남","천안시","차량단독","공작물충돌","공작물충돌","운전자법규위반","안전운전 의무 불이행","지하도로내","지하도로내","승용차","소형","00","00","970233","1870041","127.16619979","36.82810742"
"2013","2013-07-02 00:00","40","야간","화","1","1","0","0","0","경기","고양시","차량단독","전도전복","전도전복","운전자법규위반","안전운전 의무 불이행","단일로","기타단일로","이륜차","소형","00","00","951936","1963535","126.95499209","37.67007622"
"2013","2013-07-01 20:00","10","야간","월","1","1","0","0","0","경북","경주시","차대사람","기타","기타","운전자법규위반","보행자 보호의무 위반","단일로","기타단일로","승용차","소형","보행자","보행자","1164867","1746802","129.33356588","35.71720843"
"2013","2013-07-02 03:00","10","야간","화","1","2","1","0","0","경남","통영시","차량단독","공작물충돌","공작물충돌","운전자법규위반","안전운전 의무 불이행","단일로","기타단일로","이륜차","소형","00","00","1084050","1652830","128.41957644","34.86668786"
"2013","2013-06-29 22:00","30","야간","토","1","2","0","1","0","경북","포항시","차량단독","공작물충돌","공작물충돌","운전자법규위반","안전운전 의무 불이행","단일로","기타단일로","승용차","중형","00","00","1143338","1797611","129.09365276","36.16499887"
"2013","2013-05-18 08:00","54","주간","토","1","1","0","0","0","경남","창녕군","차대차","기타","기타","운전자법규위반","안전운전 의무 불이행","교차로","교차로부근","승합차","중형","자전거","자전거","1089131","1711145","128.48144828","35.39201879"
"2013","2013-05-18 05:00","39","야간","토","1","1","0","0","0","경기","의정부시","차량단독","공작물충돌","공작물충돌","운전자법규위반","안전운전 의무 불이행","단일로","기타단일로","이륜차","소형","00","00","964925","1968958","127.10201208","37.71954313"
"2013","2013-05-18 08:00","35","주간","토","1","1","0","0","0","인천","남동구","차대사람","차도통행중","차도통행중","운전자법규위반","안전운전 의무 불이행","단일로","기타단일로","승용차","중형","보행자","보행자","929386","1940781","126.70150424","37.46354297"
"2013","2013-05-26 20:00","00","야간","일","1","2","0","1","0","전남","고흥군","차대차","기타","기타","운전자법규위반","중앙선 침범","단일로","기타단일로","이륜차","소형","자전거","자전거","987689","1631845","127.36560714","34.68085298"
"2013","2013-05-23 06:00","30","주간","목","1","1","0","0","0","경기","부천시","차량단독","기타","기타","운전자법규위반","안전운전 의무 불이행","단일로","기타단일로","화물차","소형","00","00","938645","1947040","126.80567446","37.52061651"
"2013","2013-06-01 23:00","24","야간","토","1","1","0","0","0","전북","정읍시","차대사람","기타","기타","운전자법규위반","안전운전 의무 불이행","교차로","교차로내","승용차","중형","보행자","보행자","939663","1729661","126.83421249","35.56112098"
"2013","2013-06-02 01:00","28","야간","일","1","1","0","0","0","경기","안성시","차대사람","기타","기타","운전자법규위반","안전운전 의무 불이행","단일로","기타단일로","승용차","중형","보행자","보행자","970343","1889455","127.16846227","37.00406176"
"2013","2013-06-01 20:00","15","야간","토","1","1","0","0","0","전남","장흥군","차대사람","횡단중","횡단중","운전자법규위반","안전운전 의무 불이행","교차로","교차로내","승용차","중형","보행자","보행자","945239","1632678","126.90216197","34.68697276"
"2013","2013-05-28 23:00","10","야간","화","3","4","1","0","0","전남","영암군","차대차","측면직각충돌","측면직각충돌","운전자법규위반","신호위반","교차로","교차로부근","승용차","중형","승용차","경형","902364","1642752","126.4324557","34.77455874"
"2013","2013-06-05 21:00","13","야간","수","1","1","0","0","0","서울","송파구","차대사람","횡단중","횡단중","운전자법규위반","안전운전 의무 불이행","교차로","교차로부근","승용차","소형","보행자","보행자","968197","1944863","127.14018584","37.50248672"
"2013","2013-06-13 03:00","20","야간","목","1","1","0","0","0","대전","서구","차대사람","기타","기타","운전자법규위반","안전운전 의무 불이행","단일로","기타단일로","화물차","중형","보행자","보행자","984010","1811011","127.32191649","36.29628234"
"2013","2013-06-12 23:00","38","야간","수","1","1","0","0","0","부산","북구","차대사람","횡단중","횡단중","운전자법규위반","안전운전 의무 불이행","단일로","기타단일로","승용차","소형","보행자","보행자","1138009","1698833","129.01218558","35.22869515"
"2013","2013-06-12 23:00","20","야간","수","1","1","0","0","0","경남","창원시(통합)","차대사람","횡단중","횡단중","운전자법규위반","안전운전 의무 불이행","단일로","횡단보도상","승용차","경형","보행자","보행자","1097914","1691660","128.57581792","35.21552955"
"2013","2013-06-13 17:00","45","주간","목","1","1","0","0","0","인천","강화군","차대차","측면직각충돌","측면직각충돌","운전자법규위반","안전운전 의무 불이행","단일로","기타단일로","원동기장치자전거","원동기장치자전거","승용차","소형","892913","1977059","126.28382616","37.78695424"
"2013","2013-07-13 16:00","20","주간","토","1","1","0","0","0","부산","금정구","차대차","기타","기타","운전자법규위반","안전운전 의무 불이행","단일로","기타단일로","승합차","소형","자전거","자전거","1145574","1700162","129.10066713","35.28635425"
"2013","2013-07-13 22:00","15","야간","토","1","1","0","0","0","경북","구미시","차대차","기타","기타","운전자법규위반","안전운전 의무 불이행","교차로","교차로내","승용차","대형","승용차","대형","1083820","1788730","128.43108361","36.09191998"
"2013","2013-07-14 05:00","40","야간","일","1","2","1","0","0","경북","상주시","차대차","추돌","진행중 추돌","운전자법규위반","안전운전 의무 불이행","단일로","기타단일로","승용차","중형","농기계","농기계","1052878","1832066","128.0903324","36.48477295"
"2013","2013-07-14 06:00","10","주간","일","1","2","1","0","0","충북","청원군","차량단독","공작물충돌","공작물충돌","운전자법규위반","안전운전 의무 불이행","교차로","교차로부근","승용차","대형","00","00","993831","1856986","127.43092741","36.71086797"
"2013","2013-07-12 05:00","35","야간","금","1","1","0","0","0","전남","영암군","차량단독","도로이탈","도로이탈 추락","운전자법규위반","안전운전 의무 불이행","단일로","기타단일로","승용차","소형","00","00","920153","1640574","126.62756858","34.75651857"
"2013","2013-06-26 16:00","50","주간","수","1","1","0","0","0","경북","안동시","차량단독","도로이탈","도로이탈 추락","운전자법규위반","안전운전 의무 불이행","교차로","교차로내","농기계","농기계","00","00","1103573","1832457","128.68093412","36.50446736"
"2013","2013-06-26 22:00","05","야간","수","1","1","0","0","0","충북","충주시","차대사람","횡단중","횡단중","운전자법규위반","안전운전 의무 불이행","기타/불명","기타/불명","승합차","중형","보행자","보행자","1038473","1884426","127.93215542","36.9574645"
"2013","2013-06-26 16:00","35","주간","수","1","1","0","0","0","전남","순천시","차대차","기타","기타","운전자법규위반","안전운전 의무 불이행","단일로","기타단일로","화물차","소형","자전거","자전거","999771","1661640","127.49749199","34.9496099"
"2013","2013-06-26 18:00","22","야간","수","1","2","1","0","0","강원","철원군","차대차","측면직각충돌","측면직각충돌","운전자법규위반","교차로 통행방법 위반","교차로","교차로내","화물차","소형","원동기장치자전거","원동기장치자전거","975316","2022619","127.21807183","38.20352074"
"2013","2013-06-27 09:00","20","주간","목","1","1","0","0","0","서울","동대문구","차대차","기타","기타","운전자법규위반","교차로 통행방법 위반","교차로","교차로내","화물차","소형","자전거","자전거","960212","1953363","127.04938626","37.57879027"
"2013","2013-06-27 14:00","35","주간","목","1","1","0","0","0","경북","칠곡군","차대사람","보도통행중","보도통행중","운전자법규위반","신호위반","교차로","교차로내","건설기계","건설기계","보행자","보행자","1080488","1786686","128.39386684","36.07377574"
"2013","2013-06-25 21:00","10","야간","화","1","1","0","0","0","충남","논산시","차대사람","횡단중","횡단중","운전자법규위반","안전운전 의무 불이행","교차로","교차로내","승용차","소형","보행자","보행자","962550","1800806","127.08340531","36.20368608"
"2013","2013-06-28 08:00","50","주간","금","1","10","2","6","1","서울","강서구","차대차","측면직각충돌","측면직각충돌","운전자법규위반","안전거리 미확보","단일로","기타단일로","승용차","중형","승합차","대형","939499","1951505","126.81549911","37.5608819"
"2013","2013-06-26 10:00","10","주간","수","1","1","0","0","0","경기","포천시","차대차","측면직각충돌","측면직각충돌","운전자법규위반","안전운전 의무 불이행","교차로","교차로내","승용차","중형","자전거","자전거","973845","1988088","127.20253299","37.8922615"
"2013","2013-06-25 23:00","05","야간","화","1","2","0","1","0","전남","장성군","차량단독","전도전복","전도전복","운전자법규위반","안전운전 의무 불이행","단일로","기타단일로","승용차","중형","00","00","933536","1700106","126.76918406","35.29419586"
"2013","2013-06-27 22:00","15","야간","목","1","1","0","0","0","충남","천안시","차대차","기타","기타","운전자법규위반","신호위반","교차로","교차로내","화물차","소형","원동기장치자전거","원동기장치자전거","971870","1873047","127.18444516","36.85525522"
"2013","2013-06-24 20:00","00","야간","월","1","1","0","0","0","경북","봉화군","차량단독","도로이탈","도로이탈 추락","운전자법규위반","안전운전 의무 불이행","교차로","교차로내","자전거","자전거","00","00","1121975","1880051","128.86924192","36.9109209"
"2013","2013-06-24 12:00","20","주간","월","1","1","0","0","0","충남","부여군","차대사람","기타","기타","운전자법규위반","안전운전 의무 불이행","교차로","교차로내","승합차","대형","보행자","보행자","947075","1809700","126.91066641","36.28314343"
"2013","2013-06-25 15:00","25","주간","화","1","1","0","0","0","충북","진천군","차대사람","보도통행중","보도통행중","운전자법규위반","안전운전 의무 불이행","교차로","교차로부근","건설기계","건설기계","보행자","보행자","994389","1873482","127.43705367","36.85957877"
"2012","2012-11-22 11:00","47","주간","목","2","18","9","6","1","서울","서초구","차대차","추돌","주정차중 추돌","운전자법규위반","안전운전 의무 불이행","단일로","기타단일로","승합차","중형","승용차","소형","961491","1937497","127.0647022","37.43583817"
"2012","2012-05-21 19:00","45","야간","월","1","2","0","1","0","경남","양산시","차대차","측면직각충돌","측면직각충돌","운전자법규위반","신호위반","교차로","교차로내","승용차","중형","이륜차","대형","1152830","1715952","129.1835444","35.42761158"
"2012","2012-03-21 00:00","25","야간","수","1","1","0","0","0","인천","남동구","차대차","기타","기타","운전자법규위반","차로위반(진로변경 위반)","교차로","교차로부근","원동기장치자전거","원동기장치자전거","화물차","소형","929498","1938521","126.70298679","37.44318245"
"2012","2012-01-20 10:00","25","주간","금","1","1","0","0","0","경남","거창군","차대차","측면직각충돌","측면직각충돌","운전자법규위반","안전운전 의무 불이행","교차로","교차로내","원동기장치자전거","원동기장치자전거","화물차","소형","1038448","1744573","127.92497233","35.6966632"
"2012","2012-10-18 19:00","10","야간","목","1","1","0","0","0","전남","순천시","차대사람","기타","기타","운전자법규위반","보행자 보호의무 위반","단일로","기타단일로","승용차","중형","보행자","보행자","995895","1653837","127.45622924","34.87952652"
"2012","2012-10-06 05:00","52","야간","토","1","1","0","0","0","대구","달서구","차량단독","전도전복","전도전복","운전자법규위반","안전운전 의무 불이행","단일로","기타단일로","이륜차","소형","00","00","1089574","1762854","128.49230041","35.85813303"
"2012","2012-01-07 03:00","15","야간","토","1","1","0","0","0","대구","달성군","차량단독","전도전복","전도전복","운전자법규위반","안전운전 의무 불이행","단일로","기타단일로","화물차","소형","00","00","1088095","1752897","128.47459201","35.76851659"
"2012","2012-08-04 16:00","50","주간","토","1","1","0","0","0","부산","기장군","차량단독","기타","기타","운전자법규위반","안전운전 의무 불이행","교차로","교차로부근","이륜차","중형","00","00","1155845","1692917","129.21235954","35.21953165"
"2012","2012-11-22 18:00","45","야간","목","1","2","1","0","0","충남","공주시","차대차","정면충돌","정면충돌","운전자법규위반","중앙선 침범","단일로","기타단일로","화물차","소형","건설기계","건설기계","959474","1829463","127.04769778","36.46190957"
"2012","2012-06-21 18:00","10","야간","목","1","1","0","0","0","경북","울진군","차량단독","도로이탈","도로이탈 기타","운전자법규위반","안전운전 의무 불이행","단일로","기타단일로","농기계","농기계","00","00","1166836","1899430","129.3769085","37.07864841"
"2012","2012-07-01 15:00","20","주간","일","1","2","1","0","0","경기","시흥시","차대차","기타","기타","운전자법규위반","신호위반","교차로","교차로내","이륜차","중형","이륜차","중형","936446","1927891","126.78244079","37.34787657"
"2013","2013-02-19 14:00","50","주간","화","1","1","0","0","0","경기","여주시","차대사람","기타","기타","운전자법규위반","안전운전 의무 불이행","단일로","기타단일로","승용차","대형","보행자","보행자","1013268","1916821","127.64961029","37.25017366"
"2013","2013-05-06 05:00","23","야간","월","1","1","0","0","0","전남","진도군","차대차","추돌","진행중 추돌","운전자법규위반","안전운전 의무 불이행","단일로","기타단일로","승용차","중형","농기계","농기계","884657","1609076","126.24401751","34.46920431"
"2013","2013-05-06 12:00","50","주간","월","2","2","0","0","0","충남","금산군","차량단독","도로이탈","도로이탈 기타","운전자법규위반","안전운전 의무 불이행","단일로","기타단일로","이륜차","소형","00","00","996462","1792323","127.46068096","36.12792452"
"2013","2013-04-28 19:00","25","야간","일","1","1","0","0","0","경기","이천시","차량단독","도로이탈","도로이탈 기타","운전자법규위반","안전운전 의무 불이행","단일로","기타단일로","이륜차","중형","00","00","993840","1920636","127.43050801","37.28463627"
"2013","2013-05-05 17:00","30","주간","일","1","7","5","1","0","경북","상주시","차대차","정면충돌","정면충돌","운전자법규위반","중앙선 침범","단일로","기타단일로","승용차","중형","승합차","대형","1054526","1823560","128.10813106","36.40800096"
"2013","2013-05-01 05:00","38","야간","수","1","1","0","0","0","대구","달서구","차대차","측면직각충돌","측면직각충돌","운전자법규위반","안전운전 의무 불이행","교차로","교차로내","승용차","중형","이륜차","소형","1095087","1760716","128.55286285","35.83835102"
"2013","2013-11-12 22:00","00","야간","화","1","1","0","0","0","경기","양주시","차대사람","횡단중","횡단중","운전자법규위반","신호위반","단일로","횡단보도부근","승용차","중형","보행자","보행자","960608","1975493","127.04973867","37.78041086"
"2013","2013-11-20 18:00","20","야간","수","1","1","0","0","0","경남","통영시","차대사람","횡단중","횡단중","운전자법규위반","안전운전 의무 불이행","단일로","기타단일로","승용차","중형","보행자","보행자","1084684","1652508","128.42647956","34.86373191"
"2013","2013-10-28 00:00","45","야간","월","1","1","0","0","0","서울","종로구","차대사람","보도통행중","보도통행중","운전자법규위반","안전운전 의무 불이행","단일로","횡단보도상","승합차","대형","보행자","보행자","957509","1952832","127.01880554","37.57388342"
"2013","2013-03-25 19:00","00","야간","월","1","1","0","0","0","경북","포항시","차대사람","기타","기타","운전자법규위반","안전운전 의무 불이행","단일로","기타단일로","승용차","대형","보행자","보행자","1167096","1782074","129.35438868","36.02118775"
"2013","2013-04-11 20:00","10","야간","목","1","1","0","0","0","서울","강남구","차대사람","횡단중","횡단중","운전자법규위반","안전운전 의무 불이행","교차로","교차로부근","승용차","중형","보행자","보행자","961538","1942308","127.06498235","37.47920393"
"2013","2013-04-11 04:00","19","야간","목","1","1","0","0","0","경기","고양시","차량단독","전도전복","전도전복","운전자법규위반","안전운전 의무 불이행","단일로","기타단일로","이륜차","소형","00","00","936217","1964483","126.77592825","37.67678311"
"2013","2013-02-22 02:00","30","야간","금","1","1","0","0","0","경기","고양시","차량단독","공작물충돌","공작물충돌","운전자법규위반","안전운전 의무 불이행","단일로","기타단일로","승용차","중형","00","00","930214","1966726","126.70839433","37.69743994"
"2012","2012-10-17 14:00","50","주간","수","1","1","0","0","0","서울","구로구","차대사람","횡단중","횡단중","운전자법규위반","안전운전 의무 불이행","교차로","교차로부근","화물차","소형","보행자","보행자","946872","1942510","126.89909777","37.48029746"
"2012","2012-06-20 15:00","50","주간","수","1","1","0","0","0","경기","이천시","차량단독","전도전복","전도전복","운전자법규위반","안전운전 의무 불이행","단일로","기타단일로","이륜차","중형","00","00","998428","1906245","127.48229634","37.15493351"
"2013","2013-01-30 19:00","00","야간","수","1","1","0","0","0","충남","천안시","차대사람","횡단중","횡단중","운전자법규위반","안전운전 의무 불이행","단일로","기타단일로","승용차","대형","보행자","보행자","971400","1875673","127.1790739","36.87891316"
"2013","2013-06-04 20:00","00","야간","화","1","1","0","0","0","전북","정읍시","차대사람","횡단중","횡단중","운전자법규위반","안전운전 의무 불이행","단일로","기타단일로","승용차","소형","보행자","보행자","938776","1725376","126.82474943","35.52243296"
"2013","2013-06-02 15:00","55","주간","일","1","1","0","0","0","경북","청도군","차대차","측면직각충돌","측면직각충돌","운전자법규위반","중앙선 침범","단일로","기타단일로","농기계","농기계","승용차","소형","1099842","1737823","128.6023255","35.63158971"
"2013","2013-06-02 15:00","05","주간","일","1","1","0","0","0","경북","상주시","차대차","추돌","주정차중 추돌","운전자법규위반","안전운전 의무 불이행","교차로","교차로부근","이륜차","소형","승용차","경형","1059031","1825878","128.15854906","36.42863065"
"2013","2013-06-09 12:00","50","주간","일","1","1","0","0","0","제주","제주시","차량단독","공작물충돌","공작물충돌","운전자법규위반","안전운전 의무 불이행","단일로","기타단일로","농기계","농기계","00","00","893691","1497405","126.35599623","33.4631595"
"2013","2013-06-10 06:00","00","주간","월","1","1","0","0","0","경남","창원시(통합)","차대차","기타","기타","운전자법규위반","신호위반","교차로","교차로내","승용차","소형","승용차","중형","1103098","1694307","128.63309856","35.23887365"
"2013","2013-06-08 02:00","55","야간","토","1","1","0","0","0","서울","영등포구","차대사람","횡단중","횡단중","운전자법규위반","과속","단일로","횡단보도부근","승용차","소형","보행자","보행자","947915","1946955","126.91057916","37.52042049"
"2013","2013-06-18 05:00","30","야간","화","1","1","0","0","0","경북","성주군","차량단독","공작물충돌","공작물충돌","운전자법규위반","안전운전 의무 불이행","단일로","기타단일로","승용차","경형","00","00","1069355","1782114","128.26983763","36.03341722"
"2013","2013-06-18 01:00","30","야간","화","1","1","0","0","0","경남","함양군","차량단독","공작물충돌","공작물충돌","운전자법규위반","안전운전 의무 불이행","단일로","기타단일로","화물차","소형","00","00","1016158","1729439","127.67830717","35.56101513"
"2013","2013-06-16 23:00","37","야간","일","1","1","0","0","0","경남","창원시(통합)","차대사람","기타","기타","운전자법규위반","안전운전 의무 불이행","교차로","교차로내","승용차","대형","보행자","보행자","1108151","1698821","128.68921755","35.27903524"
"2013","2013-06-17 09:00","50","주간","월","1","1","0","0","0","경기","남양주시","차량단독","공작물충돌","공작물충돌","운전자법규위반","안전운전 의무 불이행","단일로","기타단일로","자전거","자전거","00","00","987357","1959986","127.35669706","37.63925971"
"2013","2013-06-14 23:00","00","야간","금","1","1","0","0","0","경남","창녕군","차대사람","길가장자리구역통행중","길가장자리구역통행중","운전자법규위반","안전운전 의무 불이행","단일로","기타단일로","화물차","소형","보행자","보행자","1086661","1733383","128.45662743","35.59272223"
"2013","2013-06-15 10:00","10","주간","토","1","1","0","0","0","부산","진구","차대차","기타","기타","운전자법규위반","중앙선 침범","단일로","기타단일로","승용차","경형","이륜차","중형","1139611","1687385","129.03323354","35.17156338"
"2013","2013-06-21 19:00","42","야간","금","1","1","0","0","0","울산","남구","차대사람","기타","기타","운전자법규위반","안전운전 의무 불이행","단일로","기타단일로","화물차","소형","보행자","보행자","1164139","1729053","129.31071576","35.54387976"
"2013","2013-07-03 09:00","45","주간","수","1","1","0","0","0","대전","유성구","차대차","측면직각충돌","측면직각충돌","운전자법규위반","안전운전 의무 불이행","교차로","교차로내","승용차","중형","원동기장치자전거","원동기장치자전거","991243","1823451","127.40746341","36.41677084"
"2013","2013-07-03 04:00","40","야간","수","1","1","0","0","0","서울","동대문구","차대차","추돌","진행중 추돌","운전자법규위반","안전운전 의무 불이행","기타/불명","기타/불명","화물차","중형","자전거","자전거","959181","1952707","127.0377467","37.57283243"
"2012","2012-01-03 19:00","05","야간","화","1","1","0","0","0","서울","도봉구","차대사람","횡단중","횡단중","운전자법규위반","안전운전 의무 불이행","단일로","기타단일로","화물차","소형","보행자","보행자","958953","1962583","127.03458713","37.66191758"
"2012","2012-05-09 21:00","30","야간","수","1","1","0","0","0","경북","포항시","차대사람","기타","기타","운전자법규위반","안전운전 의무 불이행","단일로","기타단일로","이륜차","소형","보행자","보행자","1171543","1773366","129.40183181","35.94194695"
"2012","2012-05-10 19:00","57","야간","목","1","2","0","1","0","경북","고령군","차대사람","보도통행중","보도통행중","운전자법규위반","기타(운전자법규위반)","단일로","기타단일로","승용차","대형","보행자","보행자","1067002","1742567","128.24039886","35.67704988"
"2012","2012-05-21 00:00","40","야간","월","1","1","0","0","0","부산","사하구","차대사람","횡단중","횡단중","운전자법규위반","안전운전 의무 불이행","단일로","기타단일로","승용차","대형","보행자","보행자","1136472","1679561","128.99735809","35.10196277"
"2012","2012-01-19 02:00","00","야간","목","1","1","0","0","0","서울","동대문구","차량단독","공작물충돌","공작물충돌","운전자법규위반","안전운전 의무 불이행","교차로","교차로부근","승용차","중형","00","00","959609","1954741","127.04248125","37.59118426"
"2012","2012-08-18 08:00","40","주간","토","1","1","0","0","0","대전","동구","차대사람","횡단중","횡단중","운전자법규위반","안전운전 의무 불이행","교차로","교차로내","승용차","경형","보행자","보행자","994062","1816329","127.43382678","36.34434086"
"2012","2012-11-02 18:00","27","야간","금","1","1","0","0","0","제주","제주시","차대사람","기타","기타","운전자법규위반","안전운전 의무 불이행","교차로","교차로부근","승용차","중형","보행자","보행자","938124","1504877","126.83359056","33.53404013"
"2012","2012-10-20 17:00","45","주간","토","1","4","2","1","0","경북","영주시","차대차","추돌","주정차중 추돌","운전자법규위반","안전운전 의무 불이행","단일로","기타단일로","화물차","소형","화물차","소형","1091500","1873862","128.52645312","36.85858879"