"발생년","발생년월일시","발생분","주야","요일","사망자수","사상자수","중상자수","경상자수","부상신고자수","발생지시도","발생지시군구","사고유형_대분류","사고유형_중분류","사고유형","법규위반_대분류","법규위반","도로형태_대분류","도로형태","당사자종별_1당_대분류","당사자종별_1당","당사자종별_2당_대분류","당사자종별_2당","발생위치X_UTMK","발생위치Y_UTMK","경도","위도"
"2013","2013-03-29 12:00","50","주간","금","1","1","0","0","0","충남","부여군","차대차","기타","기타","운전자법규위반","직진 및 우회전차의 통행방해","교차로","교차로내","이륜차","소형","화물차","소형","948865","1795614","126.93151718","36.15625235"
"2013","2013-04-10 13:00","40","주간","수","1","1","0","0","0","경남","창원시(통합)","차대사람","횡단중","횡단중","운전자법규위반","보행자 보호의무 위반","교차로","교차로부근","건설기계","건설기계","보행자","보행자","1092024","1695736","128.51156768","35.25283521"
"2013","2013-07-28 21:00","40","야간","일","1","1","0","0","0","대구","달서구","차대사람","횡단중","횡단중","운전자법규위반","안전운전 의무 불이행","단일로","기타단일로","이륜차","소형","보행자","보행자","1089892","1762575","128.49555802","35.85559971"
"2013","2013-08-07 22:00","55","야간","수","1","1","0","0","0","전남","해남군","차대차","추돌","진행중 추돌","운전자법규위반","안전운전 의무 불이행","단일로","기타단일로","승용차","중형","자전거","자전거","912598","1607628","126.54842555","34.45883263"
"2014","2014-06-27 21:00","40","야간","금","1","1","0","0","0","경남","거제시","차대차","기타","기타","운전자법규위반","안전운전 의무 불이행","기타/불명","기타/불명","승용차","중형","승합차","중형","1104078","1656754","128.63915275","34.90021165"
"2014","2014-06-26 19:00","15","야간","목","1","1","0","0","0","광주","남구","차대차","추돌","주정차중 추돌","운전자법규위반","기타(운전자법규위반)","단일로","기타단일로","화물차","소형","승용차","중형","946171","1683327","126.90907225","35.14372879"
"2014","2014-06-28 15:00","30","주간","토","1","1","0","0","0","경남","함안군","차대차","측면직각충돌","측면직각충돌","운전자법규위반","안전운전 의무 불이행","교차로","교차로내","이륜차","소형","화물차","소형","1077545","1698086","128.35264734","35.27524866"
"2014","2014-08-24 13:00","00","주간","일","1","1","0","0","0","충남","청양군","차량단독","전도전복","전도전복","운전자법규위반","안전운전 의무 불이행","단일로","기타단일로","이륜차","소형","00","00","940481","1834355","126.83535513","36.50501753"
"2014","2014-08-23 12:00","50","주간","토","1","1","0","0","0","충남","공주시","차대사람","횡단중","횡단중","운전자법규위반","안전운전 의무 불이행","단일로","기타단일로","승용차","중형","보행자","보행자","968134","1830186","127.14431855","36.4687546"
"2014","2014-08-31 15:00","40","주간","일","1","1","0","0","0","충남","공주시","차대사람","보도통행중","보도통행중","운전자법규위반","과속","단일로","횡단보도상","승용차","중형","보행자","보행자","960492","1848628","127.05807672","36.63472164"
"2014","2014-09-01 04:00","00","야간","월","1","1","0","0","0","전남","여수시","차량단독","공작물충돌","공작물충돌","운전자법규위반","기타(운전자법규위반)","단일로","기타단일로","특수차","대형","00","00","1012038","1645711","127.63282961","34.76142916"
"2014","2014-09-01 04:00","50","야간","월","1","1","0","0","0","충북","청주시","차대사람","횡단중","횡단중","운전자법규위반","보행자 보호의무 위반","교차로","교차로부근","승용차","중형","보행자","보행자","993065","1849462","127.42241886","36.64303449"
"2014","2014-09-02 23:00","45","야간","화","1","1","0","0","0","경북","구미시","차대사람","횡단중","횡단중","운전자법규위반","안전운전 의무 불이행","기타/불명","기타/불명","승용차","중형","보행자","보행자","1079504","1789911","128.38318076","36.102123"
"2014","2014-09-03 03:00","49","야간","수","2","3","1","0","0","전남","여수시","차대사람","기타","기타","운전자법규위반","안전운전 의무 불이행","단일로","기타단일로","승용차","중형","보행자","보행자","1020914","1638459","127.72781635","34.74071893"
"2014","2014-09-07 02:00","55","야간","일","1","1","0","0","0","충남","천안시","차대사람","횡단중","횡단중","운전자법규위반","보행자 보호의무 위반","교차로","교차로부근","승용차","중형","보행자","보행자","970889","1870640","127.17353297","36.83352755"
"2014","2014-09-07 04:00","00","야간","일","1","1","0","0","0","경북","구미시","차대사람","기타","기타","운전자법규위반","안전운전 의무 불이행","단일로","기타단일로","승용차","중형","보행자","보행자","1082804","1790249","128.41995868","36.10570035"
"2014","2014-09-13 22:00","10","야간","토","1","1","0","0","0","서울","구로구","차대사람","횡단중","횡단중","운전자법규위반","안전운전 의무 불이행","단일로","횡단보도부근","승합차","대형","보행자","보행자","945959","1945113","126.88858064","37.50370576"
"2014","2014-09-13 00:00","13","야간","토","1","4","0","3","0","전남","여수시","차대차","기타","기타","운전자법규위반","안전운전 의무 불이행","기타/불명","기타/불명","특수차","대형","승용차","중형","1012501","1645558","127.63667049","34.80451175"
"2014","2014-09-20 18:00","45","야간","토","1","1","0","0","0","경남","김해시","차대사람","횡단중","횡단중","운전자법규위반","안전운전 의무 불이행","교차로","교차로내","승용차","중형","보행자","보행자","1124039","1694139","128.86317216","35.23498605"
"2014","2014-09-20 20:00","32","야간","토","1","1","0","0","0","경남","진주시","차대사람","횡단중","횡단중","운전자법규위반","안전운전 의무 불이행","단일로","횡단보도상","승용차","중형","보행자","보행자","1051528","1688738","128.06600678","35.19263897"
"2014","2014-09-21 17:00","30","주간","일","2","3","1","0","0","인천","강화군","차대차","정면충돌","정면충돌","운전자법규위반","중앙선 침범","단일로","기타단일로","승용차","중형","승용차","중형","901727","1967313","126.38522565","37.70011803"
"2014","2014-09-21 11:00","20","주간","일","1","1","0","0","0","경기","수원시","차대차","기타","기타","운전자법규위반","안전운전 의무 불이행","단일로","기타단일로","승합차","대형","자전거","자전거","954424","1919467","126.98593049","37.27300314"
"2014","2014-09-22 18:00","14","야간","월","1","2","1","0","0","전남","해남군","차량단독","전도전복","전도전복","운전자법규위반","안전운전 의무 불이행","단일로","기타단일로","화물차","중형","00","00","905063","1616442","126.46541948","34.53763991"
"2014","2014-10-04 00:00","15","야간","토","1","3","2","0","0","인천","서구","차대차","추돌","주정차중 추돌","운전자법규위반","안전운전 의무 불이행","단일로","기타단일로","승용차","대형","화물차","대형","924801","1946674","126.64906028","37.51629304"
"2014","2014-09-18 23:00","35","야간","목","1","1","0","0","0","충북","제천시","차대사람","기타","기타","운전자법규위반","안전운전 의무 불이행","단일로","기타단일로","승용차","중형","보행자","보행자","1061229","1897343","128.18880301","37.0726899"
"2014","2014-09-18 22:00","30","야간","목","1","1","0","0","0","경남","창원시(통합)","차량단독","공작물충돌","공작물충돌","운전자법규위반","안전운전 의무 불이행","단일로","기타단일로","화물차","소형","00","00","1087585","1677537","128.46084615","35.08915266"
"2014","2014-09-18 19:00","00","야간","목","1","1","0","0","0","경북","구미시","차대사람","횡단중","횡단중","운전자법규위반","안전운전 의무 불이행","단일로","기타단일로","승합차","중형","보행자","보행자","1082441","1793687","128.41628627","36.13672346"
"2014","2014-09-18 20:00","10","야간","목","1","2","0","1","0","제주","제주시","차대차","정면충돌","정면충돌","운전자법규위반","중앙선 침범","단일로","기타단일로","화물차","소형","화물차","소형","925863","1506896","126.70138141","33.55146796"
"2014","2014-09-30 02:00","03","야간","화","1","1","0","0","0","경남","거제시","차대사람","보도통행중","보도통행중","운전자법규위반","보행자 보호의무 위반","교차로","교차로부근","승용차","중형","보행자","보행자","1109081","1656127","128.69477385","34.88965979"
"2014","2014-09-28 15:00","30","주간","일","1","2","0","1","0","경남","함안군","차대차","정면충돌","정면충돌","운전자법규위반","중앙선 침범","단일로","기타단일로","승용차","중형","승용차","중형","1093466","1702620","128.52820089","35.31476482"
"2014","2014-09-30 06:00","00","주간","화","1","1","0","0","0","인천","연수구","차량단독","전도전복","전도전복","운전자법규위반","안전운전 의무 불이행","단일로","기타단일로","승용차","중형","00","00","926971","1931818","126.67379383","37.38391618"
"2014","2014-09-29 20:00","05","야간","월","1","1","0","0","0","인천","남구","차대사람","기타","기타","운전자법규위반","안전운전 의무 불이행","단일로","기타단일로","승용차","중형","보행자","보행자","925444","1938083","126.65720569","37.43891694"
"2014","2014-09-29 19:00","10","야간","월","1","2","1","0","0","경남","함양군","차량단독","공작물충돌","공작물충돌","운전자법규위반","안전운전 의무 불이행","단일로","기타단일로","화물차","중형","00","00","1018020","1718132","127.69859069","35.45884267"
"2014","2014-09-29 21:00","47","야간","월","1","3","1","1","0","강원","강릉시","차대차","추돌","진행중 추돌","운전자법규위반","안전운전 의무 불이행","단일로","기타단일로","승용차","중형","승용차","중형","1123547","1974440","128.90261401","37.76127809"
"2014","2014-09-29 15:00","00","주간","월","1","1","0","0","0","충남","천안시","차대차","기타","기타","운전자법규위반","안전운전 의무 불이행","교차로","교차로부근","원동기장치자전거","원동기장치자전거","화물차","소형","968031","1868457","127.1415741","36.81375653"
"2014","2014-09-29 14:00","10","주간","월","1","1","0","0","0","경남","진주시","차량단독","기타","기타","운전자법규위반","기타(운전자법규위반)","단일로","기타단일로","승합차","대형","00","00","1055034","1687297","128.1044202","35.17945985"
"2014","2014-09-26 07:00","33","주간","금","1","1","0","0","0","울산","북구","차대차","측면직각충돌","측면직각충돌","운전자법규위반","부당한 회전","교차로","교차로내","이륜차","중형","승용차","중형","1167155","1737962","129.34581392","35.62366252"
"2014","2014-09-26 19:00","55","야간","금","1","1","0","0","0","대구","서구","차대사람","횡단중","횡단중","운전자법규위반","안전운전 의무 불이행","단일로","횡단보도상","승용차","중형","보행자","보행자","1095233","1764686","128.55495329","35.87412492"
"2014","2014-09-28 09:00","15","주간","일","1","1","0","0","0","광주","서구","차대사람","보도통행중","보도통행중","운전자법규위반","안전운전 의무 불이행","단일로","기타단일로","화물차","소형","보행자","보행자","945638","1684104","126.90317018","35.15070611"
"2014","2014-09-26 05:00","54","야간","금","1","1","0","0","0","경남","통영시","차대사람","횡단중","횡단중","운전자법규위반","안전운전 의무 불이행","단일로","기타단일로","승용차","중형","보행자","보행자","1083205","1649595","128.41001125","34.83758898"
"2014","2014-09-27 23:00","50","야간","토","1","5","2","2","0","대구","달서구","차대차","측면직각충돌","측면직각충돌","운전자법규위반","신호위반","교차로","교차로내","이륜차","소형","승용차","중형","1093678","1762015","128.53738783","35.85004916"
"2014","2014-09-28 18:00","55","야간","일","1","3","2","0","0","경기","광주시","차대차","정면충돌","정면충돌","운전자법규위반","중앙선 침범","단일로","기타단일로","승용차","소형","승용차","경형","979776","1940771","127.27130006","37.46592938"
"2014","2014-08-22 02:00","20","야간","금","1","1","0","0","0","충북","청주시","차대사람","횡단중","횡단중","운전자법규위반","안전운전 의무 불이행","단일로","기타단일로","승용차","중형","보행자","보행자","997426","1843875","127.46603939","36.58561123"
"2014","2014-08-19 06:00","40","주간","화","1","2","1","0","0","서울","강서구","차대사람","기타","기타","운전자법규위반","안전운전 의무 불이행","단일로","횡단보도상","승합차","대형","보행자","보행자","945047","1949941","126.87790158","37.54716713"
"2014","2014-08-16 18:00","55","야간","토","1","1","0","0","0","서울","관악구","차대사람","차도통행중","차도통행중","운전자법규위반","안전운전 의무 불이행","단일로","기타단일로","승용차","중형","보행자","보행자","948741","1941156","126.92033028","37.46819915"
"2014","2014-08-16 01:00","52","야간","토","1","1","0","0","0","경기","연천군","차대사람","횡단중","횡단중","운전자법규위반","안전운전 의무 불이행","단일로","횡단보도상","승용차","소형","보행자","보행자","961764","2003739","127.06430335","38.03289184"
"2014","2014-12-17 16:00","49","주간","수","1","1","0","0","0","전남","장흥군","차량단독","도로이탈","도로이탈 추락","운전자법규위반","안전운전 의무 불이행","단일로","기타단일로","승용차","중형","00","00","943189","1609430","126.88133825","34.47722132"
"2014","2014-12-26 07:00","18","주간","금","1","1","0","0","0","경기","파주시","차대차","기타","기타","운전자법규위반","안전운전 의무 불이행","단일로","기타단일로","이륜차","소형","화물차","대형","929139","1977418","126.69476544","37.79120974"
"2014","2014-11-26 20:00","05","야간","수","1","1","0","0","0","경북","경주시","차대사람","기타","기타","운전자법규위반","안전운전 의무 불이행","단일로","기타단일로","원동기장치자전거","원동기장치자전거","보행자","보행자","1153878","1762845","129.20403523","35.85007368"
"2014","2014-12-29 10:00","00","주간","월","1","2","0","1","0","경북","경주시","차대차","기타","기타","운전자법규위반","중앙선 침범","단일로","기타단일로","승용차","중형","화물차","소형","1154762","1779491","129.21706156","35.99994831"
"2012","2012-08-05 13:00","50","주간","일","1","1","0","0","0","충북","음성군","차대차","기타","기타","운전자법규위반","앞지르기 금지위반","교차로","교차로내","승용차","소형","이륜차","중형","999828","1891241","127.4980664","37.01968431"
"2014","2014-08-20 10:00","00","주간","수","1","1","0","0","0","전북","정읍시","차대사람","기타","기타","운전자법규위반","안전운전 의무 불이행","교차로","교차로내","승용차","중형","보행자","보행자","944761","1726660","126.88490448","35.54231146"
"2014","2014-08-26 15:00","25","주간","화","1","1","0","0","0","전북","고창군","차대차","정면충돌","정면충돌","운전자법규위반","중앙선 침범","단일로","기타단일로","승용차","중형","승용차","중형","922133","1716513","126.6420568","35.44135956"
"2014","2014-04-30 22:00","06","야간","수","3","3","0","0","0","전북","임실군","차대차","기타","기타","운전자법규위반","신호위반","교차로","교차로내","승용차","소형","승용차","소형","979721","1740618","127.27595045","35.66154498"
"2012","2012-06-05 15:00","10","주간","화","1","1","0","0","0","전북","남원시","차대차","측면직각충돌","측면직각충돌","운전자법규위반","교차로 통행방법 위반","교차로","교차로내","농기계","농기계","화물차","대형","981588","1703642","127.29794415","35.32829117"
"2014","2014-02-27 09:00","30","주간","목","1","1","0","0","0","부산","해운대구","차대차","기타","기타","운전자법규위반","안전운전 의무 불이행","교차로","교차로부근","이륜차","소형","승용차","중형","1147937","1687985","129.12461608","35.17627474"
"2014","2014-06-30 06:00","15","주간","월","1","1","0","0","0","경북","구미시","차대사람","기타","기타","운전자법규위반","안전운전 의무 불이행","교차로","교차로부근","승용차","중형","보행자","보행자","1075478","1800652","128.33957362","36.200078"
"2014","2014-07-02 09:00","20","주간","수","1","1","0","0","0","경북","구미시","차량단독","공작물충돌","공작물충돌","운전자법규위반","안전운전 의무 불이행","단일로","기타단일로","승용차","중형","00","00","1068609","1803774","128.27362201","36.22585567"
"2014","2014-04-19 22:00","30","야간","토","1","1","0","0","0","전남","여수시","차대사람","횡단중","횡단중","운전자법규위반","안전운전 의무 불이행","단일로","기타단일로","승합차","소형","보행자","보행자","1019574","1640480","127.71387932","34.75860844"
"2014","2014-09-06 00:00","35","야간","토","1","1","0","0","0","경기","용인시","차대사람","횡단중","횡단중","운전자법규위반","안전운전 의무 불이행","단일로","기타단일로","승용차","소형","보행자","보행자","974308","1914960","127.21036183","37.23313883"
"2014","2014-09-18 16:00","00","주간","목","1","1","0","0","0","서울","강동구","차대사람","기타","기타","운전자법규위반","안전운전 의무 불이행","단일로","기타단일로","승합차","대형","보행자","보행자","967371","1949196","127.13064831","37.54151314"
"2014","2014-01-09 13:00","20","주간","목","1","1","0","0","0","경기","성남시","차대사람","횡단중","횡단중","운전자법규위반","안전운전 의무 불이행","단일로","기타단일로","승용차","경형","보행자","보행자","969761","1937644","127.15817682","37.43747046"
"2014","2014-02-11 00:00","20","야간","화","2","3","1","0","0","충남","당진시","차대차","정면충돌","정면충돌","운전자법규위반","중앙선 침범","단일로","기타단일로","승용차","중형","승용차","대형","932077","1876808","126.73774648","36.88713322"
"2014","2014-09-10 19:00","25","야간","수","1","1","0","0","0","경남","창원시(통합)","차대사람","보도통행중","보도통행중","운전자법규위반","보행자 보호의무 위반","교차로","교차로내","승용차","소형","보행자","보행자","1109113","1684484","128.69789306","35.1496807"
"2014","2014-10-03 18:00","55","야간","금","1","1","0","0","0","전북","고창군","차대사람","기타","기타","운전자법규위반","안전운전 의무 불이행","단일로","기타단일로","승용차","중형","보행자","보행자","913919","1707812","126.55248339","35.36223781"
"2014","2014-08-29 14:00","20","주간","금","1","2","1","0","0","경남","창녕군","차대차","측면직각충돌","측면직각충돌","운전자법규위반","신호위반","교차로","교차로내","화물차","중형","원동기장치자전거","원동기장치자전거","1086536","1738107","128.45575429","35.63532129"
"2014","2014-02-15 00:00","10","야간","토","1","1","0","0","0","경북","김천시","차량단독","전도전복","전도전복","운전자법규위반","안전운전 의무 불이행","단일로","기타단일로","승용차","중형","00","00","1062993","1798245","128.2005147","36.1792725"
"2014","2014-01-17 23:00","15","야간","금","1","1","0","0","0","경남","밀양시","차대사람","횡단중","횡단중","운전자법규위반","안전운전 의무 불이행","단일로","기타단일로","승용차","소형","보행자","보행자","1111976","1724093","128.73473658","35.50643557"
"2014","2014-05-09 01:00","28","야간","금","1","1","0","0","0","경북","영주시","차대사람","차도통행중","차도통행중","운전자법규위반","안전운전 의무 불이행","단일로","기타단일로","승용차","중형","보행자","보행자","1098415","1868750","128.60335141","36.81181918"
"2014","2014-05-08 15:00","21","주간","목","1","2","0","1","0","서울","중구","차대차","추돌","주정차중 추돌","운전자법규위반","안전운전 의무 불이행","단일로","터널안","승합차","대형","승용차","경형","957151","1950143","127.01490863","37.54963021"
"2014","2014-06-25 00:00","40","야간","수","1","1","0","0","0","충남","천안시","차대차","정면충돌","정면충돌","운전자법규위반","교차로 통행방법 위반","교차로","교차로부근","승용차","소형","특수차","소형","965944","1869468","127.11813052","36.82279737"
"2014","2014-07-12 17:00","45","주간","토","1","1","0","0","0","충북","충주시","차대차","측면직각충돌","측면직각충돌","운전자법규위반","안전운전 의무 불이행","단일로","기타단일로","원동기장치자전거","원동기장치자전거","승용차","중형","1040271","1891963","127.95275377","37.02532902"
"2014","2014-08-20 22:00","00","야간","수","1","1","0","0","0","전남","해남군","차량단독","전도전복","전도전복","운전자법규위반","안전운전 의무 불이행","단일로","기타단일로","원동기장치자전거","원동기장치자전거","00","00","903302","1620913","126.44572321","34.5777889"
"2014","2014-04-23 02:00","40","야간","수","1","1","0","0","0","서울","구로구","차대사람","횡단중","횡단중","운전자법규위반","과속","단일로","기타단일로","승용차","중형","보행자","보행자","945019","1944902","126.87796183","37.50174847"
"2014","2014-04-20 14:00","00","주간","일","1","4","1","2","0","충북","청원군","차량단독","공작물충돌","공작물충돌","운전자법규위반","안전운전 의무 불이행","단일로","기타단일로","승용차","중형","00","00","1014558","1849009","127.66285005","36.63886466"
"2014","2014-04-27 22:00","05","야간","일","1","1","0","0","0","울산","북구","차대차","측면직각충돌","측면직각충돌","운전자법규위반","신호위반","교차로","교차로내","승용차","소형","이륜차","소형","1168687","1731102","129.36129103","35.56158136"
"2014","2014-10-08 05:00","17","야간","수","1","1","0","0","0","경기","부천시","차대사람","횡단중","횡단중","운전자법규위반","보행자 보호의무 위반","교차로","교차로부근","화물차","소형","보행자","보행자","939451","1942580","126.81516223","37.4804717"
"2014","2014-11-07 18:00","30","야간","금","1","2","1","0","0","전북","익산시","차대차","측면직각충돌","측면직각충돌","운전자법규위반","안전운전 의무 불이행","교차로","교차로내","승용차","중형","승용차","소형","952342","1771392","126.97163174","35.93805648"
"2014","2014-09-15 15:00","20","주간","월","1","1","0","0","0","부산","사상구","차대사람","기타","기타","운전자법규위반","안전운전 의무 불이행","단일로","기타단일로","승용차","경형","보행자","보행자","1135927","1685830","128.9924111","35.15854638"
"2014","2014-08-18 13:00","10","주간","월","1","1","0","0","0","경기","하남시","차대차","측면직각충돌","측면직각충돌","운전자법규위반","안전운전 의무 불이행","교차로","교차로내","건설기계","건설기계","자전거","자전거","975188","1948059","127.219172","37.5315084"
"2014","2014-03-26 11:00","00","주간","수","1","1","0","0","0","충북","보은군","차대사람","기타","기타","운전자법규위반","안전운전 의무 불이행","단일로","기타단일로","승용차","중형","보행자","보행자","1008860","1833124","127.59892788","36.4957303"
"2014","2014-10-27 15:00","45","주간","월","1","1","0","0","0","전북","익산시","차대사람","길가장자리구역통행중","길가장자리구역통행중","운전자법규위반","안전운전 의무 불이행","단일로","기타단일로","화물차","소형","보행자","보행자","945728","1779667","126.91302956","36.05915492"
"2014","2014-10-29 09:00","10","주간","수","1","1","0","0","0","제주","서귀포시","차대사람","횡단중","횡단중","운전자법규위반","보행자 보호의무 위반","교차로","교차로부근","화물차","소형","보행자","보행자","913154","1473803","126.56768542","33.25205694"
"2014","2014-10-28 19:00","55","야간","화","1","1","0","0","0","경기","화성시","차대사람","길가장자리구역통행중","길가장자리구역통행중","운전자법규위반","안전운전 의무 불이행","단일로","기타단일로","화물차","경형","보행자","보행자","950647","1912783","126.94377293","37.21256336"
"2014","2014-11-06 10:00","10","주간","목","1","3","0","2","0","전북","순창군","차대차","추돌","진행중 추돌","운전자법규위반","안전운전 의무 불이행","단일로","기타단일로","화물차","소형","화물차","소형","966879","1710708","127.13529186","35.39151476"
"2014","2014-11-06 18:00","03","야간","목","1","1","0","0","0","인천","서구","차대사람","횡단중","횡단중","운전자법규위반","안전운전 의무 불이행","단일로","기타단일로","승용차","중형","보행자","보행자","923090","1955384","126.97692828","37.56242044"
"2014","2014-11-07 14:00","45","주간","금","1","1","0","0","0","부산","사상구","차대차","추돌","진행중 추돌","운전자법규위반","안전운전 의무 불이행","단일로","기타단일로","승용차","중형","화물차","소형","1134160","1685566","128.97297315","35.15640403"
"2014","2014-11-07 18:00","45","야간","금","1","1","0","0","0","전남","영암군","차대사람","횡단중","횡단중","운전자법규위반","안전운전 의무 불이행","단일로","기타단일로","승용차","대형","보행자","보행자","898771","1641685","126.39384352","34.76463774"
"2014","2014-09-28 21:00","50","야간","일","1","1","0","0","0","서울","관악구","차량단독","공작물충돌","공작물충돌","운전자법규위반","안전운전 의무 불이행","단일로","기타단일로","이륜차","중형","00","00","948541","1942255","126.91799186","37.47809358"
"2014","2014-10-08 18:00","51","야간","수","1","1","0","0","0","경기","화성시","차량단독","전도전복","전도전복","운전자법규위반","안전운전 의무 불이행","단일로","기타단일로","화물차","중형","00","00","943430","1915573","126.86222716","37.23730124"
"2014","2014-10-08 05:00","52","야간","수","1","1","0","0","0","경기","남양주시","차대사람","기타","기타","운전자법규위반","안전운전 의무 불이행","단일로","기타단일로","승용차","중형","보행자","보행자","971131","1956494","127.17292227","37.60741843"
"2014","2014-10-07 10:00","00","주간","화","1","1","0","0","0","경기","남양주시","차대차","측면직각충돌","측면직각충돌","운전자법규위반","안전운전 의무 불이행","단일로","기타단일로","화물차","소형","승합차","중형","977201","1953404","127.2417892","37.57973749"
"2014","2014-10-06 20:00","45","야간","월","1","1","0","0","0","경남","진주시","차대사람","횡단중","횡단중","운전자법규위반","안전운전 의무 불이행","단일로","기타단일로","승용차","중형","보행자","보행자","1055453","1687313","128.10902278","35.17958107"
"2014","2014-06-28 20:00","27","야간","토","1","1","0","0","0","경북","영천시","차대사람","횡단중","횡단중","운전자법규위반","안전운전 의무 불이행","단일로","기타단일로","승용차","소형","보행자","보행자","1130372","1793792","128.94890513","36.13241067"
"2014","2014-06-28 21:00","10","야간","토","1","2","0","1","0","전북","남원시","차대사람","차도통행중","차도통행중","운전자법규위반","안전운전 의무 불이행","단일로","기타단일로","승용차","중형","보행자","보행자","990427","1713910","127.39454952","35.42089112"
"2014","2014-06-27 07:00","10","주간","금","1","1","0","0","0","경기","평택시","차량단독","도로이탈","도로이탈 추락","운전자법규위반","안전운전 의무 불이행","단일로","기타단일로","건설기계","건설기계","00","00","957794","1895727","127.0252811","37.05917293"
"2014","2014-06-27 16:00","10","주간","금","1","1","0","0","0","경남","창원시(통합)","차대차","추돌","진행중 추돌","운전자법규위반","안전운전 의무 불이행","교차로","교차로부근","원동기장치자전거","원동기장치자전거","화물차","중형","1104905","1691451","128.65259065","35.21293848"
"2014","2014-06-27 22:00","00","야간","금","1","1","0","0","0","서울","동대문구","차대차","측면직각충돌","측면직각충돌","운전자법규위반","신호위반","교차로","교차로내","원동기장치자전거","원동기장치자전거","승용차","중형","959900","1952820","127.04588257","37.57388253"
"2012","2012-01-15 20:00","30","야간","일","1","3","0","2","0","경남","창원시(통합)","차대차","추돌","진행중 추돌","운전자법규위반","안전운전 의무 불이행","단일로","기타단일로","승용차","대형","승용차","대형","1104781","1698217","128.65209103","35.27394864"
"2014","2014-05-11 19:00","15","야간","일","1","1","0","0","0","경기","안양시","차대사람","횡단중","횡단중","운전자법규위반","안전운전 의무 불이행","단일로","기타단일로","승용차","중형","보행자","보행자","947680","1932288","126.90896112","37.38820978"
"2014","2014-08-15 07:00","10","주간","금","1","1","0","0","0","경북","구미시","차량단독","공작물충돌","공작물충돌","운전자법규위반","안전운전 의무 불이행","단일로","기타단일로","승용차","소형","00","00","1080848","1793648","128.41497173","36.12707713"
"2014","2014-04-25 23:00","40","야간","금","1","1","0","0","0","경남","진주시","차대사람","횡단중","횡단중","운전자법규위반","과속","단일로","기타단일로","승용차","중형","보행자","보행자","1056905","1687403","128.12497502","35.18031133"
"2014","2014-05-13 06:00","00","주간","화","1","1","0","0","0","경남","고성군","차대차","추돌","진행중 추돌","운전자법규위반","안전운전 의무 불이행","단일로","기타단일로","화물차","중형","자전거","자전거","1075748","1667033","128.33004358","34.99540352"
"2014","2014-10-27 09:00","05","주간","월","1","1","0","0","0","전북","군산시","차대차","측면직각충돌","측면직각충돌","운전자법규위반","신호위반","교차로","교차로내","이륜차","소형","승합차","대형","924320","1769235","126.66119101","35.91684162"
"2014","2014-10-16 06:00","45","주간","목","1","8","3","4","0","경기","양주시","차대차","추돌","진행중 추돌","운전자법규위반","안전운전 의무 불이행","교차로","교차로내","화물차","중형","승합차","대형","957381","1976940","127.01594612","37.79116449"
"2014","2014-09-12 20:00","30","야간","금","1","1","0","0","0","인천","계양구","차대사람","횡단중","횡단중","운전자법규위반","안전운전 의무 불이행","단일로","횡단보도상","승용차","중형","보행자","보행자","931109","1949656","126.72015448","37.54366183"
"2014","2014-09-12 10:00","20","주간","금","1","1","0","0","0","전북","군산시","차대차","측면직각충돌","측면직각충돌","운전자법규위반","안전거리 미확보","단일로","기타단일로","원동기장치자전거","원동기장치자전거","화물차","소형","933073","1774339","126.7577681","35.96349413"
"2014","2014-01-24 18:00","45","야간","금","1","1","0","0","0","경기","포천시","차대사람","횡단중","횡단중","운전자법규위반","안전운전 의무 불이행","단일로","횡단보도상","승용차","중형","보행자","보행자","975433","1976195","127.22099754","37.78511367"
"2014","2014-05-19 04:00","50","야간","월","1","1","0","0","0","울산","중구","차대차","추돌","주정차중 추돌","운전자법규위반","안전운전 의무 불이행","교차로","교차로내","이륜차","중형","화물차","대형","1166858","1732841","129.34147792","35.57756292"
"2014","2014-07-22 08:00","35","주간","화","1","1","0","0","0","인천","남구","차대사람","횡단중","횡단중","운전자법규위반","보행자 보호의무 위반","단일로","횡단보도상","화물차","소형","보행자","보행자","925165","1940279","126.65382923","37.45868643"
"2014","2014-04-03 20:00","30","야간","목","1","1","0","0","0","전남","해남군","차량단독","도로이탈","도로이탈 기타","운전자법규위반","안전운전 의무 불이행","단일로","기타단일로","화물차","소형","00","00","900253","1633543","126.41099843","34.6913738"
"2014","2014-04-05 02:00","15","야간","토","1","1","0","0","0","경기","성남시","차대사람","횡단중","횡단중","운전자법규위반","안전운전 의무 불이행","단일로","기타단일로","화물차","경형","보행자","보행자","965192","1939430","127.10644534","37.45340799"
"2014","2014-04-01 00:00","16","야간","화","1","4","2","1","0","경기","성남시","차대차","정면충돌","정면충돌","운전자법규위반","중앙선 침범","단일로","기타단일로","승합차","경형","승용차","소형","971674","1941655","127.17964698","37.47368454"
"2014","2014-04-03 05:00","10","야간","목","1","1","0","0","0","대전","서구","차대사람","횡단중","횡단중","운전자법규위반","안전운전 의무 불이행","교차로","교차로부근","승용차","중형","보행자","보행자","991072","1817849","127.40048875","36.35802117"
"2014","2014-03-31 05:00","55","야간","월","1","1","0","0","0","서울","강동구","차대차","측면직각충돌","측면직각충돌","운전자법규위반","과속","단일로","기타단일로","승용차","중형","자전거","자전거","967249","1948665","127.12929102","37.53672269"
"2014","2014-04-02 00:00","15","야간","수","1","1","0","0","0","경기","부천시","차대사람","기타","기타","운전자법규위반","안전운전 의무 불이행","단일로","기타단일로","승용차","중형","보행자","보행자","938608","1948158","126.80516232","37.53069054"