"발생년","발생년월일시","발생분","주야","요일","사망자수","사상자수","중상자수","경상자수","부상신고자수","발생지시도","발생지시군구","사고유형_대분류","사고유형_중분류","사고유형","법규위반_대분류","법규위반","도로형태_대분류","도로형태","당사자종별_1당_대분류","당사자종별_1당","당사자종별_2당_대분류","당사자종별_2당","발생위치X_UTMK","발생위치Y_UTMK","경도","위도"
"2014","2014-04-10 13:00","40","주간","목","1","1","0","0","0","전북","전주시","차대차","측면직각충돌","측면직각충돌","운전자법규위반","중앙선 침범","단일로","기타단일로","자전거","자전거","승용차","중형","967398","1759440","127.13903821","35.83091664"
"2014","2014-04-11 13:00","40","주간","금","1","3","2","0","0","경남","사천시","차대차","추돌","진행중 추돌","운전자법규위반","안전운전 의무 불이행","단일로","기타단일로","승용차","소형","승용차","중형","1045097","1682970","127.99505299","35.1409393"
"2014","2014-04-06 06:00","35","주간","일","1","1","0","0","0","강원","정선군","차량단독","공작물충돌","공작물충돌","운전자법규위반","안전운전 의무 불이행","단일로","기타단일로","화물차","소형","00","00","1113837","1915916","128.78334547","37.23515613"
"2014","2014-04-07 08:00","35","주간","월","1","1","0","0","0","경기","양주시","차대차","기타","기타","운전자법규위반","안전운전 의무 불이행","교차로","교차로내","승용차","중형","자전거","자전거","961716","1982661","127.06487782","37.8429194"
"2014","2014-04-18 21:00","00","야간","금","1","1","0","0","0","전북","전주시","차대사람","보도통행중","보도통행중","운전자법규위반","신호위반","단일로","횡단보도부근","승합차","중형","보행자","보행자","967006","1760597","127.13465033","35.84133505"
"2014","2014-04-15 15:00","48","주간","화","1","1","0","0","0","경기","양평군","차량단독","도로이탈","도로이탈 추락","운전자법규위반","안전운전 의무 불이행","단일로","기타단일로","이륜차","사발이","00","00","1021455","1938429","127.74255222","37.44479164"
"2014","2014-04-25 22:00","27","야간","금","1","1","0","0","0","전북","완주군","차대사람","기타","기타","운전자법규위반","안전운전 의무 불이행","단일로","기타단일로","승용차","중형","보행자","보행자","956819","1758420","127.02196834","35.8213116"
"2014","2014-04-23 21:00","20","야간","수","1","2","1","0","0","경기","양평군","차량단독","전도전복","전도전복","운전자법규위반","안전운전 의무 불이행","단일로","기타단일로","승용차","소형","00","00","988579","1956388","127.37060409","37.60684531"
"2014","2014-04-23 11:00","00","주간","수","1","1","0","0","0","경남","창원시(통합)","차대차","측면직각충돌","측면직각충돌","운전자법규위반","차로위반(진로변경 위반)","교차로","교차로내","원동기장치자전거","원동기장치자전거","화물차","대형","1109885","1704818","128.70908488","35.33290912"
"2014","2014-04-23 23:00","36","야간","수","1","1","0","0","0","울산","울주군","차대사람","횡단중","횡단중","운전자법규위반","안전운전 의무 불이행","단일로","기타단일로","승합차","소형","보행자","보행자","1158267","1730791","129.24630534","35.5604985"
"2014","2014-04-22 19:00","05","야간","화","1","1","0","0","0","부산","강서구","차량단독","전도전복","전도전복","운전자법규위반","안전운전 의무 불이행","교차로","교차로부근","승용차","중형","00","00","1130161","1689996","128.92977875","35.19686345"
"2014","2014-04-21 14:00","50","주간","월","1","1","0","0","0","서울","관악구","차대사람","기타","기타","운전자법규위반","안전운전 의무 불이행","교차로","교차로내","화물차","소형","보행자","보행자","951162","1943213","126.94757085","37.4868706"
"2014","2014-12-29 17:00","55","주간","월","1","1","0","0","0","충북","제천시","차대사람","기타","기타","운전자법규위반","안전운전 의무 불이행","교차로","교차로부근","승합차","대형","보행자","보행자","1062677","1898314","128.20475972","37.08051958"
"2014","2014-12-28 13:00","30","주간","일","1","1","0","0","0","경북","문경시","차대차","측면직각충돌","측면직각충돌","운전자법규위반","안전운전 의무 불이행","교차로","교차로내","승용차","경형","이륜차","소형","1062862","1844765","128.20282268","36.59864395"
"2014","2014-12-26 17:00","41","주간","금","1","1","0","0","0","경남","의령군","차대사람","횡단중","횡단중","운전자법규위반","안전운전 의무 불이행","교차로","교차로내","승용차","경형","보행자","보행자","1082218","1710270","128.4031262","35.3830452"
"2014","2014-12-27 16:00","05","주간","토","1","1","0","0","0","강원","원주시","차대차","기타","기타","운전자법규위반","안전운전 의무 불이행","교차로","교차로내","승용차","중형","승합차","대형","1040011","1933203","127.95204294","37.3970704"
"2014","2014-12-27 00:00","40","야간","토","1","1","0","0","0","광주","서구","차대사람","차도통행중","차도통행중","운전자법규위반","안전운전 의무 불이행","단일로","기타단일로","승용차","중형","보행자","보행자","941243","1684357","126.85487205","35.15220337"
"2014","2014-12-26 20:00","25","야간","금","1","1","0","0","0","서울","동작구","차대사람","횡단중","횡단중","운전자법규위반","보행자 보호의무 위반","교차로","교차로내","승합차","대형","보행자","보행자","953510","1943207","126.97412949","37.48693772"
"2014","2014-12-27 15:00","50","주간","토","1","1","0","0","0","강원","원주시","차대사람","횡단중","횡단중","운전자법규위반","안전운전 의무 불이행","단일로","기타단일로","건설기계","건설기계","보행자","보행자","1039239","1931139","127.94321162","37.37849941"
"2014","2014-11-16 11:00","00","주간","일","1","2","0","0","1","전북","장수군","차대차","정면충돌","정면충돌","운전자법규위반","중앙선 침범","기타/불명","기타/불명","승용차","중형","승용차","경형","1004887","1750443","127.55541305","35.74938894"
"2014","2014-11-16 22:00","20","야간","일","1","1","0","0","0","전북","익산시","차대차","측면직각충돌","측면직각충돌","운전자법규위반","안전운전 의무 불이행","교차로","교차로내","승용차","소형","원동기장치자전거","원동기장치자전거","950751","1775103","126.95376326","35.97143444"
"2014","2014-11-17 09:00","25","주간","월","1","1","0","0","0","경남","양산시","차대사람","기타","기타","운전자법규위반","안전운전 의무 불이행","교차로","교차로내","승합차","경형","보행자","보행자","1149444","1710821","129.14531854","35.38187953"
"2014","2014-11-25 17:00","40","주간","화","1","1","0","0","0","세종","세종","차대차","기타","기타","운전자법규위반","안전운전 의무 불이행","교차로","교차로내","화물차","중형","이륜차","소형","974361","1832927","127.21373122","36.4936519"
"2014","2014-11-24 07:00","02","주간","월","1","8","4","3","0","경북","경주시","차대차","기타","기타","운전자법규위반","중앙선 침범","단일로","기타단일로","화물차","소형","승합차","대형","1168535","1758869","129.35237355","35.83516715"
"2014","2014-11-25 08:00","06","주간","화","1","1","0","0","0","대구","동구","차량단독","도로이탈","도로이탈 추락","운전자법규위반","안전운전 의무 불이행","단일로","기타단일로","이륜차","사발이","00","00","1109278","1771879","128.71149703","35.93749617"
"2014","2014-11-22 10:00","08","주간","토","1","1","0","0","0","전남","광양시","차대사람","횡단중","횡단중","운전자법규위반","안전운전 의무 불이행","단일로","기타단일로","승용차","중형","보행자","보행자","1018828","1660605","127.70618022","34.94010183"
"2014","2014-11-29 15:00","32","주간","토","1","1","0","0","0","경기","화성시","차대사람","횡단중","횡단중","운전자법규위반","교차로 통행방법 위반","교차로","교차로내","승용차","대형","보행자","보행자","959147","1912578","127.03466005","37.21017896"
"2014","2014-12-08 14:00","07","주간","월","1","1","0","0","0","경기","양평군","차대사람","보도통행중","보도통행중","운전자법규위반","신호위반","교차로","교차로내","건설기계","건설기계","보행자","보행자","1000257","1943746","127.50290729","37.4929664"
"2014","2014-12-07 19:00","50","야간","일","1","3","0","2","0","경기","수원시","차대사람","기타","기타","운전자법규위반","안전운전 의무 불이행","단일로","기타단일로","승용차","소형","보행자","보행자","956318","1918168","127.0073692","37.2613852"
"2014","2014-12-07 20:00","00","야간","일","1","1","0","0","0","서울","중랑구","차대사람","횡단중","횡단중","운전자법규위반","안전운전 의무 불이행","교차로","교차로내","승합차","대형","보행자","보행자","965232","1957350","127.10604887","37.61492965"
"2014","2014-12-06 18:00","51","야간","토","1","1","0","0","0","대구","달성군","차대사람","길가장자리구역통행중","길가장자리구역통행중","운전자법규위반","안전운전 의무 불이행","단일로","기타단일로","승용차","경형","보행자","보행자","1083886","1748762","128.42834763","35.73115975"
"2014","2014-12-04 09:00","00","주간","목","1","2","1","0","0","충북","청주시","차량단독","전도전복","전도전복","운전자법규위반","안전운전 의무 불이행","단일로","기타단일로","승용차","소형","00","00","1001303","1849574","127.51457673","36.64406853"
"2014","2014-12-11 04:00","30","야간","목","1","1","0","0","0","충남","서산시","차량단독","공작물충돌","공작물충돌","운전자법규위반","안전운전 의무 불이행","단일로","기타단일로","승용차","소형","00","00","903211","1886827","126.41256599","36.97491431"
"2014","2014-12-17 22:00","26","야간","수","1","1","0","0","0","경기","수원시","차대차","측면직각충돌","측면직각충돌","운전자법규위반","중앙선 침범","단일로","기타단일로","자전거","자전거","승합차","대형","956780","1921160","127.0124054","37.2883757"
"2014","2014-12-18 08:00","02","주간","목","1","1","0","0","0","전북","익산시","차대차","기타","기타","운전자법규위반","안전운전 의무 불이행","교차로","교차로부근","화물차","중형","승용차","중형","947152","1769705","126.91420673","35.92258016"
"2014","2014-12-26 22:00","00","야간","금","1","1","0","0","0","울산","남구","차대사람","횡단중","횡단중","운전자법규위반","안전운전 의무 불이행","단일로","기타단일로","승용차","중형","보행자","보행자","1165057","1729681","129.3209662","35.54938686"
"2014","2014-12-27 04:00","20","야간","토","1","3","0","2","0","서울","강북구","차대사람","기타","기타","운전자법규위반","안전운전 의무 불이행","단일로","횡단보도상","승용차","중형","보행자","보행자","958252","1958445","127.02689924","37.62450855"
"2014","2014-12-27 02:00","20","야간","토","1","1","0","0","0","경남","창원시(통합)","차량단독","공작물충돌","공작물충돌","운전자법규위반","안전운전 의무 불이행","교차로","교차로부근","승용차","중형","00","00","1109906","1704634","128.70929119","35.33124806"
"2014","2014-12-10 10:00","45","주간","수","1","1","0","0","0","서울","양천구","차대차","기타","기타","운전자법규위반","안전운전 의무 불이행","교차로","교차로내","화물차","소형","자전거","자전거","941692","1946784","126.84017409","37.51850684"
"2014","2014-11-21 05:00","14","야간","금","1","1","0","0","0","전북","김제시","차대사람","횡단중","횡단중","운전자법규위반","안전운전 의무 불이행","교차로","교차로부근","승용차","대형","보행자","보행자","950928","1767591","126.95619046","35.90371795"
"2012","2012-01-10 19:00","10","야간","화","1","1","0","0","0","전북","정읍시","차대사람","길가장자리구역통행중","길가장자리구역통행중","운전자법규위반","안전운전 의무 불이행","단일로","기타단일로","화물차","소형","보행자","보행자","947707","1738981","126.92755539","35.65055602"
"2014","2014-01-11 10:00","00","주간","토","1","1","0","0","0","전남","나주시","차량단독","공작물충돌","공작물충돌","운전자법규위반","안전운전 의무 불이행","단일로","기타단일로","승용차","경형","00","00","932943","1676154","126.76466721","35.07827745"
"2013","2013-12-12 01:00","05","야간","목","1","1","0","0","0","부산","해운대구","차대차","추돌","진행중 추돌","운전자법규위반","안전운전 의무 불이행","단일로","터널안","승용차","중형","자전거","자전거","1151160","1687597","129.15992627","35.17229771"
"2013","2013-08-18 20:00","15","야간","일","1","1","0","0","0","경기","시흥시","차대차","측면직각충돌","측면직각충돌","운전자법규위반","기타(운전자법규위반)","교차로","교차로부근","이륜차","소형","승용차","중형","938336","1940249","126.80274708","37.45938853"
"2014","2014-09-27 06:00","30","주간","토","1","1","0","0","0","대구","달서구","차대차","측면직각충돌","측면직각충돌","운전자법규위반","부당한 회전","단일로","횡단보도부근","자전거","자전거","승용차","대형","1092545","1757302","128.5243248","35.80781789"
"2014","2014-09-24 02:00","35","야간","수","1","1","0","0","0","대구","달서구","차대사람","기타","기타","운전자법규위반","안전운전 의무 불이행","단일로","기타단일로","승용차","중형","보행자","보행자","1091244","1760387","128.5014045","35.83526571"
"2013","2013-01-15 10:00","59","주간","화","1","1","0","0","0","전북","군산시","차량단독","도로이탈","도로이탈 추락","운전자법규위반","안전운전 의무 불이행","단일로","기타단일로","화물차","중형","00","00","944294","1778806","126.88188974","36.00447124"
"2013","2013-04-15 14:00","00","주간","월","1","8","2","5","0","전북","익산시","차대차","기타","기타","운전자법규위반","직진 및 우회전차의 통행방해","교차로","교차로내","승용차","중형","승용차","중형","951067","1782856","126.9599089","36.04448129"
"2014","2014-12-28 18:00","20","야간","일","1","1","0","0","0","충남","당진시","차대차","기타","기타","운전자법규위반","중앙선 침범","단일로","기타단일로","원동기장치자전거","원동기장치자전거","화물차","대형","915799","1874968","126.5535115","36.86641884"
"2014","2014-05-18 20:00","10","야간","일","1","1","0","0","0","전남","무안군","차대사람","횡단중","횡단중","운전자법규위반","안전운전 의무 불이행","교차로","교차로내","승합차","대형","보행자","보행자","906250","1665817","126.47285363","34.98293118"
"2014","2014-06-13 03:00","20","야간","금","1","1","0","0","0","경기","수원시","차대사람","기타","기타","운전자법규위반","안전운전 의무 불이행","단일로","기타단일로","승용차","소형","보행자","보행자","953059","1922280","126.97035703","37.29829056"
"2014","2014-07-31 18:00","25","야간","목","1","1","0","0","0","경북","예천군","차대차","측면직각충돌","측면직각충돌","운전자법규위반","중앙선 침범","단일로","기타단일로","화물차","소형","이륜차","중형","1082898","1837497","128.42454145","36.53155689"
"2014","2014-04-04 21:00","36","야간","금","1","24","16","7","0","경기","안산시","차대차","기타","기타","운전자법규위반","과속","단일로","기타단일로","승합차","대형","승용차","중형","946337","1922569","126.89449435","37.30053175"
"2014","2014-04-03 01:00","55","야간","목","1","2","1","0","0","서울","성동구","차대차","추돌","진행중 추돌","운전자법규위반","안전운전 의무 불이행","단일로","교량위","승용차","중형","화물차","대형","961705","1950617","127.06643806","37.55410307"
"2014","2014-03-31 17:00","00","주간","월","1","1","0","0","0","대구","북구","차대사람","기타","기타","운전자법규위반","안전운전 의무 불이행","단일로","기타단일로","승용차","중형","보행자","보행자","1097125","1768614","128.57638805","35.90934805"
"2014","2014-04-06 08:00","00","주간","일","1","1","0","0","0","세종","세종","차량단독","공작물충돌","공작물충돌","운전자법규위반","안전운전 의무 불이행","단일로","기타단일로","승용차","중형","00","00","978308","1837474","127.25767276","36.53474109"
"2014","2014-04-18 20:00","20","야간","금","1","1","0","0","0","전남","광양시","차대사람","횡단중","횡단중","운전자법규위반","보행자 보호의무 위반","교차로","교차로부근","승용차","중형","보행자","보행자","1008153","1664174","127.58931636","34.97242742"
"2014","2014-05-06 03:00","50","야간","화","1","1","0","0","0","광주","북구","차량단독","전도전복","전도전복","운전자법규위반","안전운전 의무 불이행","단일로","기타단일로","승용차","중형","00","00","947486","1694740","126.92278","35.24670583"
"2014","2014-05-07 07:00","20","주간","수","1","2","0","1","0","전남","담양군","차대차","기타","기타","운전자법규위반","안전운전 의무 불이행","교차로","교차로부근","화물차","소형","승용차","중형","950073","1701716","126.95078993","35.30973799"
"2014","2014-05-05 15:00","40","주간","월","1","1","0","0","0","서울","중구","차대차","기타","기타","운전자법규위반","신호위반","교차로","교차로내","승용차","중형","이륜차","소형","953754","1950587","126.97642479","37.55346782"
"2014","2014-05-05 09:00","45","주간","월","1","1","0","0","0","전북","무주군","차대차","측면직각충돌","측면직각충돌","운전자법규위반","안전운전 의무 불이행","단일로","기타단일로","농기계","농기계","승용차","중형","1014183","1778704","127.65737569","36.00504096"
"2014","2014-05-05 05:00","10","야간","월","1","1","0","0","0","경남","창녕군","차량단독","공작물충돌","공작물충돌","운전자법규위반","안전운전 의무 불이행","단일로","기타단일로","승용차","소형","00","00","1088979","1728581","128.48168359","35.54922514"
"2014","2014-05-07 12:00","50","주간","수","1","1","0","0","0","전남","완도군","차량단독","도로이탈","도로이탈 추락","운전자법규위반","안전운전 의무 불이행","기타/불명","기타/불명","승용차","중형","00","00","932164","1591539","126.76270229","34.31522101"
"2014","2014-05-03 04:00","00","야간","토","1","1","0","0","0","경기","시흥시","차대사람","횡단중","횡단중","운전자법규위반","안전운전 의무 불이행","교차로","교차로부근","승용차","중형","보행자","보행자","932306","1927865","126.735704","37.34734948"
"2014","2014-05-03 13:00","35","주간","토","1","1","0","0","0","전북","고창군","차대사람","기타","기타","운전자법규위반","안전운전 의무 불이행","단일로","기타단일로","화물차","소형","보행자","보행자","909257","1717780","126.5000649","35.45169071"
"2014","2014-05-03 13:00","08","주간","토","1","2","0","1","0","경북","청도군","차대차","기타","기타","운전자법규위반","중앙선 침범","단일로","기타단일로","원동기장치자전거","원동기장치자전거","화물차","소형","1112779","1739251","128.74570324","35.64298566"
"2014","2014-05-03 16:00","40","주간","토","1","1","0","0","0","충남","아산시","차대차","기타","기타","운전자법규위반","차로위반(진로변경 위반)","기타/불명","기타/불명","원동기장치자전거","원동기장치자전거","승용차","중형","960047","1871963","127.05187807","36.84505758"
"2014","2014-04-19 10:00","00","주간","토","1","4","2","1","0","충북","괴산군","차량단독","도로이탈","도로이탈 추락","운전자법규위반","안전운전 의무 불이행","단일로","교량위","승용차","중형","00","00","1026554","1879247","127.7980931","36.91119065"
"2014","2014-04-21 19:00","55","야간","월","1","1","0","0","0","전남","완도군","차량단독","공작물충돌","공작물충돌","운전자법규위반","안전운전 의무 불이행","단일로","기타단일로","승용차","중형","00","00","922089","1600297","126.65241411","34.39348743"
"2014","2014-04-29 00:00","35","야간","화","1","3","1","1","0","경남","창원시(통합)","차대차","정면충돌","정면충돌","운전자법규위반","중앙선 침범","단일로","기타단일로","승용차","중형","승용차","중형","1097416","1692588","128.57045691","35.22394446"
"2014","2014-04-29 11:00","14","주간","화","1","1","0","0","0","대전","대덕구","차대사람","횡단중","횡단중","운전자법규위반","안전운전 의무 불이행","단일로","기타단일로","화물차","대형","보행자","보행자","993157","1826889","127.42364841","36.43953689"
"2014","2014-05-01 09:00","40","주간","목","1","1","0","0","0","경기","수원시","차대차","기타","기타","운전자법규위반","부당한 회전","교차로","교차로내","이륜차","소형","승합차","대형","956685","1921085","127.01133804","37.28769526"
"2014","2014-05-12 18:00","15","야간","월","1","1","0","0","0","전남","여수시","차대사람","기타","기타","운전자법규위반","안전운전 의무 불이행","기타/불명","기타/불명","승용차","중형","보행자","보행자","1021047","1638886","127.7299344","34.74420483"
"2014","2014-05-12 15:00","40","주간","월","1","1","0","0","0","서울","광진구","차대사람","횡단중","횡단중","운전자법규위반","보행자 보호의무 위반","단일로","횡단보도상","화물차","소형","보행자","보행자","961822","1951619","127.08560748","37.53186159"
"2014","2014-05-12 10:00","10","주간","월","1","1","0","0","0","경북","안동시","차대차","기타","기타","운전자법규위반","안전운전 의무 불이행","교차로","교차로내","화물차","소형","자전거","자전거","1109075","1842058","128.71903555","36.57007947"
"2014","2014-05-12 15:00","00","주간","월","1","1","0","0","0","충남","홍성군","차대사람","기타","기타","운전자법규위반","안전운전 의무 불이행","단일로","기타단일로","화물차","중형","보행자","보행자","921462","1836501","126.62277265","36.52298962"
"2014","2014-05-13 10:00","35","주간","화","1","4","1","2","0","전남","해남군","차대차","정면충돌","정면충돌","운전자법규위반","신호위반","교차로","교차로내","승용차","중형","화물차","소형","897185","1635888","126.37794682","34.71182901"
"2014","2014-04-01 08:00","10","주간","화","1","2","0","1","0","경북","경산시","차대차","추돌","주정차중 추돌","운전자법규위반","신호위반","교차로","교차로내","승용차","중형","화물차","경형","1118619","1760632","128.8133561","35.83502896"
"2014","2014-04-01 04:00","20","야간","화","1","1","0","0","0","경기","고양시","차대사람","기타","기타","운전자법규위반","안전거리 미확보","단일로","기타단일로","승용차","소형","보행자","보행자","936442","1961375","126.7795017","37.64966614"
"2014","2014-03-30 12:00","46","주간","일","1","1","0","0","0","전남","구례군","차대사람","기타","기타","운전자법규위반","안전운전 의무 불이행","단일로","기타단일로","승합차","대형","보행자","보행자","995895","1702329","127.45483993","35.31650411"
"2014","2014-03-29 21:00","30","야간","토","1","1","0","0","0","경북","영천시","차대사람","횡단중","횡단중","운전자법규위반","안전운전 의무 불이행","단일로","기타단일로","승용차","경형","보행자","보행자","1131045","1776580","128.95352653","35.97718914"
"2014","2014-03-18 14:00","40","주간","화","1","1","0","0","0","전북","무주군","차대차","추돌","진행중 추돌","운전자법규위반","안전운전 의무 불이행","단일로","터널안","화물차","대형","농기계","농기계","1017546","1769535","127.69441171","35.92251746"
"2014","2014-03-29 00:00","40","야간","토","1","1","0","0","0","대구","북구","차대차","추돌","주정차중 추돌","운전자법규위반","안전운전 의무 불이행","교차로","교차로부근","승용차","중형","승용차","중형","1094606","1771568","128.54882706","35.93622401"
"2014","2014-03-29 15:00","20","주간","토","1","1","0","0","0","강원","홍천군","차량단독","공작물충돌","공작물충돌","운전자법규위반","안전운전 의무 불이행","교차로","교차로부근","승용차","중형","00","00","1035001","1957839","127.89656783","37.61927527"
"2014","2014-03-29 09:00","20","주간","토","1","2","0","1","0","경북","의성군","차대차","측면직각충돌","측면직각충돌","운전자법규위반","안전운전 의무 불이행","교차로","교차로내","화물차","소형","승용차","중형","1080955","1820622","128.40256104","36.37965251"
"2014","2014-03-29 07:00","15","주간","토","1","2","0","1","0","경남","창원시(통합)","차대차","기타","기타","운전자법규위반","안전운전 의무 불이행","단일로","횡단보도부근","승용차","소형","승합차","대형","1096410","1687872","128.5588521","35.18152416"
"2014","2014-03-23 17:00","20","주간","일","1","1","0","0","0","전남","나주시","차량단독","전도전복","전도전복","운전자법규위반","안전운전 의무 불이행","교차로","교차로부근","이륜차","소형","00","00","927050","1665756","126.70072603","34.98409511"
"2014","2014-03-25 11:00","40","주간","화","1","1","0","0","0","전북","완주군","차대사람","횡단중","횡단중","운전자법규위반","안전운전 의무 불이행","교차로","교차로내","화물차","중형","보행자","보행자","978216","1782148","127.25818872","36.03595118"
"2014","2014-04-04 05:00","50","야간","금","1","1","0","0","0","충남","부여군","차량단독","도로이탈","도로이탈 추락","운전자법규위반","안전운전 의무 불이행","단일로","기타단일로","화물차","소형","00","00","947654","1805578","126.96408569","36.22062924"
"2014","2014-04-05 07:00","45","주간","토","1","1","0","0","0","대구","동구","차대사람","횡단중","횡단중","운전자법규위반","보행자 보호의무 위반","단일로","횡단보도상","화물차","소형","보행자","보행자","1102819","1766688","128.63923207","35.8914043"
"2014","2014-04-01 12:00","00","주간","화","1","1","0","0","0","전남","고흥군","차량단독","전도전복","전도전복","운전자법규위반","안전운전 의무 불이행","단일로","기타단일로","농기계","농기계","00","00","978895","1610097","127.27014869","34.48458613"
"2014","2014-04-14 07:00","50","주간","월","1","3","1","1","0","전북","전주시","차대차","정면충돌","정면충돌","운전자법규위반","중앙선 침범","단일로","기타단일로","승용차","중형","화물차","소형","961829","1765983","127.07689122","35.89371825"
"2014","2014-10-05 00:00","18","야간","일","1","1","0","0","0","광주","북구","차대사람","횡단중","횡단중","운전자법규위반","보행자 보호의무 위반","교차로","교차로부근","승용차","중형","보행자","보행자","945515","1686428","126.90166641","35.17165428"
"2014","2014-10-06 09:00","21","주간","월","1","5","4","0","0","충남","당진시","차대차","측면직각충돌","측면직각충돌","운전자법규위반","신호위반","교차로","교차로내","승용차","중형","승용차","소형","924047","1878334","126.64748688","36.90027577"
"2014","2014-10-06 12:00","30","주간","월","1","1","0","0","0","경남","함양군","차대사람","기타","기타","운전자법규위반","안전운전 의무 불이행","단일로","기타단일로","화물차","소형","보행자","보행자","1026859","1720384","127.79607497","35.47894855"
"2014","2014-10-14 17:00","00","주간","화","1","2","0","1","0","부산","기장군","차량단독","기타","기타","운전자법규위반","안전운전 의무 불이행","단일로","기타단일로","승용차","소형","00","00","1152272","1706047","129.17555248","35.33842335"
"2014","2014-10-12 14:00","00","주간","일","1","1","0","0","0","경기","수원시","차대사람","횡단중","횡단중","운전자법규위반","안전운전 의무 불이행","단일로","기타단일로","이륜차","중형","보행자","보행자","955536","1922119","126.99831406","37.29696114"
"2014","2014-10-11 05:00","40","야간","토","1","2","0","0","1","서울","중랑구","차대차","측면직각충돌","측면직각충돌","운전자법규위반","신호위반","교차로","교차로내","이륜차","중형","이륜차","중형","962941","1954740","127.08022271","37.59131551"
"2014","2014-10-10 20:00","20","야간","금","1","1","0","0","0","전북","군산시","차대사람","횡단중","횡단중","운전자법규위반","안전운전 의무 불이행","단일로","기타단일로","승용차","대형","보행자","보행자","930052","1776034","126.72411787","35.97856294"
"2014","2014-10-19 05:00","45","야간","일","1","1","0","0","0","서울","강남구","차대사람","횡단중","횡단중","운전자법규위반","과속","단일로","기타단일로","승용차","중형","보행자","보행자","960425","1947368","127.05150264","37.52462169"
"2014","2014-10-19 06:00","10","주간","일","1","1","0","0","0","경남","사천시","차대사람","횡단중","횡단중","운전자법규위반","보행자 보호의무 위반","교차로","교차로내","화물차","소형","보행자","보행자","1052432","1659456","128.07408499","34.9285594"
"2014","2014-10-19 11:00","30","주간","일","1","1","0","0","0","울산","남구","차대사람","횡단중","횡단중","운전자법규위반","보행자 보호의무 위반","교차로","교차로내","승용차","대형","보행자","보행자","1165097","1727208","129.32090336","35.52709335"
"2014","2014-10-19 06:00","00","주간","일","1","1","0","0","0","충북","청주시","차량단독","공작물충돌","공작물충돌","운전자법규위반","안전운전 의무 불이행","단일로","기타단일로","승용차","중형","00","00","1009098","1847160","127.60175109","36.6222638"
"2014","2014-10-17 02:00","24","야간","금","1","1","0","0","0","강원","춘천시","차대차","정면충돌","정면충돌","운전자법규위반","중앙선 침범","단일로","기타단일로","화물차","대형","승용차","중형","1002740","1981826","127.53033497","37.83460254"
"2014","2014-10-18 18:00","40","야간","토","1","2","0","1","0","광주","북구","차대사람","횡단중","횡단중","운전자법규위반","안전운전 의무 불이행","단일로","기타단일로","이륜차","중형","보행자","보행자","944865","1690551","126.89425285","35.20879448"
"2014","2014-10-18 17:00","30","주간","토","1","1","0","0","0","제주","서귀포시","차대사람","횡단중","횡단중","운전자법규위반","안전운전 의무 불이행","단일로","기타단일로","화물차","소형","보행자","보행자","915057","1475532","126.58731754","33.26773423"
"2014","2014-10-25 22:00","10","야간","토","1","1","0","0","0","충남","태안군","차대사람","횡단중","횡단중","운전자법규위반","과속","교차로","교차로내","승용차","경형","보행자","보행자","898677","1831170","126.36901531","36.47279602"
"2014","2014-10-25 06:00","17","주간","토","1","1","0","0","0","충남","홍성군","차대사람","횡단중","횡단중","운전자법규위반","보행자 보호의무 위반","교차로","교차로내","승용차","소형","보행자","보행자","925489","1845533","126.66687382","36.60472762"
"2014","2014-10-22 06:00","20","주간","수","1","1","0","0","0","경남","진주시","차대사람","횡단중","횡단중","운전자법규위반","안전운전 의무 불이행","단일로","기타단일로","승용차","중형","보행자","보행자","1051187","1686844","128.06214363","35.17557873"
"2014","2014-10-24 03:00","02","야간","금","1","1","0","0","0","부산","진구","차대사람","차도통행중","차도통행중","운전자법규위반","신호위반","단일로","횡단보도부근","승용차","대형","보행자","보행자","1143436","1687705","129.0758182","35.17462228"
"2014","2014-10-23 08:00","40","주간","목","1","2","0","1","0","강원","원주시","차대차","정면충돌","정면충돌","운전자법규위반","중앙선 침범","단일로","기타단일로","화물차","소형","화물차","대형","1030592","1927985","127.8454137","37.35039587"
"2014","2014-10-22 01:00","05","야간","수","1","1","0","0","0","울산","남구","차대차","기타","기타","운전자법규위반","안전운전 의무 불이행","교차로","교차로부근","승용차","중형","화물차","중형","1166990","1726145","129.34155331","35.51719664"
"2014","2014-10-22 22:00","25","야간","수","1","1","0","0","0","서울","성북구","차량단독","공작물충돌","공작물충돌","운전자법규위반","안전운전 의무 불이행","단일로","기타단일로","승용차","대형","00","00","955547","1956783","126.99634748","37.60940183"
"2014","2014-11-01 11:00","40","주간","토","1","1","0","0","0","경기","의정부시","차대사람","보도통행중","보도통행중","운전자법규위반","안전운전 의무 불이행","단일로","기타단일로","승용차","중형","보행자","보행자","958956","1973216","127.03404464","37.75767241"
"2014","2014-10-31 23:00","00","야간","금","1","2","1","0","0","서울","강서구","차대차","기타","기타","운전자법규위반","안전운전 의무 불이행","교차로","교차로부근","승합차","대형","원동기장치자전거","원동기장치자전거","940008","1950030","126.82079886","37.54731847"
"2014","2014-11-01 15:00","10","주간","토","2","4","2","0","0","강원","철원군","차량단독","도로이탈","도로이탈 추락","운전자법규위반","안전운전 의무 불이행","단일로","기타단일로","화물차","대형","00","00","998255","2025408","127.48006252","38.2289936"