"발생년","발생년월일시","발생분","주야","요일","사망자수","사상자수","중상자수","경상자수","부상신고자수","발생지시도","발생지시군구","사고유형_대분류","사고유형_중분류","사고유형","법규위반_대분류","법규위반","도로형태_대분류","도로형태","당사자종별_1당_대분류","당사자종별_1당","당사자종별_2당_대분류","당사자종별_2당","발생위치X_UTMK","발생위치Y_UTMK","경도","위도"
"2013","2013-06-30 10:00","00","주간","일","1","1","0","0","0","서울","중랑구","차대사람","기타","기타","운전자법규위반","안전운전 의무 불이행","단일로","기타단일로","화물차","소형","보행자","보행자","962508","1956178","127.07752474","37.59769643"
"2013","2013-07-01 00:00","30","야간","월","1","1","0","0","0","부산","동구","차대사람","기타","기타","운전자법규위반","안전운전 의무 불이행","단일로","기타단일로","승용차","중형","보행자","보행자","1140788","1682173","129.04502262","35.12496889"
"2013","2013-07-01 13:00","35","주간","월","1","1","0","0","0","경남","거제시","차대사람","기타","기타","운전자법규위반","안전운전 의무 불이행","단일로","기타단일로","승용차","중형","보행자","보행자","1111886","1653388","128.72414589","34.8690344"
"2013","2013-06-30 22:00","35","야간","일","1","1","0","0","0","강원","강릉시","차대차","기타","기타","운전자법규위반","안전운전 의무 불이행","단일로","기타단일로","이륜차","중형","승용차","중형","1116787","1988109","128.82786826","37.88519178"
"2013","2013-06-30 12:00","30","주간","일","1","3","2","0","0","부산","영도구","차량단독","공작물충돌","공작물충돌","운전자법규위반","안전운전 의무 불이행","단일로","기타단일로","승용차","중형","00","00","1143314","1676170","129.07176984","35.07040367"
"2013","2013-07-07 00:00","41","야간","일","1","5","4","0","0","충남","홍성군","차량단독","도로이탈","도로이탈 추락","운전자법규위반","과속","단일로","기타단일로","승용차","중형","00","00","925664","1835554","126.66979336","36.51478909"
"2013","2013-07-07 05:00","50","야간","일","1","1","0","0","0","울산","동구","차대차","추돌","진행중 추돌","운전자법규위반","안전운전 의무 불이행","단일로","기타단일로","승용차","중형","이륜차","사발이","1174038","1728608","129.41976872","35.53818075"
"2013","2013-07-07 06:00","35","주간","일","1","2","1","0","0","전북","군산시","차량단독","공작물충돌","공작물충돌","운전자법규위반","안전운전 의무 불이행","단일로","기타단일로","승용차","중형","00","00","932882","1777598","126.75537409","35.99286159"
"2013","2013-05-18 17:00","58","주간","토","1","2","1","0","0","경기","평택시","차대차","측면직각충돌","측면직각충돌","운전자법규위반","중앙선 침범","단일로","기타단일로","승합차","대형","승용차","대형","949644","1888561","126.93409577","36.99417674"
"2013","2013-05-19 00:00","42","야간","일","1","2","1","0","0","경기","연천군","차량단독","공작물충돌","공작물충돌","운전자법규위반","안전운전 의무 불이행","단일로","기타단일로","승용차","중형","00","00","962301","1998767","127.06936028","37.98656654"
"2013","2013-05-19 01:00","20","야간","일","1","1","0","0","0","전남","순천시","차대사람","기타","기타","운전자법규위반","안전운전 의무 불이행","단일로","기타단일로","승용차","소형","보행자","보행자","1004059","1663199","127.54551665","34.96376249"
"2013","2013-05-26 04:00","40","야간","일","1","1","0","0","0","울산","울주군","차대사람","기타","기타","운전자법규위반","안전운전 의무 불이행","단일로","기타단일로","승용차","중형","보행자","보행자","1163859","1716413","129.30501209","35.4300036"
"2013","2013-05-25 09:00","33","주간","토","1","1","0","0","0","경남","사천시","차대사람","기타","기타","운전자법규위반","보행자 보호의무 위반","단일로","기타단일로","건설기계","건설기계","보행자","보행자","1053312","1675903","128.08477405","35.07681556"
"2013","2013-05-30 23:00","39","야간","목","1","1","0","0","0","충북","영동군","차량단독","공작물충돌","공작물충돌","운전자법규위반","안전운전 의무 불이행","단일로","기타단일로","승용차","중형","00","00","1038353","1803206","127.92739928","36.22473535"
"2013","2013-06-02 04:00","00","야간","일","1","1","0","0","0","대구","달서구","차대사람","횡단중","횡단중","운전자법규위반","신호위반","단일로","기타단일로","승용차","중형","보행자","보행자","1093658","1760914","128.53706565","35.8402735"
"2013","2013-05-29 00:00","15","야간","수","1","2","1","0","0","충북","청주시","차대차","측면직각충돌","측면직각충돌","운전자법규위반","교차로 통행방법 위반","교차로","교차로내","원동기장치자전거","원동기장치자전거","원동기장치자전거","원동기장치자전거","998549","1851748","127.48364484","36.66379212"
"2013","2013-05-28 19:00","00","야간","화","1","1","0","0","0","전남","순천시","차량단독","도로이탈","도로이탈 추락","운전자법규위반","안전운전 의무 불이행","기타/불명","기타/불명","원동기장치자전거","원동기장치자전거","00","00","999488","1657758","127.49439496","34.91460369"
"2013","2013-05-29 00:00","10","야간","수","1","1","0","0","0","대구","수성구","차대차","기타","기타","운전자법규위반","안전운전 의무 불이행","교차로","교차로내","승용차","중형","승용차","중형","1100878","1759797","128.6168577","35.82948789"
"2013","2013-06-07 00:00","36","야간","금","1","1","0","0","0","경기","안산시","차대사람","횡단중","횡단중","운전자법규위반","안전운전 의무 불이행","단일로","기타단일로","승용차","중형","보행자","보행자","941423","1924185","126.83892303","37.31480069"
"2013","2013-06-05 20:00","55","야간","수","1","1","0","0","0","경남","양산시","차대차","정면충돌","정면충돌","운전자법규위반","중앙선 침범","기타/불명","기타/불명","승용차","중형","이륜차","대형","1140036","1710522","129.04168776","35.38040664"
"2013","2013-06-20 19:00","50","야간","목","1","1","0","0","0","인천","남동구","차대사람","횡단중","횡단중","운전자법규위반","안전운전 의무 불이행","단일로","기타단일로","승용차","소형","보행자","보행자","932469","1934102","126.73868153","37.40095932"
"2013","2013-06-26 23:00","55","야간","수","1","1","0","0","0","서울","중구","차대사람","보도통행중","보도통행중","운전자법규위반","기타(운전자법규위반)","단일로","기타단일로","화물차","소형","보행자","보행자","953108","1951182","126.96892935","37.5588235"
"2013","2013-06-28 22:00","30","야간","금","1","1","0","0","0","경북","칠곡군","차대사람","기타","기타","운전자법규위반","안전운전 의무 불이행","단일로","기타단일로","승용차","중형","보행자","보행자","1095249","1777390","128.55665344","35.98864373"
"2013","2013-06-26 15:00","20","주간","수","1","1","0","0","0","전남","함평군","차대차","측면직각충돌","측면직각충돌","운전자법규위반","안전운전 의무 불이행","단일로","기타단일로","승용차","소형","원동기장치자전거","원동기장치자전거","910382","1673153","126.51732775","35.04944771"
"2013","2013-06-26 15:00","30","주간","수","1","1","0","0","0","경기","평택시","차량단독","전도전복","전도전복","운전자법규위반","안전운전 의무 불이행","단일로","기타단일로","이륜차","소형","00","00","951915","1889816","126.95953631","37.00560827"
"2013","2013-06-25 17:00","40","주간","화","1","1","0","0","0","경기","양평군","차대사람","횡단중","횡단중","운전자법규위반","중앙선 침범","단일로","기타단일로","화물차","경형","보행자","보행자","1011835","1941832","127.63385162","37.47563842"
"2012","2012-07-26 02:00","40","야간","목","1","2","0","1","0","경남","창원시(통합)","차대차","추돌","주정차중 추돌","운전자법규위반","안전운전 의무 불이행","단일로","기타단일로","화물차","중형","화물차","대형","1104527","1698302","128.64930957","35.27474149"
"2012","2012-06-09 17:00","15","주간","토","1","1","0","0","0","인천","남구","차대사람","횡단중","횡단중","운전자법규위반","신호위반","단일로","횡단보도상","승용차","중형","보행자","보행자","927015","1939492","126.67482339","37.45174128"
"2012","2012-06-14 20:00","34","야간","목","1","1","0","0","0","충북","옥천군","차대차","측면직각충돌","측면직각충돌","운전자법규위반","안전운전 의무 불이행","교차로","교차로내","원동기장치자전거","원동기장치자전거","승용차","중형","1005613","1812334","127.56252263","36.3083261"
"2012","2012-06-02 09:00","34","주간","토","1","2","1","0","0","경기","용인시","차대사람","기타","기타","운전자법규위반","중앙선 침범","교차로","교차로부근","건설기계","건설기계","보행자","보행자","983895","1915675","127.31842455","37.23979886"
"2013","2013-10-03 07:00","15","주간","목","1","1","0","0","0","전북","군산시","차대차","추돌","주정차중 추돌","운전자법규위반","안전운전 의무 불이행","단일로","기타단일로","화물차","소형","화물차","중형","927032","1771757","126.69101549","35.93978405"
"2012","2012-04-07 04:00","25","야간","토","1","1","0","0","0","전북","정읍시","차대사람","기타","기타","운전자법규위반","안전운전 의무 불이행","단일로","기타단일로","화물차","대형","보행자","보행자","936447","1722934","126.79925549","35.50026936"
"2012","2012-04-04 21:00","27","야간","수","1","1","0","0","0","경기","성남시","차대사람","차도통행중","차도통행중","운전자법규위반","안전운전 의무 불이행","단일로","기타단일로","승합차","대형","보행자","보행자","964844","1930540","127.102934","37.37326408"
"2012","2012-09-22 10:00","40","주간","토","1","4","2","1","0","전북","임실군","차대차","기타","기타","운전자법규위반","안전운전 의무 불이행","기타/불명","기타/불명","특수차","대형","승용차","소형","982767","1727290","127.30988799","35.54143107"
"2012","2012-08-15 23:00","20","야간","수","2","3","1","0","0","충북","보은군","차대차","측면직각충돌","측면직각충돌","운전자법규위반","안전운전 의무 불이행","단일로","기타단일로","화물차","중형","화물차","소형","1008225","1833770","127.59184456","36.50155977"
"2012","2012-06-06 10:00","37","주간","수","1","1","0","0","0","부산","연제구","차대사람","차도통행중","차도통행중","운전자법규위반","보행자 보호의무 위반","단일로","횡단보도상","건설기계","건설기계","보행자","보행자","1143391","1688815","129.07485416","35.1844154"
"2013","2013-06-13 00:00","45","야간","목","1","2","0","1","0","충남","예산군","차량단독","도로이탈","도로이탈 추락","운전자법규위반","안전운전 의무 불이행","단일로","기타단일로","승용차","경형","00","00","947169","1853841","126.90869709","36.68106809"
"2013","2013-06-21 17:00","20","주간","금","1","3","1","1","0","경기","남양주시","차대차","측면직각충돌","측면직각충돌","운전자법규위반","중앙선 침범","교차로","교차로내","승용차","중형","승용차","대형","973523","1963719","127.19976065","37.67261172"
"2013","2013-06-19 22:00","30","야간","수","1","1","0","0","0","경기","이천시","차대사람","차도통행중","차도통행중","운전자법규위반","안전운전 의무 불이행","단일로","기타단일로","승용차","중형","보행자","보행자","986980","1919549","127.35378124","37.27483125"
"2013","2013-06-19 18:00","23","야간","수","1","2","1","0","0","전남","영암군","차대차","정면충돌","정면충돌","운전자법규위반","중앙선 침범","단일로","기타단일로","화물차","소형","화물차","소형","914213","1635029","126.56323817","34.7060391"
"2013","2013-06-19 10:00","10","주간","수","1","2","0","1","0","전남","신안군","차대차","정면충돌","정면충돌","운전자법규위반","중앙선 침범","단일로","기타단일로","화물차","소형","승용차","소형","869507","1622982","126.07703324","34.59270334"
"2013","2013-07-03 23:00","10","야간","수","1","3","0","2","0","충남","서산시","차량단독","전도전복","전도전복","운전자법규위반","안전운전 의무 불이행","단일로","기타단일로","승용차","중형","00","00","900534","1888357","126.38229305","36.98842454"
"2013","2013-07-02 05:00","10","야간","화","1","3","2","0","0","서울","송파구","차대차","측면직각충돌","측면직각충돌","운전자법규위반","신호위반","교차로","교차로내","승용차","중형","승용차","중형","968148","1945362","127.13960985","37.50698275"
"2013","2013-07-01 09:00","50","주간","월","1","1","0","0","0","경북","의성군","차대차","측면직각충돌","측면직각충돌","운전자법규위반","안전운전 의무 불이행","단일로","기타단일로","승용차","소형","자전거","자전거","1082988","1822584","128.42543376","36.39716494"
"2013","2013-06-30 21:00","10","야간","일","1","1","0","0","0","경기","시흥시","차대사람","기타","기타","운전자법규위반","안전운전 의무 불이행","교차로","교차로내","특수차","소형","보행자","보행자","936522","1938275","126.78240708","37.44147401"
"2013","2013-06-29 22:00","59","야간","토","1","1","0","0","0","인천","부평구","차대차","추돌","진행중 추돌","운전자법규위반","안전운전 의무 불이행","단일로","기타단일로","이륜차","소형","승용차","소형","928487","1941788","126.69139499","37.47279687"
"2013","2013-06-29 18:00","35","야간","토","1","1","0","0","0","충북","청원군","차대사람","횡단중","횡단중","운전자법규위반","안전운전 의무 불이행","교차로","교차로내","승용차","중형","보행자","보행자","984469","1845857","127.32632949","36.61043414"
"2013","2013-06-29 18:00","06","야간","토","1","1","0","0","0","충북","증평군","차량단독","도로이탈","도로이탈 추락","운전자법규위반","안전운전 의무 불이행","기타/불명","기타/불명","승용차","중형","00","00","1009123","1871515","127.60232161","36.84181957"
"2012","2012-02-04 11:00","30","주간","토","1","1","0","0","0","경기","안성시","차대차","측면직각충돌","측면직각충돌","운전자법규위반","안전운전 의무 불이행","단일로","기타단일로","승용차","소형","승합차","대형","966615","1898957","127.12435096","37.08864409"
"2012","2012-03-13 09:00","50","주간","화","1","1","0","0","0","충남","부여군","차대차","측면직각충돌","측면직각충돌","운전자법규위반","안전운전 의무 불이행","교차로","교차로내","승합차","소형","이륜차","소형","946215","1808923","126.90114406","36.27609118"
"2012","2012-03-11 23:00","40","야간","일","2","6","3","1","0","경기","여주시","차대사람","길가장자리구역통행중","길가장자리구역통행중","운전자법규위반","안전운전 의무 불이행","단일로","기타단일로","승용차","소형","보행자","보행자","1005050","1913155","127.55691915","37.21720891"
"2012","2012-03-15 22:00","30","야간","목","1","5","4","0","0","경남","함안군","차대차","정면충돌","정면충돌","운전자법규위반","중앙선 침범","단일로","기타단일로","승용차","중형","승용차","중형","1084694","1698271","128.43126452","35.27633708"
"2012","2012-03-15 12:00","40","주간","목","1","1","0","0","0","경기","고양시","차대사람","횡단중","횡단중","운전자법규위반","안전운전 의무 불이행","단일로","기타단일로","승합차","대형","보행자","보행자","942540","1969231","126.84583203","37.72284348"
"2012","2012-03-19 16:00","00","주간","월","1","2","0","0","1","광주","북구","차대사람","횡단중","횡단중","운전자법규위반","보행자 보호의무 위반","단일로","횡단보도상","이륜차","대형","보행자","보행자","943205","1690800","126.87599884","35.210947"
"2012","2012-02-25 04:00","29","야간","토","1","1","0","0","0","경남","창원시(통합)","차대사람","기타","기타","운전자법규위반","안전운전 의무 불이행","단일로","기타단일로","승용차","중형","보행자","보행자","1098544","1694268","128.58305129","35.23898024"
"2012","2012-01-30 02:00","55","야간","월","2","4","1","1","0","경북","칠곡군","차량단독","공작물충돌","공작물충돌","운전자법규위반","안전운전 의무 불이행","교차로","교차로부근","승용차","소형","00","00","1081990","1787413","128.41062112","36.08020386"
"2012","2012-02-05 22:00","08","야간","일","1","1","0","0","0","경기","하남시","차량단독","공작물충돌","공작물충돌","운전자법규위반","안전운전 의무 불이행","교차로","교차로부근","승용차","중형","00","00","976344","1944664","127.23236505","37.50093781"
"2012","2012-10-03 20:00","40","야간","수","1","1","0","0","0","경기","의정부시","차대사람","횡단중","횡단중","운전자법규위반","안전운전 의무 불이행","교차로","교차로부근","승합차","대형","보행자","보행자","958613","1972136","127.03021237","37.74792294"
"2012","2012-11-21 00:00","11","야간","수","1","2","1","0","0","부산","강서구","차대사람","기타","기타","운전자법규위반","안전거리 미확보","단일로","기타단일로","승용차","소형","보행자","보행자","1130515","1692489","128.9340614","35.21929013"
"2012","2012-08-18 08:00","39","주간","토","1","5","3","1","0","전남","영암군","차대차","측면직각충돌","측면직각충돌","운전자법규위반","서행 및 일시정지위반","교차로","교차로내","특수차","대형","승용차","중형","925496","1644718","126.68557525","34.7942887"
"2012","2012-08-07 21:00","25","야간","화","1","1","0","0","0","경기","김포시","차대사람","횡단중","횡단중","운전자법규위반","안전운전 의무 불이행","교차로","교차로내","화물차","중형","보행자","보행자","925605","1963011","126.64747989","37.66886725"
"2012","2012-09-10 01:00","17","야간","월","1","1","0","0","0","경북","안동시","차대사람","기타","기타","운전자법규위반","보행자 보호의무 위반","단일로","횡단보도상","승용차","중형","보행자","보행자","1107297","1841631","128.69910887","36.56643239"
"2012","2012-09-13 06:00","45","주간","목","1","1","0","0","0","전북","전주시","차대사람","횡단중","횡단중","운전자법규위반","안전운전 의무 불이행","교차로","교차로부근","승용차","중형","보행자","보행자","961320","1763700","127.07153899","35.86910351"
"2013","2013-07-13 06:00","45","주간","토","1","2","0","1","0","경기","광주시","차대차","추돌","진행중 추돌","운전자법규위반","과속","단일로","기타단일로","특수차","중형","승합차","대형","980506","1941249","127.27954244","37.47025359"
"2013","2013-07-12 22:00","35","야간","금","1","1","0","0","0","경기","포천시","차대사람","기타","기타","운전자법규위반","안전운전 의무 불이행","단일로","기타단일로","승용차","중형","보행자","보행자","972698","1987735","127.18449744","37.89970437"
"2013","2013-06-18 23:00","20","야간","화","1","1","0","0","0","부산","수영구","차대사람","횡단중","횡단중","운전자법규위반","안전운전 의무 불이행","단일로","횡단보도상","승용차","중형","보행자","보행자","1146438","1687706","129.10811061","35.17397959"
"2013","2013-06-26 23:00","46","야간","수","1","1","0","0","0","부산","사상구","차량단독","공작물충돌","공작물충돌","운전자법규위반","안전운전 의무 불이행","교차로","교차로부근","이륜차","소형","00","00","1137192","1685172","129.00618658","35.15244324"
"2013","2013-05-27 14:00","20","주간","월","1","1","0","0","0","울산","중구","차량단독","공작물충돌","공작물충돌","운전자법규위반","안전운전 의무 불이행","단일로","기타단일로","승용차","중형","00","00","1164553","1731710","129.3158209","35.56775618"
"2013","2013-06-02 00:00","35","야간","일","1","1","0","0","0","경기","안양시","차량단독","공작물충돌","공작물충돌","운전자법규위반","안전운전 의무 불이행","단일로","기타단일로","승용차","중형","00","00","950190","1931545","126.93736438","37.38165113"
"2013","2013-06-01 14:00","00","주간","토","1","1","0","0","0","충남","부여군","차대사람","기타","기타","운전자법규위반","안전운전 의무 불이행","단일로","기타단일로","자전거","자전거","보행자","보행자","948112","1811214","126.9221125","36.29684856"
"2013","2013-06-02 03:00","57","야간","일","1","1","0","0","0","광주","광산구","차대차","정면충돌","정면충돌","운전자법규위반","중앙선 침범","교차로","교차로부근","이륜차","중형","화물차","중형","938473","1688586","126.82435611","35.19073339"
"2013","2013-06-05 20:00","45","야간","수","1","1","0","0","0","경기","포천시","차대사람","횡단중","횡단중","운전자법규위반","안전운전 의무 불이행","단일로","기타단일로","화물차","소형","보행자","보행자","970062","1984746","127.16657014","37.8547185"
"2013","2013-06-06 11:00","45","주간","목","1","2","1","0","0","전남","장흥군","차량단독","도로이탈","도로이탈 추락","운전자법규위반","안전운전 의무 불이행","단일로","기타단일로","화물차","소형","00","00","943643","1633599","126.8846775","34.69519106"
"2013","2013-06-10 07:00","10","주간","월","1","1","0","0","0","대구","중구","차대사람","기타","기타","운전자법규위반","보행자 보호의무 위반","단일로","횡단보도상","건설기계","건설기계","보행자","보행자","1098199","1764988","128.58808773","35.87755279"
"2013","2013-06-10 05:00","01","야간","월","1","1","0","0","0","충북","청원군","차량단독","기타","기타","운전자법규위반","안전운전 의무 불이행","단일로","기타단일로","승용차","소형","00","00","1007957","1842996","127.58894717","36.58473547"
"2013","2013-06-13 02:00","00","야간","목","1","2","1","0","0","경기","용인시","차량단독","공작물충돌","공작물충돌","운전자법규위반","안전운전 의무 불이행","단일로","기타단일로","이륜차","소형","00","00","966130","1921496","127.11787143","37.29179186"
"2013","2013-06-13 16:00","00","주간","목","1","1","0","0","0","경남","함안군","차대차","측면직각충돌","측면직각충돌","운전자법규위반","안전운전 의무 불이행","교차로","교차로내","승합차","대형","자전거","자전거","1080661","1697629","128.38686087","35.27088206"
"2013","2013-06-13 20:00","15","야간","목","1","2","0","1","0","전남","여수시","차대차","추돌","진행중 추돌","운전자법규위반","차로위반(진로변경 위반)","단일로","기타단일로","이륜차","중형","이륜차","중형","1020648","1638323","127.72556163","34.73913599"
"2013","2013-06-15 00:00","21","야간","토","1","1","0","0","0","경남","고성군","차대사람","횡단중","횡단중","운전자법규위반","안전운전 의무 불이행","단일로","기타단일로","승용차","중형","보행자","보행자","1075526","1665873","128.32742194","34.98533125"
"2012","2012-03-06 00:00","45","야간","화","1","1","0","0","0","충북","진천군","차대사람","기타","기타","운전자법규위반","안전운전 의무 불이행","교차로","교차로내","화물차","소형","보행자","보행자","994517","1873630","127.43848855","36.86091368"
"2012","2012-03-16 05:00","13","야간","금","1","3","2","0","0","부산","사상구","차대차","측면직각충돌","측면직각충돌","운전자법규위반","차로위반(진로변경 위반)","단일로","기타단일로","승용차","대형","승용차","중형","1135392","1690130","128.98241104","35.19370595"
"2012","2012-03-10 22:00","46","야간","토","1","2","1","0","0","서울","노원구","차대사람","횡단중","횡단중","운전자법규위반","과속","교차로","교차로내","승용차","대형","보행자","보행자","962860","1963175","127.07977816","37.66829743"
"2012","2012-03-17 06:00","15","주간","토","1","1","0","0","0","전남","담양군","차대사람","차도통행중","차도통행중","운전자법규위반","안전운전 의무 불이행","단일로","기타단일로","승용차","중형","보행자","보행자","951469","1704322","126.9814609","35.30934141"
"2012","2012-03-20 01:00","13","야간","화","1","1","0","0","0","경북","경주시","차량단독","전도전복","전도전복","운전자법규위반","안전운전 의무 불이행","단일로","기타단일로","승용차","소형","00","00","1177569","1744191","129.4567647","35.68197636"
"2012","2012-02-28 06:00","30","주간","화","1","1","0","0","0","전북","전주시","차대사람","횡단중","횡단중","운전자법규위반","안전운전 의무 불이행","단일로","횡단보도상","승용차","중형","보행자","보행자","969628","1758806","127.16375197","35.82527208"
"2012","2012-02-22 21:00","52","야간","수","1","1","0","0","0","서울","영등포구","차대사람","기타","기타","운전자법규위반","안전운전 의무 불이행","단일로","횡단보도부근","승용차","중형","보행자","보행자","947674","1946834","126.90951515","37.51901808"
"2012","2012-12-05 21:00","40","야간","수","1","1","0","0","0","서울","서대문구","차량단독","공작물충돌","공작물충돌","운전자법규위반","안전운전 의무 불이행","단일로","기타단일로","승용차","중형","00","00","951331","1952304","126.94887989","37.56881858"
"2012","2012-12-14 06:00","21","주간","금","1","1","0","0","0","전남","나주시","차대사람","횡단중","횡단중","운전자법규위반","신호위반","교차로","교차로내","승용차","소형","보행자","보행자","931795","1671410","126.75224655","35.03540637"
"2012","2012-06-14 10:00","23","주간","목","1","1","0","0","0","경기","용인시","차대사람","횡단중","횡단중","운전자법규위반","안전운전 의무 불이행","교차로","교차로내","화물차","소형","보행자","보행자","974203","1913484","127.20922921","37.21983131"
"2012","2012-11-18 14:00","33","주간","일","1","1","0","0","0","전남","장성군","차량단독","기타","기타","운전자법규위반","안전운전 의무 불이행","단일로","기타단일로","이륜차","소형","00","00","941219","1713062","126.85258258","35.41155571"
"2012","2012-11-20 19:00","00","야간","화","1","1","0","0","0","경기","고양시","차대사람","기타","기타","운전자법규위반","안전운전 의무 불이행","교차로","교차로부근","승용차","소형","보행자","보행자","934079","1963797","126.75249775","37.67132815"
"2012","2012-11-04 18:00","10","야간","일","1","1","0","0","0","대전","서구","차대사람","횡단중","횡단중","운전자법규위반","안전운전 의무 불이행","단일로","기타단일로","승용차","중형","보행자","보행자","985838","1811739","127.34226197","36.30287418"
"2012","2012-11-03 18:00","35","야간","토","1","1","0","0","0","광주","서구","차대사람","기타","기타","운전자법규위반","안전운전 의무 불이행","단일로","기타단일로","승용차","소형","보행자","보행자","942913","1684227","126.87324598","35.15166411"
"2012","2012-11-01 03:00","40","야간","목","1","1","0","0","0","경북","포항시","차대사람","기타","기타","운전자법규위반","안전운전 의무 불이행","단일로","기타단일로","승용차","중형","보행자","보행자","1164964","1787872","129.33194974","36.07379847"
"2012","2012-12-29 23:00","30","야간","토","1","1","0","0","0","광주","서구","차대사람","차도통행중","차도통행중","운전자법규위반","보행자 보호의무 위반","단일로","횡단보도상","승용차","중형","보행자","보행자","942346","1684911","126.8671172","35.15767366"
"2012","2012-01-04 11:00","20","주간","수","1","1","0","0","0","경기","수원시","차대사람","횡단중","횡단중","운전자법규위반","보행자 보호의무 위반","교차로","교차로내","승합차","대형","보행자","보행자","957158","1919716","127.01619854","37.27564559"
"2012","2012-06-12 10:00","50","주간","화","1","1","0","0","0","충북","충주시","차대차","추돌","진행중 추돌","운전자법규위반","안전운전 의무 불이행","단일로","기타단일로","승합차","경형","이륜차","소형","1036229","1885387","127.90699596","36.96621626"
"2012","2012-07-10 19:00","25","야간","화","1","3","0","2","0","전북","전주시","차대차","기타","기타","운전자법규위반","안전운전 의무 불이행","단일로","기타단일로","승용차","중형","승용차","소형","964337","1758139","127.10520631","35.81908027"
"2013","2013-06-25 07:00","15","주간","화","1","1","0","0","0","경기","수원시","차대사람","보도통행중","보도통행중","운전자법규위반","기타(운전자법규위반)","교차로","교차로부근","승용차","중형","보행자","보행자","958780","1917182","127.03518855","37.25260992"
"2013","2013-06-23 21:00","24","야간","일","1","1","0","0","0","경기","군포시","차대차","측면직각충돌","측면직각충돌","운전자법규위반","신호위반","교차로","교차로내","이륜차","소형","승합차","중형","950632","1927683","126.94261438","37.34686485"
"2013","2013-01-30 17:00","59","주간","수","1","1","0","0","0","울산","중구","차대사람","횡단중","횡단중","운전자법규위반","안전운전 의무 불이행","단일로","횡단보도부근","화물차","중형","보행자","보행자","1166897","1732903","129.34192093","35.57811508"
"2013","2013-05-13 10:00","30","주간","월","1","1","0","0","0","전북","고창군","차대차","추돌","진행중 추돌","운전자법규위반","안전운전 의무 불이행","단일로","기타단일로","화물차","중형","화물차","중형","925923","1723611","126.68316434","35.50564333"
"2013","2013-09-04 05:00","00","야간","수","1","2","1","0","0","경북","김천시","차대차","추돌","진행중 추돌","운전자법규위반","안전운전 의무 불이행","단일로","기타단일로","화물차","중형","화물차","대형","1068371","1799214","128.26040071","36.18764305"
"2013","2013-02-02 10:00","15","주간","토","1","1","0","0","0","강원","강릉시","차대사람","횡단중","횡단중","운전자법규위반","안전운전 의무 불이행","단일로","기타단일로","승용차","중형","보행자","보행자","1121898","1972928","128.88384398","37.74792794"
"2013","2013-03-20 08:00","20","주간","수","1","2","1","0","0","전북","남원시","차대차","기타","기타","운전자법규위반","신호위반","교차로","교차로내","건설기계","건설기계","화물차","소형","991572","1714891","127.407152","35.42974695"
"2013","2013-03-18 06:00","24","주간","월","1","1","0","0","0","서울","강서구","차대사람","횡단중","횡단중","운전자법규위반","안전운전 의무 불이행","단일로","기타단일로","승합차","소형","보행자","보행자","942143","1949836","126.84529337","37.54648608"
"2013","2013-03-29 23:00","50","야간","금","1","8","2","5","0","경기","광주시","차대차","정면충돌","정면충돌","운전자법규위반","중앙선 침범","단일로","기타단일로","화물차","소형","승합차","대형","975050","1927567","127.21821255","37.34691392"
"2013","2013-03-21 06:00","05","주간","목","1","1","0","0","0","경북","상주시","차대차","기타","기타","운전자법규위반","신호위반","교차로","교차로내","화물차","소형","자전거","자전거","1062665","1824771","128.19899782","36.41842097"
"2013","2013-03-20 15:00","30","주간","수","1","1","0","0","0","대구","달서구","차대사람","횡단중","횡단중","운전자법규위반","안전운전 의무 불이행","교차로","교차로내","화물차","소형","보행자","보행자","1093678","1762968","128.53752827","35.85878776"
"2013","2013-08-31 13:00","43","주간","토","1","1","0","0","0","강원","강릉시","차량단독","공작물충돌","공작물충돌","운전자법규위반","안전운전 의무 불이행","단일로","기타단일로","승용차","중형","00","00","1121601","1970265","128.88031038","37.72316298"
"2013","2013-07-12 13:00","35","주간","금","2","3","1","0","0","부산","강서구","차대차","정면충돌","정면충돌","운전자법규위반","중앙선 침범","단일로","기타단일로","특수차","대형","승용차","중형","1125630","1677962","128.87818998","35.08895903"
"2013","2013-07-13 00:00","07","야간","토","1","1","0","0","0","경남","창원시(통합)","차대사람","보도통행중","보도통행중","운전자법규위반","보행자 보호의무 위반","교차로","교차로내","승용차","중형","보행자","보행자","1097618","1692795","128.57270081","35.22579103"
"2014","2014-06-26 20:00","43","야간","목","1","1","0","0","0","충북","제천시","차대차","기타","기타","운전자법규위반","안전운전 의무 불이행","단일로","기타단일로","승용차","중형","건설기계","건설기계","1063715","1907132","128.21759988","37.16075778"
"2014","2014-12-27 17:00","55","주간","토","1","1","0","0","0","경기","여주시","차대사람","횡단중","횡단중","운전자법규위반","보행자 보호의무 위반","단일로","횡단보도상","승용차","중형","보행자","보행자","1013911","1908161","127.65669924","37.17210239"
"2014","2014-11-15 15:00","08","주간","토","1","2","1","0","0","충북","음성군","차대차","기타","기타","운전자법규위반","중앙선 침범","단일로","기타단일로","화물차","소형","건설기계","건설기계","1019910","1881029","127.72355557","36.92741819"
"2014","2014-11-15 05:00","20","야간","토","1","1","0","0","0","경북","경산시","차대사람","기타","기타","운전자법규위반","안전운전 의무 불이행","단일로","기타단일로","승용차","중형","보행자","보행자","1119057","1765480","128.81892826","35.8786746"