"발생년","발생년월일시","발생분","주야","요일","사망자수","사상자수","중상자수","경상자수","부상신고자수","발생지시도","발생지시군구","사고유형_대분류","사고유형_중분류","사고유형","법규위반_대분류","법규위반","도로형태_대분류","도로형태","당사자종별_1당_대분류","당사자종별_1당","당사자종별_2당_대분류","당사자종별_2당","발생위치X_UTMK","발생위치Y_UTMK","경도","위도"
"2014","2014-11-23 15:00","25","주간","일","1","1","0","0","0","서울","영등포구","차대사람","횡단중","횡단중","운전자법규위반","안전운전 의무 불이행","단일로","기타단일로","승용차","중형","보행자","보행자","947603","1946853","126.90705586","37.51948348"
"2014","2014-11-25 20:00","20","야간","화","1","1","0","0","0","대구","중구","차대사람","횡단중","횡단중","운전자법규위반","안전운전 의무 불이행","단일로","기타단일로","승용차","중형","보행자","보행자","1098718","1764859","128.59357397","35.87533922"
"2014","2014-11-22 14:00","25","주간","토","1","4","1","2","0","충북","청주시","차대차","추돌","주정차중 추돌","운전자법규위반","안전운전 의무 불이행","단일로","기타단일로","승용차","중형","승용차","소형","985243","1846842","127.33496555","36.61932619"
"2014","2014-11-21 05:00","10","야간","금","1","2","1","0","0","서울","광진구","차대사람","보도통행중","보도통행중","운전자법규위반","안전운전 의무 불이행","단일로","횡단보도상","승용차","중형","보행자","보행자","962678","1951938","127.07747605","37.5660301"
"2014","2014-11-21 19:00","35","야간","금","1","1","0","0","0","대전","유성구","차대차","측면직각충돌","측면직각충돌","운전자법규위반","신호위반","교차로","교차로부근","승합차","대형","이륜차","중형","990043","1826307","127.38891111","36.43426272"
"2014","2014-11-30 06:00","05","주간","일","1","1","0","0","0","경기","김포시","차대사람","횡단중","횡단중","운전자법규위반","안전운전 의무 불이행","교차로","교차로부근","승합차","대형","보행자","보행자","935518","1956121","126.76949153","37.60224878"
"2014","2014-11-30 18:00","00","야간","일","1","1","0","0","0","경남","창녕군","차대차","추돌","진행중 추돌","운전자법규위반","안전운전 의무 불이행","단일로","기타단일로","원동기장치자전거","원동기장치자전거","건설기계","건설기계","1091748","1720692","128.50978016","35.47678223"
"2014","2014-11-30 17:00","00","주간","일","1","1","0","0","0","경기","안성시","차량단독","공작물충돌","공작물충돌","운전자법규위반","안전운전 의무 불이행","단일로","기타단일로","승용차","대형","00","00","975975","1885204","127.23532902","36.93966553"
"2014","2014-11-30 17:00","10","주간","일","1","2","1","0","0","대구","동구","차량단독","공작물충돌","공작물충돌","운전자법규위반","안전운전 의무 불이행","단일로","기타단일로","승용차","대형","00","00","1101893","1775855","128.66887442","35.87815512"
"2014","2014-11-29 14:00","30","주간","토","1","1","0","0","0","서울","서대문구","차대사람","차도통행중","차도통행중","운전자법규위반","안전운전 의무 불이행","교차로","교차로내","화물차","중형","보행자","보행자","949689","1952130","126.93029891","37.56716204"
"2014","2014-11-27 07:00","20","주간","목","1","3","1","1","0","전북","임실군","차대차","측면직각충돌","측면직각충돌","운전자법규위반","직진 및 우회전차의 통행방해","교차로","교차로내","화물차","소형","화물차","소형","985749","1729140","127.3427523","35.55815913"
"2014","2014-12-07 02:00","40","야간","일","1","1","0","0","0","충남","아산시","차대차","기타","기타","운전자법규위반","안전운전 의무 불이행","교차로","교차로내","승용차","중형","이륜차","중형","955722","1864161","127.00382351","36.77453464"
"2014","2014-12-05 23:00","15","야간","금","1","1","0","0","0","경기","고양시","차대사람","횡단중","횡단중","운전자법규위반","안전운전 의무 불이행","단일로","기타단일로","승용차","중형","보행자","보행자","947497","1967427","126.90437924","37.70491107"
"2014","2014-12-05 13:00","50","주간","금","2","9","0","7","0","전남","해남군","차대차","기타","기타","운전자법규위반","중앙선 침범","단일로","기타단일로","승용차","중형","승합차","대형","917465","1618810","126.60032526","34.5600623"
"2014","2014-12-14 05:00","00","야간","일","1","1","0","0","0","전남","해남군","차량단독","도로이탈","도로이탈 기타","운전자법규위반","안전운전 의무 불이행","단일로","기타단일로","화물차","소형","00","00","913537","1621016","126.55728852","34.57963047"
"2014","2014-12-11 01:00","50","야간","목","1","1","0","0","0","부산","진구","차대차","측면직각충돌","측면직각충돌","운전자법규위반","안전운전 의무 불이행","교차로","교차로내","승용차","중형","승용차","중형","1142586","1685840","129.06550163","35.15771394"
"2014","2014-12-11 15:00","30","주간","목","1","1","0","0","0","경기","파주시","차대사람","기타","기타","운전자법규위반","신호위반","교차로","교차로내","승용차","소형","보행자","보행자","934557","1979456","126.75650721","37.81248969"
"2014","2014-12-19 22:00","20","야간","금","1","3","2","0","0","경기","수원시","차대차","추돌","주정차중 추돌","운전자법규위반","안전운전 의무 불이행","고가도로위","고가도로위","승용차","중형","승용차","소형","956809","1919035","127.01285601","37.26922298"
"2014","2014-12-19 06:00","24","주간","금","1","1","0","0","0","부산","금정구","차대사람","기타","기타","운전자법규위반","안전운전 의무 불이행","교차로","교차로부근","승용차","중형","보행자","보행자","1144968","1693424","129.09297962","35.22573285"
"2014","2014-12-19 08:00","10","주간","금","1","3","2","0","0","경기","시흥시","차대차","추돌","진행중 추돌","운전자법규위반","안전운전 의무 불이행","단일로","기타단일로","화물차","중형","화물차","중형","936395","1932401","126.78147745","37.38852242"
"2014","2014-12-18 23:00","55","야간","목","1","1","0","0","0","경남","김해시","차대사람","기타","기타","운전자법규위반","안전운전 의무 불이행","단일로","기타단일로","특수차","대형","보행자","보행자","1130305","1692902","128.93182002","35.22304034"
"2014","2014-12-24 20:00","03","야간","수","1","1","0","0","0","서울","성북구","차대사람","차도통행중","차도통행중","운전자법규위반","안전운전 의무 불이행","단일로","횡단보도상","승합차","중형","보행자","보행자","958057","1956187","127.02481903","37.60414791"
"2014","2014-12-24 20:00","00","야간","수","1","1","0","0","0","충남","서산시","차대사람","길가장자리구역통행중","길가장자리구역통행중","운전자법규위반","안전운전 의무 불이행","단일로","기타단일로","화물차","소형","보행자","보행자","901877","1858748","126.40120884","36.72170028"
"2014","2014-12-22 16:00","00","주간","월","1","2","1","0","0","대전","대덕구","차대차","측면직각충돌","측면직각충돌","운전자법규위반","신호위반","교차로","교차로내","화물차","대형","승용차","중형","991062","1827137","127.40027036","36.44175543"
"2014","2014-12-22 00:00","40","야간","월","1","1","0","0","0","인천","계양구","차량단독","공작물충돌","공작물충돌","운전자법규위반","안전운전 의무 불이행","단일로","기타단일로","승용차","소형","00","00","930197","1949882","126.70981004","37.54563008"
"2014","2014-12-31 07:00","30","주간","수","1","1","0","0","0","경남","거제시","차량단독","공작물충돌","공작물충돌","운전자법규위반","안전운전 의무 불이행","단일로","기타단일로","승용차","중형","00","00","1103696","1647085","128.63377561","34.8130762"
"2014","2014-12-29 06:00","55","주간","월","1","1","0","0","0","울산","울주군","차대사람","기타","기타","운전자법규위반","교차로 통행방법 위반","교차로","교차로내","건설기계","건설기계","보행자","보행자","1167745","1713668","129.34730213","35.40462595"
"2014","2014-12-29 22:00","30","야간","월","1","2","1","0","0","충북","음성군","차대차","정면충돌","정면충돌","운전자법규위반","중앙선 침범","단일로","기타단일로","승용차","소형","승용차","중형","999869","1888909","127.49852772","36.9986627"
"2014","2014-12-29 21:00","40","야간","월","1","1","0","0","0","충남","논산시","차대사람","횡단중","횡단중","운전자법규위반","안전운전 의무 불이행","교차로","교차로부근","화물차","소형","보행자","보행자","963110","1800705","127.08963937","36.20279705"
"2014","2014-12-16 06:00","46","주간","화","1","1","0","0","0","광주","서구","차대사람","횡단중","횡단중","운전자법규위반","신호위반","교차로","교차로내","승합차","대형","보행자","보행자","942103","1684205","126.86435508","35.15141942"
"2014","2014-11-12 20:00","20","야간","수","1","1","0","0","0","충남","아산시","차대사람","보도통행중","보도통행중","운전자법규위반","안전운전 의무 불이행","기타/불명","기타/불명","승용차","경형","보행자","보행자","958272","1862222","127.03250387","36.7571713"
"2014","2014-11-07 17:00","50","주간","금","1","1","0","0","0","전북","익산시","차대사람","보도통행중","보도통행중","운전자법규위반","안전운전 의무 불이행","단일로","횡단보도상","화물차","소형","보행자","보행자","958248","1775559","127.03688827","35.9758953"
"2014","2014-11-06 09:00","10","주간","목","1","1","0","0","0","전북","군산시","차대차","측면직각충돌","측면직각충돌","운전자법규위반","신호위반","교차로","교차로내","특수차","대형","화물차","소형","915402","1773494","126.55604241","35.95422425"
"2014","2014-11-08 07:00","50","주간","토","1","1","0","0","0","대구","달서구","차대차","측면직각충돌","측면직각충돌","운전자법규위반","교차로 통행방법 위반","교차로","교차로내","이륜차","중형","화물차","대형","1089789","1761355","128.49428013","35.84461109"
"2014","2014-10-08 11:00","50","주간","수","1","1","0","0","0","전남","함평군","차대차","측면직각충돌","측면직각충돌","운전자법규위반","안전운전 의무 불이행","단일로","기타단일로","화물차","소형","원동기장치자전거","원동기장치자전거","908536","1684786","126.49580335","35.15416408"
"2014","2014-10-06 21:00","10","야간","월","1","1","0","0","0","강원","태백시","차량단독","공작물충돌","공작물충돌","운전자법규위반","안전운전 의무 불이행","단일로","기타단일로","승용차","중형","00","00","1129190","1912559","128.95581013","37.20292161"
"2014","2014-10-06 23:00","55","야간","월","1","1","0","0","0","광주","남구","차대사람","기타","기타","운전자법규위반","안전운전 의무 불이행","교차로","교차로내","승용차","중형","보행자","보행자","944942","1684236","126.90415142","35.14893278"
"2014","2014-10-15 10:00","30","주간","수","1","1","0","0","0","경남","진주시","차대사람","차도통행중","차도통행중","운전자법규위반","안전운전 의무 불이행","단일로","기타단일로","승용차","중형","보행자","보행자","1048323","1683628","128.03050365","35.14672253"
"2014","2014-10-11 10:00","18","주간","토","1","3","2","0","0","전남","강진군","차량단독","공작물충돌","공작물충돌","운전자법규위반","안전운전 의무 불이행","단일로","기타단일로","승용차","중형","00","00","936226","1618082","126.80486935","34.55483336"
"2014","2014-10-11 00:00","14","야간","토","1","1","0","0","0","경기","용인시","차대사람","횡단중","횡단중","운전자법규위반","안전운전 의무 불이행","교차로","교차로부근","승용차","중형","보행자","보행자","965355","1925917","127.10892154","37.33161307"
"2014","2014-10-12 14:00","40","주간","일","1","1","0","0","0","경북","영천시","차대사람","횡단중","횡단중","운전자법규위반","보행자 보호의무 위반","교차로","교차로부근","화물차","소형","보행자","보행자","1144628","1777454","129.10429549","35.9831466"
"2014","2014-10-20 21:00","00","야간","월","1","1","0","0","0","충남","보령시","차량단독","기타","기타","운전자법규위반","안전운전 의무 불이행","단일로","기타단일로","이륜차","소형","00","00","917592","1817969","126.58152258","36.35561428"
"2014","2014-10-26 00:00","40","야간","일","1","2","1","0","0","충북","괴산군","차량단독","공작물충돌","공작물충돌","운전자법규위반","안전운전 의무 불이행","단일로","기타단일로","화물차","소형","00","00","1015281","1868029","127.67131812","36.81031498"
"2014","2014-10-22 17:00","26","주간","수","1","1","0","0","0","경기","성남시","차대사람","차도통행중","차도통행중","운전자법규위반","안전운전 의무 불이행","단일로","기타단일로","승용차","중형","보행자","보행자","971015","1940344","127.17224572","37.46184731"
"2014","2014-10-24 09:00","30","주간","금","1","1","0","0","0","전북","정읍시","차대차","측면직각충돌","측면직각충돌","운전자법규위반","신호위반","교차로","교차로내","이륜차","소형","화물차","대형","948242","1741073","126.92769199","35.66237706"
"2014","2014-10-24 15:00","50","주간","금","1","1","0","0","0","충남","논산시","차량단독","공작물충돌","공작물충돌","운전자법규위반","안전운전 의무 불이행","단일로","기타단일로","화물차","소형","00","00","975473","1803072","127.22708828","36.22452928"
"2014","2014-10-30 16:00","10","주간","목","1","1","0","0","0","충남","서산시","차대차","측면직각충돌","측면직각충돌","운전자법규위반","신호위반","교차로","교차로내","이륜차","소형","건설기계","건설기계","914668","1857688","126.54454266","36.71338187"
"2014","2014-10-28 18:00","10","야간","화","1","1","0","0","0","경기","성남시","차대사람","횡단중","횡단중","운전자법규위반","안전운전 의무 불이행","단일로","기타단일로","승용차","중형","보행자","보행자","966690","1933987","127.12362775","37.40440226"
"2014","2014-10-28 11:00","30","주간","화","1","1","0","0","0","전남","영광군","차대차","추돌","진행중 추돌","운전자법규위반","안전운전 의무 불이행","단일로","기타단일로","화물차","소형","자전거","자전거","895662","1696717","126.35296962","35.26047208"
"2014","2014-10-28 18:00","10","야간","화","1","3","1","1","0","전북","군산시","차대차","추돌","진행중 추돌","운전자법규위반","안전운전 의무 불이행","단일로","기타단일로","승합차","소형","농기계","농기계","941634","1783688","126.84370478","36.04648"
"2014","2014-11-12 18:00","25","야간","수","1","1","0","0","0","충남","보령시","차대사람","횡단중","횡단중","운전자법규위반","안전운전 의무 불이행","단일로","횡단보도부근","승용차","중형","보행자","보행자","919520","1814322","126.60338559","36.32290227"
"2014","2014-11-13 17:00","47","주간","목","1","1","0","0","0","인천","연수구","차대사람","기타","기타","운전자법규위반","안전운전 의무 불이행","단일로","기타단일로","승용차","소형","보행자","보행자","925379","1935208","126.65676167","37.4129999"
"2014","2014-11-09 05:00","45","야간","일","1","6","5","0","0","강원","춘천시","차량단독","전도전복","전도전복","운전자법규위반","안전운전 의무 불이행","단일로","기타단일로","승용차","중형","00","00","1026040","1973548","127.79563582","37.76121512"
"2014","2014-11-10 09:00","00","주간","월","1","1","0","0","0","전북","부안군","차대차","측면직각충돌","측면직각충돌","운전자법규위반","신호위반","교차로","교차로내","이륜차","소형","화물차","중형","934081","1751382","126.77084418","35.75659573"
"2014","2014-11-10 11:00","20","주간","월","1","1","0","0","0","경북","경산시","차대차","기타","기타","운전자법규위반","차로위반(진로변경 위반)","교차로","교차로부근","이륜차","소형","화물차","중형","1111973","1757136","128.73929717","35.80429724"
"2014","2014-11-06 07:00","55","주간","목","1","3","2","0","0","경기","포천시","차대차","추돌","진행중 추돌","운전자법규위반","중앙선 침범","단일로","기타단일로","승용차","중형","승용차","대형","982052","1993869","127.29572842","37.94456433"
"2014","2014-11-06 17:00","30","주간","목","1","1","0","0","0","경기","수원시","차대차","측면직각충돌","측면직각충돌","운전자법규위반","신호위반","교차로","교차로내","자전거","자전거","자전거","자전거","956341","1920816","127.00747311","37.2852545"
"2014","2014-11-06 06:00","30","주간","목","1","1","0","0","0","경기","양주시","차대차","기타","기타","운전자법규위반","안전운전 의무 불이행","단일로","기타단일로","화물차","대형","자전거","자전거","963651","1978517","127.08707795","37.805649"
"2014","2014-11-07 13:00","30","주간","금","1","1","0","0","0","경북","상주시","차량단독","공작물충돌","공작물충돌","운전자법규위반","안전운전 의무 불이행","교차로","교차로내","원동기장치자전거","원동기장치자전거","00","00","1053360","1816385","128.0946347","36.34338464"
"2014","2014-11-08 06:00","20","주간","토","1","1","0","0","0","대전","유성구","차대사람","횡단중","횡단중","운전자법규위반","안전운전 의무 불이행","단일로","기타단일로","승용차","중형","보행자","보행자","985646","1819165","127.33998658","36.36981971"
"2014","2014-11-09 11:00","45","주간","일","3","9","4","2","0","전남","영암군","차대차","정면충돌","정면충돌","운전자법규위반","안전운전 의무 불이행","교차로","교차로내","승용차","중형","승용차","중형","934500","1648669","126.78368504","34.8305337"
"2014","2014-11-11 05:00","30","야간","화","1","1","0","0","0","전남","여수시","차대차","기타","기타","운전자법규위반","신호위반","교차로","교차로내","이륜차","중형","화물차","중형","1022127","1638914","127.74173384","34.74443448"
"2014","2014-11-09 17:00","55","주간","일","1","1","0","0","0","경기","시흥시","차대차","정면충돌","정면충돌","운전자법규위반","중앙선 침범","단일로","기타단일로","이륜차","소형","승용차","중형","937003","1931361","126.7884339","37.37919028"
"2014","2014-11-09 23:00","00","야간","일","1","1","0","0","0","충남","당진시","차대차","추돌","주정차중 추돌","운전자법규위반","안전운전 의무 불이행","단일로","기타단일로","승용차","소형","특수차","대형","938341","1878645","126.80788868","36.90412193"
"2014","2014-11-19 19:00","41","야간","수","1","1","0","0","0","경남","창원시(통합)","차대사람","횡단중","횡단중","운전자법규위반","안전운전 의무 불이행","단일로","기타단일로","승합차","대형","보행자","보행자","1088197","1680342","128.46788485","35.1147947"
"2014","2014-11-20 02:00","22","야간","목","1","1","0","0","0","인천","계양구","차대사람","기타","기타","운전자법규위반","안전운전 의무 불이행","교차로","교차로내","승용차","소형","보행자","보행자","933365","1950969","126.74557105","37.55566154"
"2014","2014-10-10 05:00","15","야간","금","1","1","0","0","0","경북","포항시","차량단독","기타","기타","운전자법규위반","안전운전 의무 불이행","단일로","기타단일로","이륜차","소형","00","00","1167760","1780830","129.36149039","36.00986373"
"2014","2014-08-18 09:00","10","주간","월","1","1","0","0","0","충남","아산시","차대사람","횡단중","횡단중","운전자법규위반","신호위반","교차로","교차로부근","승합차","대형","보행자","보행자","963627","1864979","127.09302973","36.78160723"
"2014","2014-08-25 22:00","10","야간","월","3","9","3","3","0","충남","논산시","차대차","추돌","주정차중 추돌","운전자법규위반","안전운전 의무 불이행","교차로","교차로부근","화물차","대형","승용차","중형","963897","1791387","127.09882192","36.1188205"
"2014","2014-08-25 15:00","15","주간","월","1","1","0","0","0","경북","영양군","차대사람","횡단중","횡단중","운전자법규위반","안전운전 의무 불이행","단일로","기타단일로","승용차","중형","보행자","보행자","1142246","1845133","129.09021293","36.59342375"
"2014","2014-08-25 21:00","10","야간","월","2","3","1","0","0","경남","거제시","차대차","정면충돌","정면충돌","운전자법규위반","중앙선 침범","단일로","기타단일로","승용차","중형","승용차","중형","1105426","1662292","128.65460349","34.95000153"
"2014","2014-08-24 15:00","10","주간","일","1","8","7","0","0","제주","서귀포시","차대차","측면직각충돌","측면직각충돌","운전자법규위반","직진 및 우회전차의 통행방해","교차로","교차로내","승용차","경형","화물차","소형","943936","1490711","126.89706852","33.40659524"
"2014","2014-11-13 11:00","50","주간","목","1","1","0","0","0","충남","천안시","차대차","측면직각충돌","측면직각충돌","운전자법규위반","안전운전 의무 불이행","교차로","교차로부근","원동기장치자전거","원동기장치자전거","원동기장치자전거","원동기장치자전거","968179","1868052","127.14325034","36.81011063"
"2014","2014-11-13 12:00","51","주간","목","1","5","1","3","0","울산","동구","차대차","기타","기타","운전자법규위반","중앙선 침범","단일로","기타단일로","승용차","중형","승용차","중형","1172603","1724567","129.40308735","35.50201548"
"2014","2014-11-13 14:00","30","주간","목","1","1","0","0","0","강원","강릉시","차대사람","기타","기타","운전자법규위반","안전운전 의무 불이행","교차로","교차로내","화물차","소형","보행자","보행자","1121261","1970716","128.8759568","37.72807261"
"2014","2014-11-13 21:00","45","야간","목","1","1","0","0","0","경기","고양시","차량단독","공작물충돌","공작물충돌","운전자법규위반","안전운전 의무 불이행","단일로","기타단일로","화물차","소형","00","00","946511","1961720","126.89361295","37.6534175"
"2014","2014-11-08 18:00","35","야간","토","1","2","0","1","0","대구","북구","차대차","추돌","진행중 추돌","운전자법규위반","안전운전 의무 불이행","지하도로내","지하도로내","화물차","소형","화물차","소형","1099182","1769658","128.59931123","35.9185526"
"2014","2014-11-08 23:00","30","야간","토","1","2","1","0","0","경남","창원시(통합)","차량단독","기타","기타","운전자법규위반","안전운전 의무 불이행","기타/불명","기타/불명","원동기장치자전거","원동기장치자전거","00","00","1103671","1692534","128.63917152","35.22283039"
"2014","2014-10-07 18:00","31","야간","화","1","1","0","0","0","강원","춘천시","차대사람","횡단중","횡단중","운전자법규위반","안전운전 의무 불이행","단일로","기타단일로","승용차","중형","보행자","보행자","1019060","1984926","127.71669101","37.86393858"
"2014","2014-10-10 12:00","45","주간","금","1","1","0","0","0","인천","서구","차대차","측면직각충돌","측면직각충돌","운전자법규위반","안전운전 의무 불이행","단일로","기타단일로","화물차","대형","화물차","대형","922625","1944684","126.62464908","37.49817801"
"2014","2014-10-08 22:00","33","야간","수","1","1","0","0","0","강원","철원군","차대차","추돌","진행중 추돌","운전자법규위반","안전운전 의무 불이행","단일로","기타단일로","승용차","대형","자전거","자전거","988108","2026375","127.36411206","38.23763176"
"2014","2014-10-15 18:00","25","야간","수","1","1","0","0","0","경북","김천시","차대사람","기타","기타","운전자법규위반","안전운전 의무 불이행","단일로","기타단일로","승용차","중형","보행자","보행자","1053202","1792339","128.0912396","36.12661612"
"2014","2014-10-13 15:00","42","주간","월","1","2","1","0","0","경남","창원시(통합)","차대차","측면직각충돌","측면직각충돌","운전자법규위반","신호위반","교차로","교차로내","승합차","경형","승용차","중형","1106896","1692358","128.6745795","35.22090508"
"2014","2014-10-13 11:00","50","주간","월","1","4","3","0","0","강원","삼척시","차대차","기타","기타","운전자법규위반","중앙선 침범","단일로","기타단일로","화물차","중형","승용차","중형","1144315","1939431","129.13140447","37.44281136"
"2014","2014-10-12 17:00","00","주간","일","1","1","0","0","0","경기","평택시","차량단독","전도전복","전도전복","운전자법규위반","안전운전 의무 불이행","단일로","기타단일로","원동기장치자전거","원동기장치자전거","00","00","960322","1902147","127.05337495","37.11715332"
"2014","2014-10-18 08:00","15","주간","토","1","1","0","0","0","부산","연제구","차대사람","기타","기타","운전자법규위반","안전운전 의무 불이행","기타/불명","기타/불명","건설기계","건설기계","보행자","보행자","1143046","1688886","129.07107863","35.18510458"
"2014","2014-10-25 22:00","25","야간","토","1","1","0","0","0","경남","김해시","차량단독","공작물충돌","공작물충돌","운전자법규위반","안전운전 의무 불이행","단일로","기타단일로","원동기장치자전거","원동기장치자전거","00","00","1121207","1699574","128.83285851","35.28432694"
"2014","2014-10-26 06:00","13","주간","일","1","1","0","0","0","경북","경주시","차대사람","기타","기타","운전자법규위반","안전운전 의무 불이행","단일로","기타단일로","화물차","대형","보행자","보행자","1164716","1749424","129.32120402","35.72731259"
"2014","2014-10-26 02:00","30","야간","일","2","2","0","0","0","경남","창원시(통합)","차대차","기타","기타","운전자법규위반","안전운전 의무 불이행","단일로","기타단일로","승용차","중형","승용차","중형","1103200","1694705","128.63426936","35.24245124"
"2014","2014-11-03 13:00","15","주간","월","1","1","0","0","0","전남","강진군","차대차","측면직각충돌","측면직각충돌","운전자법규위반","부당한 회전","교차로","교차로내","농기계","농기계","원동기장치자전거","원동기장치자전거","937071","1636395","126.81271828","34.72001982"
"2014","2014-11-03 09:00","58","주간","월","1","2","1","0","0","경남","진주시","차대차","기타","기타","운전자법규위반","신호위반","교차로","교차로내","원동기장치자전거","원동기장치자전거","승용차","중형","1051811","1688608","128.06910706","35.19145223"
"2014","2014-11-13 07:00","27","주간","목","1","1","0","0","0","경남","김해시","차대차","측면직각충돌","측면직각충돌","운전자법규위반","안전운전 의무 불이행","교차로","교차로내","승용차","중형","이륜차","소형","1111803","1701555","128.72707811","35.30331671"
"2014","2014-11-05 04:00","17","야간","수","1","1","0","0","0","인천","연수구","차대사람","횡단중","횡단중","운전자법규위반","과속","교차로","교차로부근","승용차","중형","보행자","보행자","928381","1936288","126.6905772","37.4229709"
"2014","2014-11-05 01:00","38","야간","수","1","1","0","0","0","경기","가평군","차량단독","기타","기타","운전자법규위반","안전운전 의무 불이행","단일로","기타단일로","승용차","소형","00","00","994780","1968744","127.44077076","37.71827116"
"2014","2014-11-04 07:00","40","주간","화","1","1","0","0","0","서울","도봉구","차대차","측면직각충돌","측면직각충돌","운전자법규위반","안전운전 의무 불이행","교차로","교차로부근","승합차","대형","자전거","자전거","958151","1960979","127.02560953","37.64734328"
"2014","2014-11-12 18:00","19","야간","수","1","1","0","0","0","충남","천안시","차대사람","횡단중","횡단중","운전자법규위반","안전운전 의무 불이행","교차로","교차로내","승용차","중형","보행자","보행자","963936","1855570","127.09627251","36.69743844"
"2014","2014-12-06 21:00","45","야간","토","1","2","0","1","0","경기","부천시","차대사람","기타","기타","운전자법규위반","안전운전 의무 불이행","단일로","기타단일로","승합차","대형","보행자","보행자","937484","1942398","126.79293151","37.47870029"
"2014","2014-12-05 11:00","00","주간","금","1","1","0","0","0","서울","노원구","차대사람","기타","기타","운전자법규위반","안전운전 의무 불이행","단일로","기타단일로","승용차","중형","보행자","보행자","962692","1957714","127.07725062","37.61811088"
"2014","2014-12-03 17:00","50","주간","수","1","1","0","0","0","대구","수성구","차대사람","보도통행중","보도통행중","운전자법규위반","안전운전 의무 불이행","교차로","교차로내","화물차","중형","보행자","보행자","1100110","1762613","128.60870957","35.8549514"
"2014","2014-12-12 13:00","14","주간","금","1","4","0","3","0","경기","수원시","차대사람","횡단중","횡단중","운전자법규위반","신호위반","교차로","교차로내","승합차","대형","보행자","보행자","955956","1918250","127.00328197","37.26210726"
"2014","2014-12-14 13:00","30","주간","일","1","5","1","3","0","충남","예산군","차량단독","전도전복","전도전복","운전자법규위반","안전운전 의무 불이행","단일로","기타단일로","승용차","소형","00","00","942524","1854423","126.8566678","36.68604495"
"2014","2014-12-09 19:00","10","야간","화","1","1","0","0","0","인천","남동구","차대사람","기타","기타","운전자법규위반","안전운전 의무 불이행","단일로","기타단일로","승용차","소형","보행자","보행자","932341","1939070","126.73507337","37.44834291"
"2014","2014-12-09 19:00","47","야간","화","1","1","0","0","0","경기","김포시","차대사람","기타","기타","운전자법규위반","안전운전 의무 불이행","단일로","기타단일로","승용차","중형","보행자","보행자","920070","1961976","126.59386076","37.65380312"
"2014","2014-12-10 07:00","09","주간","수","1","1","0","0","0","대구","북구","차대사람","횡단중","횡단중","운전자법규위반","안전운전 의무 불이행","단일로","기타단일로","승용차","경형","보행자","보행자","1096822","1766256","128.5727437","35.88812189"
"2014","2014-12-08 13:00","30","주간","월","1","1","0","0","0","경기","김포시","차대사람","횡단중","횡단중","운전자법규위반","신호위반","교차로","교차로내","화물차","소형","보행자","보행자","926317","1960287","126.66883502","37.64408019"
"2014","2014-12-08 14:00","05","주간","월","1","2","1","0","0","경기","광주시","차대차","측면직각충돌","측면직각충돌","운전자법규위반","중앙선 침범","단일로","기타단일로","화물차","소형","화물차","소형","987314","1942257","127.35651643","37.47945793"
"2014","2014-12-08 11:00","40","주간","월","1","1","0","0","0","경기","오산시","차대차","기타","기타","운전자법규위반","안전운전 의무 불이행","단일로","기타단일로","승합차","대형","자전거","자전거","961671","1906537","127.06833445","37.15678085"
"2014","2014-12-10 17:00","50","주간","수","2","2","0","0","0","충남","금산군","차대차","추돌","진행중 추돌","운전자법규위반","안전운전 의무 불이행","교차로","교차로내","화물차","소형","자전거","자전거","996246","1792398","127.45828011","36.12859989"
"2014","2014-12-18 19:00","40","야간","목","1","2","1","0","0","경북","청송군","차대사람","길가장자리구역통행중","길가장자리구역통행중","운전자법규위반","안전운전 의무 불이행","단일로","기타단일로","화물차","소형","보행자","보행자","1135633","1811323","129.01038991","36.28968721"
"2014","2014-12-19 04:00","20","야간","금","1","2","1","0","0","경남","창원시(통합)","차대차","추돌","주정차중 추돌","운전자법규위반","안전운전 의무 불이행","교차로","교차로부근","화물차","대형","화물차","대형","1109863","1705145","128.70888677","35.33585942"
"2014","2014-12-19 07:00","00","주간","금","1","1","0","0","0","경기","광주시","차대차","기타","기타","운전자법규위반","안전운전 의무 불이행","교차로","교차로부근","자전거","자전거","화물차","소형","985639","1928012","127.33784864","37.3510324"
"2014","2014-12-20 16:00","15","주간","토","1","2","1","0","0","전남","영암군","차대차","기타","기타","운전자법규위반","신호위반","교차로","교차로내","화물차","대형","특수차","대형","903925","1641709","126.44782048","34.76958154"
"2014","2014-12-19 08:00","00","주간","금","1","3","2","0","0","경북","고령군","차대차","정면충돌","정면충돌","운전자법규위반","중앙선 침범","단일로","기타단일로","승용차","소형","화물차","소형","1065407","1746814","128.22312035","35.71544657"
"2014","2014-12-15 17:00","40","주간","월","1","8","5","2","0","강원","홍천군","차대차","기타","기타","운전자법규위반","중앙선 침범","교차로","교차로내","화물차","소형","승합차","소형","1048867","1990680","128.05594309","37.91468611"
"2014","2014-09-04 19:00","20","야간","목","1","1","0","0","0","경남","사천시","차대사람","보도통행중","보도통행중","운전자법규위반","보행자 보호의무 위반","교차로","교차로부근","화물차","소형","보행자","보행자","1039131","1670315","127.92896509","35.02707822"
"2014","2014-09-05 19:00","30","야간","금","1","1","0","0","0","경기","안산시","차대차","측면직각충돌","측면직각충돌","운전자법규위반","안전운전 의무 불이행","단일로","교량위","승용차","중형","자전거","자전거","931567","1924720","126.7394963","37.31387896"