"발생년","발생년월일시","발생분","주야","요일","사망자수","사상자수","중상자수","경상자수","부상신고자수","발생지시도","발생지시군구","사고유형_대분류","사고유형_중분류","사고유형","법규위반_대분류","법규위반","도로형태_대분류","도로형태","당사자종별_1당_대분류","당사자종별_1당","당사자종별_2당_대분류","당사자종별_2당","발생위치X_UTMK","발생위치Y_UTMK","경도","위도"
"2014","2014-09-05 04:00","10","야간","금","1","1","0","0","0","울산","울주군","차대사람","차도통행중","차도통행중","운전자법규위반","안전운전 의무 불이행","단일로","기타단일로","승용차","소형","보행자","보행자","1146360","1731031","129.11501643","35.56449285"
"2014","2014-09-13 16:00","35","주간","토","1","1","0","0","0","경기","파주시","차대차","정면충돌","정면충돌","운전자법규위반","안전운전 의무 불이행","교차로","교차로내","이륜차","소형","승용차","소형","936861","1972992","126.7832437","37.75439503"
"2014","2014-09-13 16:00","45","주간","토","1","1","0","0","0","부산","사하구","차대사람","횡단중","횡단중","운전자법규위반","안전운전 의무 불이행","교차로","교차로부근","승합차","중형","보행자","보행자","1136769","1673715","128.99965107","35.0492253"
"2014","2014-12-02 17:00","10","주간","화","1","2","1","0","0","강원","삼척시","차량단독","공작물충돌","공작물충돌","운전자법규위반","안전운전 의무 불이행","단일로","기타단일로","화물차","대형","00","00","1136731","1920002","129.04211406","37.26889648"
"2014","2014-12-13 18:00","10","야간","토","1","1","0","0","0","제주","제주시","차대사람","기타","기타","운전자법규위반","보행자 보호의무 위반","교차로","교차로내","승용차","소형","보행자","보행자","903177","1500354","126.45774235","33.49065407"
"2014","2014-12-13 23:00","00","야간","토","1","2","0","1","0","인천","서구","차대차","기타","기타","운전자법규위반","중앙선 침범","단일로","기타단일로","승합차","소형","승용차","중형","926710","1952723","126.67005594","37.57096422"
"2014","2014-12-14 06:00","40","주간","일","1","1","0","0","0","경남","양산시","차대사람","기타","기타","운전자법규위반","보행자 보호의무 위반","교차로","교차로부근","건설기계","건설기계","보행자","보행자","1138126","1704874","129.01927128","35.3261988"
"2014","2014-12-12 23:00","50","야간","금","1","1","0","0","0","충남","서천군","차량단독","공작물충돌","공작물충돌","운전자법규위반","안전운전 의무 불이행","기타/불명","기타/불명","승용차","중형","00","00","930616","1778881","126.73012405","36.00426933"
"2014","2014-12-13 10:00","30","주간","토","1","1","0","0","0","전남","나주시","차량단독","전도전복","전도전복","운전자법규위반","안전운전 의무 불이행","단일로","기타단일로","이륜차","소형","00","00","914407","1657825","126.56228226","34.91116634"
"2014","2014-12-09 09:00","40","주간","화","1","1","0","0","0","대전","동구","차대사람","횡단중","횡단중","운전자법규위반","보행자 보호의무 위반","단일로","횡단보도상","승용차","중형","보행자","보행자","993496","1817534","127.4275092","36.35520077"
"2014","2014-12-18 10:00","40","주간","목","1","1","0","0","0","강원","동해시","차대차","기타","기타","운전자법규위반","안전거리 미확보","교차로","교차로부근","화물차","소형","승용차","중형","1141121","1944327","129.0962488","37.48741817"
"2014","2014-12-19 18:00","40","야간","금","1","1","0","0","0","전남","보성군","차대사람","횡단중","횡단중","운전자법규위반","안전운전 의무 불이행","단일로","횡단보도부근","승용차","소형","보행자","보행자","985630","1649057","127.34283633","34.83603993"
"2014","2014-12-21 07:00","50","주간","일","1","1","0","0","0","충남","아산시","차량단독","전도전복","전도전복","운전자법규위반","안전운전 의무 불이행","단일로","기타단일로","화물차","소형","00","00","947410","1862432","126.91080313","36.75852398"
"2014","2014-12-31 07:00","20","주간","수","1","1","0","0","0","제주","제주시","차대사람","기타","기타","운전자법규위반","보행자 보호의무 위반","단일로","횡단보도상","승용차","중형","보행자","보행자","884281","1485027","126.25634584","33.35056327"
"2014","2014-12-31 18:00","20","야간","수","1","1","0","0","0","충남","논산시","차대사람","횡단중","횡단중","운전자법규위반","안전운전 의무 불이행","단일로","기타단일로","승용차","중형","보행자","보행자","971641","1795923","127.18470867","36.15997251"
"2014","2014-12-31 12:00","00","주간","수","1","1","0","0","0","충남","홍성군","차량단독","기타","기타","운전자법규위반","안전운전 의무 불이행","단일로","기타단일로","화물차","소형","00","00","915530","1838653","126.55628757","36.54188189"
"2014","2014-12-31 02:00","56","야간","수","1","1","0","0","0","대구","수성구","차량단독","공작물충돌","공작물충돌","운전자법규위반","안전운전 의무 불이행","교차로","교차로부근","승용차","중형","00","00","1099969","1760354","128.60686526","35.83460206"
"2014","2014-12-30 12:00","30","주간","화","1","1","0","0","0","경기","가평군","차량단독","기타","기타","운전자법규위반","안전운전 의무 불이행","단일로","기타단일로","승용차","대형","00","00","1000126","1969959","127.50142988","37.72923721"
"2014","2014-12-30 16:00","45","주간","화","1","1","0","0","0","전남","순천시","차량단독","도로이탈","도로이탈 기타","운전자법규위반","안전운전 의무 불이행","단일로","기타단일로","이륜차","소형","00","00","996154","1654158","127.45839493","34.88142098"
"2014","2014-12-29 23:00","30","야간","월","1","1","0","0","0","대구","수성구","차대사람","기타","기타","운전자법규위반","안전운전 의무 불이행","단일로","기타단일로","승용차","중형","보행자","보행자","1101535","1763108","128.62455164","35.85926688"
"2014","2014-12-29 22:00","35","야간","월","1","1","0","0","0","세종","세종","차량단독","공작물충돌","공작물충돌","운전자법규위반","안전운전 의무 불이행","교차로","교차로내","승용차","중형","00","00","975289","1827066","127.22427974","36.44083861"
"2014","2014-12-30 14:00","10","주간","화","1","1","0","0","0","전남","영암군","차량단독","도로이탈","도로이탈 추락","운전자법규위반","안전운전 의무 불이행","단일로","기타단일로","농기계","농기계","00","00","927202","1653333","126.70674291","34.87811883"
"2014","2014-12-30 11:00","20","주간","화","1","1","0","0","0","강원","동해시","차대차","추돌","진행중 추돌","운전자법규위반","안전운전 의무 불이행","교차로","교차로부근","승용차","중형","원동기장치자전거","원동기장치자전거","1142129","1944957","129.1077681","37.49293997"
"2014","2014-11-28 20:00","00","야간","금","1","4","0","3","0","충북","충주시","차대차","기타","기타","운전자법규위반","안전거리 미확보","단일로","기타단일로","화물차","소형","승용차","중형","1029409","1897808","127.83585901","37.07776605"
"2014","2014-12-04 18:00","25","야간","목","1","1","0","0","0","대구","수성구","차대사람","횡단중","횡단중","운전자법규위반","안전운전 의무 불이행","단일로","횡단보도상","승용차","소형","보행자","보행자","1103323","1758537","128.64375944","35.81787516"
"2014","2014-12-21 01:00","15","야간","일","1","3","0","2","0","대구","달서구","차대차","기타","기타","운전자법규위반","안전거리 미확보","단일로","터널안","승용차","중형","승용차","중형","1100222","1757501","128.60930809","35.80885781"
"2014","2014-11-25 11:00","45","주간","화","1","1","0","0","0","경기","포천시","차대차","추돌","진행중 추돌","운전자법규위반","안전운전 의무 불이행","단일로","기타단일로","승합차","소형","이륜차","소형","974698","1989694","127.21217789","37.9067604"
"2014","2014-11-26 10:00","29","주간","수","1","1","0","0","0","경남","김해시","차대차","기타","기타","운전자법규위반","안전운전 의무 불이행","교차로","교차로내","화물차","대형","자전거","자전거","1120372","1702080","128.82404652","35.30701831"
"2014","2014-11-15 06:00","10","주간","토","1","1","0","0","0","충남","예산군","차대사람","횡단중","횡단중","운전자법규위반","안전운전 의무 불이행","단일로","기타단일로","승용차","대형","보행자","보행자","942063","1859561","126.85128187","36.73225035"
"2014","2014-11-17 00:00","30","야간","월","1","2","1","0","0","경기","시흥시","차량단독","공작물충돌","공작물충돌","운전자법규위반","안전운전 의무 불이행","단일로","기타단일로","승용차","중형","00","00","935144","1928599","126.7676796","37.35416781"
"2014","2014-11-24 19:00","10","야간","월","1","2","1","0","0","전남","강진군","차대차","측면직각충돌","측면직각충돌","운전자법규위반","직진 및 우회전차의 통행방해","교차로","교차로내","승용차","대형","화물차","소형","937102","1627496","126.8137192","34.63977707"
"2014","2014-11-25 20:00","03","야간","화","1","1","0","0","0","경기","하남시","차대사람","횡단중","횡단중","운전자법규위반","안전운전 의무 불이행","교차로","교차로부근","승용차","소형","보행자","보행자","975598","1946221","127.22387349","37.51495249"
"2014","2014-11-25 20:00","40","야간","화","1","2","1","0","0","경기","성남시","차대사람","횡단중","횡단중","운전자법규위반","안전운전 의무 불이행","단일로","횡단보도상","승합차","대형","보행자","보행자","967167","1934754","127.12898321","37.41133274"
"2014","2014-11-24 19:00","10","야간","월","1","1","0","0","0","경기","여주시","차대사람","횡단중","횡단중","운전자법규위반","안전운전 의무 불이행","교차로","교차로부근","화물차","소형","보행자","보행자","1014660","1913829","127.66524758","37.2231828"
"2014","2014-11-25 09:00","00","주간","화","1","1","0","0","0","전북","진안군","차대사람","기타","기타","운전자법규위반","안전운전 의무 불이행","단일로","기타단일로","화물차","소형","보행자","보행자","993059","1754911","127.42318954","35.79059964"
"2014","2014-11-22 22:00","50","야간","토","1","1","0","0","0","전남","목포시","차대사람","기타","기타","운전자법규위반","과속","교차로","교차로내","승용차","중형","보행자","보행자","897684","1647282","126.38128625","34.81499199"
"2014","2014-11-22 20:00","16","야간","토","1","1","0","0","0","경기","수원시","차대사람","횡단중","횡단중","운전자법규위반","신호위반","교차로","교차로내","승용차","중형","보행자","보행자","960333","1923417","127.05236752","37.30887795"
"2014","2014-11-22 06:00","23","주간","토","1","1","0","0","0","대구","서구","차대사람","횡단중","횡단중","운전자법규위반","안전운전 의무 불이행","교차로","교차로내","승용차","중형","보행자","보행자","1096690","1763912","128.57099694","35.86700484"
"2014","2014-11-22 03:00","20","야간","토","1","1","0","0","0","경남","밀양시","차대사람","횡단중","횡단중","운전자법규위반","안전운전 의무 불이행","단일로","횡단보도부근","승용차","중형","보행자","보행자","1112710","1723144","128.74269675","35.49779765"
"2014","2014-12-01 05:00","50","야간","월","1","1","0","0","0","경북","포항시","차대차","추돌","주정차중 추돌","운전자법규위반","안전운전 의무 불이행","단일로","기타단일로","승용차","대형","화물차","대형","1170523","1774986","129.39087694","35.95672354"
"2014","2014-09-30 01:00","03","야간","화","1","2","0","1","0","충남","공주시","차대차","기타","기타","운전자법규위반","안전운전 의무 불이행","단일로","기타단일로","승합차","중형","화물차","대형","966064","1847605","127.12044713","36.62571439"
"2014","2014-09-20 13:00","44","주간","토","1","3","1","1","0","충북","청주시","차대차","기타","기타","운전자법규위반","안전운전 의무 불이행","단일로","기타단일로","화물차","대형","승용차","중형","991039","1845908","127.39916675","36.61137626"
"2014","2014-10-21 23:00","55","야간","화","1","1","0","0","0","충북","청주시","차대차","측면직각충돌","측면직각충돌","운전자법규위반","안전운전 의무 불이행","단일로","기타단일로","승용차","중형","승용차","중형","993174","1844035","127.42368646","36.59411086"
"2014","2014-10-16 06:00","20","주간","목","2","8","3","1","2","충남","예산군","차대차","기타","기타","운전자법규위반","안전운전 의무 불이행","단일로","기타단일로","화물차","대형","화물차","중형","942197","1846100","126.85363519","36.61099836"
"2014","2014-08-23 18:00","05","야간","토","1","7","0","6","0","충남","천안시","차대차","기타","기타","운전자법규위반","안전거리 미확보","단일로","기타단일로","화물차","소형","승용차","중형","977483","1860155","127.24779098","36.73918882"
"2014","2014-12-10 02:00","04","야간","수","1","2","0","0","1","경기","성남시","차대차","추돌","진행중 추돌","운전자법규위반","안전거리 미확보","단일로","기타단일로","승용차","대형","화물차","중형","962243","1936534","127.07325172","37.42718914"
"2014","2014-08-25 04:00","24","야간","월","1","1","0","0","0","경기","여주시","차대차","기타","기타","운전자법규위반","신호위반","교차로","교차로내","원동기장치자전거","원동기장치자전거","화물차","중형","1010541","1920843","127.61891764","37.28646283"
"2014","2014-08-24 06:00","01","주간","일","1","1","0","0","0","울산","북구","차대사람","횡단중","횡단중","운전자법규위반","안전운전 의무 불이행","단일로","기타단일로","화물차","중형","보행자","보행자","1167826","1736103","129.35283347","35.60679586"
"2014","2014-08-23 05:00","30","야간","토","1","1","0","0","0","전남","여수시","차대사람","횡단중","횡단중","운전자법규위반","안전운전 의무 불이행","교차로","교차로부근","승용차","중형","보행자","보행자","1014181","1642010","127.65497761","34.77249485"
"2014","2014-08-23 04:00","45","야간","토","1","1","0","0","0","경기","고양시","차량단독","기타","기타","운전자법규위반","안전운전 의무 불이행","단일로","기타단일로","이륜차","소형","00","00","942516","1966293","126.84796498","37.69439161"
"2014","2014-09-01 16:00","45","주간","월","1","1","0","0","0","경남","함양군","차대차","측면직각충돌","측면직각충돌","운전자법규위반","안전운전 의무 불이행","단일로","기타단일로","원동기장치자전거","원동기장치자전거","화물차","소형","1028814","1737375","127.81823015","35.63209265"
"2014","2014-09-02 00:00","45","야간","화","1","1","0","0","0","울산","북구","차대차","기타","기타","운전자법규위반","신호위반","교차로","교차로내","승용차","중형","이륜차","중형","1167318","1738647","129.3477551","35.62980802"
"2014","2014-08-30 21:00","39","야간","토","1","1","0","0","0","대전","대덕구","차대차","기타","기타","운전자법규위반","신호위반","교차로","교차로내","승용차","중형","이륜차","중형","993310","1817954","127.42543251","36.35898596"
"2014","2014-08-28 09:00","08","주간","목","1","1","0","0","0","서울","구로구","차대차","측면직각충돌","측면직각충돌","운전자법규위반","안전운전 의무 불이행","단일로","기타단일로","화물차","소형","자전거","자전거","946805","1942459","126.89809589","37.47970648"
"2014","2014-09-05 17:00","45","주간","금","1","1","0","0","0","충북","음성군","차대차","기타","기타","운전자법규위반","기타(운전자법규위반)","교차로","교차로내","승용차","중형","승용차","중형","999608","1891130","127.49559324","37.01868364"
"2014","2014-09-07 18:00","43","야간","일","1","1","0","0","0","경남","창원시(통합)","차대차","측면직각충돌","측면직각충돌","운전자법규위반","안전운전 의무 불이행","단일로","기타단일로","화물차","소형","승용차","중형","1098193","1692812","128.57902038","35.22588814"
"2014","2014-09-15 15:00","40","주간","월","1","1","0","0","0","전남","함평군","차대차","측면직각충돌","측면직각충돌","운전자법규위반","교차로 통행방법 위반","교차로","교차로내","승합차","소형","자전거","자전거","918509","1687646","126.60500327","35.18080809"
"2014","2014-09-22 05:00","10","야간","월","1","1","0","0","0","부산","남구","차대사람","횡단중","횡단중","운전자법규위반","신호위반","단일로","횡단보도상","건설기계","건설기계","보행자","보행자","1146932","1682211","129.11255592","35.12437753"
"2014","2014-09-22 07:00","25","주간","월","1","7","4","0","2","경기","김포시","차대차","기타","기타","운전자법규위반","안전운전 의무 불이행","단일로","횡단보도부근","승용차","대형","화물차","중형","922498","1965034","126.62105818","37.68157109"
"2014","2014-09-19 11:00","50","주간","금","1","1","0","0","0","경기","양주시","차대차","기타","기타","운전자법규위반","안전운전 의무 불이행","단일로","횡단보도상","승용차","중형","자전거","자전거","963237","1976154","127.08249492","37.78433476"
"2014","2014-09-19 03:00","15","야간","금","1","1","0","0","0","충북","증평군","차대차","추돌","진행중 추돌","운전자법규위반","과속","단일로","기타단일로","승용차","중형","이륜차","소형","1007894","1865615","127.58847619","36.78864391"
"2014","2014-09-17 11:00","55","주간","수","1","1","0","0","0","경기","가평군","차대차","측면직각충돌","측면직각충돌","운전자법규위반","안전운전 의무 불이행","단일로","기타단일로","이륜차","소형","승용차","소형","1001303","1980838","127.51480634","37.82729134"
"2014","2014-09-16 21:00","35","야간","화","1","1","0","0","0","경기","남양주시","차대사람","횡단중","횡단중","운전자법규위반","안전운전 의무 불이행","교차로","교차로내","승용차","중형","보행자","보행자","972006","1968363","127.18238017","37.71442413"
"2014","2014-09-30 18:00","40","야간","화","1","1","0","0","0","충북","충주시","차대차","추돌","진행중 추돌","운전자법규위반","안전운전 의무 불이행","단일로","기타단일로","원동기장치자전거","원동기장치자전거","승합차","경형","1034377","1884853","127.88616675","36.96147213"
"2014","2014-09-29 10:00","30","주간","월","1","1","0","0","0","전북","익산시","차대사람","횡단중","횡단중","운전자법규위반","안전운전 의무 불이행","단일로","횡단보도상","승합차","대형","보행자","보행자","954990","1773921","127.0008448","35.96098275"
"2014","2014-09-29 09:00","30","주간","월","1","1","0","0","0","경북","고령군","차량단독","도로이탈","도로이탈 기타","운전자법규위반","안전운전 의무 불이행","단일로","기타단일로","이륜차","소형","00","00","1072433","1754253","128.30146334","35.78202064"
"2014","2014-09-26 01:00","40","야간","금","1","1","0","0","0","경북","포항시","차대차","기타","기타","운전자법규위반","안전운전 의무 불이행","단일로","기타단일로","화물차","대형","승용차","중형","1167906","1776516","129.3679669","35.94339839"
"2014","2014-09-25 23:00","35","야간","목","1","1","0","0","0","경북","성주군","차대사람","기타","기타","운전자법규위반","안전운전 의무 불이행","단일로","기타단일로","승용차","중형","보행자","보행자","1071457","1769334","128.29216614","35.91867308"
"2014","2014-09-27 17:00","20","주간","토","1","1","0","0","0","대구","달성군","차량단독","전도전복","전도전복","운전자법규위반","안전운전 의무 불이행","단일로","기타단일로","자전거","자전거","00","00","1090967","1766286","128.50788569","35.88895417"
"2014","2014-09-28 19:00","40","야간","일","1","1","0","0","0","경기","양평군","차대사람","기타","기타","운전자법규위반","안전운전 의무 불이행","단일로","기타단일로","화물차","소형","보행자","보행자","996520","1942194","127.4606401","37.47897064"
"2014","2014-09-25 15:00","10","주간","목","1","1","0","0","0","충남","태안군","차량단독","공작물충돌","공작물충돌","운전자법규위반","안전운전 의무 불이행","단일로","기타단일로","화물차","소형","00","00","892017","1854394","126.29143145","36.68138787"
"2014","2014-09-27 03:00","22","야간","토","1","3","2","0","0","부산","중구","차대차","측면직각충돌","측면직각충돌","운전자법규위반","신호위반","교차로","교차로내","이륜차","소형","승용차","소형","1138738","1680212","129.02232182","35.10752137"
"2014","2014-09-27 02:00","00","야간","토","1","3","2","0","0","경북","구미시","차대차","기타","기타","운전자법규위반","중앙선 침범","기타/불명","기타/불명","승용차","경형","승용차","중형","1076667","1788679","128.35624311","36.10869699"
"2014","2014-09-28 18:00","00","야간","일","1","1","0","0","0","부산","서구","차대차","측면직각충돌","측면직각충돌","운전자법규위반","부당한 회전","단일로","기타단일로","이륜차","중형","승용차","중형","1138912","1678722","129.02402591","35.09397565"
"2014","2014-09-26 12:00","55","주간","금","1","5","0","4","0","강원","인제군","차대차","기타","기타","운전자법규위반","중앙선 침범","단일로","기타단일로","이륜차","대형","화물차","중형","1062782","2017417","128.21658307","38.15478956"
"2014","2014-09-17 04:00","45","야간","수","1","1","0","0","0","경북","칠곡군","차대차","추돌","진행중 추돌","운전자법규위반","안전운전 의무 불이행","단일로","기타단일로","이륜차","중형","화물차","중형","1075213","1786060","128.33523097","36.06855498"
"2014","2014-09-16 19:00","50","야간","화","1","1","0","0","0","경남","김해시","차대사람","횡단중","횡단중","운전자법규위반","안전운전 의무 불이행","단일로","기타단일로","화물차","소형","보행자","보행자","1109820","1700384","128.70777537","35.29294391"
"2014","2014-09-15 19:00","25","야간","월","1","1","0","0","0","충북","청주시","차대사람","기타","기타","운전자법규위반","안전운전 의무 불이행","단일로","기타단일로","승용차","소형","보행자","보행자","984608","1845921","127.32758095","36.61085876"
"2014","2014-09-15 19:00","50","야간","월","1","1","0","0","0","경북","고령군","차대사람","길가장자리구역통행중","길가장자리구역통행중","운전자법규위반","안전운전 의무 불이행","단일로","기타단일로","화물차","중형","보행자","보행자","1081040","1754477","128.39671165","35.78336765"
"2014","2014-09-24 09:00","58","주간","수","1","1","0","0","0","경북","경주시","차량단독","기타","기타","운전자법규위반","안전운전 의무 불이행","단일로","기타단일로","승용차","중형","00","00","1162268","1760944","129.29651918","35.83158907"
"2014","2014-09-23 10:00","30","주간","화","1","2","0","1","0","전북","김제시","차대차","기타","기타","운전자법규위반","신호위반","교차로","교차로내","화물차","소형","화물차","소형","948650","1758007","126.93156432","35.81719443"
"2014","2014-08-19 13:00","18","주간","화","1","1","0","0","0","경남","남해군","차대차","측면직각충돌","측면직각충돌","운전자법규위반","직진 및 우회전차의 통행방해","교차로","교차로내","승용차","대형","이륜차","중형","1036792","1648679","127.9023712","34.83206735"
"2014","2014-12-26 04:00","50","야간","금","1","1","0","0","0","경기","군포시","차대사람","횡단중","횡단중","운전자법규위반","안전운전 의무 불이행","단일로","횡단보도상","승용차","중형","보행자","보행자","950628","1930603","126.94237452","37.37318392"
"2014","2014-12-27 21:00","45","야간","토","1","1","0","0","0","전남","순천시","차대사람","횡단중","횡단중","운전자법규위반","안전운전 의무 불이행","교차로","교차로부근","승용차","중형","보행자","보행자","999142","1659025","127.49060588","34.92602871"
"2014","2014-12-27 16:00","48","주간","토","1","1","0","0","0","전남","고흥군","차량단독","기타","기타","운전자법규위반","안전운전 의무 불이행","단일로","기타단일로","원동기장치자전거","원동기장치자전거","00","00","1000402","1622835","127.50438415","34.59967503"
"2014","2014-12-27 07:00","03","주간","토","1","1","0","0","0","경기","광주시","차대사람","횡단중","횡단중","운전자법규위반","안전운전 의무 불이행","교차로","교차로내","승합차","중형","보행자","보행자","978461","1935512","127.25658331","37.41849675"
"2014","2014-12-22 20:00","50","야간","월","1","1","0","0","0","충북","진천군","차대사람","차도통행중","차도통행중","운전자법규위반","안전운전 의무 불이행","단일로","기타단일로","화물차","중형","보행자","보행자","994332","1875700","127.43504317","36.87567781"
"2014","2014-12-23 09:00","40","주간","화","1","2","0","1","0","경기","평택시","차대차","측면직각충돌","측면직각충돌","운전자법규위반","신호위반","교차로","교차로부근","화물차","경형","승합차","소형","961201","1899423","127.06340987","37.09263602"
"2014","2014-12-27 18:00","30","야간","토","1","1","0","0","0","경남","창녕군","차대사람","차도통행중","차도통행중","운전자법규위반","안전운전 의무 불이행","단일로","기타단일로","화물차","소형","보행자","보행자","1078377","1733916","128.36524412","35.59821863"
"2014","2014-12-27 18:00","40","야간","토","1","5","2","2","0","경남","밀양시","차대차","정면충돌","정면충돌","운전자법규위반","중앙선 침범","단일로","기타단일로","승용차","소형","승용차","중형","1109640","1726635","128.70932685","35.52961169"
"2014","2014-11-13 23:00","20","야간","목","1","1","0","0","0","경남","창원시(통합)","차대차","추돌","주정차중 추돌","운전자법규위반","안전운전 의무 불이행","단일로","기타단일로","화물차","소형","승합차","대형","1097698","1692879","128.57339917","35.2262537"
"2014","2014-11-26 02:00","55","야간","수","1","2","1","0","0","충남","홍성군","차대사람","기타","기타","운전자법규위반","안전운전 의무 불이행","단일로","기타단일로","승용차","소형","보행자","보행자","928783","1846236","126.70363641","36.61131634"
"2014","2014-11-25 15:00","00","주간","화","1","2","0","1","0","경기","시흥시","차대차","측면직각충돌","측면직각충돌","운전자법규위반","안전운전 의무 불이행","단일로","기타단일로","승용차","중형","화물차","대형","938590","1929662","126.80649922","37.36398334"
"2014","2014-11-25 06:00","45","주간","화","1","1","0","0","0","전남","무안군","차대차","측면직각충돌","측면직각충돌","운전자법규위반","신호위반","교차로","교차로내","자전거","자전거","승용차","소형","902003","1651605","126.42799717","34.85439359"
"2014","2014-11-22 17:00","45","주간","토","1","1","0","0","0","전남","보성군","차대차","측면직각충돌","측면직각충돌","운전자법규위반","과속","교차로","교차로내","승합차","대형","승용차","소형","963090","1643747","127.09655515","34.78758876"
"2014","2014-12-01 01:00","00","야간","월","1","1","0","0","0","경기","안양시","차대사람","횡단중","횡단중","운전자법규위반","안전운전 의무 불이행","단일로","기타단일로","승용차","중형","보행자","보행자","948846","1934604","126.92197204","37.40914982"
"2014","2014-12-01 06:00","35","주간","월","1","1","0","0","0","경남","거제시","차대사람","기타","기타","운전자법규위반","안전운전 의무 불이행","단일로","기타단일로","자전거","자전거","보행자","보행자","1107797","1653412","128.67941975","34.86969292"
"2014","2014-12-01 12:00","02","주간","월","1","1","0","0","0","경남","김해시","차대차","기타","기타","운전자법규위반","교차로 통행방법 위반","교차로","교차로내","이륜차","중형","화물차","소형","1118210","1691611","128.79876403","35.21290113"
"2014","2014-11-28 10:00","50","주간","금","1","1","0","0","0","광주","남구","차대차","기타","기타","운전자법규위반","안전운전 의무 불이행","교차로","교차로부근","화물차","경형","자전거","자전거","944854","1682219","126.89468907","35.13366688"
"2014","2014-11-27 06:00","20","주간","목","1","1","0","0","0","경남","통영시","차대차","측면직각충돌","측면직각충돌","운전자법규위반","안전운전 의무 불이행","교차로","교차로내","승용차","대형","화물차","경형","1083955","1654577","128.41871242","34.88244748"
"2014","2014-11-27 18:00","10","야간","목","1","1","0","0","0","전북","전주시","차대사람","횡단중","횡단중","운전자법규위반","안전운전 의무 불이행","단일로","기타단일로","승용차","소형","보행자","보행자","969136","1759637","127.1586657","35.831542"
"2014","2014-12-06 04:00","40","야간","토","1","1","0","0","0","경남","창원시(통합)","차량단독","도로이탈","도로이탈 추락","운전자법규위반","안전운전 의무 불이행","단일로","교량위","승합차","소형","00","00","1112116","1688838","128.73144642","35.18860206"
"2014","2014-12-07 19:00","47","야간","일","1","1","0","0","0","서울","동작구","차대사람","횡단중","횡단중","운전자법규위반","안전운전 의무 불이행","단일로","기타단일로","승용차","중형","보행자","보행자","947329","1943188","126.90421787","37.48643459"
"2014","2014-12-07 12:00","23","주간","일","1","4","0","3","0","울산","울주군","차대차","정면충돌","정면충돌","운전자법규위반","중앙선 침범","교차로","교차로내","화물차","소형","승용차","대형","1141139","1739276","129.05886536","35.63956459"
"2014","2014-12-03 00:00","20","야간","수","1","2","0","1","0","경북","김천시","차대차","측면직각충돌","측면직각충돌","운전자법규위반","안전운전 의무 불이행","단일로","기타단일로","승용차","중형","화물차","중형","1069026","1786246","128.26654716","36.07069082"
"2014","2014-12-04 13:00","09","주간","목","1","1","0","0","0","전북","군산시","차대사람","횡단중","횡단중","운전자법규위반","보행자 보호의무 위반","단일로","횡단보도상","승합차","소형","보행자","보행자","928589","1775072","126.70797791","35.96978436"
"2014","2014-12-03 10:00","15","주간","수","1","1","0","0","0","강원","철원군","차대사람","횡단중","횡단중","운전자법규위반","안전운전 의무 불이행","단일로","기타단일로","승합차","소형","보행자","보행자","1002152","2030288","127.52460247","38.27297378"
"2014","2014-12-01 19:00","10","야간","월","1","1","0","0","0","경기","양주시","차대차","측면직각충돌","측면직각충돌","운전자법규위반","신호위반","교차로","교차로내","승용차","중형","이륜차","중형","957318","1985624","127.01471825","37.86942903"
"2014","2014-12-04 04:00","50","야간","목","1","1","0","0","0","충북","청주시","차대사람","기타","기타","운전자법규위반","안전운전 의무 불이행","단일로","기타단일로","승용차","중형","보행자","보행자","996467","1849464","127.46047667","36.64307122"
"2014","2014-12-04 05:00","30","야간","목","1","2","0","1","0","충북","제천시","차대차","추돌","진행중 추돌","운전자법규위반","안전운전 의무 불이행","단일로","기타단일로","화물차","경형","화물차","중형","1047883","1905136","128.0391702","37.14371179"
"2014","2014-12-03 17:00","45","주간","수","1","1","0","0","0","경기","양주시","차대사람","횡단중","횡단중","운전자법규위반","안전운전 의무 불이행","단일로","기타단일로","화물차","중형","보행자","보행자","960085","1976203","127.04669701","37.78464413"
"2014","2014-05-31 10:00","20","주간","토","1","1","0","0","0","경기","화성시","차대차","추돌","주정차중 추돌","운전자법규위반","안전운전 의무 불이행","단일로","기타단일로","화물차","대형","화물차","소형","945361","1917225","126.88387497","37.25230683"
"2014","2014-04-09 17:00","00","주간","수","1","1","0","0","0","충북","음성군","차량단독","공작물충돌","공작물충돌","운전자법규위반","안전운전 의무 불이행","단일로","기타단일로","승용차","중형","00","00","998285","1890341","127.48072223","37.01156979"
"2014","2014-11-30 00:00","35","야간","일","1","1","0","0","0","경기","성남시","차대차","추돌","주정차중 추돌","운전자법규위반","안전운전 의무 불이행","교차로","교차로내","승용차","중형","승용차","중형","966995","1938397","127.1268767","37.44416312"
"2014","2014-12-01 01:00","00","야간","월","1","1","0","0","0","전남","담양군","차대사람","기타","기타","운전자법규위반","안전운전 의무 불이행","단일로","교량위","불명","불명","보행자","보행자","950538","1692299","126.95647223","35.22485146"
"2014","2014-11-30 18:00","22","야간","일","1","1","0","0","0","경북","구미시","차대차","추돌","진행중 추돌","운전자법규위반","교차로 통행방법 위반","교차로","교차로부근","승용차","소형","원동기장치자전거","원동기장치자전거","1076352","1794855","128.34873076","36.14775126"