"발생년","발생년월일시","발생분","주야","요일","사망자수","사상자수","중상자수","경상자수","부상신고자수","발생지시도","발생지시군구","사고유형_대분류","사고유형_중분류","사고유형","법규위반_대분류","법규위반","도로형태_대분류","도로형태","당사자종별_1당_대분류","당사자종별_1당","당사자종별_2당_대분류","당사자종별_2당","발생위치X_UTMK","발생위치Y_UTMK","경도","위도"
"2014","2014-11-30 00:00","20","야간","일","5","5","0","0","0","경기","평택시","차대차","추돌","주정차중 추돌","운전자법규위반","안전운전 의무 불이행","단일로","기타단일로","승용차","경형","화물차","중형","958995","1890598","127.03905831","37.01284872"
"2014","2014-12-13 03:00","45","야간","토","1","1","0","0","0","경기","수원시","차대사람","기타","기타","운전자법규위반","안전운전 의무 불이행","교차로","교차로부근","화물차","중형","보행자","보행자","958918","1917626","127.03672014","37.25661812"
"2014","2014-01-08 09:00","45","주간","수","1","3","1","1","0","경기","남양주시","차대차","기타","기타","운전자법규위반","안전운전 의무 불이행","교차로","교차로부근","화물차","대형","승용차","중형","972869","1969579","127.19212628","37.72541015"
"2014","2014-01-03 06:00","45","주간","금","1","1","0","0","0","전남","보성군","차대사람","길가장자리구역통행중","길가장자리구역통행중","운전자법규위반","안전운전 의무 불이행","단일로","기타단일로","화물차","소형","보행자","보행자","962218","1642467","127.08711261","34.77634812"
"2014","2014-01-01 01:00","57","야간","수","1","1","0","0","0","충남","서산시","차대사람","기타","기타","운전자법규위반","안전운전 의무 불이행","단일로","기타단일로","승용차","소형","보행자","보행자","905154","1845317","126.43956122","36.60097446"
"2014","2014-01-02 17:00","40","주간","목","1","2","1","0","0","전북","정읍시","차량단독","공작물충돌","공작물충돌","운전자법규위반","안전운전 의무 불이행","단일로","기타단일로","화물차","소형","00","00","931986","1739436","126.74868349","35.64875252"
"2014","2014-01-15 07:00","20","주간","수","1","1","0","0","0","강원","춘천시","차대사람","차도통행중","차도통행중","운전자법규위반","안전운전 의무 불이행","단일로","기타단일로","승용차","소형","보행자","보행자","1020038","1989168","127.72792751","37.90215077"
"2014","2014-01-09 19:00","40","야간","목","1","1","0","0","0","경남","창원시(통합)","차대사람","기타","기타","운전자법규위반","안전운전 의무 불이행","단일로","기타단일로","승용차","대형","보행자","보행자","1103722","1692974","128.6397873","35.22679185"
"2014","2014-01-20 23:00","15","야간","월","1","1","0","0","0","광주","북구","차대사람","길가장자리구역통행중","길가장자리구역통행중","운전자법규위반","안전운전 의무 불이행","단일로","기타단일로","승용차","소형","보행자","보행자","948219","1687152","126.93131392","35.17832543"
"2014","2014-01-22 18:00","40","야간","수","1","1","0","0","0","경남","김해시","차대사람","횡단중","횡단중","운전자법규위반","보행자 보호의무 위반","단일로","횡단보도상","화물차","소형","보행자","보행자","1110807","1701685","128.71880386","35.30456349"
"2014","2014-01-22 11:00","18","주간","수","1","1","0","0","0","인천","연수구","차대차","기타","기타","운전자법규위반","안전운전 의무 불이행","교차로","교차로부근","화물차","소형","자전거","자전거","928907","1936889","126.69646351","37.4284282"
"2014","2014-01-23 06:00","10","주간","목","1","2","0","1","0","울산","남구","차량단독","공작물충돌","공작물충돌","운전자법규위반","안전운전 의무 불이행","단일로","기타단일로","이륜차","소형","00","00","1165222","1728229","129.32248954","35.53627386"
"2014","2014-01-18 17:00","20","주간","토","1","1","0","0","0","경북","성주군","차대차","기타","기타","운전자법규위반","기타(운전자법규위반)","기타/불명","기타/불명","승용차","중형","이륜차","소형","1071137","1769306","128.28846684","35.9178229"
"2014","2014-01-20 05:00","40","야간","월","1","16","6","9","0","인천","연수구","차량단독","공작물충돌","공작물충돌","운전자법규위반","과속","단일로","기타단일로","승합차","중형","00","00","926660","1935701","126.67133556","37.4173934"
"2014","2014-01-29 13:00","55","주간","수","1","2","0","1","0","경북","경주시","차대차","기타","기타","운전자법규위반","중앙선 침범","단일로","기타단일로","화물차","소형","원동기장치자전거","원동기장치자전거","1164331","1745118","129.31610383","35.68862551"
"2014","2014-01-29 20:00","40","야간","수","1","1","0","0","0","충북","음성군","차대사람","기타","기타","운전자법규위반","안전운전 의무 불이행","단일로","기타단일로","화물차","소형","보행자","보행자","1016493","1883108","127.685234","36.9462253"
"2014","2014-01-28 13:00","25","주간","화","1","1","0","0","0","경기","평택시","차대차","기타","기타","운전자법규위반","안전운전 의무 불이행","단일로","기타단일로","승용차","중형","화물차","대형","965843","1887410","127.1161888","36.98452962"
"2014","2014-01-27 07:00","25","주간","월","1","1","0","0","0","경북","군위군","차량단독","공작물충돌","공작물충돌","운전자법규위반","안전운전 의무 불이행","교차로","교차로부근","승용차","경형","00","00","1109441","1789413","128.71572898","36.09552743"
"2014","2014-01-27 22:00","00","야간","월","1","2","0","1","0","인천","중구","차대차","추돌","진행중 추돌","운전자법규위반","안전운전 의무 불이행","교차로","교차로부근","화물차","소형","승합차","대형","910308","1940406","126.48584549","37.45850884"
"2014","2014-01-28 01:00","50","야간","화","1","1","0","0","0","경기","수원시","차대사람","횡단중","횡단중","운전자법규위반","안전운전 의무 불이행","단일로","기타단일로","승용차","중형","보행자","보행자","955729","1918768","127.00069118","37.26676558"
"2014","2014-01-26 03:00","51","야간","일","1","1","0","0","0","울산","남구","차대사람","기타","기타","운전자법규위반","안전운전 의무 불이행","단일로","기타단일로","승용차","중형","보행자","보행자","1166407","1728542","129.33561905","35.53889641"
"2014","2014-01-26 19:00","30","야간","일","1","1","0","0","0","대전","동구","차대사람","횡단중","횡단중","운전자법규위반","안전운전 의무 불이행","단일로","기타단일로","승용차","중형","보행자","보행자","994961","1814832","127.44385494","36.33084989"
"2014","2014-01-26 15:00","40","주간","일","1","1","0","0","0","경기","남양주시","차대차","기타","기타","운전자법규위반","안전운전 의무 불이행","교차로","교차로부근","원동기장치자전거","원동기장치자전거","화물차","경형","985520","1966289","127.33575038","37.69604387"
"2014","2014-01-25 14:00","05","주간","토","1","1","0","0","0","전남","나주시","차량단독","공작물충돌","공작물충돌","운전자법규위반","안전운전 의무 불이행","단일로","기타단일로","승용차","소형","00","00","934137","1671508","126.77791304","35.03644551"
"2014","2014-01-25 20:00","10","야간","토","1","1","0","0","0","충북","충주시","차대사람","횡단중","횡단중","운전자법규위반","안전운전 의무 불이행","단일로","기타단일로","승용차","소형","보행자","보행자","1036495","1886442","127.91003514","36.97571601"
"2014","2014-01-25 20:00","35","야간","토","1","1","0","0","0","경남","산청군","차대사람","횡단중","횡단중","운전자법규위반","안전운전 의무 불이행","단일로","기타단일로","화물차","소형","보행자","보행자","1044095","1701896","127.98506842","35.31163533"
"2014","2014-02-06 19:00","50","야간","목","1","1","0","0","0","대구","수성구","차대사람","횡단중","횡단중","운전자법규위반","안전운전 의무 불이행","단일로","기타단일로","이륜차","중형","보행자","보행자","1102886","1763532","128.63956672","35.862948"
"2014","2014-02-06 09:00","13","주간","목","1","1","0","0","0","인천","중구","차대차","측면직각충돌","측면직각충돌","운전자법규위반","신호위반","교차로","교차로내","화물차","중형","이륜차","소형","911324","1944312","126.49686141","37.49380898"
"2014","2014-02-07 09:00","40","주간","금","1","1","0","0","0","경북","구미시","차대차","기타","기타","운전자법규위반","안전운전 의무 불이행","단일로","기타단일로","이륜차","소형","승용차","경형","1077652","1793252","128.39745712","36.11509381"
"2014","2014-02-04 20:00","35","야간","화","1","1","0","0","0","부산","남구","차량단독","공작물충돌","공작물충돌","운전자법규위반","안전운전 의무 불이행","단일로","교량위","승용차","중형","00","00","1143441","1683609","129.07449836","35.13748249"
"2014","2014-02-01 03:00","40","야간","토","1","1","0","0","0","경북","영천시","차량단독","도로이탈","도로이탈 추락","운전자법규위반","안전운전 의무 불이행","단일로","기타단일로","승용차","대형","00","00","1128500","1779404","128.92576381","36.00298091"
"2014","2014-11-19 01:00","15","야간","수","1","4","2","1","0","경기","시흥시","차대차","기타","기타","운전자법규위반","안전운전 의무 불이행","교차로","교차로부근","화물차","소형","화물차","소형","935774","1936879","126.7740734","37.42884017"
"2014","2014-11-10 14:00","35","주간","월","1","2","0","1","0","경기","안성시","차대차","기타","기타","운전자법규위반","안전운전 의무 불이행","단일로","기타단일로","화물차","소형","건설기계","건설기계","975097","1888043","127.22015077","36.99052634"
"2014","2014-12-28 16:00","50","주간","일","3","8","5","0","0","경기","안성시","차량단독","공작물충돌","공작물충돌","운전자법규위반","안전운전 의무 불이행","단일로","기타단일로","승용차","대형","00","00","976784","1886871","127.23914444","36.98000469"
"2014","2014-10-31 15:00","39","주간","금","1","2","0","1","0","충남","부여군","차량단독","공작물충돌","공작물충돌","운전자법규위반","안전운전 의무 불이행","단일로","기타단일로","화물차","중형","00","00","960852","1808470","127.06413381","36.27271229"
"2014","2014-11-12 01:00","45","야간","수","1","3","1","1","0","충남","보령시","차대차","추돌","진행중 추돌","운전자법규위반","안전운전 의무 불이행","단일로","기타단일로","화물차","중형","화물차","대형","917911","1800815","126.58688045","36.20100898"
"2014","2014-01-06 03:00","20","야간","월","1","1","0","0","0","경북","포항시","차량단독","공작물충돌","공작물충돌","운전자법규위반","안전운전 의무 불이행","단일로","기타단일로","승용차","중형","00","00","1169899","1779857","129.38563097","36.00014038"
"2014","2014-01-09 02:00","00","야간","목","1","1","0","0","0","경기","평택시","차대사람","기타","기타","운전자법규위반","안전운전 의무 불이행","단일로","기타단일로","승용차","중형","보행자","보행자","953252","1890036","126.97454963","37.00765883"
"2014","2014-01-06 05:00","58","야간","월","1","1","0","0","0","서울","관악구","차대사람","길가장자리구역통행중","길가장자리구역통행중","운전자법규위반","안전운전 의무 불이행","단일로","기타단일로","승합차","대형","보행자","보행자","949710","1940247","126.93134991","37.46005933"
"2014","2014-01-04 12:00","40","주간","토","1","1","0","0","0","부산","남구","차대사람","기타","기타","운전자법규위반","안전운전 의무 불이행","단일로","기타단일로","화물차","소형","보행자","보행자","1145450","1684633","129.09672312","35.14642406"
"2014","2014-01-06 14:00","08","주간","월","1","1","0","0","0","충남","부여군","차량단독","공작물충돌","공작물충돌","운전자법규위반","안전운전 의무 불이행","단일로","기타단일로","승용차","중형","00","00","947922","1804594","126.92043768","36.23715849"
"2014","2014-01-01 04:00","30","야간","수","1","1","0","0","0","전북","군산시","차대사람","횡단중","횡단중","운전자법규위반","안전운전 의무 불이행","단일로","기타단일로","승용차","대형","보행자","보행자","928593","1776392","126.70790338","35.98168461"
"2014","2014-01-01 21:00","35","야간","수","1","1","0","0","0","경기","이천시","차대차","추돌","진행중 추돌","운전자법규위반","안전운전 의무 불이행","단일로","기타단일로","승용차","중형","승용차","경형","996264","1919663","127.45785844","37.27587854"
"2014","2014-11-05 09:00","10","주간","수","1","8","2","5","0","충북","옥천군","차대차","기타","기타","운전자법규위반","안전운전 의무 불이행","단일로","기타단일로","화물차","소형","승용차","중형","1006931","1812247","127.57720291","36.30753318"
"2014","2014-12-21 22:00","30","야간","일","1","2","0","1","0","충남","서천군","차대차","측면직각충돌","측면직각충돌","운전자법규위반","안전운전 의무 불이행","단일로","기타단일로","승합차","소형","승용차","소형","926420","1789451","126.6825852","36.09924949"
"2014","2014-11-26 07:00","40","주간","수","1","2","0","1","0","부산","강서구","차대차","기타","기타","운전자법규위반","안전운전 의무 불이행","단일로","기타단일로","승용차","중형","화물차","대형","1130839","1685772","128.93655411","35.15869876"
"2014","2014-12-23 10:00","05","주간","화","1","1","0","0","0","경남","함양군","차량단독","도로이탈","도로이탈 기타","운전자법규위반","안전운전 의무 불이행","단일로","기타단일로","승용차","소형","00","00","1012422","1730308","127.63708423","35.56871512"
"2014","2014-12-23 18:00","47","야간","화","1","1","0","0","0","경남","양산시","차대차","기타","기타","운전자법규위반","신호위반","교차로","교차로내","승용차","중형","화물차","소형","1140534","1709926","129.04710189","35.37510827"
"2014","2014-12-24 02:00","54","야간","수","1","1","0","0","0","충북","진천군","차대사람","차도통행중","차도통행중","운전자법규위반","안전운전 의무 불이행","단일로","기타단일로","승용차","대형","보행자","보행자","993886","1881882","127.43126918","36.93499698"
"2014","2014-12-23 06:00","50","주간","화","1","1","0","0","0","충북","청주시","차대사람","기타","기타","운전자법규위반","안전운전 의무 불이행","단일로","기타단일로","화물차","소형","보행자","보행자","994747","1847694","127.44124731","36.62710677"
"2014","2014-11-14 17:00","47","주간","금","1","1","0","0","0","경남","진주시","차대사람","차도통행중","차도통행중","운전자법규위반","안전운전 의무 불이행","단일로","기타단일로","화물차","소형","보행자","보행자","1052578","1688827","128.07754561","35.193387"
"2014","2014-11-17 06:00","48","주간","월","1","1","0","0","0","서울","강남구","차대사람","횡단중","횡단중","운전자법규위반","안전운전 의무 불이행","교차로","교차로내","승용차","중형","보행자","보행자","961003","1944421","127.0588195","37.49822685"
"2014","2014-11-23 18:00","04","야간","일","1","1","0","0","0","서울","영등포구","차대사람","기타","기타","운전자법규위반","안전운전 의무 불이행","단일로","기타단일로","승용차","중형","보행자","보행자","946512","1944517","126.89488031","37.49836614"
"2014","2014-11-25 05:00","20","야간","화","1","1","0","0","0","경남","진주시","차대사람","횡단중","횡단중","운전자법규위반","안전운전 의무 불이행","단일로","기타단일로","승용차","중형","보행자","보행자","1053188","1688829","128.08424601","35.19337289"
"2014","2014-11-24 00:00","19","야간","월","1","2","1","0","0","제주","제주시","차대사람","횡단중","횡단중","운전자법규위반","과속","단일로","기타단일로","승용차","중형","보행자","보행자","906728","1500643","126.49490772","33.49372095"
"2014","2014-11-21 15:00","00","주간","금","1","1","0","0","0","경기","안산시","차대사람","횡단중","횡단중","운전자법규위반","보행자 보호의무 위반","교차로","교차로내","승용차","중형","보행자","보행자","935575","1923059","126.78324919","37.30914042"
"2014","2014-11-27 20:00","25","야간","목","1","1","0","0","0","충남","예산군","차대차","정면충돌","정면충돌","운전자법규위반","신호위반","교차로","교차로내","원동기장치자전거","원동기장치자전거","승용차","중형","940815","1855738","126.83743831","36.69779386"
"2014","2014-11-27 17:00","38","주간","목","1","1","0","0","0","경북","봉화군","차대사람","길가장자리구역통행중","길가장자리구역통행중","운전자법규위반","안전운전 의무 불이행","단일로","기타단일로","승용차","소형","보행자","보행자","1117180","1876649","128.8149022","36.88086951"
"2014","2014-12-08 13:00","00","주간","월","1","1","0","0","0","전북","무주군","차량단독","기타","기타","운전자법규위반","안전운전 의무 불이행","단일로","기타단일로","승용차","중형","00","00","1015882","1779825","127.67474121","36.02019971"
"2014","2014-12-08 14:00","50","주간","월","1","1","0","0","0","경북","구미시","차량단독","공작물충돌","공작물충돌","운전자법규위반","안전운전 의무 불이행","교차로","교차로내","승용차","중형","00","00","1084800","1788939","128.44199075","36.09371895"
"2014","2014-12-06 21:00","10","야간","토","1","1","0","0","0","서울","강동구","차량단독","공작물충돌","공작물충돌","운전자법규위반","안전운전 의무 불이행","단일로","기타단일로","승용차","중형","00","00","967212","1949000","127.12885726","37.53974087"
"2014","2014-12-03 06:00","11","주간","수","1","1","0","0","0","서울","노원구","차대사람","횡단중","횡단중","운전자법규위반","보행자 보호의무 위반","단일로","횡단보도상","승용차","중형","보행자","보행자","962869","1958192","127.07923193","37.62242638"
"2014","2014-12-10 10:00","20","주간","수","1","1","0","0","0","경남","진주시","차대차","측면직각충돌","측면직각충돌","운전자법규위반","교차로 통행방법 위반","교차로","교차로내","화물차","소형","이륜차","사발이","1051579","1690897","128.06670218","35.2121034"
"2014","2014-12-27 23:00","45","야간","토","1","1","0","0","0","울산","중구","차대사람","횡단중","횡단중","운전자법규위반","안전운전 의무 불이행","단일로","교량위","승용차","소형","보행자","보행자","1167636","1733204","129.35013535","35.58070277"
"2014","2014-12-24 17:00","30","주간","수","1","1","0","0","0","인천","남구","차대사람","기타","기타","운전자법규위반","안전운전 의무 불이행","교차로","교차로내","건설기계","건설기계","보행자","보행자","924968","1940028","126.6516275","37.45640826"
"2014","2014-12-25 20:00","45","야간","목","1","1","0","0","0","경북","영천시","차대차","추돌","진행중 추돌","운전자법규위반","안전거리 미확보","단일로","기타단일로","승합차","소형","자전거","자전거","1117392","1783177","128.80310557","36.03839066"
"2014","2014-12-27 01:00","18","야간","토","1","1","0","0","0","제주","제주시","차대사람","횡단중","횡단중","운전자법규위반","안전운전 의무 불이행","교차로","교차로부근","승용차","대형","보행자","보행자","909683","1501647","126.52763715","33.50288402"
"2014","2014-12-27 13:00","31","주간","토","1","3","1","1","0","충북","제천시","차대차","측면직각충돌","측면직각충돌","운전자법규위반","신호위반","교차로","교차로내","원동기장치자전거","원동기장치자전거","승용차","중형","1062314","1905326","128.20167156","37.14457386"
"2014","2014-12-24 20:00","35","야간","수","1","2","1","0","0","울산","울주군","차대사람","횡단중","횡단중","운전자법규위반","교차로 통행방법 위반","교차로","교차로내","승용차","소형","보행자","보행자","1168076","1715706","129.35071653","35.42344262"
"2014","2014-12-24 10:00","40","주간","수","1","1","0","0","0","대전","중구","차대사람","횡단중","횡단중","운전자법규위반","안전운전 의무 불이행","단일로","기타단일로","승용차","중형","보행자","보행자","992968","1813787","127.42165818","36.32141625"
"2014","2014-12-23 23:00","35","야간","화","1","1","0","0","0","전북","익산시","차대사람","기타","기타","운전자법규위반","안전운전 의무 불이행","단일로","기타단일로","화물차","중형","보행자","보행자","946512","1774033","126.91602795","35.93870044"
"2014","2014-12-28 05:00","13","야간","일","1","3","1","1","0","경기","광주시","차대차","측면직각충돌","측면직각충돌","운전자법규위반","안전운전 의무 불이행","단일로","기타단일로","승용차","소형","화물차","중형","986854","1927230","127.35158115","37.34400156"
"2014","2014-12-26 15:00","30","주간","금","1","1","0","0","0","경기","가평군","차대차","기타","기타","운전자법규위반","안전운전 의무 불이행","단일로","기타단일로","승용차","중형","이륜차","소형","1001263","1980947","127.514352","37.82827383"
"2014","2014-12-22 06:00","50","주간","월","1","1","0","0","0","서울","중랑구","차대사람","횡단중","횡단중","운전자법규위반","안전운전 의무 불이행","교차로","교차로부근","승용차","대형","보행자","보행자","963658","1955376","127.08831259","37.59707657"
"2014","2014-12-23 11:00","45","주간","화","1","2","1","0","0","충남","청양군","차대차","기타","기타","운전자법규위반","안전운전 의무 불이행","단일로","기타단일로","승용차","소형","승용차","중형","940590","1835149","126.83651117","36.51218188"
"2014","2014-12-29 16:00","20","주간","월","1","1","0","0","0","충남","서천군","차대차","측면직각충돌","측면직각충돌","운전자법규위반","신호위반","교차로","교차로내","원동기장치자전거","원동기장치자전거","화물차","소형","926409","1787728","126.68262387","36.083716"
"2014","2014-12-30 10:00","05","주간","화","1","1","0","0","0","경기","안성시","차대차","기타","기타","운전자법규위반","교차로 통행방법 위반","교차로","교차로내","화물차","소형","자전거","자전거","979085","1889873","127.26491505","37.0071198"
"2014","2014-12-31 16:00","55","주간","수","1","1","0","0","0","대구","서구","차대사람","횡단중","횡단중","운전자법규위반","안전운전 의무 불이행","단일로","기타단일로","화물차","소형","보행자","보행자","1095886","1765747","128.56231356","35.88362564"
"2014","2014-12-30 13:00","24","주간","화","1","1","0","0","0","대구","달성군","차대차","추돌","주정차중 추돌","운전자법규위반","안전운전 의무 불이행","단일로","기타단일로","화물차","소형","화물차","대형","1084719","1747856","128.43671538","35.72336821"
"2014","2014-12-31 20:00","10","야간","수","1","1","0","0","0","전남","고흥군","차량단독","공작물충돌","공작물충돌","운전자법규위반","안전운전 의무 불이행","단일로","기타단일로","승용차","중형","00","00","967469","1609004","127.14575327","34.47443202"
"2014","2014-11-14 05:00","55","야간","금","1","1","0","0","0","충남","아산시","차대사람","횡단중","횡단중","운전자법규위반","안전운전 의무 불이행","교차로","교차로부근","화물차","대형","보행자","보행자","950004","1875302","126.93901795","36.87467807"
"2014","2014-11-25 22:00","49","야간","화","1","1","0","0","0","전북","김제시","차량단독","공작물충돌","공작물충돌","운전자법규위반","안전운전 의무 불이행","단일로","기타단일로","승용차","소형","00","00","939916","1757193","126.83494706","35.80935965"
"2014","2014-06-08 04:00","30","야간","일","1","1","0","0","0","경남","양산시","차대차","기타","기타","운전자법규위반","안전운전 의무 불이행","단일로","기타단일로","승용차","중형","이륜차","소형","1136325","1700197","128.99915996","35.28799687"
"2014","2014-01-31 10:00","00","주간","금","2","4","2","0","0","경북","영주시","차대차","정면충돌","정면충돌","운전자법규위반","중앙선 침범","단일로","기타단일로","승용차","중형","승용차","중형","1097136","1875796","128.57195846","36.86064796"
"2014","2014-01-30 19:00","00","야간","목","1","1","0","0","0","대전","유성구","차대사람","횡단중","횡단중","운전자법규위반","안전운전 의무 불이행","단일로","기타단일로","승용차","중형","보행자","보행자","984956","1817877","127.33231965","36.35819738"
"2014","2014-01-30 06:00","15","주간","목","1","5","4","0","0","경북","영덕군","차대차","정면충돌","정면충돌","운전자법규위반","중앙선 침범","단일로","기타단일로","승용차","소형","화물차","중형","1170610","1836581","129.40526431","36.51171795"
"2014","2014-01-30 01:00","20","야간","목","1","1","0","0","0","부산","금정구","차대사람","횡단중","횡단중","운전자법규위반","안전운전 의무 불이행","단일로","기타단일로","승용차","중형","보행자","보행자","1144886","1694802","129.09232162","35.23816545"
"2014","2014-01-26 11:00","20","주간","일","1","1","0","0","0","부산","수영구","차대사람","횡단중","횡단중","운전자법규위반","안전운전 의무 불이행","단일로","기타단일로","승용차","중형","보행자","보행자","1147521","1685829","129.11966382","35.15690264"
"2014","2014-01-24 16:00","06","주간","금","1","1","0","0","0","부산","기장군","차량단독","기타","기타","운전자법규위반","안전운전 의무 불이행","단일로","기타단일로","이륜차","소형","00","00","1161216","1704555","129.27363465","35.32357258"
"2014","2014-02-16 02:00","42","야간","일","1","1","0","0","0","경남","창원시(통합)","차대사람","기타","기타","운전자법규위반","안전운전 의무 불이행","단일로","기타단일로","승용차","중형","보행자","보행자","1099339","1692544","128.59157913","35.2233591"
"2014","2014-02-14 04:00","20","야간","금","1","1","0","0","0","전남","순천시","차량단독","공작물충돌","공작물충돌","운전자법규위반","안전운전 의무 불이행","단일로","기타단일로","승용차","중형","00","00","1001775","1662124","127.51944082","34.95397285"
"2014","2014-02-14 12:00","05","주간","금","1","3","1","1","0","경북","영천시","차대차","기타","기타","운전자법규위반","중앙선 침범","단일로","기타단일로","화물차","소형","화물차","대형","1125245","1768793","128.88878296","35.90152522"
"2014","2014-01-07 13:00","20","주간","화","1","3","0","2","0","경기","여주시","차대차","기타","기타","운전자법규위반","안전운전 의무 불이행","단일로","기타단일로","승합차","소형","화물차","대형","1002558","1929037","127.5288862","37.36037923"
"2014","2014-01-17 17:00","47","주간","금","1","3","1","1","0","전북","고창군","차대차","기타","기타","운전자법규위반","중앙선 침범","고가도로위","고가도로위","승용차","경형","화물차","중형","923152","1713872","126.6535323","35.41762806"
"2014","2014-10-29 07:00","05","주간","수","1","1","0","0","0","전북","익산시","차대차","측면직각충돌","측면직각충돌","운전자법규위반","교차로 통행방법 위반","교차로","교차로내","이륜차","중형","승합차","대형","951488","1772462","126.96209873","35.94766116"
"2014","2014-10-29 17:00","50","주간","수","1","1","0","0","0","경기","화성시","차대차","기타","기타","운전자법규위반","안전거리 미확보","교차로","교차로부근","승용차","중형","승합차","대형","948526","1903285","126.91971735","37.13217791"
"2014","2014-11-05 18:00","55","야간","수","1","2","1","0","0","경북","의성군","차대차","정면충돌","정면충돌","운전자법규위반","안전운전 의무 불이행","단일로","기타단일로","화물차","소형","화물차","대형","1099939","1821090","128.61423967","36.38208446"
"2014","2014-11-07 04:00","30","야간","금","1","1","0","0","0","경남","김해시","차대사람","횡단중","횡단중","운전자법규위반","과속","단일로","횡단보도부근","승용차","중형","보행자","보행자","1125975","1693238","128.88430505","35.22662256"
"2014","2014-11-07 17:00","55","주간","금","1","1","0","0","0","경북","의성군","차대사람","횡단중","횡단중","운전자법규위반","과속","단일로","횡단보도상","화물차","소형","보행자","보행자","1106073","1817963","128.68218955","36.35324192"
"2014","2014-10-06 04:00","55","야간","월","1","1","0","0","0","서울","동작구","차대차","측면직각충돌","측면직각충돌","운전자법규위반","신호위반","단일로","횡단보도상","승합차","중형","자전거","자전거","948403","1944350","126.91628422","37.49696858"
"2014","2014-10-04 15:00","08","주간","토","1","1","0","0","0","제주","서귀포시","차대차","기타","기타","운전자법규위반","중앙선 침범","단일로","기타단일로","승용차","중형","이륜차","중형","909020","1473293","126.52336249","33.2471168"
"2014","2014-10-04 22:00","57","야간","토","1","1","0","0","0","부산","사하구","차대사람","횡단중","횡단중","운전자법규위반","안전운전 의무 불이행","교차로","교차로부근","승용차","중형","보행자","보행자","1136075","1679351","128.99296904","35.1001235"
"2014","2014-10-05 10:00","19","주간","일","1","1","0","0","0","경북","울진군","차량단독","전도전복","전도전복","운전자법규위반","안전운전 의무 불이행","단일로","기타단일로","이륜차","소형","00","00","1175641","1861306","129.46707196","36.73357218"
"2014","2014-10-05 15:00","30","주간","일","1","4","3","0","0","강원","홍천군","차량단독","도로이탈","도로이탈 기타","운전자법규위반","안전운전 의무 불이행","단일로","기타단일로","승용차","중형","00","00","1052865","1982348","128.10081448","37.83936956"
"2014","2014-10-14 18:00","20","야간","화","1","1","0","0","0","경남","창원시(통합)","차대사람","횡단중","횡단중","운전자법규위반","안전운전 의무 불이행","단일로","기타단일로","화물차","소형","보행자","보행자","1097409","1689668","128.57003451","35.19761974"
"2014","2014-10-14 23:00","45","야간","화","1","2","1","0","0","경기","수원시","차대차","기타","기타","운전자법규위반","중앙선 침범","단일로","기타단일로","승용차","중형","승용차","중형","957540","1921770","127.02094434","37.29390905"
"2014","2014-10-15 09:00","10","주간","수","1","1","0","0","0","전북","정읍시","차대사람","기타","기타","운전자법규위반","안전운전 의무 불이행","교차로","교차로내","승합차","경형","보행자","보행자","944385","1743717","126.88534537","35.68812619"
"2014","2014-10-13 18:00","35","야간","월","1","1","0","0","0","경기","남양주시","차대사람","횡단중","횡단중","운전자법규위반","안전운전 의무 불이행","단일로","기타단일로","승용차","소형","보행자","보행자","973192","1967220","127.19587845","37.7041575"
"2014","2014-10-13 04:00","50","야간","월","1","2","0","1","0","제주","제주시","차량단독","공작물충돌","공작물충돌","운전자법규위반","안전운전 의무 불이행","단일로","기타단일로","승용차","중형","00","00","893762","1484624","126.32839876","33.35157974"
"2014","2014-10-20 03:00","35","야간","월","1","1","0","0","0","경기","구리시","차대사람","기타","기타","운전자법규위반","안전운전 의무 불이행","단일로","기타단일로","승용차","경형","보행자","보행자","967297","1952753","127.12965202","37.57357115"
"2014","2014-10-17 07:00","43","주간","금","1","1","0","0","0","부산","강서구","차대차","측면직각충돌","측면직각충돌","운전자법규위반","안전운전 의무 불이행","교차로","교차로내","승용차","중형","자전거","자전거","1124489","1679102","128.86584752","35.09937744"
"2014","2014-10-17 22:00","00","야간","금","1","1","0","0","0","경북","구미시","차대사람","기타","기타","운전자법규위반","안전운전 의무 불이행","단일로","기타단일로","원동기장치자전거","원동기장치자전거","보행자","보행자","1073614","1795152","128.31832574","36.15064048"
"2014","2014-10-16 15:00","16","주간","목","1","1","0","0","0","경북","구미시","차량단독","기타","기타","운전자법규위반","안전운전 의무 불이행","단일로","교량위","자전거","자전거","00","00","1077547","1792696","128.36180019","36.12819363"
"2014","2014-10-16 18:00","40","야간","목","1","1","0","0","0","전북","순창군","차대사람","차도통행중","차도통행중","운전자법규위반","안전운전 의무 불이행","단일로","기타단일로","화물차","소형","보행자","보행자","969762","1705877","127.16721603","35.34804656"
"2014","2014-10-26 22:00","55","야간","일","1","2","1","0","0","경기","수원시","차대사람","횡단중","횡단중","운전자법규위반","안전운전 의무 불이행","단일로","횡단보도상","이륜차","소형","보행자","보행자","956391","1922446","127.00794147","37.29994909"
"2014","2014-10-27 17:00","25","주간","월","1","1","0","0","0","충남","서천군","차대차","추돌","주정차중 추돌","운전자법규위반","안전운전 의무 불이행","단일로","기타단일로","승용차","중형","화물차","소형","927768","1779818","126.69844022","36.01250946"