"발생년","발생년월일시","발생분","주야","요일","사망자수","사상자수","중상자수","경상자수","부상신고자수","발생지시도","발생지시군구","사고유형_대분류","사고유형_중분류","사고유형","법규위반_대분류","법규위반","도로형태_대분류","도로형태","당사자종별_1당_대분류","당사자종별_1당","당사자종별_2당_대분류","당사자종별_2당","발생위치X_UTMK","발생위치Y_UTMK","경도","위도"
"2014","2014-10-26 09:00","55","주간","일","1","1","0","0","0","경남","양산시","차량단독","공작물충돌","공작물충돌","운전자법규위반","안전운전 의무 불이행","단일로","기타단일로","이륜차","대형","00","00","1144113","1721516","129.08853922","35.47906198"
"2014","2014-10-27 00:00","55","야간","월","2","4","2","0","0","서울","금천구","차대차","정면충돌","정면충돌","운전자법규위반","중앙선 침범","고가도로위","고가도로위","승용차","경형","승용차","중형","945100","1941972","126.87909682","37.47534475"
"2014","2014-10-25 15:00","30","주간","토","1","1","0","0","0","경기","부천시","차대차","추돌","주정차중 추돌","운전자법규위반","안전운전 의무 불이행","단일로","기타단일로","자전거","자전거","화물차","소형","939699","1948537","126.81747837","37.53417846"
"2014","2014-10-22 13:00","10","주간","수","1","1","0","0","0","서울","종로구","차대사람","횡단중","횡단중","운전자법규위반","안전운전 의무 불이행","단일로","기타단일로","건설기계","건설기계","보행자","보행자","955070","1953254","126.99115988","37.57757118"
"2014","2014-10-31 03:00","30","야간","금","1","2","0","1","0","경북","포항시","차대차","기타","기타","운전자법규위반","안전운전 의무 불이행","교차로","교차로부근","화물차","경형","승용차","대형","1166534","1781817","129.34810058","36.01896813"
"2014","2014-10-31 10:00","38","주간","금","1","1","0","0","0","전북","군산시","차대사람","횡단중","횡단중","운전자법규위반","보행자 보호의무 위반","교차로","교차로부근","화물차","소형","보행자","보행자","929286","1775998","126.71562512","35.97818315"
"2014","2014-11-01 20:00","20","야간","토","1","1","0","0","0","울산","울주군","차량단독","공작물충돌","공작물충돌","운전자법규위반","안전운전 의무 불이행","단일로","기타단일로","원동기장치자전거","원동기장치자전거","00","00","1163806","1716874","129.30458749","35.43417502"
"2014","2014-11-02 18:00","40","야간","일","1","1","0","0","0","경기","양평군","차대차","추돌","진행중 추돌","운전자법규위반","안전운전 의무 불이행","단일로","기타단일로","승용차","중형","농기계","농기계","1018941","1951201","127.71446026","37.55996824"
"2014","2014-10-31 18:00","15","야간","금","1","1","0","0","0","경남","양산시","차대사람","차도통행중","차도통행중","운전자법규위반","안전운전 의무 불이행","단일로","기타단일로","승용차","중형","보행자","보행자","1147368","1706578","129.12170568","35.34394524"
"2014","2014-10-29 07:00","40","주간","수","1","1","0","0","0","경기","화성시","차대사람","기타","기타","운전자법규위반","안전운전 의무 불이행","단일로","기타단일로","승용차","소형","보행자","보행자","957571","1903832","127.02231454","37.1322211"
"2014","2014-10-31 00:00","10","야간","금","1","1","0","0","0","경북","청도군","차대사람","횡단중","횡단중","운전자법규위반","안전운전 의무 불이행","교차로","교차로부근","승용차","소형","보행자","보행자","1112079","1740019","128.73772866","35.64999472"
"2014","2014-10-31 00:00","59","야간","금","1","1","0","0","0","경남","진주시","차량단독","공작물충돌","공작물충돌","운전자법규위반","안전운전 의무 불이행","단일로","기타단일로","원동기장치자전거","원동기장치자전거","00","00","1056032","1685270","128.11524265","35.16112788"
"2014","2014-10-28 19:00","15","야간","화","1","1","0","0","0","경기","포천시","차대사람","횡단중","횡단중","운전자법규위반","신호위반","단일로","기타단일로","승용차","중형","보행자","보행자","979338","2004355","127.2645379","38.03901526"
"2014","2014-11-06 11:00","30","주간","목","1","1","0","0","0","광주","북구","차대차","측면직각충돌","측면직각충돌","운전자법규위반","안전운전 의무 불이행","단일로","기타단일로","화물차","소형","이륜차","소형","941261","1686655","126.85539615","35.17330325"
"2014","2014-11-02 19:00","05","야간","일","1","1","0","0","0","제주","서귀포시","차대사람","횡단중","횡단중","운전자법규위반","안전운전 의무 불이행","단일로","기타단일로","승용차","중형","보행자","보행자","912395","1474670","126.55945452","33.25981489"
"2014","2014-11-17 16:00","55","주간","월","1","1","0","0","0","서울","서초구","차대차","기타","기타","운전자법규위반","안전운전 의무 불이행","단일로","횡단보도부근","화물차","소형","자전거","자전거","954237","1943342","126.98234423","37.48819083"
"2014","2014-11-10 19:00","10","야간","월","1","1","0","0","0","경기","시흥시","차대사람","기타","기타","운전자법규위반","안전운전 의무 불이행","단일로","기타단일로","승용차","중형","보행자","보행자","937035","1936948","126.78831919","37.42954873"
"2014","2014-06-03 12:00","25","주간","화","1","8","0","0","7","경기","용인시","차대차","정면충돌","정면충돌","운전자법규위반","안전운전 의무 불이행","단일로","기타단일로","화물차","소형","승합차","대형","964879","1919633","127.10384572","37.27495277"
"2014","2014-03-30 12:00","46","주간","일","2","7","5","0","0","전북","남원시","차대차","정면충돌","정면충돌","운전자법규위반","안전운전 의무 불이행","단일로","기타단일로","승용차","중형","승용차","중형","995628","1718034","127.45181847","35.45811277"
"2014","2014-10-07 14:00","00","주간","화","1","1","0","0","0","경북","봉화군","차량단독","전도전복","전도전복","운전자법규위반","안전운전 의무 불이행","단일로","기타단일로","이륜차","사발이","00","00","1116647","1892863","128.81142608","37.02705831"
"2014","2014-10-07 13:00","03","주간","화","2","2","0","0","0","전북","장수군","차대사람","기타","기타","운전자법규위반","안전운전 의무 불이행","단일로","기타단일로","승용차","중형","보행자","보행자","999283","1728904","127.49208871","35.55613349"
"2014","2014-10-13 06:00","10","주간","월","1","1","0","0","0","대구","북구","차대차","기타","기타","운전자법규위반","안전운전 의무 불이행","교차로","교차로부근","승합차","대형","자전거","자전거","1098558","1766266","128.59197592","35.88803871"
"2014","2014-10-13 14:00","35","주간","월","1","1","0","0","0","서울","동작구","차대사람","기타","기타","운전자법규위반","안전운전 의무 불이행","단일로","기타단일로","화물차","소형","보행자","보행자","951104","1945289","126.9467768","37.50557904"
"2014","2014-10-15 00:00","17","야간","수","1","1","0","0","0","대구","수성구","차대사람","횡단중","횡단중","운전자법규위반","안전운전 의무 불이행","단일로","횡단보도상","승용차","중형","보행자","보행자","1100852","1762555","128.61691842","35.85435246"
"2014","2014-10-15 18:00","30","야간","수","1","1","0","0","0","전북","순창군","차량단독","도로이탈","도로이탈 추락","운전자법규위반","안전운전 의무 불이행","단일로","기타단일로","이륜차","사발이","00","00","962825","1703523","127.0909795","35.32658694"
"2014","2014-10-20 17:00","28","주간","월","1","2","0","1","0","대구","수성구","차대사람","횡단중","횡단중","운전자법규위반","안전운전 의무 불이행","단일로","기타단일로","이륜차","소형","보행자","보행자","1101204","1761682","128.62070534","35.84644655"
"2014","2014-10-21 06:00","10","주간","화","1","1","0","0","0","경남","김해시","차대사람","횡단중","횡단중","운전자법규위반","보행자 보호의무 위반","단일로","기타단일로","승용차","중형","보행자","보행자","1127097","1694196","128.89677919","35.23511675"
"2014","2014-11-11 00:00","10","야간","화","1","2","0","1","0","충북","청주시","차량단독","공작물충돌","공작물충돌","운전자법규위반","안전운전 의무 불이행","단일로","기타단일로","승용차","중형","00","00","997226","1850279","127.46896458","36.65042093"
"2014","2014-11-11 15:00","45","주간","화","1","1","0","0","0","전남","고흥군","차량단독","기타","기타","운전자법규위반","안전운전 의무 불이행","단일로","기타단일로","이륜차","중형","00","00","985391","1645225","127.34028911","34.80148079"
"2014","2014-11-10 15:00","10","주간","월","1","3","1","1","0","충북","음성군","차대차","기타","기타","운전자법규위반","안전운전 의무 불이행","교차로","교차로부근","화물차","소형","화물차","소형","1014596","1876248","127.66379646","36.884417"
"2014","2014-11-10 10:00","20","주간","월","1","1","0","0","0","부산","동래구","차대사람","기타","기타","운전자법규위반","안전운전 의무 불이행","단일로","기타단일로","화물차","소형","보행자","보행자","1143749","1692384","129.07940753","35.21653414"
"2014","2014-11-10 09:00","45","주간","월","1","1","0","0","0","전남","영광군","차대사람","횡단중","횡단중","운전자법규위반","안전운전 의무 불이행","단일로","기타단일로","화물차","소형","보행자","보행자","909127","1698361","126.50079236","35.27660645"
"2014","2014-11-10 13:00","30","주간","월","1","1","0","0","0","전북","진안군","차량단독","공작물충돌","공작물충돌","운전자법규위반","안전운전 의무 불이행","단일로","기타단일로","화물차","소형","00","00","983356","1748152","127.315955","35.72954222"
"2014","2014-11-09 23:00","45","야간","일","1","1","0","0","0","경기","가평군","차량단독","공작물충돌","공작물충돌","운전자법규위반","안전운전 의무 불이행","교차로","교차로부근","승합차","소형","00","00","994406","1973149","127.43649323","37.75797252"
"2014","2014-11-08 21:00","02","야간","토","1","2","1","0","0","충남","청양군","차량단독","전도전복","전도전복","운전자법규위반","안전운전 의무 불이행","단일로","기타단일로","이륜차","대형","00","00","936203","1827668","126.78813772","36.44446167"
"2014","2014-11-08 21:00","00","야간","토","1","1","0","0","0","강원","속초시","차대사람","횡단중","횡단중","운전자법규위반","보행자 보호의무 위반","단일로","횡단보도상","승용차","중형","보행자","보행자","1095042","2025739","128.58585552","38.22695564"
"2014","2014-11-10 23:00","59","야간","월","1","1","0","0","0","세종","세종","차대사람","기타","기타","운전자법규위반","안전운전 의무 불이행","단일로","기타단일로","승용차","중형","보행자","보행자","980420","1840101","127.28119959","36.55846924"
"2014","2014-11-18 16:00","40","주간","화","1","1","0","0","0","경기","연천군","차대차","측면직각충돌","측면직각충돌","운전자법규위반","안전운전 의무 불이행","교차로","교차로부근","자전거","자전거","화물차","중형","961783","2003613","127.06467747","38.03128895"
"2014","2014-11-18 17:00","04","주간","화","1","1","0","0","0","강원","양양군","차량단독","공작물충돌","공작물충돌","운전자법규위반","안전운전 의무 불이행","단일로","기타단일로","화물차","소형","00","00","1113792","1992615","128.79228678","37.90884995"
"2014","2014-11-17 19:00","45","야간","월","1","1","0","0","0","서울","구로구","차대사람","기타","기타","운전자법규위반","신호위반","단일로","횡단보도상","승용차","경형","보행자","보행자","944724","1943735","126.87471218","37.49121252"
"2014","2014-11-18 16:00","25","주간","화","1","1","0","0","0","광주","남구","차대사람","횡단중","횡단중","운전자법규위반","안전운전 의무 불이행","교차로","교차로내","승용차","중형","보행자","보행자","947084","1682789","126.91912905","35.13892623"
"2014","2014-11-19 01:00","53","야간","수","1","1","0","0","0","경기","구리시","차대사람","차도통행중","차도통행중","운전자법규위반","안전운전 의무 불이행","단일로","기타단일로","화물차","소형","보행자","보행자","967868","1957162","127.13592469","37.61333108"
"2014","2014-10-07 17:00","25","주간","화","2","5","2","1","0","울산","울주군","차대차","정면충돌","정면충돌","운전자법규위반","중앙선 침범","단일로","기타단일로","승용차","경형","화물차","소형","1166697","1718091","129.33667121","35.44466268"
"2014","2014-10-08 12:00","40","주간","수","1","1","0","0","0","인천","중구","차대사람","기타","기타","운전자법규위반","안전운전 의무 불이행","교차로","교차로내","건설기계","건설기계","보행자","보행자","921641","1939564","126.6140631","37.45195037"
"2014","2014-10-05 14:00","58","주간","일","1","1","0","0","0","충남","서산시","차대차","기타","기타","운전자법규위반","중앙선 침범","교차로","교차로내","이륜차","중형","건설기계","건설기계","903884","1860714","126.42343241","36.73962565"
"2014","2014-10-07 05:00","50","야간","화","1","1","0","0","0","대전","중구","차대차","기타","기타","운전자법규위반","안전운전 의무 불이행","교차로","교차로내","승용차","소형","원동기장치자전거","원동기장치자전거","990682","1814604","127.39618067","36.32876246"
"2014","2014-10-07 07:00","28","주간","화","1","2","0","1","0","경기","안성시","차대차","정면충돌","정면충돌","운전자법규위반","중앙선 침범","단일로","기타단일로","화물차","소형","건설기계","건설기계","987357","1897963","127.35775613","37.08019351"
"2014","2014-10-04 22:00","49","야간","토","1","1","0","0","0","광주","북구","차대사람","횡단중","횡단중","운전자법규위반","보행자 보호의무 위반","교차로","교차로부근","승용차","중형","보행자","보행자","942045","1688203","126.86343745","35.18746457"
"2014","2014-08-22 11:00","50","주간","금","1","3","1","1","0","전남","여수시","차량단독","공작물충돌","공작물충돌","운전자법규위반","안전운전 의무 불이행","단일로","기타단일로","승용차","경형","00","00","1019351","1639325","127.71141613","34.7481972"
"2014","2014-11-17 00:00","05","야간","월","1","1","0","0","0","충북","청주시","차대차","측면직각충돌","측면직각충돌","운전자법규위반","안전운전 의무 불이행","단일로","기타단일로","이륜차","소형","승용차","중형","994863","1847430","127.44245034","36.62468683"
"2014","2014-11-03 16:00","15","주간","월","1","2","1","0","0","강원","원주시","차대차","측면직각충돌","측면직각충돌","운전자법규위반","교차로 통행방법 위반","교차로","교차로내","화물차","소형","이륜차","소형","1037445","1928350","127.9228075","37.35343462"
"2014","2014-10-10 01:00","22","야간","금","1","1","0","0","0","제주","제주시","차대사람","횡단중","횡단중","운전자법규위반","안전운전 의무 불이행","단일로","기타단일로","승용차","중형","보행자","보행자","904816","1500212","126.47539807","33.48952061"
"2014","2014-10-09 18:00","24","야간","목","1","1","0","0","0","부산","동래구","차대사람","기타","기타","운전자법규위반","안전운전 의무 불이행","단일로","기타단일로","승용차","중형","보행자","보행자","1144257","1692626","129.08502957","35.21864251"
"2014","2014-09-12 19:00","00","야간","금","1","1","0","0","0","경남","함양군","차대차","측면직각충돌","측면직각충돌","운전자법규위반","교차로 통행방법 위반","교차로","교차로내","자전거","자전거","화물차","경형","1024858","1729600","127.77430014","35.56209727"
"2014","2014-09-10 07:00","05","주간","수","1","1","0","0","0","서울","강서구","차량단독","공작물충돌","공작물충돌","운전자법규위반","안전운전 의무 불이행","단일로","기타단일로","원동기장치자전거","원동기장치자전거","00","00","937940","1953941","126.79711296","37.58276742"
"2014","2014-09-11 08:00","33","주간","목","1","1","0","0","0","경북","경산시","차대차","추돌","진행중 추돌","운전자법규위반","안전운전 의무 불이행","단일로","기타단일로","화물차","중형","이륜차","중형","1112997","1774807","128.74519355","35.95629092"
"2014","2014-09-11 10:00","43","주간","목","1","1","0","0","0","경기","화성시","차량단독","전도전복","전도전복","운전자법규위반","안전운전 의무 불이행","단일로","기타단일로","이륜차","중형","00","00","958398","1912734","127.03112946","37.21249967"
"2014","2014-09-09 11:00","25","주간","화","1","1","0","0","0","충북","청주시","차대사람","횡단중","횡단중","운전자법규위반","안전운전 의무 불이행","단일로","횡단보도부근","승합차","대형","보행자","보행자","999116","1849027","127.49011128","36.63913782"
"2014","2014-09-11 19:00","00","야간","목","1","1","0","0","0","서울","강서구","차대차","측면직각충돌","측면직각충돌","운전자법규위반","안전운전 의무 불이행","교차로","교차로내","이륜차","소형","승합차","대형","942810","1950929","126.85250191","37.55593586"
"2014","2014-09-11 19:00","10","야간","목","1","2","1","0","0","전북","군산시","차대차","측면직각충돌","측면직각충돌","운전자법규위반","안전운전 의무 불이행","교차로","교차로내","승용차","중형","이륜차","대형","932828","1778806","126.75467258","36.00374821"
"2014","2014-09-12 14:00","33","주간","금","1","1","0","0","0","대구","달서구","차대차","측면직각충돌","측면직각충돌","운전자법규위반","신호위반","단일로","횡단보도상","건설기계","건설기계","이륜차","소형","1091395","1760417","128.51195432","35.83600678"
"2014","2014-09-20 22:00","20","야간","토","1","1","0","0","0","인천","남동구","차대사람","횡단중","횡단중","운전자법규위반","안전운전 의무 불이행","교차로","교차로부근","승용차","대형","보행자","보행자","929941","1939435","126.70790754","37.45145389"
"2014","2014-09-17 13:00","25","주간","수","1","1","0","0","0","대전","동구","차대사람","보도통행중","보도통행중","운전자법규위반","안전운전 의무 불이행","교차로","교차로부근","화물차","소형","보행자","보행자","995265","1813542","127.44724998","36.3192215"
"2014","2014-09-23 18:00","50","야간","화","1","1","0","0","0","전남","순천시","차대사람","횡단중","횡단중","운전자법규위반","안전운전 의무 불이행","단일로","기타단일로","승용차","중형","보행자","보행자","1000154","1661473","127.50133612","34.94811301"
"2014","2014-09-25 17:00","35","주간","목","1","1","0","0","0","충남","서천군","차량단독","기타","기타","운전자법규위반","안전운전 의무 불이행","단일로","기타단일로","화물차","소형","00","00","918033","1794714","126.58887433","36.14602163"
"2014","2014-09-22 22:00","32","야간","월","1","1","0","0","0","서울","마포구","차대차","기타","기타","운전자법규위반","안전운전 의무 불이행","단일로","기타단일로","자전거","자전거","승용차","중형","950653","1948778","126.94143989","37.5370021"
"2014","2014-09-22 21:00","30","야간","월","1","1","0","0","0","경북","의성군","차대사람","차도통행중","차도통행중","운전자법규위반","안전운전 의무 불이행","단일로","기타단일로","승용차","중형","보행자","보행자","1086785","1818180","128.46702916","36.36219078"
"2014","2014-09-23 17:00","00","주간","화","1","1","0","0","0","경북","청도군","차량단독","전도전복","전도전복","운전자법규위반","안전운전 의무 불이행","단일로","기타단일로","이륜차","사발이","00","00","1100433","1741171","128.60959886","35.66162711"
"2014","2014-09-24 19:00","15","야간","수","1","1","0","0","0","경기","광주시","차량단독","공작물충돌","공작물충돌","운전자법규위반","안전운전 의무 불이행","단일로","기타단일로","승용차","중형","00","00","985405","1925460","127.33525679","37.32802534"
"2014","2014-09-22 11:00","50","주간","월","1","1","0","0","0","충남","서산시","차대사람","기타","기타","운전자법규위반","안전운전 의무 불이행","단일로","기타단일로","화물차","소형","보행자","보행자","902167","1883535","126.40126493","36.94513608"
"2014","2014-10-03 03:00","50","야간","금","1","3","0","2","0","서울","관악구","차대차","기타","기타","운전자법규위반","신호위반","교차로","교차로내","이륜차","중형","승용차","중형","948306","1942218","126.9153367","37.47774697"
"2014","2014-10-03 05:00","40","야간","금","1","1","0","0","0","경기","수원시","차대사람","횡단중","횡단중","운전자법규위반","안전운전 의무 불이행","교차로","교차로부근","승용차","중형","보행자","보행자","960432","1919420","127.05369755","37.27285436"
"2014","2014-10-01 15:00","27","주간","수","1","2","1","0","0","경기","용인시","차대차","추돌","진행중 추돌","운전자법규위반","안전운전 의무 불이행","단일로","기타단일로","승용차","대형","화물차","대형","964970","1924681","127.10463407","37.32045767"
"2014","2014-10-01 15:00","22","주간","수","1","2","0","1","0","경북","예천군","차대차","측면직각충돌","측면직각충돌","운전자법규위반","안전운전 의무 불이행","교차로","교차로내","화물차","소형","이륜차","소형","1069914","1845732","128.28174855","36.60686967"
"2014","2014-08-26 19:00","30","야간","화","1","2","0","1","0","전남","보성군","차대사람","횡단중","횡단중","운전자법규위반","안전운전 의무 불이행","단일로","기타단일로","승용차","소형","보행자","보행자","974069","1643911","127.21575475","34.78897784"
"2014","2014-08-24 17:00","05","주간","일","1","7","3","2","1","서울","노원구","차대사람","기타","기타","운전자법규위반","기타(운전자법규위반)","단일로","기타단일로","화물차","소형","보행자","보행자","961213","1963984","127.06015889","37.67456227"
"2014","2014-09-01 10:00","45","주간","월","1","1","0","0","0","경북","김천시","차대차","측면직각충돌","측면직각충돌","운전자법규위반","교차로 통행방법 위반","교차로","교차로내","화물차","경형","자전거","자전거","1056174","1791373","128.1241971","36.11773985"
"2014","2014-09-01 18:00","54","야간","월","1","1","0","0","0","전남","해남군","차대사람","기타","기타","운전자법규위반","안전운전 의무 불이행","단일로","기타단일로","승용차","소형","보행자","보행자","919580","1619659","126.62329712","34.56788547"
"2014","2014-08-30 23:00","15","야간","토","1","2","0","1","0","경기","하남시","차대사람","횡단중","횡단중","운전자법규위반","안전운전 의무 불이행","단일로","기타단일로","승합차","대형","보행자","보행자","970727","1949564","127.16862205","37.5449428"
"2014","2014-08-31 22:00","15","야간","일","1","1","0","0","0","전남","진도군","차대사람","횡단중","횡단중","운전자법규위반","안전운전 의무 불이행","교차로","교차로부근","화물차","중형","보행자","보행자","887467","1610519","126.27448407","34.4824627"
"2014","2014-09-05 17:00","30","주간","금","1","1","0","0","0","서울","성북구","차대차","기타","기타","운전자법규위반","중앙선 침범","교차로","교차로부근","승용차","소형","이륜차","소형","955838","1956701","126.99964934","37.60867678"
"2014","2014-09-08 06:00","00","주간","월","1","1","0","0","0","광주","서구","차량단독","공작물충돌","공작물충돌","운전자법규위반","중앙선 침범","교차로","교차로부근","승합차","중형","00","00","941341","1685186","126.85591992","35.16022057"
"2014","2014-09-02 22:00","44","야간","화","1","1","0","0","0","대전","대덕구","차량단독","기타","기타","운전자법규위반","안전운전 의무 불이행","고가도로위","고가도로위","화물차","소형","00","00","992873","1823942","127.42050673","36.41296675"
"2014","2014-09-03 10:00","30","주간","수","1","1","0","0","0","경북","경주시","차대사람","기타","기타","운전자법규위반","안전운전 의무 불이행","교차로","교차로부근","화물차","대형","보행자","보행자","1165983","1743918","129.33410498","35.67753459"
"2014","2014-09-02 23:00","00","야간","화","1","1","0","0","0","강원","영월군","차량단독","도로이탈","도로이탈 추락","운전자법규위반","안전운전 의무 불이행","단일로","기타단일로","농기계","농기계","00","00","1069456","1918885","128.28334798","37.2662815"
"2014","2014-09-03 15:00","20","주간","수","1","1","0","0","0","서울","강남구","차대사람","횡단중","횡단중","운전자법규위반","안전운전 의무 불이행","단일로","기타단일로","승용차","중형","보행자","보행자","963912","1943681","127.0953001","37.4921002"
"2014","2014-09-11 21:00","32","야간","목","1","1","0","0","0","전남","보성군","차대사람","횡단중","횡단중","운전자법규위반","보행자 보호의무 위반","교차로","교차로내","승용차","중형","보행자","보행자","975964","1645268","127.23722927","34.80168967"
"2014","2014-09-10 13:00","50","주간","수","1","1","0","0","0","대구","서구","차대사람","기타","기타","운전자법규위반","안전운전 의무 불이행","교차로","교차로내","화물차","소형","보행자","보행자","1095054","1763823","128.55286777","35.86636271"
"2014","2014-09-21 14:00","10","주간","일","1","1","0","0","0","충남","천안시","차량단독","도로이탈","도로이탈 추락","운전자법규위반","안전운전 의무 불이행","단일로","기타단일로","이륜차","대형","00","00","982486","1877722","127.30342381","36.89765479"
"2014","2014-09-23 06:00","30","주간","화","1","4","0","1","2","경북","경주시","차대사람","기타","기타","운전자법규위반","안전운전 의무 불이행","단일로","기타단일로","화물차","중형","보행자","보행자","1145630","1778153","129.11553473","35.98929713"
"2014","2014-10-01 18:00","00","야간","수","1","1","0","0","0","전북","익산시","차대차","측면직각충돌","측면직각충돌","운전자법규위반","직진 및 우회전차의 통행방해","교차로","교차로내","승용차","중형","자전거","자전거","952973","1772379","126.97856871","35.94698552"
"2014","2014-11-11 19:00","00","야간","화","1","5","0","4","0","전남","나주시","차대차","추돌","주정차중 추돌","운전자법규위반","안전운전 의무 불이행","단일로","기타단일로","화물차","소형","화물차","소형","927153","1679060","126.70068681","35.10405801"
"2014","2014-12-01 13:00","20","주간","월","1","2","0","1","0","전북","완주군","차대차","정면충돌","정면충돌","운전자법규위반","중앙선 침범","단일로","기타단일로","화물차","소형","화물차","대형","970062","1765574","127.16830263","35.88630578"
"2014","2014-01-07 12:00","10","주간","화","1","1","0","0","0","인천","강화군","차대사람","길가장자리구역통행중","길가장자리구역통행중","운전자법규위반","안전운전 의무 불이행","단일로","기타단일로","승용차","중형","보행자","보행자","909167","1966130","126.46967951","37.69007971"
"2014","2014-01-06 04:00","15","야간","월","1","1","0","0","0","경남","의령군","차량단독","공작물충돌","공작물충돌","운전자법규위반","안전운전 의무 불이행","단일로","기타단일로","승용차","중형","00","00","1060226","1707327","128.1629086","35.3597611"
"2014","2014-01-05 00:00","45","야간","일","1","1","0","0","0","경북","경산시","차대사람","기타","기타","운전자법규위반","안전운전 의무 불이행","단일로","기타단일로","승용차","중형","보행자","보행자","1118330","1768597","128.81164137","35.90701035"
"2014","2014-01-04 05:00","46","야간","토","1","1","0","0","0","부산","강서구","차대차","기타","기타","운전자법규위반","신호위반","교차로","교차로부근","승용차","경형","건설기계","건설기계","1125167","1683743","128.87398682","35.14113047"
"2014","2014-01-02 18:00","05","야간","목","1","1","0","0","0","경기","수원시","차대사람","횡단중","횡단중","운전자법규위반","신호위반","교차로","교차로내","승용차","중형","보행자","보행자","955288","1917674","126.9957833","37.25688354"
"2014","2014-01-03 03:00","09","야간","금","1","1","0","0","0","서울","마포구","차량단독","공작물충돌","공작물충돌","운전자법규위반","안전운전 의무 불이행","단일로","기타단일로","승용차","소형","00","00","950807","1948638","126.94322628","37.53574865"
"2014","2014-01-14 22:00","30","야간","화","1","1","0","0","0","강원","원주시","차량단독","공작물충돌","공작물충돌","운전자법규위반","안전운전 의무 불이행","단일로","기타단일로","승용차","중형","00","00","1027870","1923066","127.81439603","37.30616557"
"2014","2014-01-11 16:00","00","주간","토","1","3","1","1","0","충북","옥천군","차대차","정면충돌","정면충돌","운전자법규위반","중앙선 침범","단일로","기타단일로","승용차","중형","승용차","중형","1009213","1811152","127.60260866","36.29764212"
"2014","2014-01-20 10:00","07","주간","월","1","1","0","0","0","경남","통영시","차대사람","길가장자리구역통행중","길가장자리구역통행중","운전자법규위반","안전운전 의무 불이행","단일로","기타단일로","승용차","경형","보행자","보행자","1084552","1649893","128.42477172","34.8401648"
"2014","2014-02-05 23:00","40","야간","수","1","3","2","0","0","세종","세종","차량단독","전도전복","전도전복","운전자법규위반","안전운전 의무 불이행","단일로","기타단일로","승용차","중형","00","00","985016","1838767","127.33258417","36.54652632"
"2014","2014-10-20 22:00","15","야간","월","1","1","0","0","0","충남","예산군","차량단독","공작물충돌","공작물충돌","운전자법규위반","안전운전 의무 불이행","단일로","기타단일로","승용차","중형","00","00","926719","1860268","126.67921595","36.7376443"
"2014","2014-10-17 19:00","40","야간","금","1","1","0","0","0","전남","무안군","차대사람","횡단중","횡단중","운전자법규위반","안전운전 의무 불이행","교차로","교차로부근","승용차","대형","보행자","보행자","898953","1669175","126.39231636","35.01246747"
"2014","2014-10-23 19:00","40","야간","목","1","1","0","0","0","서울","구로구","차대사람","횡단중","횡단중","운전자법규위반","안전운전 의무 불이행","단일로","기타단일로","승용차","중형","보행자","보행자","945492","1945306","126.88328297","37.50541783"
"2014","2014-10-23 13:00","10","주간","목","1","1","0","0","0","제주","서귀포시","차량단독","공작물충돌","공작물충돌","운전자법규위반","안전운전 의무 불이행","단일로","기타단일로","이륜차","대형","00","00","902568","1474006","126.45403569","33.25298389"
"2014","2014-10-23 22:00","30","야간","목","1","1","0","0","0","경기","수원시","차대차","측면직각충돌","측면직각충돌","운전자법규위반","신호위반","교차로","교차로내","자전거","자전거","승용차","소형","961671","1916668","127.06781409","37.24810031"
"2014","2014-10-24 02:00","30","야간","금","1","1","0","0","0","인천","남구","차대사람","횡단중","횡단중","운전자법규위반","안전운전 의무 불이행","단일로","횡단보도상","승용차","경형","보행자","보행자","929476","1938530","126.70273724","37.44326189"
"2014","2014-10-29 14:00","50","주간","수","1","3","1","0","1","강원","홍천군","차량단독","기타","기타","운전자법규위반","안전운전 의무 불이행","단일로","기타단일로","승용차","대형","00","00","1045120","1984315","128.01402398","37.85466991"
"2014","2014-11-08 19:00","15","야간","토","1","1","0","0","0","경북","경주시","차대사람","기타","기타","운전자법규위반","안전운전 의무 불이행","단일로","기타단일로","승용차","중형","보행자","보행자","1154032","1748724","129.20302222","35.7227873"
"2014","2014-11-10 12:00","30","주간","월","1","1","0","0","0","경기","용인시","차대차","추돌","진행중 추돌","운전자법규위반","안전운전 의무 불이행","단일로","기타단일로","화물차","소형","농기계","농기계","990402","1904746","127.3919279","37.14137327"
"2014","2014-11-10 20:00","12","야간","월","1","1","0","0","0","경북","포항시","차대차","측면직각충돌","측면직각충돌","운전자법규위반","신호위반","교차로","교차로내","이륜차","소형","승용차","중형","1169850","1776387","129.38371779","35.96946544"
"2014","2014-11-08 18:00","10","야간","토","1","1","0","0","0","경북","안동시","차대사람","횡단중","횡단중","운전자법규위반","안전운전 의무 불이행","교차로","교차로부근","승용차","대형","보행자","보행자","1119084","1860941","128.83380381","36.73906655"
"2014","2014-11-09 00:00","10","야간","일","1","1","0","0","0","서울","성북구","차대차","측면직각충돌","측면직각충돌","운전자법규위반","신호위반","교차로","교차로내","자전거","자전거","승용차","중형","960760","1957083","127.05539294","37.61234308"
"2014","2014-11-11 05:00","57","야간","화","1","1","0","0","0","대구","수성구","차대차","추돌","주정차중 추돌","운전자법규위반","안전운전 의무 불이행","교차로","교차로부근","승용차","소형","승합차","대형","1109240","1761009","128.7104452","35.83946707"
"2014","2014-11-06 16:00","50","주간","목","1","1","0","0","0","대구","달성군","차량단독","공작물충돌","공작물충돌","운전자법규위반","안전운전 의무 불이행","단일로","기타단일로","화물차","소형","00","00","1086518","1748166","128.4566374","35.72600642"