"발생년","발생년월일시","발생분","주야","요일","사망자수","사상자수","중상자수","경상자수","부상신고자수","발생지시도","발생지시군구","사고유형_대분류","사고유형_중분류","사고유형","법규위반_대분류","법규위반","도로형태_대분류","도로형태","당사자종별_1당_대분류","당사자종별_1당","당사자종별_2당_대분류","당사자종별_2당","발생위치X_UTMK","발생위치Y_UTMK","경도","위도"
"2013","2013-09-28 02:00","50","야간","토","1","1","0","0","0","경북","경주시","차대차","기타","기타","운전자법규위반","안전운전 의무 불이행","단일로","기타단일로","특수차","중형","승용차","중형","1159823","1757043","129.31402565","35.75830604"
"2013","2013-06-14 05:00","00","야간","금","1","1","0","0","0","서울","강북구","차량단독","공작물충돌","공작물충돌","운전자법규위반","안전운전 의무 불이행","단일로","기타단일로","승용차","대형","00","00","957111","1959200","127.01392519","37.63126093"
"2014","2014-04-24 15:00","40","주간","목","1","1","0","0","0","충북","청원군","차량단독","공작물충돌","공작물충돌","운전자법규위반","안전운전 의무 불이행","교차로","교차로내","승용차","중형","00","00","993381","1833067","127.42609486","36.49523456"
"2014","2014-06-09 15:00","50","주간","월","1","2","0","1","0","충북","청주시","차대차","측면직각충돌","측면직각충돌","운전자법규위반","교차로 통행방법 위반","단일로","기타단일로","원동기장치자전거","원동기장치자전거","승용차","대형","996918","1848602","127.46552542","36.63530188"
"2013","2013-04-28 18:00","50","야간","일","4","6","2","0","0","제주","서귀포시","차량단독","전도전복","전도전복","운전자법규위반","안전운전 의무 불이행","단일로","기타단일로","승용차","중형","00","00","918355","1485491","126.62245844","33.35787559"
"2012","2012-04-02 20:00","55","야간","월","1","1","0","0","0","강원","원주시","차대차","추돌","진행중 추돌","운전자법규위반","안전운전 의무 불이행","단일로","기타단일로","승용차","대형","자전거","자전거","1045727","1919476","128.01577319","37.27307685"
"2012","2012-07-31 19:00","55","야간","화","1","1","0","0","0","강원","원주시","차대사람","횡단중","횡단중","운전자법규위반","보행자 보호의무 위반","단일로","기타단일로","화물차","소형","보행자","보행자","1040104","1925130","127.95265636","37.3242996"
"2012","2012-10-12 10:00","03","주간","금","1","1","0","0","0","강원","원주시","차대차","측면직각충돌","측면직각충돌","운전자법규위반","안전운전 의무 불이행","교차로","교차로부근","화물차","경형","자전거","자전거","1042050","1923789","127.97454431","37.31212626"
"2012","2012-03-03 11:00","55","주간","토","1","1","0","0","0","경기","화성시","차대사람","기타","기타","운전자법규위반","기타(운전자법규위반)","단일로","기타단일로","승합차","대형","보행자","보행자","953757","1913166","126.97922375","37.21664561"
"2013","2013-12-14 19:00","20","야간","토","1","2","1","0","0","충남","당진시","차대사람","기타","기타","운전자법규위반","안전운전 의무 불이행","단일로","기타단일로","승합차","소형","보행자","보행자","926421","1869179","126.66401072","36.80531851"
"2012","2012-11-17 07:00","50","주간","토","1","1","0","0","0","대구","동구","차대사람","횡단중","횡단중","운전자법규위반","안전운전 의무 불이행","단일로","횡단보도부근","승용차","중형","보행자","보행자","1101188","1765695","128.62103758","35.88262306"
"2013","2013-12-04 08:00","40","주간","수","1","2","1","0","0","경남","함양군","차량단독","공작물충돌","공작물충돌","운전자법규위반","안전운전 의무 불이행","단일로","기타단일로","특수차","대형","00","00","1025513","1736305","127.78257774","35.62223639"
"2012","2012-10-04 23:00","35","야간","목","1","2","1","0","0","경남","양산시","차대차","기타","기타","운전자법규위반","중앙선 침범","단일로","기타단일로","농기계","농기계","승용차","소형","1144710","1702590","129.02073793","35.33225707"
"2014","2014-01-12 18:00","45","야간","일","1","1","0","0","0","충남","당진시","차량단독","도로이탈","도로이탈 기타","운전자법규위반","안전운전 의무 불이행","단일로","기타단일로","승용차","중형","00","00","940014","1876904","126.82680446","36.88853653"
"2014","2014-01-22 18:00","25","야간","수","1","3","0","2","0","경남","밀양시","차대차","정면충돌","정면충돌","운전자법규위반","중앙선 침범","단일로","기타단일로","승용차","경형","승용차","소형","1104205","1717056","128.6491288","35.44062517"
"2014","2014-01-22 18:00","00","야간","수","1","1","0","0","0","울산","울주군","차대차","기타","기타","운전자법규위반","신호위반","교차로","교차로내","원동기장치자전거","원동기장치자전거","승용차","경형","1148654","1729886","129.14011017","35.55383137"
"2014","2014-01-22 09:00","30","주간","수","1","1","0","0","0","인천","중구","차대사람","횡단중","횡단중","운전자법규위반","보행자 보호의무 위반","교차로","교차로부근","화물차","대형","보행자","보행자","921844","1942191","126.61607929","37.47564377"
"2014","2014-01-21 20:00","25","야간","화","1","2","0","1","0","대전","서구","차대차","정면충돌","정면충돌","운전자법규위반","신호위반","교차로","교차로내","이륜차","중형","승용차","중형","984736","1810993","127.3300024","36.29613183"
"2014","2014-01-19 19:00","25","야간","일","1","1","0","0","0","강원","화천군","차대사람","횡단중","횡단중","운전자법규위반","안전운전 의무 불이행","교차로","교차로부근","승용차","대형","보행자","보행자","1000801","2006716","127.50913079","38.06052997"
"2014","2014-01-18 04:00","32","야간","토","1","1","0","0","0","경북","포항시","차대차","추돌","주정차중 추돌","운전자법규위반","안전운전 의무 불이행","교차로","교차로부근","승용차","경형","화물차","대형","1168323","1775952","129.36669844","35.96581018"
"2014","2014-01-18 22:00","55","야간","토","1","1","0","0","0","전북","전주시","차대사람","횡단중","횡단중","운전자법규위반","과속","교차로","교차로부근","승용차","중형","보행자","보행자","967620","1759374","127.14149878","35.83032894"
"2014","2014-01-18 14:00","03","주간","토","1","1","0","0","0","대전","대덕구","차대차","측면직각충돌","측면직각충돌","운전자법규위반","교차로 통행방법 위반","교차로","교차로내","화물차","소형","이륜차","소형","995107","1817737","127.44546343","36.35704044"
"2014","2014-01-21 15:00","20","주간","화","1","1","0","0","0","경북","경주시","차대사람","기타","기타","운전자법규위반","안전운전 의무 불이행","교차로","교차로부근","승용차","중형","보행자","보행자","1181105","1758245","129.50434924","35.80397165"
"2014","2014-01-17 19:00","58","야간","금","1","1","0","0","0","경기","안산시","차대사람","횡단중","횡단중","운전자법규위반","신호위반","교차로","교차로내","승용차","소형","보행자","보행자","947444","1923484","126.9078636","37.31080306"
"2014","2014-01-30 08:00","10","주간","목","1","2","0","1","0","경기","파주시","차대차","측면직각충돌","측면직각충돌","운전자법규위반","중앙선 침범","단일로","기타단일로","승용차","경형","승용차","중형","954514","1999293","126.98197502","37.99248706"
"2014","2014-12-02 15:00","50","주간","화","1","1","0","0","0","전북","전주시","차대사람","길가장자리구역통행중","길가장자리구역통행중","운전자법규위반","안전운전 의무 불이행","단일로","기타단일로","화물차","소형","보행자","보행자","963991","1760730","127.10125928","35.84242804"
"2014","2014-12-01 17:00","55","주간","월","1","1","0","0","0","충남","논산시","차대사람","횡단중","횡단중","운전자법규위반","안전운전 의무 불이행","단일로","기타단일로","승용차","중형","보행자","보행자","966584","1808765","127.12793885","36.27558737"
"2014","2014-12-02 14:00","10","주간","화","2","2","0","0","0","전북","완주군","차량단독","기타","기타","운전자법규위반","안전운전 의무 불이행","단일로","기타단일로","승용차","중형","00","00","965070","1776701","127.11250561","35.98645949"
"2014","2014-12-02 09:00","20","주간","화","1","1","0","0","0","전남","목포시","차대사람","기타","기타","운전자법규위반","안전운전 의무 불이행","단일로","기타단일로","화물차","경형","보행자","보행자","896774","1646478","126.37143694","34.80765127"
"2014","2014-11-29 02:00","40","야간","토","1","3","0","2","0","대구","달성군","차대차","정면충돌","정면충돌","운전자법규위반","중앙선 침범","단일로","기타단일로","승용차","경형","승용차","중형","1089716","1751107","128.49169558","35.75253588"
"2014","2014-11-28 20:00","27","야간","금","1","1","0","0","0","경남","창원시(통합)","차량단독","전도전복","전도전복","운전자법규위반","안전운전 의무 불이행","단일로","기타단일로","승용차","중형","00","00","1098091","1680352","128.5764181","35.11356386"
"2014","2014-11-29 20:00","55","야간","토","1","1","0","0","0","경남","사천시","차대차","추돌","진행중 추돌","운전자법규위반","안전운전 의무 불이행","단일로","기타단일로","화물차","소형","승합차","소형","1052359","1662611","128.07348377","34.95701205"
"2014","2014-11-29 16:00","25","주간","토","1","1","0","0","0","전남","여수시","차대사람","차도통행중","차도통행중","운전자법규위반","안전운전 의무 불이행","단일로","기타단일로","승용차","중형","보행자","보행자","1019310","1636844","127.71091134","34.72582489"
"2014","2014-11-27 17:00","37","주간","목","1","6","1","4","0","경기","수원시","차대사람","횡단중","횡단중","운전자법규위반","안전운전 의무 불이행","단일로","횡단보도부근","승합차","대형","보행자","보행자","956652","1921068","127.01096675","37.28754049"
"2014","2014-12-07 17:00","45","주간","일","1","1","0","0","0","전북","전주시","차대차","기타","기타","운전자법규위반","안전운전 의무 불이행","단일로","기타단일로","승용차","중형","승용차","중형","961768","1763430","127.07651435","35.86668681"
"2014","2014-12-04 17:00","34","주간","목","1","2","0","1","0","경기","포천시","차대차","측면직각충돌","측면직각충돌","운전자법규위반","안전운전 의무 불이행","교차로","교차로내","승용차","중형","건설기계","건설기계","976084","1989587","127.22794767","37.90583352"
"2014","2014-12-04 20:00","25","야간","목","1","1","0","0","0","울산","남구","차대사람","횡단중","횡단중","운전자법규위반","신호위반","교차로","교차로내","승합차","대형","보행자","보행자","1166572","1728590","129.33744818","35.53930127"
"2014","2014-08-02 03:00","50","야간","토","1","2","1","0","0","경북","경산시","차대차","추돌","진행중 추돌","운전자법규위반","안전거리 미확보","단일로","기타단일로","화물차","대형","화물차","대형","1117376","1765271","128.80027947","35.87699373"
"2014","2014-04-05 05:00","05","야간","토","1","2","1","0","0","경기","광주시","차량단독","전도전복","전도전복","운전자법규위반","안전운전 의무 불이행","단일로","기타단일로","승용차","대형","00","00","977815","1941011","127.24911735","37.46804765"
"2014","2014-04-16 11:00","40","주간","수","1","3","0","2","0","경북","상주시","차량단독","전도전복","전도전복","운전자법규위반","안전운전 의무 불이행","단일로","기타단일로","승합차","소형","00","00","1063536","1827512","128.20893739","36.44307273"
"2014","2014-05-29 17:00","17","주간","목","2","5","2","1","0","경남","합천군","차대차","정면충돌","정면충돌","운전자법규위반","중앙선 침범","단일로","기타단일로","화물차","중형","승합차","중형","1059070","1748502","128.15318887","35.73106575"
"2014","2014-10-14 10:00","00","주간","화","1","1","0","0","0","서울","양천구","차대사람","횡단중","횡단중","운전자법규위반","안전운전 의무 불이행","교차로","교차로부근","화물차","소형","보행자","보행자","943303","1945835","126.85847667","37.51005386"
"2014","2014-10-13 13:00","10","주간","월","1","1","0","0","0","강원","춘천시","차대사람","기타","기타","운전자법규위반","안전운전 의무 불이행","교차로","교차로내","승용차","경형","보행자","보행자","1020677","1984365","127.73505831","37.858847"
"2014","2014-10-13 09:00","40","주간","월","1","2","1","0","0","전남","장성군","차량단독","기타","기타","운전자법규위반","안전운전 의무 불이행","단일로","기타단일로","이륜차","사발이","00","00","925235","1691928","126.67847762","35.21993882"
"2014","2014-10-13 18:00","30","야간","월","1","1","0","0","0","강원","평창군","차대차","측면직각충돌","측면직각충돌","운전자법규위반","안전운전 의무 불이행","단일로","기타단일로","화물차","대형","승용차","중형","1092774","1959906","128.54406843","37.6392064"
"2014","2014-10-12 04:00","55","야간","일","1","6","2","2","1","서울","중구","차대차","기타","기타","운전자법규위반","중앙선 침범","단일로","터널안","승용차","중형","승용차","중형","955907","1950718","127.00079129","37.55475412"
"2014","2014-02-01 05:00","05","야간","토","2","3","1","0","0","대구","동구","차대차","추돌","진행중 추돌","운전자법규위반","안전운전 의무 불이행","단일로","기타단일로","승용차","중형","승용차","소형","1105975","1767884","128.67435322","35.90184853"
"2014","2014-01-29 21:00","00","야간","수","1","2","0","1","0","대구","달성군","차대차","추돌","주정차중 추돌","운전자법규위반","안전운전 의무 불이행","단일로","기타단일로","승용차","중형","승합차","대형","1084818","1747857","128.43780997","35.7233687"
"2014","2014-01-29 14:00","05","주간","수","1","3","1","1","0","서울","금천구","차대차","추돌","주정차중 추돌","운전자법규위반","안전거리 미확보","교차로","교차로부근","승합차","대형","이륜차","중형","946780","1940347","126.89821358","37.46079659"
"2014","2014-01-29 18:00","16","야간","수","1","1","0","0","0","전남","강진군","차량단독","도로이탈","도로이탈 기타","운전자법규위반","안전운전 의무 불이행","교차로","교차로부근","농기계","농기계","00","00","928555","1612567","126.72172545","34.50459827"
"2014","2014-01-29 02:00","55","야간","수","1","1","0","0","0","부산","기장군","차대차","추돌","주정차중 추돌","운전자법규위반","안전운전 의무 불이행","단일로","기타단일로","승용차","중형","화물차","대형","1152551","1695412","129.17664313","35.24252611"
"2014","2014-01-30 11:00","10","주간","목","1","2","1","0","0","경기","여주시","차량단독","공작물충돌","공작물충돌","운전자법규위반","안전운전 의무 불이행","단일로","기타단일로","승용차","중형","00","00","1002169","1936327","127.52451481","37.42609104"
"2014","2014-01-31 19:00","05","야간","금","1","4","3","0","0","강원","동해시","차대차","기타","기타","운전자법규위반","과속","단일로","기타단일로","승용차","중형","승용차","경형","1143726","1946584","129.12614475","37.50735208"
"2014","2014-01-26 17:00","30","주간","일","1","5","1","3","0","전남","무안군","차대차","추돌","주정차중 추돌","운전자법규위반","안전운전 의무 불이행","교차로","교차로부근","화물차","소형","승용차","대형","902276","1655575","126.43051964","34.89021362"
"2014","2014-02-10 05:00","49","야간","월","1","1","0","0","0","부산","사하구","차대차","기타","기타","운전자법규위반","중앙선 침범","단일로","횡단보도상","자전거","자전거","화물차","소형","1136612","1678057","128.99864555","35.08838643"
"2014","2014-02-09 08:00","15","주간","일","1","1","0","0","0","충남","홍성군","차대차","기타","기타","운전자법규위반","안전운전 의무 불이행","교차로","교차로부근","화물차","소형","원동기장치자전거","원동기장치자전거","925865","1845456","126.671085","36.60406285"
"2014","2014-02-06 06:00","05","주간","목","1","1","0","0","0","전남","목포시","차대사람","횡단중","횡단중","운전자법규위반","안전운전 의무 불이행","교차로","교차로내","승용차","중형","보행자","보행자","899424","1645789","126.40048694","34.80170443"
"2014","2014-02-09 06:00","40","주간","일","1","4","2","1","0","대구","달성군","차대차","정면충돌","정면충돌","운전자법규위반","안전운전 의무 불이행","단일로","기타단일로","승용차","소형","승용차","소형","1085776","1762321","128.43797636","35.85430498"
"2014","2014-01-29 23:00","15","야간","수","1","2","1","0","0","경기","이천시","차대차","추돌","진행중 추돌","운전자법규위반","안전운전 의무 불이행","단일로","기타단일로","화물차","중형","승용차","경형","995002","1911693","127.44367674","37.20403056"
"2014","2014-09-12 15:00","35","주간","금","1","1","0","0","0","경남","김해시","차대사람","기타","기타","운전자법규위반","안전운전 의무 불이행","단일로","기타단일로","승용차","중형","보행자","보행자","1119044","1692392","128.80803796","35.21984303"
"2014","2014-09-17 07:00","35","주간","수","1","4","3","0","0","충북","제천시","차대차","기타","기타","운전자법규위반","안전운전 의무 불이행","기타/불명","기타/불명","승용차","중형","화물차","소형","1055609","1911099","128.12660543","37.19703243"
"2014","2014-10-20 00:00","10","야간","월","1","1","0","0","0","경기","성남시","차량단독","공작물충돌","공작물충돌","운전자법규위반","안전운전 의무 불이행","단일로","기타단일로","승용차","중형","00","00","964588","1933554","127.09989836","37.40042139"
"2014","2014-05-19 08:00","15","주간","월","1","2","0","1","0","충북","진천군","차대차","기타","기타","운전자법규위반","안전거리 미확보","단일로","기타단일로","승용차","경형","승용차","대형","998284","1873491","127.48074923","36.85967501"
"2014","2014-05-12 17:00","15","주간","월","1","3","1","1","0","울산","울주군","차대차","기타","기타","운전자법규위반","안전운전 의무 불이행","단일로","기타단일로","화물차","중형","화물차","대형","1158589","1730524","129.24980446","35.55804069"
"2014","2014-05-03 02:00","23","야간","토","1","4","1","2","0","전남","장성군","차대차","기타","기타","운전자법규위반","안전운전 의무 불이행","단일로","기타단일로","승용차","대형","승용차","대형","939799","1699826","126.83791822","35.29213096"
"2014","2014-10-12 03:00","15","야간","일","1","5","3","1","0","경기","안양시","차대차","추돌","진행중 추돌","운전자법규위반","안전운전 의무 불이행","교차로","교차로내","승용차","중형","승용차","중형","952162","1932906","126.9595504","37.39402229"
"2014","2014-10-11 19:00","15","야간","토","1","1","0","0","0","경북","구미시","차대사람","기타","기타","운전자법규위반","안전운전 의무 불이행","교차로","교차로내","승용차","소형","보행자","보행자","1077316","1790913","128.35905816","36.11213877"
"2014","2014-10-11 00:00","45","야간","토","1","1","0","0","0","경기","수원시","차대사람","횡단중","횡단중","운전자법규위반","안전운전 의무 불이행","단일로","기타단일로","승용차","소형","보행자","보행자","953291","1917918","126.97324869","37.25898483"
"2014","2014-10-21 16:00","50","주간","화","1","1","0","0","0","강원","삼척시","차량단독","공작물충돌","공작물충돌","운전자법규위반","안전운전 의무 불이행","단일로","기타단일로","승용차","중형","00","00","1159925","1921428","129.30390333","37.2780483"
"2014","2014-10-18 17:00","30","주간","토","1","1","0","0","0","전남","광양시","차량단독","전도전복","전도전복","운전자법규위반","안전운전 의무 불이행","단일로","기타단일로","농기계","농기계","00","00","1006481","1672793","127.57106676","35.05016064"
"2014","2014-10-17 11:00","20","주간","금","1","1","0","0","0","경북","경주시","차대사람","기타","기타","운전자법규위반","안전운전 의무 불이행","단일로","기타단일로","화물차","소형","보행자","보행자","1165999","1743944","129.33428706","35.67776621"
"2014","2014-10-27 18:00","50","야간","월","1","1","0","0","0","제주","서귀포시","차대사람","횡단중","횡단중","운전자법규위반","안전운전 의무 불이행","단일로","기타단일로","승용차","중형","보행자","보행자","920161","1475403","126.64275882","33.26702848"
"2014","2014-10-25 17:00","15","주간","토","1","1","0","0","0","경기","양주시","차대차","정면충돌","정면충돌","운전자법규위반","안전운전 의무 불이행","교차로","교차로부근","자전거","자전거","화물차","소형","954970","1980348","126.98835179","37.82176456"
"2014","2014-10-26 15:00","25","주간","일","1","1","0","0","0","경북","예천군","차대차","추돌","진행중 추돌","운전자법규위반","안전운전 의무 불이행","단일로","기타단일로","승용차","소형","농기계","농기계","1088531","1855573","128.49102677","36.69402539"
"2014","2014-10-24 12:00","10","주간","금","1","3","1","1","0","전북","김제시","차대차","추돌","주정차중 추돌","운전자법규위반","안전운전 의무 불이행","단일로","기타단일로","화물차","소형","특수차","대형","952987","1765488","126.97913138","35.88485903"
"2014","2014-10-26 05:00","40","야간","일","1","2","1","0","0","울산","북구","차량단독","기타","기타","운전자법규위반","안전운전 의무 불이행","단일로","기타단일로","이륜차","소형","00","00","1174908","1736330","129.43103045","35.60761408"
"2014","2014-10-22 00:00","40","야간","수","1","2","0","1","0","전남","화순군","차대사람","기타","기타","운전자법규위반","안전운전 의무 불이행","단일로","기타단일로","승용차","중형","보행자","보행자","957089","1670109","127.02960931","35.02506715"
"2014","2014-10-24 19:00","45","야간","금","1","1","0","0","0","전북","임실군","차대차","추돌","진행중 추돌","운전자법규위반","안전운전 의무 불이행","단일로","기타단일로","승용차","대형","자전거","자전거","981224","1735842","127.29266729","35.61851228"
"2014","2014-10-31 21:00","44","야간","금","1","1","0","0","0","전북","군산시","차대사람","횡단중","횡단중","운전자법규위반","보행자 보호의무 위반","단일로","횡단보도상","승용차","중형","보행자","보행자","926113","1775435","126.67956211","35.97525529"
"2014","2014-10-31 23:00","55","야간","금","1","1","0","0","0","경남","통영시","차대사람","횡단중","횡단중","운전자법규위반","보행자 보호의무 위반","교차로","교차로부근","이륜차","중형","보행자","보행자","1084253","1650132","128.42152586","34.84234456"
"2014","2014-11-02 19:00","55","야간","일","1","1","0","0","0","강원","동해시","차대사람","기타","기타","운전자법규위반","안전운전 의무 불이행","단일로","기타단일로","승용차","소형","보행자","보행자","1141775","1945003","129.10377394","37.49340886"
"2014","2014-11-03 05:00","30","야간","월","1","1","0","0","0","경기","용인시","차대사람","횡단중","횡단중","운전자법규위반","안전운전 의무 불이행","단일로","기타단일로","승용차","중형","보행자","보행자","973521","1914917","127.20149124","37.2327292"
"2014","2014-10-31 06:00","10","주간","금","1","1","0","0","0","경기","고양시","차대사람","횡단중","횡단중","운전자법규위반","안전운전 의무 불이행","단일로","횡단보도상","화물차","소형","보행자","보행자","934295","1963962","126.754932","37.67283073"
"2014","2014-11-02 07:00","40","주간","일","1","1","0","0","0","부산","중구","차대차","측면직각충돌","측면직각충돌","운전자법규위반","부당한 회전","단일로","기타단일로","승용차","중형","이륜차","중형","1139329","1679804","129.02873592","35.10376204"
"2014","2014-10-30 18:00","20","야간","목","1","1","0","0","0","충남","보령시","차대차","기타","기타","운전자법규위반","중앙선 침범","단일로","기타단일로","농기계","농기계","화물차","소형","914642","1803768","126.55020035","36.22734553"
"2014","2014-10-29 19:00","30","야간","수","1","2","0","1","0","경북","경산시","차대사람","기타","기타","운전자법규위반","안전운전 의무 불이행","단일로","기타단일로","승합차","대형","보행자","보행자","1116226","1764844","128.7874805","35.87328203"
"2014","2014-11-07 16:00","09","주간","금","1","1","0","0","0","부산","중구","차대사람","기타","기타","운전자법규위반","안전운전 의무 불이행","단일로","횡단보도부근","화물차","소형","보행자","보행자","1139397","1679179","129.02937654","35.09811883"
"2014","2014-11-08 14:00","20","주간","토","1","1","0","0","0","강원","원주시","차대차","기타","기타","운전자법규위반","안전운전 의무 불이행","단일로","기타단일로","승용차","경형","이륜차","사발이","1023477","1912717","127.77215203","37.2212493"
"2014","2014-11-12 08:00","45","주간","수","1","1","0","0","0","경남","진주시","차대사람","횡단중","횡단중","운전자법규위반","안전운전 의무 불이행","교차로","교차로부근","승합차","소형","보행자","보행자","1056168","1688336","128.1169447","35.18876535"
"2014","2014-11-11 21:00","55","야간","화","1","1","0","0","0","충남","천안시","차대사람","기타","기타","운전자법규위반","안전운전 의무 불이행","단일로","기타단일로","승합차","소형","보행자","보행자","973513","1875525","127.20356308","36.87772374"
"2014","2014-11-13 10:00","50","주간","목","1","2","1","0","0","경기","포천시","차대차","추돌","진행중 추돌","운전자법규위반","중앙선 침범","단일로","기타단일로","승용차","중형","화물차","소형","980443","2012854","127.27689769","38.11563885"
"2014","2014-11-13 17:00","25","주간","목","1","1","0","0","0","충남","논산시","차량단독","전도전복","전도전복","운전자법규위반","안전운전 의무 불이행","고가도로위","고가도로위","이륜차","소형","00","00","962514","1800198","127.08303393","36.19820332"
"2014","2014-11-09 00:00","30","야간","일","1","1","0","0","0","충남","천안시","차대차","기타","기타","운전자법규위반","안전운전 의무 불이행","지하도로내","지하도로내","승용차","중형","이륜차","소형","971363","1878759","127.17854209","36.90673063"
"2014","2014-11-08 16:00","57","주간","토","1","1","0","0","0","서울","양천구","차대사람","횡단중","횡단중","운전자법규위반","안전운전 의무 불이행","단일로","기타단일로","이륜차","중형","보행자","보행자","942829","1947075","126.85301722","37.52120081"
"2014","2014-11-10 18:00","00","야간","월","1","1","0","0","0","전북","전주시","차대사람","길가장자리구역통행중","길가장자리구역통행중","운전자법규위반","신호위반","단일로","기타단일로","화물차","소형","보행자","보행자","972171","1755472","127.1920212","35.79528787"
"2014","2014-10-07 18:00","00","야간","화","1","1","0","0","0","서울","서초구","차대사람","횡단중","횡단중","운전자법규위반","안전운전 의무 불이행","교차로","교차로부근","승합차","대형","보행자","보행자","958409","1942913","127.0297728","37.48419149"
"2014","2014-10-14 16:00","30","주간","화","1","1","0","0","0","경북","상주시","차량단독","기타","기타","운전자법규위반","안전운전 의무 불이행","단일로","기타단일로","원동기장치자전거","원동기장치자전거","00","00","1061726","1828059","128.1888442","36.44710291"
"2014","2014-10-14 20:00","08","야간","화","1","1","0","0","0","강원","평창군","차대사람","기타","기타","운전자법규위반","안전운전 의무 불이행","단일로","기타단일로","화물차","소형","보행자","보행자","1079540","1932737","128.39855238","37.39031999"
"2014","2014-10-14 00:00","55","야간","화","1","3","1","1","0","경남","창원시(통합)","차대차","정면충돌","정면충돌","운전자법규위반","중앙선 침범","단일로","기타단일로","원동기장치자전거","원동기장치자전거","승용차","소형","1097134","1688978","128.56629722","35.19070089"
"2014","2014-10-12 16:00","00","주간","일","1","1","0","0","0","경기","양평군","차량단독","도로이탈","도로이탈 추락","운전자법규위반","안전운전 의무 불이행","단일로","기타단일로","이륜차","사발이","00","00","1010868","1959988","127.62318416","37.63930046"
"2014","2014-10-12 20:00","25","야간","일","1","1","0","0","0","울산","울주군","차대차","기타","기타","운전자법규위반","안전운전 의무 불이행","단일로","기타단일로","승용차","대형","이륜차","소형","1155896","1722525","129.21856514","35.48637649"
"2014","2014-10-19 17:00","53","주간","일","1","1","0","0","0","경북","영주시","차대사람","횡단중","횡단중","운전자법규위반","안전운전 의무 불이행","단일로","기타단일로","승용차","중형","보행자","보행자","1099653","1869044","128.61726702","36.81433942"
"2014","2014-09-30 08:00","15","주간","화","1","1","0","0","0","서울","동작구","차대차","정면충돌","정면충돌","운전자법규위반","중앙선 침범","단일로","기타단일로","이륜차","소형","화물차","소형","949842","1944776","126.9325338","37.50088752"
"2014","2014-09-29 19:00","55","야간","월","1","1","0","0","0","전남","영광군","차대차","정면충돌","정면충돌","운전자법규위반","중앙선 침범","단일로","기타단일로","원동기장치자전거","원동기장치자전거","승용차","중형","906721","1704028","126.47369557","35.32747614"
"2014","2014-09-30 07:00","35","주간","화","1","2","1","0","0","경기","안성시","차대차","측면직각충돌","측면직각충돌","운전자법규위반","중앙선 침범","단일로","기타단일로","승용차","중형","화물차","소형","981339","1893391","127.29016269","37.0388797"
"2014","2014-09-30 19:00","00","야간","화","1","1","0","0","0","전북","정읍시","차대사람","기타","기타","운전자법규위반","안전운전 의무 불이행","단일로","기타단일로","화물차","중형","보행자","보행자","942624","1734340","126.86655163","35.60348293"
"2014","2014-08-19 21:00","35","야간","화","1","1","0","0","0","경기","용인시","차대사람","횡단중","횡단중","운전자법규위반","안전운전 의무 불이행","단일로","기타단일로","승용차","중형","보행자","보행자","974502","1917715","127.21245452","37.25797757"
"2014","2014-09-21 21:00","40","야간","일","1","1","0","0","0","전남","보성군","차대차","추돌","진행중 추돌","운전자법규위반","안전운전 의무 불이행","단일로","기타단일로","승용차","소형","화물차","대형","960681","1644816","127.07017419","34.79713834"
"2014","2014-09-16 12:00","40","주간","화","1","1","0","0","0","경북","예천군","차량단독","도로이탈","도로이탈 추락","운전자법규위반","안전운전 의무 불이행","단일로","기타단일로","건설기계","건설기계","00","00","1093284","1852946","128.54390458","36.66989244"
"2014","2014-09-04 13:00","49","주간","목","1","1","0","0","0","경북","칠곡군","차대차","추돌","주정차중 추돌","운전자법규위반","안전운전 의무 불이행","단일로","기타단일로","화물차","중형","화물차","소형","1086234","1773104","128.45619184","35.95084571"
"2014","2014-09-20 21:00","37","야간","토","1","4","0","3","0","전북","고창군","차대차","추돌","진행중 추돌","운전자법규위반","안전운전 의무 불이행","단일로","기타단일로","승합차","대형","승용차","소형","917113","1708026","126.58761484","35.3644377"
"2014","2014-12-13 18:00","32","야간","토","1","1","0","0","0","전남","담양군","차대사람","기타","기타","운전자법규위반","안전운전 의무 불이행","단일로","기타단일로","화물차","경형","보행자","보행자","954031","1692655","126.99483482","35.22822767"
"2014","2014-10-22 11:00","35","주간","수","1","1","0","0","0","전남","영암군","차대차","기타","기타","운전자법규위반","안전운전 의무 불이행","교차로","교차로부근","화물차","소형","이륜차","소형","925076","1655080","126.68005848","34.88768949"
"2014","2014-10-23 00:00","50","야간","목","1","4","1","1","1","전북","순창군","차량단독","도로이탈","도로이탈 기타","운전자법규위반","안전운전 의무 불이행","단일로","기타단일로","승용차","중형","00","00","967316","1708328","127.14019904","35.37006946"
"2014","2014-10-31 05:00","07","야간","금","1","1","0","0","0","전북","전주시","차대사람","횡단중","횡단중","운전자법규위반","과속","교차로","교차로내","승용차","대형","보행자","보행자","966654","1754831","127.13099326","35.78933668"
"2014","2014-10-31 07:00","55","주간","금","1","18","6","7","4","경북","군위군","차대차","정면충돌","정면충돌","운전자법규위반","중앙선 침범","단일로","기타단일로","화물차","소형","승합차","대형","1106049","1798984","128.67934668","36.18217505"
"2014","2014-10-31 16:00","53","주간","금","1","1","0","0","0","세종","세종","차량단독","전도전복","전도전복","운전자법규위반","안전운전 의무 불이행","단일로","기타단일로","승용차","대형","00","00","977112","1829677","127.24454304","36.46442247"