"발생년","발생년월일시","발생분","주야","요일","사망자수","사상자수","중상자수","경상자수","부상신고자수","발생지시도","발생지시군구","사고유형_대분류","사고유형_중분류","사고유형","법규위반_대분류","법규위반","도로형태_대분류","도로형태","당사자종별_1당_대분류","당사자종별_1당","당사자종별_2당_대분류","당사자종별_2당","발생위치X_UTMK","발생위치Y_UTMK","경도","위도"
"2014","2014-10-27 17:00","40","주간","월","1","1","0","0","0","경북","문경시","차량단독","도로이탈","도로이탈 추락","운전자법규위반","안전운전 의무 불이행","단일로","기타단일로","승용차","경형","00","00","1067073","1842694","128.24971924","36.57968845"
"2014","2014-11-07 03:00","45","야간","금","1","2","1","0","0","경북","칠곡군","차량단독","공작물충돌","공작물충돌","운전자법규위반","안전운전 의무 불이행","단일로","기타단일로","승용차","경형","00","00","1094851","1778765","128.55240352","36.00107737"
"2014","2014-11-07 18:00","10","야간","금","1","1","0","0","0","경남","산청군","차대사람","길가장자리구역통행중","길가장자리구역통행중","운전자법규위반","안전운전 의무 불이행","단일로","기타단일로","승합차","소형","보행자","보행자","1030512","1721864","127.83639812","35.49218755"
"2014","2014-11-05 18:00","30","야간","수","1","1","0","0","0","경기","남양주시","차대사람","횡단중","횡단중","운전자법규위반","안전운전 의무 불이행","단일로","기타단일로","화물차","소형","보행자","보행자","974985","1955479","127.21662119","37.59838277"
"2014","2014-11-18 21:00","25","야간","화","1","1","0","0","0","대구","동구","차대사람","횡단중","횡단중","운전자법규위반","신호위반","단일로","횡단보도상","승합차","대형","보행자","보행자","1113511","1765140","128.75745414","35.87626871"
"2014","2014-11-19 06:00","55","주간","수","1","1","0","0","0","인천","강화군","차대사람","기타","기타","운전자법규위반","안전운전 의무 불이행","단일로","횡단보도상","화물차","소형","보행자","보행자","911128","1971801","126.49130298","37.7415235"
"2014","2014-11-17 14:00","15","주간","월","1","1","0","0","0","전북","부안군","차량단독","전도전복","전도전복","운전자법규위반","안전운전 의무 불이행","교차로","교차로내","이륜차","소형","00","00","933734","1748502","126.76724415","35.73060751"
"2014","2014-11-17 05:00","05","야간","월","1","1","0","0","0","전남","여수시","차대차","추돌","주정차중 추돌","운전자법규위반","안전운전 의무 불이행","단일로","기타단일로","승합차","소형","승합차","대형","1020950","1639211","127.72888279","34.7471376"
"2014","2014-11-15 19:00","15","야간","토","1","1","0","0","0","광주","북구","차대사람","횡단중","횡단중","운전자법규위반","안전운전 의무 불이행","단일로","기타단일로","승용차","중형","보행자","보행자","948493","1685852","126.93440418","35.16661775"
"2014","2014-05-03 02:00","35","야간","토","3","5","1","1","0","전북","정읍시","차대차","추돌","주정차중 추돌","운전자법규위반","안전운전 의무 불이행","단일로","기타단일로","승합차","소형","화물차","중형","945830","1737894","126.90170644","35.63570674"
"2014","2014-08-16 04:00","15","야간","토","1","1","0","0","0","경북","경주시","차대사람","횡단중","횡단중","운전자법규위반","안전운전 의무 불이행","단일로","기타단일로","화물차","중형","보행자","보행자","1155082","1762399","129.21727621","35.84586449"
"2014","2014-08-25 15:00","40","주간","월","1","1","0","0","0","경기","고양시","차대차","기타","기타","운전자법규위반","안전운전 의무 불이행","단일로","기타단일로","승합차","대형","자전거","자전거","934695","1965923","126.75929176","37.69053307"
"2014","2014-08-28 06:00","35","주간","목","1","3","0","1","1","경기","포천시","차량단독","공작물충돌","공작물충돌","운전자법규위반","안전운전 의무 불이행","단일로","기타단일로","승용차","소형","00","00","974551","2001936","127.21183032","38.03361637"
"2014","2014-08-27 14:00","40","주간","수","1","1","0","0","0","충남","홍성군","차량단독","기타","기타","운전자법규위반","안전운전 의무 불이행","단일로","기타단일로","이륜차","소형","00","00","927619","1847719","126.69048173","36.62459657"
"2014","2014-08-22 13:00","06","주간","금","1","1","0","0","0","전북","김제시","차대차","기타","기타","운전자법규위반","안전운전 의무 불이행","교차로","교차로내","화물차","소형","자전거","자전거","944141","1756468","126.88176052","35.80307287"
"2014","2014-08-22 21:00","40","야간","금","1","4","2","1","0","강원","양구군","차대차","정면충돌","정면충돌","운전자법규위반","중앙선 침범","단일로","기타단일로","농기계","농기계","승용차","중형","1054863","2030732","128.12723149","38.27530138"
"2014","2014-09-01 18:00","25","야간","월","1","1","0","0","0","대구","서구","차대사람","횡단중","횡단중","운전자법규위반","안전운전 의무 불이행","단일로","기타단일로","승용차","중형","보행자","보행자","1094074","1765171","128.54217354","35.87860908"
"2014","2014-09-01 17:00","25","주간","월","1","1","0","0","0","충북","옥천군","차대사람","횡단중","횡단중","운전자법규위반","신호위반","교차로","교차로내","농기계","농기계","보행자","보행자","1006832","1811183","127.57609086","36.29794141"
"2014","2014-08-30 11:00","00","주간","토","1","1","0","0","0","제주","제주시","차량단독","도로이탈","도로이탈 추락","운전자법규위반","안전운전 의무 불이행","교차로","교차로부근","농기계","농기계","00","00","890221","1490763","126.31947331","33.40291291"
"2014","2014-08-30 08:00","39","주간","토","1","1","0","0","0","충북","청주시","차대사람","기타","기타","운전자법규위반","안전운전 의무 불이행","단일로","기타단일로","승용차","소형","보행자","보행자","999337","1846806","127.49265248","36.61911571"
"2014","2014-09-06 10:00","55","주간","토","1","1","0","0","0","경남","거창군","차대차","기타","기타","운전자법규위반","중앙선 침범","단일로","기타단일로","이륜차","중형","화물차","중형","1037385","1750413","127.91420989","35.75069924"
"2014","2014-09-04 10:00","50","주간","목","1","1","0","0","0","강원","속초시","차대차","측면직각충돌","측면직각충돌","운전자법규위반","안전운전 의무 불이행","단일로","기타단일로","화물차","소형","자전거","자전거","1097061","2018632","128.60794784","38.16269946"
"2014","2014-09-03 14:00","30","주간","수","1","1","0","0","0","경남","진주시","차량단독","공작물충돌","공작물충돌","운전자법규위반","안전운전 의무 불이행","단일로","기타단일로","화물차","중형","00","00","1073074","1685312","128.30235654","35.16041183"
"2014","2014-09-04 18:00","10","야간","목","1","1","0","0","0","대구","달서구","차대차","추돌","진행중 추돌","운전자법규위반","안전운전 의무 불이행","교차로","교차로내","승용차","소형","이륜차","소형","1094534","1761268","128.546806","35.84338061"
"2014","2014-09-15 05:00","10","야간","월","1","1","0","0","0","경남","밀양시","차대사람","차도통행중","차도통행중","운전자법규위반","안전운전 의무 불이행","단일로","기타단일로","화물차","소형","보행자","보행자","1116174","1713545","128.77951023","35.41086803"
"2014","2014-09-13 17:00","37","주간","토","1","1","0","0","0","인천","강화군","차대차","정면충돌","정면충돌","운전자법규위반","안전운전 의무 불이행","교차로","교차로내","승용차","경형","이륜차","소형","908382","1959594","126.46167542","37.63124447"
"2014","2014-09-11 08:00","48","주간","목","1","1","0","0","0","충남","부여군","차대차","측면직각충돌","측면직각충돌","운전자법규위반","신호위반","교차로","교차로내","이륜차","소형","승합차","대형","956734","1804878","127.01848496","36.24015367"
"2014","2014-09-12 20:00","25","야간","금","1","2","1","0","0","전남","영암군","차대차","정면충돌","정면충돌","운전자법규위반","중앙선 침범","단일로","기타단일로","화물차","소형","화물차","소형","919446","1649229","126.61901475","34.83450233"
"2014","2014-09-20 04:00","15","야간","토","1","1","0","0","0","경기","성남시","차대사람","차도통행중","차도통행중","운전자법규위반","안전운전 의무 불이행","기타/불명","기타/불명","승용차","대형","보행자","보행자","967177","1937014","127.12899572","37.43170383"
"2014","2014-09-19 23:00","25","야간","금","1","1","0","0","0","경기","화성시","차대사람","보도통행중","보도통행중","운전자법규위반","보행자 보호의무 위반","단일로","기타단일로","승용차","중형","보행자","보행자","934876","1911299","126.76616898","37.19821954"
"2014","2014-09-19 19:00","00","야간","금","1","1","0","0","0","충북","증평군","차대차","측면직각충돌","측면직각충돌","운전자법규위반","안전운전 의무 불이행","단일로","기타단일로","승용차","중형","자전거","자전거","1006245","1865647","127.56999443","36.78894469"
"2014","2014-09-20 19:00","08","야간","토","1","4","3","0","0","전남","영암군","차대차","측면직각충돌","측면직각충돌","운전자법규위반","직진 및 우회전차의 통행방해","교차로","교차로내","화물차","소형","승용차","대형","926384","1648497","126.69495004","34.82842786"
"2014","2014-09-17 18:00","30","야간","수","1","1","0","0","0","부산","사상구","차대차","기타","기타","운전자법규위반","안전운전 의무 불이행","단일로","기타단일로","이륜차","중형","승합차","대형","1134272","1685725","128.97422832","35.15782234"
"2014","2014-09-15 20:00","40","야간","월","1","2","0","1","0","서울","동대문구","차대사람","횡단중","횡단중","운전자법규위반","안전운전 의무 불이행","단일로","기타단일로","이륜차","중형","보행자","보행자","960147","1954204","127.04860436","37.58636761"
"2014","2014-09-17 14:00","44","주간","수","1","2","1","0","0","경기","고양시","차대차","추돌","진행중 추돌","운전자법규위반","안전운전 의무 불이행","단일로","기타단일로","화물차","소형","화물차","대형","943322","1955514","126.85794364","37.59729203"
"2014","2014-09-17 22:00","00","야간","수","1","1","0","0","0","서울","마포구","차대사람","횡단중","횡단중","운전자법규위반","안전운전 의무 불이행","단일로","기타단일로","승합차","중형","보행자","보행자","950014","1950596","126.9340835","37.55335359"
"2014","2014-08-19 23:00","05","야간","화","1","1","0","0","0","경북","경주시","차대사람","기타","기타","운전자법규위반","안전운전 의무 불이행","단일로","횡단보도상","승용차","중형","보행자","보행자","1155090","1762391","129.21736321","35.84579112"
"2014","2014-08-16 20:00","00","야간","토","1","1","0","0","0","경기","화성시","차대사람","횡단중","횡단중","운전자법규위반","안전운전 의무 불이행","단일로","기타단일로","화물차","소형","보행자","보행자","943117","1918988","126.85843763","37.26806321"
"2014","2014-08-16 20:00","05","야간","토","1","1","0","0","0","경기","양주시","차대차","기타","기타","운전자법규위반","안전운전 의무 불이행","단일로","기타단일로","승합차","소형","자전거","자전거","955475","1980898","126.99257438","37.8240361"
"2014","2014-08-23 06:00","10","주간","토","1","1","0","0","0","부산","사하구","차대사람","횡단중","횡단중","운전자법규위반","안전운전 의무 불이행","단일로","횡단보도상","화물차","소형","보행자","보행자","1134591","1679370","128.97669502","35.10049416"
"2014","2014-08-24 06:00","55","주간","일","1","2","1","0","0","충북","영동군","차대차","기타","기타","운전자법규위반","안전운전 의무 불이행","교차로","교차로내","승용차","경형","승용차","소형","1020694","1800724","127.72834285","36.20354416"
"2014","2014-08-22 12:00","20","주간","금","1","1","0","0","0","충북","옥천군","차대사람","기타","기타","운전자법규위반","안전운전 의무 불이행","단일로","기타단일로","승용차","중형","보행자","보행자","1001795","1815460","127.52000153","36.3365231"
"2014","2014-08-29 05:00","30","야간","금","1","1","0","0","0","광주","남구","차대차","기타","기타","운전자법규위반","안전운전 의무 불이행","교차로","교차로내","자전거","자전거","승합차","대형","942987","1679944","126.87435386","35.11304976"
"2014","2014-09-07 19:00","10","야간","일","1","1","0","0","0","충북","충주시","차대사람","기타","기타","운전자법규위반","안전운전 의무 불이행","단일로","기타단일로","승합차","소형","보행자","보행자","1038276","1895591","127.93050985","37.05811567"
"2014","2014-08-17 00:00","50","야간","일","1","1","0","0","0","대전","동구","차량단독","기타","기타","운전자법규위반","안전운전 의무 불이행","교차로","교차로부근","원동기장치자전거","원동기장치자전거","00","00","996250","1811331","127.45823395","36.29929262"
"2014","2014-08-28 00:00","40","야간","목","1","1","0","0","0","경기","양주시","차량단독","공작물충돌","공작물충돌","운전자법규위반","안전운전 의무 불이행","교차로","교차로부근","승용차","중형","00","00","960771","1983091","127.05411425","37.84675476"
"2014","2014-08-28 05:00","30","야간","목","1","1","0","0","0","경남","창원시(통합)","차대사람","기타","기타","운전자법규위반","안전운전 의무 불이행","단일로","기타단일로","승용차","중형","보행자","보행자","1107757","1685401","128.68312879","35.15809397"
"2014","2014-08-27 10:00","00","주간","수","1","2","0","1","0","경기","고양시","차대차","추돌","진행중 추돌","운전자법규위반","안전운전 의무 불이행","단일로","기타단일로","승합차","소형","화물차","대형","938072","1957834","126.7982784","37.61786328"
"2014","2014-08-27 10:00","58","주간","수","1","1","0","0","0","경북","봉화군","차대사람","기타","기타","운전자법규위반","안전운전 의무 불이행","단일로","기타단일로","승용차","중형","보행자","보행자","1109988","1877684","128.73436695","36.89106294"
"2014","2014-08-27 09:00","45","주간","수","1","1","0","0","0","충남","보령시","차량단독","공작물충돌","공작물충돌","운전자법규위반","안전운전 의무 불이행","단일로","기타단일로","승용차","중형","00","00","922227","1823021","126.63267088","36.40154062"
"2014","2014-08-24 13:00","50","주간","일","1","1","0","0","0","충북","충주시","차량단독","도로이탈","도로이탈 기타","운전자법규위반","안전운전 의무 불이행","단일로","기타단일로","원동기장치자전거","원동기장치자전거","00","00","1021883","1907525","127.74647989","37.16621666"
"2014","2014-08-23 06:00","58","주간","토","1","1","0","0","0","경기","안양시","차대사람","횡단중","횡단중","운전자법규위반","안전운전 의무 불이행","단일로","기타단일로","승용차","경형","보행자","보행자","951129","1930520","126.94803824","37.37246235"
"2014","2014-08-31 20:00","40","야간","일","1","1","0","0","0","부산","진구","차대사람","기타","기타","운전자법규위반","안전운전 의무 불이행","단일로","기타단일로","자전거","자전거","보행자","보행자","1141689","1686587","129.05578463","35.16457415"
"2014","2014-09-02 14:00","15","주간","화","1","1","0","0","0","충북","보은군","차대차","측면직각충돌","측면직각충돌","운전자법규위반","차로위반(진로변경 위반)","교차로","교차로내","원동기장치자전거","원동기장치자전거","화물차","소형","1021142","1826781","127.73589064","36.43835461"
"2014","2014-09-08 12:00","25","주간","월","1","1","0","0","0","인천","서구","차대차","측면직각충돌","측면직각충돌","운전자법규위반","신호위반","교차로","교차로내","승용차","중형","자전거","자전거","923805","1944773","126.67011212","37.48622085"
"2014","2014-09-08 21:00","30","야간","월","2","6","2","2","0","강원","강릉시","차대차","측면직각충돌","측면직각충돌","운전자법규위반","안전운전 의무 불이행","교차로","교차로내","불명","불명","승용차","중형","1117217","1986588","128.83273541","37.87157389"
"2014","2014-09-07 21:00","27","야간","일","1","1","0","0","0","광주","광산구","차대차","측면직각충돌","측면직각충돌","운전자법규위반","신호위반","교차로","교차로부근","이륜차","소형","승용차","대형","938490","1688586","126.82436402","35.19070638"
"2014","2014-09-07 14:00","40","주간","일","1","1","0","0","0","충북","청주시","차량단독","공작물충돌","공작물충돌","운전자법규위반","안전운전 의무 불이행","단일로","기타단일로","승용차","소형","00","00","987974","1850625","127.36544823","36.65346816"
"2014","2014-09-03 13:00","50","주간","수","1","1","0","0","0","충남","논산시","차대차","측면직각충돌","측면직각충돌","운전자법규위반","과속","교차로","교차로내","건설기계","건설기계","원동기장치자전거","원동기장치자전거","971412","1804076","127.18186549","36.23346922"
"2014","2014-09-04 18:00","50","야간","목","1","1","0","0","0","서울","도봉구","차대차","기타","기타","운전자법규위반","안전운전 의무 불이행","단일로","기타단일로","불명","불명","자전거","자전거","959776","1960810","127.04403891","37.64589269"
"2014","2014-09-16 11:00","05","주간","화","1","1","0","0","0","경기","가평군","차대사람","기타","기타","운전자법규위반","보행자 보호의무 위반","교차로","교차로부근","건설기계","건설기계","보행자","보행자","1001163","1981246","127.51321614","37.83096889"
"2014","2014-09-16 00:00","30","야간","화","1","1","0","0","0","제주","제주시","차량단독","공작물충돌","공작물충돌","운전자법규위반","안전운전 의무 불이행","단일로","기타단일로","원동기장치자전거","원동기장치자전거","00","00","911832","1496117","126.55131449","33.45319144"
"2014","2014-09-12 21:00","15","야간","금","1","1","0","0","0","부산","사상구","차대사람","횡단중","횡단중","운전자법규위반","안전운전 의무 불이행","단일로","기타단일로","화물차","소형","보행자","보행자","1135562","1686988","128.98859501","35.16903405"
"2014","2014-09-10 09:00","30","주간","수","1","1","0","0","0","전남","고흥군","차대사람","기타","기타","운전자법규위반","안전운전 의무 불이행","단일로","기타단일로","화물차","소형","보행자","보행자","990387","1618124","127.39521539","34.55714603"
"2014","2014-09-30 10:00","50","주간","화","1","1","0","0","0","울산","울주군","차대사람","기타","기타","운전자법규위반","안전운전 의무 불이행","교차로","교차로내","화물차","소형","보행자","보행자","1163786","1723454","129.30569256","35.493479"
"2014","2014-09-30 18:00","30","야간","화","1","2","1","0","0","충남","논산시","차대차","측면직각충돌","측면직각충돌","운전자법규위반","교차로 통행방법 위반","교차로","교차로내","화물차","소형","승용차","중형","962186","1802136","127.07929209","36.21566238"
"2014","2014-09-28 17:00","00","주간","일","1","2","0","1","0","강원","홍천군","차대차","정면충돌","정면충돌","운전자법규위반","중앙선 침범","단일로","기타단일로","이륜차","대형","승합차","대형","1048020","1972166","128.04503289","37.74784236"
"2014","2014-09-29 07:00","10","주간","월","1","1","0","0","0","전북","익산시","차대차","측면직각충돌","측면직각충돌","운전자법규위반","안전운전 의무 불이행","단일로","기타단일로","화물차","소형","이륜차","소형","948823","1783166","126.93087289","36.04681729"
"2014","2014-09-27 21:00","20","야간","토","1","1","0","0","0","충남","아산시","차대사람","기타","기타","운전자법규위반","안전운전 의무 불이행","단일로","기타단일로","승용차","소형","보행자","보행자","948123","1862809","126.91876527","36.76196167"
"2014","2014-09-28 18:00","50","야간","일","1","1","0","0","0","전북","김제시","차대차","측면직각충돌","측면직각충돌","운전자법규위반","중앙선 침범","단일로","기타단일로","특수차","대형","화물차","소형","953974","1764739","126.99010949","35.87815314"
"2014","2014-09-15 18:00","44","야간","월","1","1","0","0","0","경기","가평군","차대차","정면충돌","정면충돌","운전자법규위반","중앙선 침범","단일로","기타단일로","원동기장치자전거","원동기장치자전거","승용차","경형","988016","1987105","127.36371879","37.88369862"
"2014","2014-09-25 14:00","10","주간","목","1","2","1","0","0","제주","제주시","차대차","기타","기타","운전자법규위반","안전운전 의무 불이행","단일로","기타단일로","승용차","경형","승용차","중형","877395","1484222","126.18246659","33.34254105"
"2014","2014-09-26 09:00","50","주간","금","1","1","0","0","0","경남","진주시","차대사람","횡단중","횡단중","운전자법규위반","안전운전 의무 불이행","교차로","교차로내","화물차","소형","보행자","보행자","1060821","1696500","128.1686535","35.26210486"
"2014","2014-09-27 05:00","55","야간","토","1","1","0","0","0","전남","장흥군","차대차","추돌","진행중 추돌","운전자법규위반","안전운전 의무 불이행","단일로","기타단일로","승용차","소형","이륜차","소형","945458","1632005","126.90459618","34.68091574"
"2014","2014-09-26 20:00","45","야간","금","1","1","0","0","0","경남","창원시(통합)","차대사람","횡단중","횡단중","운전자법규위반","안전운전 의무 불이행","단일로","기타단일로","승용차","중형","보행자","보행자","1098885","1691220","128.5864321","35.21146746"
"2014","2014-08-21 09:00","25","주간","목","1","1","0","0","0","경남","진주시","차대차","추돌","진행중 추돌","운전자법규위반","안전운전 의무 불이행","단일로","기타단일로","화물차","소형","이륜차","사발이","1038836","1688754","127.92659688","35.19335457"
"2014","2014-08-16 14:00","25","주간","토","1","1","0","0","0","서울","강북구","차대사람","횡단중","횡단중","운전자법규위반","보행자 보호의무 위반","교차로","교차로내","건설기계","건설기계","보행자","보행자","959553","1959137","127.04158149","37.63056312"
"2014","2014-08-18 09:00","30","주간","월","1","1","0","0","0","충북","음성군","차대차","측면직각충돌","측면직각충돌","운전자법규위반","신호위반","교차로","교차로내","이륜차","소형","화물차","소형","998469","1886063","127.4827992","36.97300633"
"2014","2014-08-16 22:00","48","야간","토","1","2","1","0","0","부산","사하구","차대사람","기타","기타","운전자법규위반","안전운전 의무 불이행","교차로","교차로내","이륜차","소형","보행자","보행자","1132979","1680436","128.96019392","35.11336193"
"2014","2014-08-27 18:00","55","야간","수","1","1","0","0","0","전남","신안군","차량단독","공작물충돌","공작물충돌","운전자법규위반","안전운전 의무 불이행","교차로","교차로내","이륜차","중형","00","00","872928","1677865","126.10600996","35.0879038"
"2014","2014-12-03 23:00","40","야간","수","1","3","2","0","0","전남","신안군","차대차","기타","기타","운전자법규위반","중앙선 침범","단일로","기타단일로","승용차","중형","농기계","농기계","856748","1636480","125.93566107","34.71268087"
"2014","2014-12-12 17:00","52","주간","금","1","1","0","0","0","강원","철원군","차량단독","전도전복","전도전복","운전자법규위반","안전운전 의무 불이행","단일로","기타단일로","승용차","중형","00","00","992144","2027619","127.41021692","38.24888766"
"2014","2014-12-12 18:00","35","야간","금","1","2","1","0","0","전북","군산시","차대사람","횡단중","횡단중","운전자법규위반","안전운전 의무 불이행","교차로","교차로부근","승용차","중형","보행자","보행자","931277","1775336","126.73776532","35.97235743"
"2014","2014-12-12 19:00","00","야간","금","1","1","0","0","0","서울","마포구","차대사람","횡단중","횡단중","운전자법규위반","안전운전 의무 불이행","단일로","기타단일로","승용차","중형","보행자","보행자","951969","1949270","126.95630291","37.54150611"
"2014","2014-12-10 08:00","45","주간","수","1","1","0","0","0","경남","창녕군","차량단독","공작물충돌","공작물충돌","운전자법규위반","안전운전 의무 불이행","단일로","기타단일로","승용차","중형","00","00","1091124","1728381","128.50532313","35.54722712"
"2014","2014-12-11 15:00","31","주간","목","1","1","0","0","0","전남","여수시","차량단독","전도전복","전도전복","운전자법규위반","안전운전 의무 불이행","교차로","교차로부근","건설기계","건설기계","00","00","1020995","1655219","127.72977489","34.89149102"
"2014","2014-05-24 02:00","25","야간","토","1","2","0","1","0","경북","구미시","차대차","추돌","진행중 추돌","운전자법규위반","안전거리 미확보","단일로","기타단일로","승용차","중형","화물차","대형","1068522","1802175","128.26233873","36.21432531"
"2014","2014-11-04 16:00","44","주간","화","1","1","0","0","0","서울","동대문구","차대사람","횡단중","횡단중","운전자법규위반","안전운전 의무 불이행","단일로","기타단일로","승용차","경형","보행자","보행자","962427","1951946","127.07454396","37.56611151"
"2014","2014-11-04 12:00","00","주간","화","1","1","0","0","0","경남","밀양시","차량단독","공작물충돌","공작물충돌","운전자법규위반","안전운전 의무 불이행","단일로","기타단일로","승용차","소형","00","00","1121886","1715233","128.84265812","35.42540146"
"2014","2014-11-04 13:00","40","주간","화","1","2","0","0","1","경기","수원시","차대차","측면직각충돌","측면직각충돌","운전자법규위반","중앙선 침범","교차로","교차로내","승용차","중형","화물차","소형","956388","1920868","127.00800026","37.28572541"
"2014","2014-11-04 18:00","25","야간","화","1","1","0","0","0","울산","울주군","차대차","기타","기타","운전자법규위반","안전운전 의무 불이행","단일로","기타단일로","이륜차","중형","화물차","소형","1163062","1708532","129.29472747","35.35911571"
"2014","2014-11-04 17:00","30","주간","화","1","1","0","0","0","경남","거제시","차대사람","길가장자리구역통행중","길가장자리구역통행중","운전자법규위반","안전운전 의무 불이행","단일로","기타단일로","승용차","대형","보행자","보행자","1107753","1667081","128.68070302","34.99293218"
"2014","2014-11-03 18:00","35","야간","월","1","1","0","0","0","경기","성남시","차대사람","기타","기타","운전자법규위반","안전운전 의무 불이행","단일로","기타단일로","승용차","중형","보행자","보행자","966002","1927865","127.11613547","37.34919569"
"2014","2014-11-04 05:00","36","야간","화","1","1","0","0","0","경기","평택시","차대차","기타","기타","운전자법규위반","안전운전 의무 불이행","교차로","교차로내","화물차","소형","승용차","소형","946932","1881301","126.90412977","36.9285859"
"2014","2014-11-04 21:00","40","야간","화","1","1","0","0","0","대전","서구","차량단독","공작물충돌","공작물충돌","운전자법규위반","안전운전 의무 불이행","단일로","기타단일로","승용차","중형","00","00","988366","1812504","127.37040765","36.30980484"
"2014","2014-11-04 20:00","08","야간","화","1","1","0","0","0","경기","안양시","차대사람","횡단중","횡단중","운전자법규위반","안전운전 의무 불이행","단일로","횡단보도상","승합차","대형","보행자","보행자","947124","1934304","126.90253628","37.4063491"
"2014","2014-11-04 21:00","30","야간","화","1","1","0","0","0","충남","서산시","차대사람","기타","기타","운전자법규위반","안전운전 의무 불이행","교차로","교차로부근","화물차","중형","보행자","보행자","902594","1865976","126.40831377","36.78692127"
"2014","2014-11-03 14:00","10","주간","월","1","2","1","0","0","경북","안동시","차대차","기타","기타","운전자법규위반","안전운전 의무 불이행","교차로","교차로내","승용차","중형","원동기장치자전거","원동기장치자전거","1095878","1842986","128.57168481","36.57986085"
"2014","2014-11-13 09:00","50","주간","목","1","2","1","0","0","경남","하동군","차대차","측면직각충돌","측면직각충돌","운전자법규위반","교차로 통행방법 위반","교차로","교차로내","승용차","소형","승용차","소형","1036697","1670946","127.90231137","35.03285944"
"2014","2014-11-12 18:00","00","야간","수","1","1","0","0","0","경북","칠곡군","차대차","추돌","주정차중 추돌","운전자법규위반","안전운전 의무 불이행","단일로","기타단일로","이륜차","소형","화물차","중형","1081616","1781174","128.40299503","36.02028131"
"2014","2014-10-10 07:00","08","주간","금","1","1","0","0","0","경남","함양군","차량단독","공작물충돌","공작물충돌","운전자법규위반","안전운전 의무 불이행","교차로","교차로내","승용차","중형","00","00","1028752","1722906","127.81703112","35.50163535"
"2014","2014-10-09 16:00","25","주간","목","1","1","0","0","0","서울","성북구","차대차","추돌","진행중 추돌","운전자법규위반","안전운전 의무 불이행","교차로","교차로부근","이륜차","중형","화물차","소형","961365","1956951","127.06225465","37.61117896"
"2014","2014-10-09 06:00","30","주간","목","1","2","1","0","0","강원","삼척시","차량단독","공작물충돌","공작물충돌","운전자법규위반","안전운전 의무 불이행","단일로","기타단일로","승용차","중형","00","00","1144692","1939348","129.13564839","37.44200463"
"2014","2014-10-07 05:00","40","야간","화","1","2","1","0","0","전남","무안군","차대차","측면직각충돌","측면직각충돌","운전자법규위반","교차로 통행방법 위반","교차로","교차로내","승용차","대형","원동기장치자전거","원동기장치자전거","907416","1650997","126.48726947","34.84941921"
"2014","2014-10-06 20:00","40","야간","월","1","2","1","0","0","서울","영등포구","차대사람","기타","기타","운전자법규위반","안전운전 의무 불이행","단일로","기타단일로","이륜차","중형","보행자","보행자","949017","1947230","126.92303029","37.52296069"
"2014","2014-10-16 05:00","00","야간","목","1","2","0","1","0","경북","경주시","차대차","기타","기타","운전자법규위반","중앙선 침범","단일로","기타단일로","승용차","중형","화물차","대형","1140785","1765264","129.05952172","35.8738442"
"2014","2014-10-14 16:00","10","주간","화","1","1","0","0","0","경북","포항시","차량단독","도로이탈","도로이탈 추락","운전자법규위반","안전운전 의무 불이행","단일로","기타단일로","승용차","소형","00","00","1184079","1778051","129.54182393","35.98187804"
"2014","2014-10-13 08:00","50","주간","월","1","1","0","0","0","부산","북구","차대차","기타","기타","운전자법규위반","안전운전 의무 불이행","단일로","기타단일로","승용차","중형","화물차","소형","1135591","1690369","128.98946945","35.19950685"
"2014","2014-10-13 18:00","35","야간","월","1","1","0","0","0","전남","진도군","차대사람","횡단중","횡단중","운전자법규위반","안전운전 의무 불이행","교차로","교차로내","화물차","소형","보행자","보행자","888132","1605917","126.28232733","34.44104257"
"2014","2014-10-10 20:00","19","야간","금","1","1","0","0","0","경남","함안군","차대사람","횡단중","횡단중","운전자법규위반","안전운전 의무 불이행","단일로","횡단보도부근","특수차","중형","보행자","보행자","1076179","1700305","128.337835","35.2953602"
"2014","2014-10-19 14:00","40","주간","일","1","7","4","2","0","경남","함안군","차대차","정면충돌","정면충돌","운전자법규위반","중앙선 침범","단일로","기타단일로","승용차","경형","승용차","중형","1072981","1699536","128.30259732","35.28866532"
"2014","2014-10-18 05:00","32","야간","토","1","1","0","0","0","인천","서구","차대차","기타","기타","운전자법규위반","신호위반","단일로","횡단보도상","승용차","소형","불명","불명","924243","1957441","126.64163392","37.61328556"
"2014","2014-10-17 20:00","00","야간","금","1","2","0","1","0","울산","남구","차대차","측면직각충돌","측면직각충돌","운전자법규위반","신호위반","교차로","교차로내","승용차","대형","승합차","소형","1164032","1724538","129.30862246","35.50320761"
"2014","2014-10-17 11:00","00","주간","금","1","1","0","0","0","충남","천안시","차대사람","기타","기타","운전자법규위반","안전운전 의무 불이행","교차로","교차로부근","승용차","중형","보행자","보행자","977783","1878763","127.25060746","36.90693982"
"2014","2014-10-25 04:00","49","야간","토","1","1","0","0","0","경기","평택시","차량단독","공작물충돌","공작물충돌","운전자법규위반","안전운전 의무 불이행","교차로","교차로부근","원동기장치자전거","원동기장치자전거","00","00","961332","1895850","127.06506792","37.06043423"