"발생년","발생년월일시","발생분","주야","요일","사망자수","사상자수","중상자수","경상자수","부상신고자수","발생지시도","발생지시군구","사고유형_대분류","사고유형_중분류","사고유형","법규위반_대분류","법규위반","도로형태_대분류","도로형태","당사자종별_1당_대분류","당사자종별_1당","당사자종별_2당_대분류","당사자종별_2당","발생위치X_UTMK","발생위치Y_UTMK","경도","위도"
"2014","2014-11-10 18:00","20","야간","월","1","2","1","0","0","경북","포항시","차대차","추돌","진행중 추돌","운전자법규위반","안전운전 의무 불이행","단일로","기타단일로","승용차","중형","농기계","농기계","1179392","1777870","129.48982281","35.98112048"
"2014","2014-11-10 14:00","50","주간","월","1","2","1","0","0","대구","동구","차대차","기타","기타","운전자법규위반","안전운전 의무 불이행","단일로","기타단일로","승용차","중형","화물차","중형","1105694","1765497","128.67092304","35.880362"
"2014","2014-11-09 07:00","50","주간","일","1","1","0","0","0","충남","보령시","차량단독","공작물충돌","공작물충돌","운전자법규위반","안전운전 의무 불이행","단일로","기타단일로","이륜차","소형","00","00","918746","1815522","126.59463841","36.33365447"
"2014","2014-11-18 20:00","50","야간","화","1","1","0","0","0","경기","포천시","차대사람","차도통행중","차도통행중","운전자법규위반","안전운전 의무 불이행","단일로","기타단일로","건설기계","건설기계","보행자","보행자","974227","1984924","127.20699051","37.86375537"
"2014","2014-10-07 18:00","45","야간","화","1","1","0","0","0","경북","경주시","차대차","기타","기타","운전자법규위반","안전운전 의무 불이행","교차로","교차로내","승용차","중형","자전거","자전거","1154575","1762545","129.21169256","35.84726035"
"2014","2014-10-08 18:00","40","야간","수","1","1","0","0","0","경남","밀양시","차대차","정면충돌","정면충돌","운전자법규위반","중앙선 침범","단일로","기타단일로","화물차","소형","이륜차","소형","1104317","1717610","128.64946576","35.44882668"
"2014","2014-10-09 02:00","55","야간","목","1","1","0","0","0","서울","강동구","차대사람","기타","기타","운전자법규위반","안전운전 의무 불이행","교차로","교차로부근","승용차","중형","보행자","보행자","967798","1948788","127.13549965","37.53785068"
"2014","2014-10-15 05:00","40","야간","수","1","1","0","0","0","부산","북구","차대사람","횡단중","횡단중","운전자법규위반","안전운전 의무 불이행","단일로","기타단일로","승용차","중형","보행자","보행자","1137370","1691347","129.00916892","35.20808062"
"2014","2014-10-14 21:00","50","야간","화","1","1","0","0","0","경기","화성시","차대차","기타","기타","운전자법규위반","신호위반","교차로","교차로내","자전거","자전거","승용차","중형","960534","1913143","127.05518068","37.21627917"
"2014","2014-10-10 23:00","10","야간","금","1","1","0","0","0","부산","수영구","차대사람","기타","기타","운전자법규위반","안전운전 의무 불이행","단일로","기타단일로","승용차","중형","보행자","보행자","1147634","1686012","129.12090902","35.15879737"
"2014","2014-10-13 16:00","40","주간","월","1","1","0","0","0","인천","남구","차대사람","횡단중","횡단중","운전자법규위반","보행자 보호의무 위반","교차로","교차로내","화물차","소형","보행자","보행자","924202","1939960","126.64297436","37.45573291"
"2014","2014-10-13 04:00","46","야간","월","1","1","0","0","0","서울","종로구","차대사람","횡단중","횡단중","운전자법규위반","신호위반","단일로","횡단보도상","화물차","중형","보행자","보행자","952231","1956520","126.95879585","37.60686507"
"2014","2014-10-20 07:00","00","주간","월","1","2","1","0","0","강원","원주시","차량단독","공작물충돌","공작물충돌","운전자법규위반","안전운전 의무 불이행","단일로","교량위","승용차","중형","00","00","1025121","1920752","127.78339662","37.28536304"
"2014","2014-10-18 17:00","00","주간","토","1","1","0","0","0","대전","중구","차량단독","기타","기타","운전자법규위반","안전운전 의무 불이행","단일로","기타단일로","원동기장치자전거","원동기장치자전거","00","00","991645","1815368","127.40690202","36.33565909"
"2014","2014-10-17 09:00","00","주간","금","1","1","0","0","0","충남","청양군","차대차","추돌","진행중 추돌","운전자법규위반","직진 및 우회전차의 통행방해","교차로","교차로내","화물차","소형","이륜차","소형","936228","1827120","126.78846176","36.43952335"
"2014","2014-10-17 16:00","10","주간","금","1","2","0","1","0","충남","천안시","차대차","기타","기타","운전자법규위반","신호위반","교차로","교차로내","승용차","경형","승용차","중형","967033","1863837","127.13058508","36.77207503"
"2014","2014-10-16 14:00","30","주간","목","2","7","0","5","0","충북","충주시","차대차","추돌","진행중 추돌","운전자법규위반","안전운전 의무 불이행","교차로","교차로부근","승용차","중형","화물차","소형","1037094","1888979","127.91688975","36.99856163"
"2014","2014-10-24 23:00","00","야간","금","1","1","0","0","0","경기","고양시","차대사람","기타","기타","운전자법규위반","안전운전 의무 불이행","단일로","기타단일로","자전거","자전거","보행자","보행자","941288","1957551","126.83474011","37.6155237"
"2014","2014-09-01 09:00","16","주간","월","1","4","1","2","0","서울","구로구","차대차","기타","기타","운전자법규위반","안전운전 의무 불이행","단일로","기타단일로","화물차","소형","승용차","중형","945186","1946175","126.87975619","37.51323211"
"2014","2014-08-31 19:00","55","야간","일","1","1","0","0","0","충남","당진시","차대사람","횡단중","횡단중","운전자법규위반","안전운전 의무 불이행","교차로","교차로부근","승합차","소형","보행자","보행자","917063","1889398","126.56812701","36.99945769"
"2014","2014-09-02 19:00","30","야간","화","1","1","0","0","0","경남","함안군","차대사람","횡단중","횡단중","운전자법규위반","안전운전 의무 불이행","단일로","기타단일로","승용차","중형","보행자","보행자","1082668","1698433","128.40900621","35.27796708"
"2014","2014-09-01 06:00","00","주간","월","1","1","0","0","0","충남","아산시","차량단독","공작물충돌","공작물충돌","운전자법규위반","안전운전 의무 불이행","기타/불명","기타/불명","승용차","중형","00","00","961273","1865486","127.06595858","36.78672203"
"2014","2014-09-02 19:00","40","야간","화","1","1","0","0","0","대구","중구","차대차","측면직각충돌","측면직각충돌","운전자법규위반","안전운전 의무 불이행","교차로","교차로부근","화물차","소형","자전거","자전거","1097350","1764956","128.57843388","35.87635062"
"2014","2014-08-29 21:00","00","야간","금","1","4","3","0","0","전남","순천시","차대차","측면직각충돌","측면직각충돌","운전자법규위반","안전운전 의무 불이행","교차로","교차로내","승용차","대형","이륜차","소형","998432","1664110","127.48282262","34.97188193"
"2014","2014-08-29 14:00","40","주간","금","1","1","0","0","0","강원","원주시","차대사람","길가장자리구역통행중","길가장자리구역통행중","운전자법규위반","안전운전 의무 불이행","단일로","기타단일로","승용차","중형","보행자","보행자","1034926","1930297","127.89452326","37.37124899"
"2014","2014-08-31 00:00","35","야간","일","1","1","0","0","0","충남","논산시","차량단독","전도전복","전도전복","운전자법규위반","안전운전 의무 불이행","단일로","기타단일로","이륜차","대형","00","00","961675","1802267","127.07360058","36.21682327"
"2014","2014-01-08 01:00","27","야간","수","1","1","0","0","0","서울","양천구","차대사람","차도통행중","차도통행중","운전자법규위반","안전운전 의무 불이행","고가도로위","고가도로위","화물차","소형","보행자","보행자","940923","1947498","126.83141504","37.5248932"
"2014","2014-05-02 03:00","03","야간","금","1","3","2","0","0","충남","청양군","차대사람","기타","기타","운전자법규위반","안전운전 의무 불이행","단일로","기타단일로","승용차","중형","보행자","보행자","955022","1823182","126.99837606","36.40508808"
"2014","2014-11-13 03:00","17","야간","목","1","1","0","0","0","경북","김천시","차대사람","기타","기타","운전자법규위반","안전운전 의무 불이행","단일로","기타단일로","승용차","대형","보행자","보행자","1067974","1796213","128.25572591","36.16061731"
"2014","2014-11-12 14:00","50","주간","수","1","1","0","0","0","강원","영월군","차대사람","기타","기타","운전자법규위반","안전운전 의무 불이행","단일로","기타단일로","승용차","대형","보행자","보행자","1089520","1909831","128.50852076","37.18296724"
"2014","2014-11-13 18:00","00","야간","목","1","1","0","0","0","강원","횡성군","차량단독","전도전복","전도전복","운전자법규위반","안전운전 의무 불이행","단일로","기타단일로","건설기계","건설기계","00","00","1060194","1947370","128.18121495","37.5236673"
"2014","2014-11-12 07:00","28","주간","수","1","1","0","0","0","전남","순천시","차대사람","횡단중","횡단중","운전자법규위반","보행자 보호의무 위반","단일로","횡단보도상","승용차","소형","보행자","보행자","998500","1663392","127.48356885","34.96540748"
"2014","2014-11-14 13:00","40","주간","금","1","1","0","0","0","대구","달성군","차대차","추돌","진행중 추돌","운전자법규위반","안전운전 의무 불이행","단일로","기타단일로","화물차","중형","원동기장치자전거","원동기장치자전거","1086164","1739877","128.45168178","35.65139314"
"2014","2014-01-06 19:00","20","야간","월","1","1","0","0","0","서울","구로구","차대사람","횡단중","횡단중","운전자법규위반","안전운전 의무 불이행","단일로","기타단일로","승합차","대형","보행자","보행자","947099","1942817","126.90170738","37.48323741"
"2014","2014-01-05 16:00","45","주간","일","1","1","0","0","0","전남","해남군","차량단독","기타","기타","운전자법규위반","안전운전 의무 불이행","단일로","기타단일로","농기계","농기계","00","00","926523","1632167","126.69789513","34.68119164"
"2014","2014-01-03 06:00","32","주간","금","1","1","0","0","0","대구","달서구","차대사람","기타","기타","운전자법규위반","신호위반","단일로","기타단일로","승용차","소형","보행자","보행자","1094192","1760840","128.54296897","35.83955525"
"2014","2014-01-01 05:00","38","야간","수","2","2","0","0","0","서울","영등포구","차대차","기타","기타","운전자법규위반","과속","단일로","기타단일로","승용차","중형","승용차","중형","946335","1949562","126.89250941","37.54382709"
"2014","2014-01-16 04:00","15","야간","목","1","1","0","0","0","서울","도봉구","차대사람","기타","기타","운전자법규위반","안전운전 의무 불이행","단일로","기타단일로","승용차","중형","보행자","보행자","958542","1961064","127.03003684","37.64812713"
"2014","2014-01-14 07:00","45","주간","화","1","3","2","0","0","제주","서귀포시","차대차","정면충돌","정면충돌","운전자법규위반","중앙선 침범","단일로","기타단일로","승용차","소형","화물차","소형","911567","1478147","126.55022649","33.29110548"
"2014","2014-01-10 06:00","30","주간","금","1","1","0","0","0","서울","광진구","차대사람","횡단중","횡단중","운전자법규위반","안전운전 의무 불이행","단일로","횡단보도상","승합차","대형","보행자","보행자","963054","1950863","127.08169817","37.55637544"
"2014","2014-01-11 09:00","13","주간","토","1","1","0","0","0","전남","보성군","차대차","측면직각충돌","측면직각충돌","운전자법규위반","서행 및 일시정지위반","교차로","교차로내","화물차","소형","이륜차","소형","975175","1643887","127.22864451","34.78921737"
"2014","2014-01-11 19:00","45","야간","토","1","1","0","0","0","경북","안동시","차대차","기타","기타","운전자법규위반","중앙선 침범","단일로","기타단일로","승합차","경형","화물차","소형","1107419","1846465","128.70114705","36.60998785"
"2014","2014-01-23 07:00","15","주간","목","1","1","0","0","0","제주","서귀포시","차대사람","횡단중","횡단중","운전자법규위반","과속","교차로","교차로부근","화물차","소형","보행자","보행자","944228","1495006","126.89994216","33.4453482"
"2014","2014-01-23 11:00","40","주간","목","1","1","0","0","0","서울","영등포구","차대사람","횡단중","횡단중","운전자법규위반","안전운전 의무 불이행","단일로","횡단보도부근","승용차","중형","보행자","보행자","948473","1945997","126.91703522","37.511832"
"2014","2014-01-23 02:00","55","야간","목","1","1","0","0","0","경기","광주시","차대사람","길가장자리구역통행중","길가장자리구역통행중","운전자법규위반","안전운전 의무 불이행","단일로","기타단일로","승용차","대형","보행자","보행자","983804","1926287","127.31716728","37.33545327"
"2014","2014-01-21 10:00","14","주간","화","1","1","0","0","0","강원","동해시","차대차","기타","기타","운전자법규위반","안전운전 의무 불이행","단일로","기타단일로","이륜차","소형","화물차","중형","1139757","1943757","129.08071748","37.48248976"
"2014","2014-01-24 05:00","50","야간","금","1","1","0","0","0","경기","부천시","차대사람","차도통행중","차도통행중","운전자법규위반","안전운전 의무 불이행","단일로","기타단일로","특수차","소형","보행자","보행자","934509","1943775","126.75916364","37.49090496"
"2014","2014-01-24 06:00","40","주간","금","1","1","0","0","0","대전","대덕구","차대사람","횡단중","횡단중","운전자법규위반","안전운전 의무 불이행","교차로","교차로내","화물차","소형","보행자","보행자","995534","1817420","127.45022452","36.35418463"
"2014","2014-01-20 17:00","50","주간","월","1","1","0","0","0","경남","진주시","차대차","기타","기타","운전자법규위반","안전운전 의무 불이행","단일로","기타단일로","승용차","중형","원동기장치자전거","원동기장치자전거","1053190","1698487","128.08489281","35.28045528"
"2014","2014-01-20 11:00","20","주간","월","1","1","0","0","0","경기","시흥시","차대사람","횡단중","횡단중","운전자법규위반","안전운전 의무 불이행","단일로","기타단일로","화물차","대형","보행자","보행자","930608","1928875","126.71643981","37.35632725"
"2014","2014-01-20 18:00","20","야간","월","1","1","0","0","0","경북","경주시","차대사람","차도통행중","차도통행중","운전자법규위반","안전운전 의무 불이행","교차로","교차로부근","승용차","대형","보행자","보행자","1146336","1763809","129.12072321","35.85991706"
"2014","2014-01-20 09:00","25","주간","월","1","2","0","1","0","부산","중구","차대차","측면직각충돌","측면직각충돌","운전자법규위반","중앙선 침범","고가도로위","고가도로위","승용차","중형","화물차","대형","1140447","1680661","129.04112825","35.1112382"
"2014","2014-11-05 15:00","25","주간","수","1","1","0","0","0","경기","가평군","차량단독","도로이탈","도로이탈 추락","운전자법규위반","안전운전 의무 불이행","기타/불명","기타/불명","이륜차","중형","00","00","1000799","1959122","127.50905539","37.63155876"
"2014","2014-11-04 17:00","00","주간","화","1","2","0","1","0","강원","양양군","차대차","추돌","진행중 추돌","운전자법규위반","신호위반","교차로","교차로내","승용차","중형","승용차","중형","1111191","1996470","128.76576192","37.96137444"
"2014","2014-11-04 23:00","30","야간","화","1","1","0","0","0","인천","서구","차대차","측면직각충돌","측면직각충돌","운전자법규위반","신호위반","교차로","교차로내","승합차","중형","원동기장치자전거","원동기장치자전거","926482","1945573","126.66819049","37.50650557"
"2014","2014-11-04 18:00","20","야간","화","1","1","0","0","0","충남","청양군","차대사람","기타","기타","운전자법규위반","과속","단일로","기타단일로","화물차","소형","보행자","보행자","941192","1835841","126.84318117","36.51845716"
"2014","2014-11-04 18:00","25","야간","화","1","1","0","0","0","제주","제주시","차대사람","기타","기타","운전자법규위반","안전운전 의무 불이행","단일로","기타단일로","승용차","경형","보행자","보행자","941323","1503409","126.86813847","33.52098075"
"2014","2014-11-05 11:00","37","주간","수","1","1","0","0","0","서울","강동구","차대사람","길가장자리구역통행중","길가장자리구역통행중","운전자법규위반","안전운전 의무 불이행","교차로","교차로부근","화물차","중형","보행자","보행자","968635","1948674","127.1449785","37.53685202"
"2014","2014-11-05 18:00","20","야간","수","1","1","0","0","0","경남","하동군","차대차","추돌","주정차중 추돌","운전자법규위반","안전운전 의무 불이행","단일로","기타단일로","승용차","경형","이륜차","소형","1029657","1679009","127.82542114","35.1057964"
"2014","2014-11-05 19:00","40","야간","수","1","1","0","0","0","경북","김천시","차대사람","기타","기타","운전자법규위반","안전운전 의무 불이행","교차로","교차로내","승용차","중형","보행자","보행자","1047863","1776917","128.0309743","35.98785771"
"2014","2014-11-05 06:00","50","주간","수","1","1","0","0","0","경기","동두천시","차대사람","횡단중","횡단중","운전자법규위반","보행자 보호의무 위반","단일로","기타단일로","승용차","중형","보행자","보행자","963136","1988362","127.08072556","37.89436024"
"2014","2014-11-03 14:00","00","주간","월","1","1","0","0","0","울산","울주군","차대차","기타","기타","운전자법규위반","교차로 통행방법 위반","교차로","교차로내","건설기계","건설기계","원동기장치자전거","원동기장치자전거","1164724","1716900","129.31470148","35.4342578"
"2014","2014-11-03 19:00","12","야간","월","1","1","0","0","0","경북","성주군","차대사람","기타","기타","운전자법규위반","안전운전 의무 불이행","기타/불명","기타/불명","승용차","소형","보행자","보행자","1063891","1773351","128.20848495","35.95479051"
"2014","2014-11-03 18:00","19","야간","월","1","1","0","0","0","제주","제주시","차대사람","횡단중","횡단중","운전자법규위반","안전운전 의무 불이행","교차로","교차로내","승용차","중형","보행자","보행자","879707","1487258","126.20690133","33.37017942"
"2014","2014-11-03 06:00","30","주간","월","1","1","0","0","0","서울","송파구","차대차","측면직각충돌","측면직각충돌","운전자법규위반","신호위반","교차로","교차로내","이륜차","중형","화물차","소형","966545","1948262","127.12134096","37.533065"
"2014","2014-11-14 01:00","20","야간","금","1","3","2","0","0","대전","서구","차대차","측면직각충돌","측면직각충돌","운전자법규위반","과속","교차로","교차로내","승용차","중형","승용차","중형","988199","1818052","127.36846336","36.35982033"
"2014","2014-11-12 22:00","30","야간","수","1","2","1","0","0","강원","원주시","차대차","기타","기타","운전자법규위반","중앙선 침범","단일로","기타단일로","승용차","중형","승용차","중형","1044055","1935054","127.99784079","37.41357084"
"2014","2014-11-13 05:00","45","야간","목","1","1","0","0","0","부산","사하구","차대사람","횡단중","횡단중","운전자법규위반","안전운전 의무 불이행","단일로","기타단일로","화물차","소형","보행자","보행자","1134907","1676811","128.97974425","35.07738431"
"2014","2014-11-14 04:00","54","야간","금","2","2","0","0","0","부산","중구","차대사람","차도통행중","차도통행중","운전자법규위반","안전운전 의무 불이행","고가도로위","고가도로위","승용차","중형","보행자","보행자","1140419","1680659","129.03859937","35.11195014"
"2014","2014-11-14 06:00","00","주간","금","1","4","1","2","0","경기","김포시","차대차","측면직각충돌","측면직각충돌","운전자법규위반","중앙선 침범","단일로","기타단일로","화물차","소형","화물차","소형","921512","1962094","126.6101937","37.65499101"
"2013","2013-05-20 02:00","55","야간","월","1","3","2","0","0","충남","천안시","차대차","정면충돌","정면충돌","운전자법규위반","중앙선 침범","지하도로내","지하도로내","승용차","대형","화물차","소형","970178","1870028","127.16558356","36.8279885"
"2013","2013-05-31 20:00","33","야간","금","1","1","0","0","0","대전","동구","차대차","측면직각충돌","측면직각충돌","운전자법규위반","안전거리 미확보","교차로","교차로내","자전거","자전거","승합차","소형","996021","1811684","127.45568164","36.30247417"
"2013","2013-06-07 21:00","36","야간","금","1","1","0","0","0","경남","통영시","차대사람","차도통행중","차도통행중","운전자법규위반","안전운전 의무 불이행","단일로","기타단일로","승용차","중형","보행자","보행자","1082462","1663047","128.40321284","34.95893906"
"2013","2013-06-04 13:00","25","주간","화","1","2","1","0","0","경북","군위군","차대차","추돌","주정차중 추돌","운전자법규위반","안전운전 의무 불이행","교차로","교차로부근","승용차","경형","화물차","소형","1095589","1804370","128.56369929","36.23181423"
"2013","2013-06-04 09:00","45","주간","화","1","1","0","0","0","강원","홍천군","차대사람","기타","기타","운전자법규위반","기타(운전자법규위반)","기타/불명","기타/불명","화물차","소형","보행자","보행자","1024226","1965922","127.77478737","37.6925302"
"2013","2013-06-02 15:00","45","주간","일","1","1","0","0","0","경남","진주시","차량단독","도로이탈","도로이탈 기타","운전자법규위반","안전운전 의무 불이행","단일로","기타단일로","승용차","중형","00","00","1043116","1687033","127.97351947","35.17766183"
"2014","2014-09-15 20:00","40","야간","월","1","1","0","0","0","경남","김해시","차대사람","횡단중","횡단중","운전자법규위반","안전운전 의무 불이행","단일로","기타단일로","화물차","소형","보행자","보행자","1117130","1705355","128.78886239","35.33692651"
"2014","2014-09-16 08:00","15","주간","화","1","1","0","0","0","경기","양주시","차대차","추돌","진행중 추돌","운전자법규위반","안전운전 의무 불이행","교차로","교차로내","자전거","자전거","화물차","중형","953127","1978587","126.96752574","37.80580021"
"2014","2014-09-13 05:00","00","야간","토","1","1","0","0","0","서울","강남구","차대사람","횡단중","횡단중","운전자법규위반","과속","단일로","기타단일로","승용차","대형","보행자","보행자","959196","1946433","127.03826547","37.51628362"
"2014","2014-09-12 02:00","52","야간","금","1","1","0","0","0","경기","여주시","차량단독","전도전복","전도전복","운전자법규위반","안전운전 의무 불이행","단일로","기타단일로","화물차","중형","00","00","1012137","1931205","127.63680019","37.38065695"
"2014","2014-09-10 22:00","00","야간","수","1","2","1","0","0","충남","태안군","차대차","정면충돌","정면충돌","운전자법규위반","중앙선 침범","단일로","기타단일로","승용차","소형","승용차","중형","891471","1858670","126.28471512","36.71986466"
"2014","2014-09-10 04:00","00","야간","수","1","1","0","0","0","경기","김포시","차대사람","기타","기타","운전자법규위반","안전운전 의무 불이행","단일로","기타단일로","승용차","중형","보행자","보행자","920552","1966067","126.59724617","37.69158502"
"2014","2014-09-12 11:00","00","주간","금","1","2","1","0","0","세종","세종","차대차","측면직각충돌","측면직각충돌","운전자법규위반","직진 및 우회전차의 통행방해","교차로","교차로내","승용차","중형","원동기장치자전거","원동기장치자전거","981435","1845215","127.29241844","36.60459226"
"2014","2014-09-12 19:00","53","야간","금","1","2","1","0","0","광주","광산구","차대차","추돌","진행중 추돌","운전자법규위반","안전운전 의무 불이행","교차로","교차로내","승용차","중형","승용차","중형","936584","1686090","126.80362154","35.16808258"
"2014","2014-09-10 03:00","03","야간","수","1","2","1","0","0","충남","보령시","차량단독","공작물충돌","공작물충돌","운전자법규위반","안전운전 의무 불이행","교차로","교차로내","이륜차","중형","00","00","914040","1803505","126.54353145","36.2249214"
"2014","2014-09-10 06:00","20","주간","수","1","1","0","0","0","경남","함양군","차량단독","공작물충돌","공작물충돌","운전자법규위반","안전운전 의무 불이행","단일로","기타단일로","이륜차","소형","00","00","1020955","1724654","127.73110416","35.51759165"
"2014","2014-09-11 06:00","50","주간","목","1","1","0","0","0","서울","강북구","차대사람","횡단중","횡단중","운전자법규위반","보행자 보호의무 위반","단일로","횡단보도상","화물차","소형","보행자","보행자","959554","1959138","127.0415429","37.63075766"
"2014","2014-09-09 19:00","20","야간","화","1","1","0","0","0","서울","동작구","차대사람","기타","기타","운전자법규위반","과속","단일로","횡단보도상","화물차","소형","보행자","보행자","947975","1944160","126.91145098","37.49514369"
"2014","2014-09-20 20:00","35","야간","토","1","1","0","0","0","경북","경주시","차대사람","기타","기타","운전자법규위반","안전운전 의무 불이행","교차로","교차로부근","승합차","대형","보행자","보행자","1153325","1779136","129.20105588","35.99697619"
"2014","2014-09-21 21:00","35","야간","일","1","1","0","0","0","경남","하동군","차대사람","기타","기타","운전자법규위반","안전운전 의무 불이행","기타/불명","기타/불명","화물차","중형","보행자","보행자","1036777","1669730","127.90313456","35.02189164"
"2014","2014-09-17 21:00","50","야간","수","1","1","0","0","0","경북","칠곡군","차대사람","기타","기타","운전자법규위반","안전운전 의무 불이행","단일로","기타단일로","승용차","중형","보행자","보행자","1083460","1774851","128.42562021","35.9668357"
"2014","2014-09-17 22:00","05","야간","수","1","1","0","0","0","경북","경주시","차대사람","기타","기타","운전자법규위반","안전운전 의무 불이행","단일로","기타단일로","승용차","소형","보행자","보행자","1155781","1764419","129.22540784","35.86395801"
"2014","2014-09-27 19:00","05","야간","토","1","1","0","0","0","전남","광양시","차대사람","횡단중","횡단중","운전자법규위반","안전운전 의무 불이행","교차로","교차로부근","승용차","경형","보행자","보행자","1005956","1663273","127.56524174","34.96431799"
"2014","2014-09-26 19:00","15","야간","금","1","3","2","0","0","경남","진주시","차대차","추돌","진행중 추돌","운전자법규위반","안전운전 의무 불이행","단일로","기타단일로","승용차","중형","건설기계","건설기계","1046487","1682453","128.01348136","35.13526298"
"2014","2014-09-27 01:00","58","야간","토","1","1","0","0","0","충북","청주시","차대사람","기타","기타","운전자법규위반","안전운전 의무 불이행","교차로","교차로부근","승용차","중형","보행자","보행자","997055","1847753","127.46706113","36.62764859"
"2014","2014-09-26 19:00","35","야간","금","1","1","0","0","0","강원","홍천군","차량단독","공작물충돌","공작물충돌","운전자법규위반","안전운전 의무 불이행","단일로","기타단일로","승용차","경형","00","00","1068304","1968350","128.27428813","37.71096649"
"2014","2014-09-25 09:00","45","주간","목","1","1","0","0","0","경기","이천시","차량단독","공작물충돌","공작물충돌","운전자법규위반","안전운전 의무 불이행","교차로","교차로내","화물차","대형","00","00","999228","1921096","127.49129046","37.28880279"
"2014","2014-09-25 13:00","00","주간","목","1","2","1","0","0","경남","김해시","차대차","측면직각충돌","측면직각충돌","운전자법규위반","신호위반","교차로","교차로내","이륜차","중형","승용차","중형","1122700","1692585","128.84822857","35.22114218"
"2014","2014-09-25 12:00","20","주간","목","1","1","0","0","0","강원","춘천시","차량단독","공작물충돌","공작물충돌","운전자법규위반","안전운전 의무 불이행","단일로","기타단일로","승용차","경형","00","00","1019478","1990742","127.72160024","37.91634935"
"2014","2014-09-25 10:00","10","주간","목","1","1","0","0","0","경북","안동시","차대사람","기타","기타","운전자법규위반","안전운전 의무 불이행","단일로","기타단일로","화물차","소형","보행자","보행자","1104169","1843446","128.66478422","36.58316114"
"2014","2014-09-24 08:00","45","주간","수","1","2","1","0","0","경북","칠곡군","차량단독","기타","기타","운전자법규위반","안전운전 의무 불이행","단일로","기타단일로","승용차","소형","00","00","1085177","1775031","128.44467977","35.96830998"
"2014","2014-09-22 12:00","45","주간","월","1","1","0","0","0","충남","천안시","차대차","추돌","진행중 추돌","운전자법규위반","안전운전 의무 불이행","교차로","교차로내","화물차","중형","원동기장치자전거","원동기장치자전거","966869","1865384","127.12868013","36.78601485"
"2014","2014-08-20 04:00","55","야간","수","1","1","0","0","0","전남","함평군","차대차","기타","기타","운전자법규위반","안전운전 의무 불이행","단일로","기타단일로","승용차","중형","화물차","소형","918987","1686575","126.61035768","35.17119054"
"2014","2014-08-15 19:00","00","야간","금","1","1","0","0","0","대구","북구","차대사람","횡단중","횡단중","운전자법규위반","안전운전 의무 불이행","단일로","기타단일로","승용차","중형","보행자","보행자","1100812","1768565","128.61723617","35.90853315"
"2014","2014-08-16 07:00","25","주간","토","1","1","0","0","0","경북","문경시","차대차","측면직각충돌","측면직각충돌","운전자법규위반","신호위반","교차로","교차로내","이륜차","사발이","승용차","중형","1061898","1843432","128.1919382","36.58669084"
"2014","2014-08-16 10:00","35","주간","토","1","2","1","0","0","경북","칠곡군","차량단독","기타","기타","운전자법규위반","안전운전 의무 불이행","기타/불명","기타/불명","농기계","농기계","00","00","1095532","1777359","128.55978871","35.98833659"
"2014","2014-08-26 15:00","15","주간","화","1","3","0","2","0","경기","안산시","차대차","추돌","진행중 추돌","운전자법규위반","안전운전 의무 불이행","단일로","기타단일로","화물차","중형","화물차","중형","943531","1926573","126.86252991","37.33645513"
"2014","2014-08-24 05:00","00","야간","일","1","3","0","2","0","경기","광주시","차대차","측면직각충돌","측면직각충돌","운전자법규위반","안전운전 의무 불이행","교차로","교차로내","원동기장치자전거","원동기장치자전거","승용차","중형","985234","1922860","127.33337835","37.30458647"
"2014","2014-08-25 05:00","55","야간","월","1","1","0","0","0","부산","사상구","차대사람","기타","기타","운전자법규위반","안전운전 의무 불이행","교차로","교차로부근","승용차","중형","보행자","보행자","1134504","1687041","128.97698929","35.169654"
"2014","2014-09-01 10:00","56","주간","월","1","2","1","0","0","광주","광산구","차대차","추돌","진행중 추돌","운전자법규위반","안전운전 의무 불이행","단일로","기타단일로","승용차","중형","원동기장치자전거","원동기장치자전거","938060","1687761","126.81970312","35.18324131"
"2014","2014-08-29 06:00","25","주간","금","1","1","0","0","0","서울","은평구","차대사람","차도통행중","차도통행중","운전자법규위반","안전운전 의무 불이행","교차로","교차로부근","승합차","중형","보행자","보행자","947988","1956615","126.9107198","37.60749107"
"2014","2014-08-28 14:00","10","주간","목","1","1","0","0","0","경기","시흥시","차대사람","기타","기타","운전자법규위반","안전운전 의무 불이행","교차로","교차로부근","화물차","소형","보행자","보행자","931921","1925723","126.73155425","37.32801526"
"2014","2014-09-04 12:00","25","주간","목","1","1","0","0","0","전남","신안군","차대사람","기타","기타","운전자법규위반","안전운전 의무 불이행","기타/불명","기타/불명","승합차","소형","보행자","보행자","867677","1654869","126.05938","34.88026815"
"2014","2014-09-04 16:00","05","주간","목","1","1","0","0","0","충남","금산군","차대사람","횡단중","횡단중","운전자법규위반","안전운전 의무 불이행","단일로","기타단일로","승용차","소형","보행자","보행자","998926","1790036","127.48806738","36.10731132"
"2014","2014-08-29 09:00","15","주간","금","1","1","0","0","0","전남","나주시","차대사람","기타","기타","운전자법규위반","신호위반","단일로","횡단보도부근","화물차","소형","보행자","보행자","928217","1667507","126.71336009","34.99996667"
"2014","2014-08-27 19:00","29","야간","수","1","1","0","0","0","광주","광산구","차대차","기타","기타","운전자법규위반","안전운전 의무 불이행","교차로","교차로내","승합차","소형","화물차","소형","935360","1682500","126.79046263","35.13563526"