"발생년","발생년월일시","발생분","주야","요일","사망자수","사상자수","중상자수","경상자수","부상신고자수","발생지시도","발생지시군구","사고유형_대분류","사고유형_중분류","사고유형","법규위반_대분류","법규위반","도로형태_대분류","도로형태","당사자종별_1당_대분류","당사자종별_1당","당사자종별_2당_대분류","당사자종별_2당","발생위치X_UTMK","발생위치Y_UTMK","경도","위도"
"2014","2014-09-07 21:00","05","야간","일","1","1","0","0","0","경기","수원시","차대사람","횡단중","횡단중","운전자법규위반","안전운전 의무 불이행","단일로","기타단일로","승용차","중형","보행자","보행자","957091","1921957","127.01586785","37.29557399"
"2014","2014-09-09 00:00","50","야간","화","1","1","0","0","0","충남","천안시","차대사람","횡단중","횡단중","운전자법규위반","안전운전 의무 불이행","단일로","기타단일로","승용차","중형","보행자","보행자","967579","1869387","127.13646687","36.82212465"
"2014","2014-09-07 17:00","00","주간","일","1","1","0","0","0","경기","남양주시","차대차","추돌","진행중 추돌","운전자법규위반","안전운전 의무 불이행","단일로","기타단일로","이륜차","대형","이륜차","대형","978632","1948998","127.25812431","37.54005837"
"2014","2014-09-07 19:00","33","야간","일","1","1","0","0","0","전남","영암군","차대사람","차도통행중","차도통행중","운전자법규위반","안전운전 의무 불이행","단일로","기타단일로","화물차","소형","보행자","보행자","925831","1654602","126.68836258","34.88343495"
"2014","2014-09-05 12:00","30","주간","금","1","1","0","0","0","충남","예산군","차대사람","기타","기타","운전자법규위반","안전운전 의무 불이행","기타/불명","기타/불명","화물차","소형","보행자","보행자","931717","1855692","126.73027293","36.6876568"
"2014","2014-09-05 09:00","44","주간","금","1","1","0","0","0","서울","송파구","차대사람","차도통행중","차도통행중","운전자법규위반","부당한 회전","단일로","기타단일로","화물차","중형","보행자","보행자","965550","1946041","127.1101835","37.51300954"
"2014","2014-09-05 12:00","30","주간","금","1","2","1","0","0","경기","화성시","차대차","기타","기타","운전자법규위반","안전운전 의무 불이행","단일로","기타단일로","원동기장치자전거","원동기장치자전거","원동기장치자전거","원동기장치자전거","929675","1907936","126.70788455","37.16753035"
"2014","2014-09-02 22:00","20","야간","화","2","5","3","0","0","경북","구미시","차대사람","기타","기타","운전자법규위반","안전운전 의무 불이행","단일로","기타단일로","승용차","중형","보행자","보행자","1080916","1793666","128.39933647","36.13666261"
"2014","2014-09-16 07:00","10","주간","화","1","1","0","0","0","경북","청도군","차대사람","기타","기타","운전자법규위반","안전운전 의무 불이행","교차로","교차로내","화물차","소형","보행자","보행자","1111535","1739605","128.73201446","35.64631807"
"2014","2014-09-14 14:00","10","주간","일","1","5","0","4","0","전북","군산시","차대차","기타","기타","운전자법규위반","안전운전 의무 불이행","교차로","교차로내","승용차","중형","승합차","대형","934829","1773860","126.77613749","35.95973406"
"2014","2014-09-09 14:00","25","주간","화","1","1","0","0","0","충남","태안군","차대사람","횡단중","횡단중","운전자법규위반","안전운전 의무 불이행","단일로","기타단일로","승합차","소형","보행자","보행자","881048","1855525","126.16851702","36.69027183"
"2014","2014-09-30 18:00","32","야간","화","1","1","0","0","0","경북","안동시","차대차","추돌","진행중 추돌","운전자법규위반","안전운전 의무 불이행","교차로","교차로부근","이륜차","소형","승용차","소형","1107664","1839361","128.7028923","36.54593131"
"2014","2014-09-29 02:00","10","야간","월","1","1","0","0","0","충남","천안시","차대차","추돌","주정차중 추돌","운전자법규위반","안전운전 의무 불이행","단일로","기타단일로","승용차","중형","승용차","중형","969594","1867010","127.15915547","36.80076398"
"2014","2014-09-16 17:00","12","주간","화","1","1","0","0","0","전남","장흥군","차량단독","전도전복","전도전복","운전자법규위반","안전운전 의무 불이행","단일로","기타단일로","원동기장치자전거","원동기장치자전거","00","00","945502","1625477","126.9054969","34.62205203"
"2014","2014-09-17 04:00","22","야간","수","1","1","0","0","0","경기","시흥시","차대사람","횡단중","횡단중","운전자법규위반","안전운전 의무 불이행","교차로","교차로부근","승용차","중형","보행자","보행자","933386","1927570","126.74792324","37.34476876"
"2014","2014-09-26 17:00","25","주간","금","1","1","0","0","0","부산","사하구","차대차","기타","기타","운전자법규위반","안전운전 의무 불이행","단일로","기타단일로","화물차","소형","원동기장치자전거","원동기장치자전거","1134712","1675987","128.97747209","35.06998258"
"2014","2014-09-27 00:00","40","야간","토","1","2","1","0","0","충북","청주시","차량단독","공작물충돌","공작물충돌","운전자법규위반","안전운전 의무 불이행","단일로","기타단일로","승용차","중형","00","00","990273","1843114","127.39126546","36.58578284"
"2014","2014-09-28 06:00","45","주간","일","1","1","0","0","0","충남","천안시","차대사람","기타","기타","운전자법규위반","안전운전 의무 불이행","단일로","횡단보도상","승용차","중형","보행자","보행자","967521","1869830","127.13579761","36.82611609"
"2014","2014-09-26 23:00","45","야간","금","3","7","4","0","0","경기","고양시","차대차","기타","기타","운전자법규위반","안전운전 의무 불이행","단일로","기타단일로","승용차","중형","승용차","중형","942060","1961824","126.8431481","37.65408467"
"2014","2014-09-26 18:00","45","야간","금","1","2","1","0","0","전북","완주군","차대사람","횡단중","횡단중","운전자법규위반","안전운전 의무 불이행","단일로","횡단보도부근","화물차","소형","보행자","보행자","968978","1765436","127.15629804","35.88502781"
"2014","2014-09-27 18:00","40","야간","토","1","1","0","0","0","인천","중구","차대차","정면충돌","정면충돌","운전자법규위반","안전운전 의무 불이행","단일로","기타단일로","승용차","중형","이륜차","소형","915396","1947076","126.54149303","37.52082295"
"2014","2014-09-26 09:00","22","주간","금","1","1","0","0","0","대구","달서구","차대차","기타","기타","운전자법규위반","안전운전 의무 불이행","단일로","횡단보도상","화물차","소형","자전거","자전거","1093457","1758814","128.53459453","35.82136177"
"2014","2014-09-25 20:00","30","야간","목","1","1","0","0","0","전남","영암군","차대사람","기타","기타","운전자법규위반","신호위반","교차로","교차로내","승용차","소형","보행자","보행자","902829","1641761","126.43817072","34.76571773"
"2014","2014-09-25 20:00","55","야간","목","1","1","0","0","0","충남","논산시","차대사람","횡단중","횡단중","운전자법규위반","신호위반","교차로","교차로내","승용차","중형","보행자","보행자","966500","1801915","127.12729691","36.21382908"
"2014","2014-09-26 03:00","01","야간","금","1","2","0","0","1","서울","중구","차대차","추돌","주정차중 추돌","운전자법규위반","안전운전 의무 불이행","지하도로내","지하도로내","화물차","중형","특수차","중형","955736","1949808","126.99891025","37.54654387"
"2014","2014-09-23 21:00","40","야간","화","1","1","0","0","0","경기","화성시","차대사람","기타","기타","운전자법규위반","안전운전 의무 불이행","단일로","기타단일로","화물차","소형","보행자","보행자","944944","1918635","126.87888943","37.26484615"
"2014","2014-08-21 08:00","45","주간","목","1","1","0","0","0","경기","안양시","차대사람","기타","기타","운전자법규위반","안전운전 의무 불이행","단일로","횡단보도상","화물차","소형","보행자","보행자","951783","1931139","126.95538404","37.37807591"
"2014","2014-08-25 11:00","15","주간","월","1","1","0","0","0","경북","경주시","차량단독","공작물충돌","공작물충돌","운전자법규위반","안전운전 의무 불이행","교차로","교차로부근","승용차","중형","00","00","1157136","1768778","129.24126936","35.90302464"
"2014","2014-08-23 20:00","15","야간","토","1","1","0","0","0","경남","고성군","차대사람","횡단중","횡단중","운전자법규위반","안전운전 의무 불이행","교차로","교차로내","승용차","중형","보행자","보행자","1079365","1672595","128.37020576","35.04527512"
"2014","2014-09-01 14:00","15","주간","월","1","1","0","0","0","전남","보성군","차대사람","기타","기타","운전자법규위반","안전운전 의무 불이행","단일로","기타단일로","화물차","소형","보행자","보행자","969188","1652606","127.16288285","34.86767783"
"2014","2014-08-30 11:00","06","주간","토","1","2","0","1","0","전남","무안군","차대차","기타","기타","운전자법규위반","안전운전 의무 불이행","단일로","기타단일로","화물차","소형","화물차","소형","902628","1669211","126.43277893","35.0131889"
"2014","2014-09-09 00:00","58","야간","화","1","1","0","0","0","광주","북구","차대사람","길가장자리구역통행중","길가장자리구역통행중","운전자법규위반","안전운전 의무 불이행","단일로","기타단일로","승용차","대형","보행자","보행자","942973","1690180","126.87349296","35.20534355"
"2014","2014-12-24 17:00","40","주간","수","1","6","1","4","0","경북","예천군","차대차","정면충돌","정면충돌","운전자법규위반","중앙선 침범","단일로","기타단일로","승용차","중형","화물차","중형","1082294","1847924","128.42021449","36.62539764"
"2014","2014-12-30 02:00","30","야간","화","1","4","3","0","0","서울","종로구","차대차","정면충돌","정면충돌","운전자법규위반","중앙선 침범","단일로","기타단일로","승용차","중형","승용차","중형","953228","1952336","126.97035832","37.56920533"
"2014","2014-12-14 22:00","35","야간","일","1","1","0","0","0","대구","달서구","차대차","추돌","진행중 추돌","운전자법규위반","안전운전 의무 불이행","교차로","교차로부근","승용차","중형","승용차","대형","1090753","1762977","128.50513808","35.85914426"
"2014","2014-12-15 01:00","20","야간","월","1","1","0","0","0","경남","거창군","차량단독","도로이탈","도로이탈 추락","운전자법규위반","안전운전 의무 불이행","단일로","기타단일로","화물차","소형","00","00","1044538","1740955","127.99208374","35.66378652"
"2014","2014-12-15 22:00","05","야간","월","1","1","0","0","0","경남","거제시","차량단독","전도전복","전도전복","운전자법규위반","안전운전 의무 불이행","단일로","기타단일로","승용차","중형","00","00","1092356","1656710","128.51086729","34.90094962"
"2014","2014-12-28 18:00","58","야간","일","1","1","0","0","0","경북","칠곡군","차대사람","차도통행중","차도통행중","운전자법규위반","안전운전 의무 불이행","단일로","기타단일로","승용차","중형","보행자","보행자","1092895","1789265","128.53193897","36.09591706"
"2014","2014-12-25 07:00","05","주간","목","1","1","0","0","0","제주","제주시","차대사람","기타","기타","운전자법규위반","안전운전 의무 불이행","단일로","기타단일로","화물차","경형","보행자","보행자","905280","1499862","126.48042907","33.48640542"
"2014","2014-12-25 07:00","00","주간","목","1","1","0","0","0","전남","여수시","차대사람","길가장자리구역통행중","길가장자리구역통행중","운전자법규위반","안전운전 의무 불이행","단일로","기타단일로","승용차","중형","보행자","보행자","1021385","1629370","127.73338588","34.65838432"
"2014","2014-06-03 18:00","50","야간","화","1","4","2","1","0","경기","파주시","차대차","기타","기타","운전자법규위반","안전운전 의무 불이행","단일로","기타단일로","승합차","중형","승용차","중형","932450","1982503","126.73193879","37.83942503"
"2014","2014-06-05 06:00","10","주간","목","1","1","0","0","0","서울","송파구","차대차","측면직각충돌","측면직각충돌","운전자법규위반","안전운전 의무 불이행","교차로","교차로내","화물차","중형","자전거","자전거","966826","1945614","127.12464097","37.50920756"
"2014","2014-06-04 03:00","35","야간","수","1","1","0","0","0","경기","가평군","차량단독","도로이탈","도로이탈 기타","운전자법규위반","안전운전 의무 불이행","단일로","기타단일로","이륜차","소형","00","00","1001704","1989060","127.51938241","37.90139645"
"2014","2014-06-12 18:00","23","야간","목","1","1","0","0","0","충북","옥천군","차대차","측면직각충돌","측면직각충돌","운전자법규위반","안전운전 의무 불이행","교차로","교차로내","화물차","소형","이륜차","소형","1020865","1819651","127.73260837","36.37408189"
"2014","2014-06-13 07:00","40","주간","금","1","1","0","0","0","경기","광주시","차량단독","공작물충돌","공작물충돌","운전자법규위반","안전운전 의무 불이행","교차로","교차로내","승용차","소형","00","00","970222","1929624","127.1637111","37.36519585"
"2014","2014-06-10 20:00","15","야간","화","2","5","2","1","0","울산","남구","차대차","측면직각충돌","측면직각충돌","운전자법규위반","신호위반","교차로","교차로내","건설기계","건설기계","승용차","대형","1167500","1727385","129.3474311","35.52828549"
"2014","2014-06-10 17:00","43","주간","화","1","1","0","0","0","서울","영등포구","차대차","측면직각충돌","측면직각충돌","운전자법규위반","부당한 회전","교차로","교차로내","자전거","자전거","승용차","중형","946335","1947114","126.89268835","37.521763"
"2014","2014-06-21 13:00","20","주간","토","1","1","0","0","0","전남","장흥군","차대차","측면직각충돌","측면직각충돌","운전자법규위반","기타(운전자법규위반)","교차로","교차로내","원동기장치자전거","원동기장치자전거","화물차","소형","949009","1617495","126.94423154","34.55025375"
"2014","2014-06-21 22:00","40","야간","토","1","1","0","0","0","충북","청주시","차대사람","기타","기타","운전자법규위반","안전운전 의무 불이행","단일로","기타단일로","승용차","대형","보행자","보행자","998245","1847916","127.48037052","36.62912097"
"2014","2014-06-19 19:00","03","야간","목","1","1","0","0","0","경북","경주시","차대차","기타","기타","운전자법규위반","안전운전 의무 불이행","교차로","교차로부근","화물차","소형","자전거","자전거","1156680","1778446","129.23617551","35.99101183"
"2014","2014-06-19 11:00","35","주간","목","1","1","0","0","0","경기","김포시","차대사람","횡단중","횡단중","운전자법규위반","보행자 보호의무 위반","단일로","횡단보도상","승합차","대형","보행자","보행자","931316","1955463","126.72195326","37.59601419"
"2014","2014-06-20 16:00","20","주간","금","1","1","0","0","0","충남","천안시","차대사람","횡단중","횡단중","운전자법규위반","신호위반","단일로","기타단일로","승용차","경형","보행자","보행자","969267","1866767","127.15549974","36.79856288"
"2014","2014-06-19 15:00","35","주간","목","1","2","1","0","0","전남","해남군","차량단독","공작물충돌","공작물충돌","운전자법규위반","안전운전 의무 불이행","단일로","기타단일로","화물차","소형","00","00","915429","1601909","126.57980944","34.40749977"
"2014","2014-06-07 20:00","25","야간","토","1","1","0","0","0","경북","성주군","차대사람","횡단중","횡단중","운전자법규위반","안전운전 의무 불이행","단일로","기타단일로","화물차","소형","보행자","보행자","1068894","1777658","128.26433301","35.99327859"
"2014","2014-06-07 11:00","33","주간","토","1","1","0","0","0","전남","화순군","차대차","측면직각충돌","측면직각충돌","운전자법규위반","직진 및 우회전차의 통행방해","교차로","교차로부근","자전거","자전거","승합차","대형","944110","1663599","126.88866093","34.96324774"
"2014","2014-06-07 04:00","12","야간","토","2","4","0","2","0","경기","광주시","차대차","기타","기타","운전자법규위반","중앙선 침범","단일로","기타단일로","원동기장치자전거","원동기장치자전거","승용차","중형","977128","1931169","127.24165335","37.37931815"
"2014","2014-06-07 03:00","40","야간","토","1","3","2","0","0","경남","의령군","차량단독","공작물충돌","공작물충돌","운전자법규위반","안전운전 의무 불이행","단일로","기타단일로","화물차","소형","00","00","1080237","1710348","128.38344637","35.3855891"
"2014","2014-06-17 04:00","48","야간","화","1","1","0","0","0","경기","시흥시","차대사람","횡단중","횡단중","운전자법규위반","안전운전 의무 불이행","교차로","교차로부근","승용차","중형","보행자","보행자","937071","1939086","126.78854365","37.44882111"
"2014","2014-05-17 19:00","50","야간","토","1","1","0","0","0","경북","울진군","차량단독","공작물충돌","공작물충돌","운전자법규위반","안전운전 의무 불이행","단일로","기타단일로","화물차","소형","00","00","1168029","1889247","129.38804987","36.98669189"
"2014","2014-05-17 14:00","00","주간","토","1","1","0","0","0","충남","서산시","차대차","추돌","진행중 추돌","운전자법규위반","앞지르기 금지위반","교차로","교차로내","특수차","대형","원동기장치자전거","원동기장치자전거","917114","1864975","126.57113573","36.77928084"
"2014","2014-05-18 11:00","10","주간","일","1","1","0","0","0","경기","안산시","차대사람","차도통행중","차도통행중","운전자법규위반","안전운전 의무 불이행","단일로","기타단일로","승용차","중형","보행자","보행자","942002","1926544","126.84527254","37.33609949"
"2014","2014-05-18 13:00","50","주간","일","1","1","0","0","0","전남","화순군","차대차","추돌","주정차중 추돌","운전자법규위반","안전운전 의무 불이행","단일로","기타단일로","승합차","대형","화물차","소형","966032","1673239","127.12751239","35.05363135"
"2014","2014-05-19 13:00","10","주간","월","1","1","0","0","0","서울","서초구","차대차","기타","기타","운전자법규위반","안전거리 미확보","단일로","기타단일로","화물차","중형","이륜차","소형","957442","1940562","127.0187576","37.4632869"
"2014","2014-05-14 17:00","00","주간","수","1","1","0","0","0","경기","파주시","차대사람","기타","기타","운전자법규위반","안전운전 의무 불이행","교차로","교차로내","화물차","소형","보행자","보행자","948969","1995130","126.91912343","37.95467303"
"2014","2014-05-14 16:00","05","주간","수","1","1","0","0","0","전북","익산시","차대사람","기타","기타","운전자법규위반","안전운전 의무 불이행","단일로","기타단일로","화물차","소형","보행자","보행자","954476","1773857","126.99341968","35.9601943"
"2014","2014-07-04 14:00","50","주간","금","1","1","0","0","0","경남","김해시","차대사람","횡단중","횡단중","운전자법규위반","안전운전 의무 불이행","단일로","기타단일로","화물차","소형","보행자","보행자","1124238","1695061","128.86549791","35.24327279"
"2014","2014-07-03 13:00","20","주간","목","1","3","2","0","0","강원","철원군","차량단독","공작물충돌","공작물충돌","운전자법규위반","안전운전 의무 불이행","단일로","기타단일로","화물차","소형","00","00","977881","2023273","127.24733595","38.20946356"
"2014","2014-07-12 13:00","08","주간","토","1","1","0","0","0","경기","시흥시","차대사람","기타","기타","운전자법규위반","기타(운전자법규위반)","교차로","교차로부근","화물차","경형","보행자","보행자","941451","1931827","126.83863506","37.38368206"
"2014","2014-07-14 08:00","30","주간","월","1","3","1","1","0","전남","신안군","차대차","기타","기타","운전자법규위반","중앙선 침범","기타/불명","기타/불명","승용차","대형","불명","불명","891500","1655195","126.31265895","34.88569303"
"2014","2014-07-13 10:00","40","주간","일","1","1","0","0","0","경기","오산시","차대차","측면직각충돌","측면직각충돌","운전자법규위반","신호위반","교차로","교차로내","원동기장치자전거","원동기장치자전거","승용차","중형","961581","1907621","127.06246724","37.16845064"
"2014","2014-07-11 09:00","10","주간","금","2","2","0","0","0","경기","양평군","차대차","기타","기타","운전자법규위반","안전운전 의무 불이행","교차로","교차로내","이륜차","사발이","승용차","중형","999110","1945894","127.48992934","37.51232735"
"2014","2014-07-17 10:00","15","주간","목","1","2","1","0","0","서울","노원구","차대차","기타","기타","운전자법규위반","신호위반","교차로","교차로부근","승용차","중형","이륜차","소형","961526","1960784","127.06387695","37.64573335"
"2014","2014-07-18 05:00","50","야간","금","1","1","0","0","0","경기","과천시","차량단독","공작물충돌","공작물충돌","운전자법규위반","안전운전 의무 불이행","단일로","기타단일로","승용차","중형","00","00","955739","1936504","126.99974447","37.42663051"
"2014","2014-07-21 17:00","40","주간","월","1","2","1","0","0","경북","영주시","차대차","측면직각충돌","측면직각충돌","운전자법규위반","안전운전 의무 불이행","교차로","교차로내","화물차","중형","화물차","대형","1098621","1867942","128.60555581","36.80451519"
"2014","2014-07-24 22:00","12","야간","목","1","2","1","0","0","울산","남구","차대차","추돌","주정차중 추돌","운전자법규위반","안전운전 의무 불이행","단일로","기타단일로","이륜차","소형","건설기계","건설기계","1166621","1726825","129.3376256","35.52338686"
"2014","2014-07-30 16:00","25","주간","수","1","1","0","0","0","전남","고흥군","차대차","측면직각충돌","측면직각충돌","운전자법규위반","안전운전 의무 불이행","교차로","교차로내","화물차","소형","이륜차","사발이","986108","1611220","127.34868577","34.49483603"
"2014","2014-07-30 23:00","20","야간","수","1","1","0","0","0","경기","평택시","차대차","기타","기타","운전자법규위반","신호위반","교차로","교차로내","승용차","소형","이륜차","소형","963360","1889520","127.08818622","37.00345612"
"2014","2014-08-06 18:00","00","야간","수","1","1","0","0","0","경북","청도군","차량단독","전도전복","전도전복","운전자법규위반","안전운전 의무 불이행","단일로","기타단일로","농기계","농기계","00","00","1113916","1743035","128.7587946","35.67696515"
"2014","2014-08-07 11:00","30","주간","목","1","1","0","0","0","경기","고양시","차대사람","기타","기타","운전자법규위반","안전운전 의무 불이행","교차로","교차로내","건설기계","건설기계","보행자","보행자","945958","1960546","126.88743101","37.64280394"
"2014","2014-08-06 11:00","23","주간","수","1","1","0","0","0","전남","진도군","차대사람","기타","기타","운전자법규위반","신호위반","교차로","교차로내","승용차","경형","보행자","보행자","886454","1610382","126.26362626","34.48111523"
"2014","2014-08-10 13:00","10","주간","일","1","1","0","0","0","부산","강서구","차량단독","기타","기타","운전자법규위반","안전운전 의무 불이행","단일로","기타단일로","이륜차","소형","00","00","1132632","1685691","128.95622182","35.1577336"
"2014","2014-01-01 18:00","13","야간","수","1","1","0","0","0","전남","여수시","차량단독","공작물충돌","공작물충돌","운전자법규위반","안전운전 의무 불이행","교차로","교차로부근","화물차","경형","00","00","1013391","1643995","127.64637571","34.79040574"
"2014","2014-01-02 20:00","50","야간","목","1","1","0","0","0","경남","거제시","차대사람","횡단중","횡단중","운전자법규위반","안전운전 의무 불이행","기타/불명","기타/불명","승용차","중형","보행자","보행자","1093494","1658641","128.51211512","34.90184996"
"2014","2014-01-01 07:00","13","주간","수","1","2","1","0","0","서울","송파구","차대차","기타","기타","운전자법규위반","안전운전 의무 불이행","단일로","기타단일로","승용차","중형","자전거","자전거","964933","1944580","127.10195014","37.49942563"
"2014","2014-01-03 04:00","30","야간","금","1","1","0","0","0","경남","창원시(통합)","차량단독","공작물충돌","공작물충돌","운전자법규위반","안전운전 의무 불이행","교차로","교차로내","승용차","중형","00","00","1109223","1699591","128.70110537","35.28586038"
"2014","2014-01-15 20:00","45","야간","수","1","1","0","0","0","전남","구례군","차량단독","기타","기타","운전자법규위반","안전운전 의무 불이행","단일로","기타단일로","화물차","소형","00","00","998938","1692526","127.48843916","35.22886641"
"2014","2014-01-16 19:00","00","야간","목","1","2","1","0","0","충남","서산시","차대차","추돌","진행중 추돌","운전자법규위반","안전운전 의무 불이행","단일로","기타단일로","화물차","소형","특수차","대형","905715","1881029","126.44141767","36.92291148"
"2014","2014-01-09 15:00","14","주간","목","1","2","1","0","0","부산","사하구","차대차","기타","기타","운전자법규위반","중앙선 침범","단일로","기타단일로","특수차","대형","특수차","대형","1135896","1675802","128.99042356","35.06815608"
"2014","2014-01-23 12:00","10","주간","목","1","1","0","0","0","경기","고양시","차대사람","기타","기타","운전자법규위반","안전운전 의무 불이행","단일로","기타단일로","승용차","중형","보행자","보행자","943833","1967501","126.86280953","37.70536073"
"2014","2014-06-29 13:00","55","주간","일","1","1","0","0","0","경북","영천시","차대사람","길가장자리구역통행중","길가장자리구역통행중","운전자법규위반","안전운전 의무 불이행","단일로","기타단일로","화물차","중형","보행자","보행자","1127447","1782566","128.91459284","36.03161882"
"2014","2014-07-15 19:00","18","야간","화","1","4","1","2","0","경기","이천시","차량단독","공작물충돌","공작물충돌","운전자법규위반","과속","단일로","기타단일로","승용차","중형","00","00","988917","1921626","127.37495616","37.29351447"
"2014","2014-02-14 23:00","50","야간","금","1","1","0","0","0","광주","북구","차대사람","횡단중","횡단중","운전자법규위반","안전운전 의무 불이행","단일로","기타단일로","화물차","소형","보행자","보행자","943332","1690777","126.87739568","35.2107468"
"2014","2014-02-15 14:00","25","주간","토","2","19","1","9","7","경기","남양주시","차대차","정면충돌","정면충돌","운전자법규위반","신호위반","교차로","교차로내","승용차","중형","승합차","대형","972355","1958213","127.18672466","37.62295001"
"2014","2014-02-07 20:00","40","야간","금","1","1","0","0","0","강원","춘천시","차대사람","횡단중","횡단중","운전자법규위반","안전운전 의무 불이행","교차로","교차로내","승용차","중형","보행자","보행자","1021904","1986614","127.74907509","37.8790886"
"2014","2014-02-07 19:00","10","야간","금","1","1","0","0","0","경북","청도군","차대사람","기타","기타","운전자법규위반","안전운전 의무 불이행","단일로","횡단보도상","화물차","소형","보행자","보행자","1113247","1739520","128.75090925","35.64535695"
"2014","2014-02-06 07:00","00","주간","목","1","6","1","1","3","경기","화성시","차대차","측면직각충돌","측면직각충돌","운전자법규위반","신호위반","교차로","교차로내","승용차","소형","승합차","중형","947747","1904258","126.91168646","37.13556369"
"2014","2014-01-11 01:00","20","야간","토","1","2","0","1","0","충북","청원군","차대차","추돌","진행중 추돌","운전자법규위반","안전운전 의무 불이행","단일로","기타단일로","승용차","중형","화물차","대형","988447","1851774","127.35183456","36.66378312"
"2014","2014-01-12 06:00","55","주간","일","3","12","6","3","0","경북","칠곡군","차대차","측면직각충돌","측면직각충돌","운전자법규위반","안전거리 미확보","단일로","기타단일로","화물차","중형","화물차","소형","1083799","1776437","128.42926281","35.98126589"
"2014","2014-07-22 01:00","35","야간","화","1","1","0","0","0","경북","경주시","차대차","정면충돌","정면충돌","운전자법규위반","안전운전 의무 불이행","단일로","기타단일로","승용차","대형","화물차","대형","1147649","1759388","129.13011723","35.82262279"
"2014","2014-08-18 04:00","20","야간","월","1","1","0","0","0","경북","상주시","차대차","추돌","진행중 추돌","운전자법규위반","안전운전 의무 불이행","단일로","기타단일로","화물차","중형","화물차","대형","1051353","1823426","128.07273522","36.40696793"
"2014","2014-03-14 02:00","40","야간","금","1","2","1","0","0","경기","의왕시","차대차","추돌","진행중 추돌","운전자법규위반","안전운전 의무 불이행","단일로","기타단일로","승용차","중형","화물차","중형","955377","1932003","126.99592502","37.38604354"
"2014","2014-02-05 13:00","20","주간","수","1","2","1","0","0","강원","원주시","차대차","추돌","진행중 추돌","운전자법규위반","안전운전 의무 불이행","단일로","기타단일로","화물차","중형","화물차","대형","1048656","1917536","128.04860396","37.25536385"
"2014","2014-08-20 15:00","40","주간","수","1","1","0","0","0","전북","고창군","차대차","정면충돌","정면충돌","운전자법규위반","중앙선 침범","단일로","기타단일로","화물차","소형","이륜차","소형","909914","1718127","126.50726526","35.4548788"
"2014","2014-08-08 23:00","30","야간","금","1","1","0","0","0","울산","중구","차대사람","횡단중","횡단중","운전자법규위반","안전운전 의무 불이행","단일로","기타단일로","승용차","대형","보행자","보행자","1165571","1730608","129.32682383","35.55765525"
"2014","2014-08-07 15:00","55","주간","목","1","4","0","0","3","전남","무안군","차대차","정면충돌","정면충돌","운전자법규위반","안전운전 의무 불이행","단일로","기타단일로","승용차","소형","승용차","경형","909481","1644139","126.5105941","34.78777098"
"2014","2014-08-05 14:00","15","주간","화","1","2","1","0","0","충북","청주시","차대차","기타","기타","운전자법규위반","중앙선 침범","단일로","기타단일로","특수차","대형","건설기계","건설기계","992520","1859478","127.41622412","36.73332354"
"2014","2014-08-06 07:00","10","주간","수","1","1","0","0","0","충남","청양군","차대사람","기타","기타","운전자법규위반","안전운전 의무 불이행","단일로","기타단일로","승합차","대형","보행자","보행자","937474","1828183","126.80227731","36.44918792"
"2014","2014-08-03 21:00","15","야간","일","1","3","2","0","0","울산","북구","차대차","정면충돌","정면충돌","운전자법규위반","중앙선 침범","단일로","기타단일로","승용차","중형","승용차","중형","1172180","1726050","129.39874042","35.51545332"
"2014","2014-08-05 14:00","00","주간","화","1","1","0","0","0","전남","영암군","차대차","기타","기타","운전자법규위반","신호위반","교차로","교차로내","화물차","소형","이륜차","대형","906567","1639530","126.47926933","34.7459264"
"2014","2014-08-05 09:00","40","주간","화","1","4","2","1","0","강원","속초시","차대차","측면직각충돌","측면직각충돌","운전자법규위반","교차로 통행방법 위반","교차로","교차로내","화물차","소형","승합차","소형","1094965","2025809","128.58498531","38.22759454"
"2014","2014-07-02 16:00","40","주간","수","1","1","0","0","0","광주","동구","차량단독","기타","기타","운전자법규위반","안전운전 의무 불이행","단일로","기타단일로","승합차","대형","00","00","946611","1683881","126.913524","35.14858717"
"2014","2014-07-02 14:00","27","주간","수","1","1","0","0","0","경기","남양주시","차대사람","횡단중","횡단중","운전자법규위반","안전운전 의무 불이행","단일로","기타단일로","승용차","중형","보행자","보행자","974593","1954003","127.21223176","37.58506823"
"2014","2014-07-08 15:00","30","주간","화","1","1","0","0","0","전남","영암군","차량단독","전도전복","전도전복","운전자법규위반","안전운전 의무 불이행","단일로","기타단일로","농기계","농기계","00","00","922297","1650554","126.65006904","34.84667124"
"2014","2014-07-08 01:00","50","야간","화","1","1","0","0","0","충남","천안시","차대사람","기타","기타","운전자법규위반","안전운전 의무 불이행","교차로","교차로내","승용차","소형","보행자","보행자","968533","1868621","127.14719547","36.81525174"
"2014","2014-07-07 02:00","40","야간","월","1","2","1","0","0","대구","동구","차량단독","공작물충돌","공작물충돌","운전자법규위반","안전운전 의무 불이행","단일로","기타단일로","승용차","중형","00","00","1100713","1764065","128.61557002","35.86797856"
"2014","2014-07-06 20:00","00","야간","일","1","1","0","0","0","경기","화성시","차량단독","도로이탈","도로이탈 추락","운전자법규위반","안전운전 의무 불이행","단일로","기타단일로","이륜차","소형","00","00","945244","1899939","126.89043214","37.10438467"
"2014","2014-07-07 07:00","00","주간","월","1","1","0","0","0","경북","포항시","차대차","정면충돌","정면충돌","운전자법규위반","안전운전 의무 불이행","단일로","기타단일로","화물차","소형","이륜차","소형","1166755","1777551","129.34965376","35.98048841"