"발생년","발생년월일시","발생분","주야","요일","사망자수","사상자수","중상자수","경상자수","부상신고자수","발생지시도","발생지시군구","사고유형_대분류","사고유형_중분류","사고유형","법규위반_대분류","법규위반","도로형태_대분류","도로형태","당사자종별_1당_대분류","당사자종별_1당","당사자종별_2당_대분류","당사자종별_2당","발생위치X_UTMK","발생위치Y_UTMK","경도","위도"
"2014","2014-07-03 22:00","40","야간","목","1","1","0","0","0","경북","상주시","차량단독","도로이탈","도로이탈 추락","운전자법규위반","안전운전 의무 불이행","단일로","기타단일로","화물차","소형","00","00","1042617","1822711","127.97526751","36.4009497"
"2014","2014-07-14 09:00","03","주간","월","1","1","0","0","0","경북","영덕군","차대사람","횡단중","횡단중","운전자법규위반","과속","교차로","교차로내","화물차","중형","보행자","보행자","1168313","1811530","129.3741958","36.28640302"
"2014","2014-07-13 02:00","40","야간","일","1","2","1","0","0","서울","용산구","차대차","측면직각충돌","측면직각충돌","운전자법규위반","신호위반","교차로","교차로내","이륜차","중형","승용차","중형","956511","1948361","127.00776907","37.53353857"
"2014","2014-07-12 02:00","20","야간","토","1","2","1","0","0","충남","서천군","차량단독","공작물충돌","공작물충돌","운전자법규위반","안전운전 의무 불이행","단일로","기타단일로","승합차","소형","00","00","918564","1794592","126.59478877","36.1449666"
"2014","2014-07-12 04:00","55","야간","토","1","1","0","0","0","서울","마포구","차대사람","횡단중","횡단중","운전자법규위반","안전운전 의무 불이행","단일로","기타단일로","승용차","중형","보행자","보행자","951369","1949609","126.9494889","37.54453012"
"2014","2014-07-10 03:00","20","야간","목","1","1","0","0","0","경기","포천시","차량단독","공작물충돌","공작물충돌","운전자법규위반","안전운전 의무 불이행","단일로","기타단일로","승용차","소형","00","00","974925","1990059","127.21474739","37.91005641"
"2014","2014-07-11 21:00","45","야간","금","1","1","0","0","0","충북","청주시","차대차","측면직각충돌","측면직각충돌","운전자법규위반","안전운전 의무 불이행","단일로","기타단일로","승용차","중형","이륜차","소형","984398","1846322","127.33170517","36.62208022"
"2014","2014-07-20 10:00","00","주간","일","1","1","0","0","0","경북","청송군","차량단독","공작물충돌","공작물충돌","운전자법규위반","기타(운전자법규위반)","단일로","기타단일로","이륜차","중형","00","00","1139130","1811996","129.04943927","36.29525424"
"2014","2014-07-18 09:00","59","주간","금","1","1","0","0","0","서울","서초구","차대사람","기타","기타","운전자법규위반","안전운전 의무 불이행","단일로","기타단일로","화물차","중형","보행자","보행자","956193","1943509","127.00445913","37.48979093"
"2014","2014-07-19 18:00","32","야간","토","3","13","5","4","1","서울","금천구","차대차","정면충돌","정면충돌","운전자법규위반","안전운전 의무 불이행","단일로","기타단일로","승용차","중형","승용차","중형","947263","1940998","126.90362824","37.46669189"
"2014","2014-07-16 00:00","10","야간","수","1","3","1","1","0","서울","관악구","차대차","추돌","주정차중 추돌","운전자법규위반","안전운전 의무 불이행","단일로","기타단일로","승합차","중형","승용차","중형","950377","1940776","126.93885607","37.46485439"
"2014","2014-04-16 21:00","15","야간","수","1","1","0","0","0","대구","달성군","차대차","추돌","진행중 추돌","운전자법규위반","안전운전 의무 불이행","단일로","기타단일로","화물차","소형","화물차","중형","1089180","1756698","128.48701732","35.80268446"
"2014","2014-05-20 12:00","00","주간","화","1","1","0","0","0","경남","김해시","차대차","기타","기타","운전자법규위반","안전운전 의무 불이행","단일로","기타단일로","화물차","중형","화물차","소형","1119172","1692404","128.80944582","35.219936"
"2014","2014-01-02 09:00","30","주간","목","1","1","0","0","0","인천","남동구","차대차","기타","기타","운전자법규위반","안전운전 의무 불이행","교차로","교차로내","특수차","대형","원동기장치자전거","원동기장치자전거","930078","1936212","126.70976184","37.42241567"
"2014","2014-01-01 21:00","00","야간","수","1","1","0","0","0","대전","동구","차대사람","횡단중","횡단중","운전자법규위반","안전운전 의무 불이행","단일로","기타단일로","승용차","중형","보행자","보행자","993745","1815667","127.43048998","36.33839239"
"2014","2014-01-01 18:00","22","야간","수","1","2","0","1","0","경기","광주시","차대사람","보도통행중","보도통행중","운전자법규위반","보행자 보호의무 위반","단일로","횡단보도상","승용차","중형","보행자","보행자","978861","1935006","127.26111824","37.41394503"
"2014","2014-01-02 19:00","37","야간","목","1","1","0","0","0","전남","영암군","차량단독","공작물충돌","공작물충돌","운전자법규위반","신호위반","교차로","교차로내","승용차","중형","00","00","904702","1642659","126.45853305","34.77399112"
"2014","2014-01-15 18:00","10","야간","수","1","1","0","0","0","충남","당진시","차대사람","기타","기타","운전자법규위반","안전운전 의무 불이행","교차로","교차로부근","승용차","경형","보행자","보행자","923156","1877904","126.63753074","36.89632777"
"2014","2014-01-17 06:00","50","주간","금","1","1","0","0","0","전남","영암군","차대사람","기타","기타","운전자법규위반","안전운전 의무 불이행","단일로","기타단일로","화물차","소형","보행자","보행자","919767","1649515","126.62249766","34.83710646"
"2014","2014-01-17 06:00","45","주간","금","1","1","0","0","0","경기","화성시","차량단독","공작물충돌","공작물충돌","운전자법규위반","안전운전 의무 불이행","교차로","교차로부근","승용차","경형","00","00","946782","1900999","126.9018205","37.10593"
"2014","2014-01-11 22:00","29","야간","토","1","1","0","0","0","경기","과천시","차대사람","차도통행중","차도통행중","운전자법규위반","안전운전 의무 불이행","단일로","기타단일로","승용차","중형","보행자","보행자","955262","1939016","126.99420105","37.44924926"
"2014","2014-01-09 11:00","20","주간","목","1","1","0","0","0","충북","증평군","차대사람","기타","기타","운전자법규위반","안전운전 의무 불이행","기타/불명","기타/불명","승합차","대형","보행자","보행자","1007389","1865289","127.58281298","36.78570917"
"2014","2014-01-21 08:00","15","주간","화","1","2","1","0","0","제주","서귀포시","차량단독","도로이탈","도로이탈 기타","운전자법규위반","안전운전 의무 불이행","단일로","기타단일로","승용차","중형","00","00","934814","1494418","126.79870458","33.43951353"
"2014","2014-01-28 12:00","40","주간","화","1","1","0","0","0","충남","태안군","차대차","측면직각충돌","측면직각충돌","운전자법규위반","앞지르기 방법위반","단일로","기타단일로","승용차","소형","이륜차","소형","897717","1833556","126.35798592","36.49420001"
"2014","2014-01-29 19:00","00","야간","수","1","1","0","0","0","강원","속초시","차대사람","횡단중","횡단중","운전자법규위반","보행자 보호의무 위반","단일로","횡단보도상","승합차","대형","보행자","보행자","1095844","2024032","128.59478631","38.21148889"
"2014","2014-01-27 15:00","10","주간","월","1","1","0","0","0","전북","익산시","차대차","측면직각충돌","측면직각충돌","운전자법규위반","안전운전 의무 불이행","단일로","기타단일로","화물차","중형","자전거","자전거","951214","1790419","126.9579528","36.10953879"
"2014","2014-01-27 11:00","35","주간","월","1","1","0","0","0","경기","포천시","차량단독","기타","기타","운전자법규위반","안전운전 의무 불이행","단일로","기타단일로","이륜차","사발이","00","00","973922","1999095","127.20300974","37.99146835"
"2014","2014-01-24 20:00","20","야간","금","1","1","0","0","0","경기","군포시","차대사람","기타","기타","운전자법규위반","안전운전 의무 불이행","단일로","기타단일로","승합차","중형","보행자","보행자","949291","1929702","126.92733636","37.36499067"
"2014","2014-01-24 19:00","20","야간","금","1","1","0","0","0","제주","제주시","차대사람","기타","기타","운전자법규위반","안전운전 의무 불이행","단일로","기타단일로","승용차","소형","보행자","보행자","886386","1493111","126.27794448","33.42368733"
"2014","2014-01-24 16:00","00","주간","금","1","1","0","0","0","경북","포항시","차대차","기타","기타","운전자법규위반","안전운전 의무 불이행","교차로","교차로내","원동기장치자전거","원동기장치자전거","화물차","중형","1166134","1793249","129.34610058","36.1228312"
"2014","2014-02-07 06:00","35","주간","금","1","1","0","0","0","경기","성남시","차대사람","기타","기타","운전자법규위반","안전운전 의무 불이행","교차로","교차로내","승용차","중형","보행자","보행자","968119","1937774","127.13961028","37.43858709"
"2014","2014-02-06 19:00","15","야간","목","1","1","0","0","0","전북","완주군","차대사람","기타","기타","운전자법규위반","신호위반","교차로","교차로내","화물차","소형","보행자","보행자","970569","1771213","127.17371115","35.93716199"
"2014","2014-02-14 06:00","25","주간","금","1","1","0","0","0","서울","성북구","차대사람","기타","기타","운전자법규위반","안전운전 의무 불이행","단일로","기타단일로","승용차","중형","보행자","보행자","961493","1956810","127.06371231","37.60991347"
"2014","2014-02-14 02:00","08","야간","금","1","1","0","0","0","경기","고양시","차대차","측면직각충돌","측면직각충돌","운전자법규위반","안전운전 의무 불이행","교차로","교차로내","승용차","중형","원동기장치자전거","원동기장치자전거","935430","1962825","126.76790213","37.66266392"
"2014","2014-02-15 05:00","11","야간","토","1","4","0","3","0","경기","평택시","차대차","기타","기타","운전자법규위반","교차로 통행방법 위반","교차로","교차로내","승용차","중형","승합차","대형","964788","1887547","127.10432796","36.98572566"
"2014","2014-02-15 16:00","15","주간","토","1","2","1","0","0","전남","완도군","차량단독","전도전복","전도전복","운전자법규위반","안전운전 의무 불이행","단일로","기타단일로","승용차","소형","00","00","937800","1601265","126.82325039","34.40328115"
"2014","2014-02-08 23:00","10","야간","토","1","1","0","0","0","경북","포항시","차대사람","기타","기타","운전자법규위반","안전운전 의무 불이행","단일로","기타단일로","승용차","중형","보행자","보행자","1166797","1781258","129.35090001","36.01388587"
"2014","2014-02-10 23:00","30","야간","월","1","3","1","1","0","부산","해운대구","차대차","추돌","진행중 추돌","운전자법규위반","안전운전 의무 불이행","단일로","교량위","승용차","중형","승합차","중형","1148312","1684563","129.12811788","35.14537507"
"2014","2014-02-12 21:00","20","야간","수","1","1","0","0","0","경기","이천시","차대사람","기타","기타","운전자법규위반","안전운전 의무 불이행","단일로","기타단일로","승용차","중형","보행자","보행자","996298","1916910","127.45825566","37.25106307"
"2014","2014-02-13 19:00","37","야간","목","1","1","0","0","0","충남","공주시","차대사람","횡단중","횡단중","운전자법규위반","안전운전 의무 불이행","교차로","교차로내","승용차","중형","보행자","보행자","969435","1834379","127.158674","36.50659708"
"2014","2014-02-11 01:00","00","야간","화","1","2","1","0","0","전남","여수시","차량단독","공작물충돌","공작물충돌","운전자법규위반","안전운전 의무 불이행","단일로","기타단일로","승용차","소형","00","00","1019178","1643829","127.70962873","34.7888163"
"2014","2014-02-12 14:00","41","주간","수","1","1","0","0","0","전남","여수시","차대차","기타","기타","운전자법규위반","안전거리 미확보","단일로","기타단일로","이륜차","소형","승용차","대형","1010665","1648107","127.61617303","34.82892594"
"2014","2014-02-13 09:00","30","주간","목","1","1","0","0","0","경기","군포시","차대사람","기타","기타","운전자법규위반","안전운전 의무 불이행","단일로","기타단일로","특수차","대형","보행자","보행자","949151","1927912","126.9258783","37.34884897"
"2014","2014-02-13 03:00","45","야간","목","1","1","0","0","0","경기","부천시","차량단독","기타","기타","운전자법규위반","안전운전 의무 불이행","단일로","기타단일로","이륜차","소형","00","00","933832","1944529","126.75143816","37.49765242"
"2014","2014-02-07 20:00","57","야간","금","1","1","0","0","0","부산","수영구","차대사람","횡단중","횡단중","운전자법규위반","안전운전 의무 불이행","단일로","기타단일로","화물차","중형","보행자","보행자","1146972","1686192","129.113703","35.16025501"
"2014","2014-02-07 13:00","00","주간","금","1","3","0","2","0","인천","계양구","차대차","측면직각충돌","측면직각충돌","운전자법규위반","안전운전 의무 불이행","교차로","교차로내","원동기장치자전거","원동기장치자전거","승용차","중형","929795","1948104","126.70542975","37.52957489"
"2014","2014-02-21 05:00","28","야간","금","1","1","0","0","0","경기","안양시","차대차","추돌","주정차중 추돌","운전자법규위반","안전운전 의무 불이행","교차로","교차로부근","승용차","대형","이륜차","중형","952516","1932065","126.96360357","37.3864602"
"2014","2014-02-21 06:00","38","주간","금","1","1","0","0","0","제주","서귀포시","차대사람","횡단중","횡단중","운전자법규위반","안전운전 의무 불이행","단일로","기타단일로","승용차","중형","보행자","보행자","933169","1479773","126.7820942","33.30732711"
"2014","2014-02-21 04:00","40","야간","금","1","1","0","0","0","경기","안산시","차대사람","기타","기타","운전자법규위반","안전운전 의무 불이행","교차로","교차로내","승용차","중형","보행자","보행자","943231","1922188","126.85947892","37.29691316"
"2014","2014-10-14 00:00","45","야간","화","1","1","0","0","0","인천","서구","차대차","추돌","진행중 추돌","운전자법규위반","안전운전 의무 불이행","단일로","기타단일로","이륜차","대형","화물차","중형","927330","1946830","126.67765986","37.51790172"
"2014","2014-08-29 18:00","02","야간","금","1","1","0","0","0","경북","상주시","차대차","추돌","주정차중 추돌","운전자법규위반","안전운전 의무 불이행","단일로","기타단일로","화물차","경형","화물차","중형","1055084","1820644","128.1141473","36.38168187"
"2014","2014-08-25 17:00","40","주간","월","1","2","1","0","0","경남","거창군","차대차","정면충돌","정면충돌","운전자법규위반","중앙선 침범","단일로","기타단일로","승합차","중형","화물차","중형","1040588","1744943","127.94100381","35.68342367"
"2014","2014-02-17 05:00","35","야간","월","1","1","0","0","0","경기","안성시","차대차","추돌","진행중 추돌","운전자법규위반","안전운전 의무 불이행","단일로","기타단일로","화물차","대형","화물차","중형","971487","1884494","127.17971777","36.95843193"
"2014","2014-03-29 13:00","34","주간","토","1","4","3","0","0","강원","원주시","차량단독","공작물충돌","공작물충돌","운전자법규위반","안전운전 의무 불이행","단일로","교량위","승합차","소형","00","00","1035793","1929703","127.9042199","37.36569529"
"2014","2014-02-13 07:00","10","주간","목","1","1","0","0","0","경기","시흥시","차대사람","기타","기타","운전자법규위반","안전운전 의무 불이행","단일로","기타단일로","화물차","중형","보행자","보행자","944016","1931992","126.86759496","37.38532774"
"2014","2014-03-27 07:00","31","주간","목","1","1","0","0","0","인천","부평구","차대차","추돌","주정차중 추돌","운전자법규위반","안전운전 의무 불이행","단일로","기타단일로","승용차","소형","화물차","경형","934100","1941727","126.75472074","37.47241738"
"2014","2014-01-29 11:00","30","주간","수","1","2","0","1","0","경북","김천시","차대차","추돌","진행중 추돌","운전자법규위반","안전거리 미확보","단일로","기타단일로","화물차","대형","화물차","대형","1068834","1797089","128.26536328","36.16845363"
"2014","2014-01-12 22:00","00","야간","일","1","1","0","0","0","경북","고령군","차량단독","도로이탈","도로이탈 추락","운전자법규위반","안전운전 의무 불이행","단일로","기타단일로","승용차","경형","00","00","1079670","1751788","128.38128664","35.75923781"
"2014","2014-07-20 02:00","05","야간","일","1","1","0","0","0","전북","고창군","차대차","기타","기타","운전자법규위반","안전운전 의무 불이행","단일로","기타단일로","화물차","대형","화물차","중형","924197","1716605","126.66478732","35.44234847"
"2014","2014-06-19 15:00","52","주간","목","1","1","0","0","0","경남","밀양시","차대차","기타","기타","운전자법규위반","안전운전 의무 불이행","단일로","기타단일로","화물차","대형","승용차","대형","1116452","1722907","128.80643934","35.48393388"
"2014","2014-08-18 06:00","10","주간","월","1","1","0","0","0","충북","청주시","차량단독","공작물충돌","공작물충돌","운전자법규위반","안전운전 의무 불이행","단일로","기타단일로","승용차","대형","00","00","991050","1845911","127.39927381","36.61159631"
"2014","2014-07-28 01:00","35","야간","월","2","4","1","1","0","경기","광주시","차대차","기타","기타","운전자법규위반","안전운전 의무 불이행","단일로","기타단일로","승용차","중형","승용차","대형","983903","1929434","127.31821648","37.36382158"
"2014","2014-05-14 11:00","50","주간","수","1","1","0","0","0","경기","고양시","차대차","기타","기타","운전자법규위반","안전운전 의무 불이행","단일로","기타단일로","승용차","중형","화물차","중형","942255","1962993","126.84526611","37.66463296"
"2014","2014-05-23 09:00","35","주간","금","1","1","0","0","0","인천","남동구","차대사람","횡단중","횡단중","운전자법규위반","신호위반","교차로","교차로내","승용차","대형","보행자","보행자","932136","1933066","126.73330785","37.39421397"
"2014","2014-05-22 17:00","10","주간","목","1","1","0","0","0","전북","순창군","차대차","추돌","주정차중 추돌","운전자법규위반","안전운전 의무 불이행","단일로","기타단일로","이륜차","중형","화물차","소형","953533","1716959","126.98798188","35.44734361"
"2014","2014-05-30 17:00","00","주간","금","1","2","1","0","0","경기","안산시","차대차","측면직각충돌","측면직각충돌","운전자법규위반","안전운전 의무 불이행","단일로","기타단일로","승용차","중형","승용차","중형","944134","1923190","126.86959146","37.30599931"
"2014","2014-06-06 11:00","40","주간","금","1","1","0","0","0","서울","강남구","차대사람","기타","기타","운전자법규위반","보행자 보호의무 위반","단일로","횡단보도상","승용차","중형","보행자","보행자","961642","1943604","127.06609104","37.49088966"
"2014","2014-06-06 02:00","40","야간","금","1","2","1","0","0","전북","군산시","차대차","측면직각충돌","측면직각충돌","운전자법규위반","신호위반","교차로","교차로내","화물차","대형","승용차","중형","924780","1774718","126.65682063","35.95579504"
"2014","2014-06-06 01:00","00","야간","금","1","1","0","0","0","인천","남동구","차대사람","기타","기타","운전자법규위반","안전운전 의무 불이행","단일로","기타단일로","승용차","중형","보행자","보행자","931063","1933796","126.72111858","37.40071423"
"2014","2014-05-31 16:00","50","주간","토","1","1","0","0","0","충남","아산시","차대차","정면충돌","정면충돌","운전자법규위반","안전운전 의무 불이행","교차로","교차로내","승용차","중형","이륜차","대형","954207","1864806","126.98680836","36.78027691"
"2014","2014-06-11 00:00","06","야간","수","1","1","0","0","0","서울","강남구","차대사람","횡단중","횡단중","운전자법규위반","과속","단일로","기타단일로","승용차","대형","보행자","보행자","961503","1942304","127.06458671","37.47916642"
"2014","2014-06-11 14:00","10","주간","수","1","3","0","2","0","강원","홍천군","차대차","추돌","주정차중 추돌","운전자법규위반","안전운전 의무 불이행","교차로","교차로부근","화물차","대형","건설기계","건설기계","1031209","1963726","127.85409742","37.67275166"
"2014","2014-06-11 20:00","18","야간","수","1","1","0","0","0","인천","강화군","차대사람","횡단중","횡단중","운전자법규위반","안전운전 의무 불이행","단일로","횡단보도상","승용차","소형","보행자","보행자","904761","1963403","126.42014755","37.6652023"
"2014","2014-06-13 06:00","55","주간","금","1","2","1","0","0","경기","양주시","차대차","추돌","진행중 추돌","운전자법규위반","중앙선 침범","단일로","기타단일로","화물차","중형","승용차","소형","955474","1987710","126.99362455","37.88814131"
"2014","2014-06-11 13:00","30","주간","수","1","1","0","0","0","전남","해남군","차대차","기타","기타","운전자법규위반","안전운전 의무 불이행","단일로","기타단일로","이륜차","중형","화물차","중형","913889","1621677","126.56105891","34.58562018"
"2014","2014-06-28 04:00","35","야간","토","1","2","1","0","0","경남","통영시","차대차","측면직각충돌","측면직각충돌","운전자법규위반","안전운전 의무 불이행","교차로","교차로내","승용차","중형","이륜차","소형","1084541","1651266","128.42478991","34.85254536"
"2014","2014-06-17 13:00","20","주간","화","1","1","0","0","0","충남","태안군","차대사람","길가장자리구역통행중","길가장자리구역통행중","운전자법규위반","안전운전 의무 불이행","단일로","기타단일로","건설기계","건설기계","보행자","보행자","892259","1862159","126.29278972","36.75053221"
"2014","2014-06-16 20:00","35","야간","월","1","1","0","0","0","전북","부안군","차대차","측면직각충돌","측면직각충돌","운전자법규위반","신호위반","교차로","교차로내","자전거","자전거","화물차","중형","932328","1749147","126.75164366","35.73632687"
"2014","2014-06-18 10:00","40","주간","수","1","1","0","0","0","강원","춘천시","차대사람","횡단중","횡단중","운전자법규위반","안전운전 의무 불이행","단일로","기타단일로","승용차","소형","보행자","보행자","1022114","1992055","127.75162995","37.92812305"
"2014","2014-06-18 10:00","15","주간","수","1","1","0","0","0","전북","군산시","차대차","추돌","진행중 추돌","운전자법규위반","안전운전 의무 불이행","교차로","교차로내","원동기장치자전거","원동기장치자전거","승용차","중형","930158","1776360","126.72526483","35.98150947"
"2014","2014-06-09 20:00","48","야간","월","1","1","0","0","0","경기","이천시","차대사람","길가장자리구역통행중","길가장자리구역통행중","운전자법규위반","안전운전 의무 불이행","단일로","기타단일로","화물차","소형","보행자","보행자","1001168","1905057","127.51315201","37.14422523"
"2014","2014-02-22 00:00","10","야간","토","1","1","0","0","0","서울","중구","차대사람","기타","기타","운전자법규위반","안전운전 의무 불이행","교차로","교차로부근","승용차","중형","보행자","보행자","954759","1951936","126.98771809","37.5658478"
"2014","2014-02-21 22:00","54","야간","금","1","1","0","0","0","경북","구미시","차대사람","기타","기타","운전자법규위반","안전운전 의무 불이행","교차로","교차로내","승용차","경형","보행자","보행자","1074874","1793364","128.33216088","36.13442553"
"2014","2014-02-21 11:00","15","주간","금","1","1","0","0","0","경기","안성시","차대사람","횡단중","횡단중","운전자법규위반","안전운전 의무 불이행","단일로","기타단일로","화물차","소형","보행자","보행자","978125","1889306","127.25414118","37.00198681"
"2014","2014-02-24 14:00","35","주간","월","1","1","0","0","0","제주","제주시","차량단독","공작물충돌","공작물충돌","운전자법규위반","안전운전 의무 불이행","단일로","기타단일로","승용차","대형","00","00","909810","1501929","126.52897587","33.50543791"
"2014","2014-02-20 22:00","35","야간","목","1","1","0","0","0","제주","제주시","차량단독","공작물충돌","공작물충돌","운전자법규위반","안전운전 의무 불이행","단일로","기타단일로","승용차","소형","00","00","913701","1503428","126.57071862","33.5192778"
"2014","2014-08-07 13:00","12","주간","목","1","1","0","0","0","전북","부안군","차대차","추돌","진행중 추돌","운전자법규위반","안전운전 의무 불이행","단일로","기타단일로","화물차","소형","화물차","대형","933707","1747778","126.76706656","35.7241626"
"2014","2014-03-03 14:00","28","주간","월","2","2","0","0","0","전북","장수군","차량단독","공작물충돌","공작물충돌","운전자법규위반","안전운전 의무 불이행","기타/불명","기타/불명","승용차","대형","00","00","1005109","1748129","127.55649396","35.72946233"
"2014","2014-05-28 13:00","55","주간","수","1","2","1","0","0","경기","여주시","차량단독","전도전복","전도전복","운전자법규위반","안전운전 의무 불이행","단일로","기타단일로","화물차","소형","00","00","1006460","1915554","127.57283221","37.23882497"
"2014","2014-04-27 18:00","00","야간","일","1","2","1","0","0","경기","여주시","차량단독","전도전복","전도전복","운전자법규위반","안전운전 의무 불이행","단일로","기타단일로","승용차","중형","00","00","1007258","1923209","127.58190384","37.30782129"
"2014","2014-09-12 19:00","35","야간","금","1","5","3","1","0","충북","청주시","차대차","추돌","주정차중 추돌","운전자법규위반","안전거리 미확보","단일로","기타단일로","화물차","소형","승용차","대형","992839","1850015","127.42408509","36.66873538"
"2014","2014-12-20 19:00","09","야간","토","2","2","0","0","0","경남","함양군","차량단독","도로이탈","도로이탈 추락","운전자법규위반","안전운전 의무 불이행","단일로","기타단일로","승용차","중형","00","00","1014421","1743289","127.65937644","35.68573081"
"2014","2014-01-08 08:00","00","주간","수","1","3","1","1","0","전남","순천시","차대차","정면충돌","정면충돌","운전자법규위반","안전운전 의무 불이행","교차로","교차로내","화물차","중형","승용차","중형","1003145","1662810","127.53444844","34.96015552"
"2014","2014-01-08 07:00","10","주간","수","1","2","0","1","0","전남","목포시","차대사람","기타","기타","운전자법규위반","안전운전 의무 불이행","단일로","기타단일로","승합차","중형","보행자","보행자","900834","1645757","126.41596865","34.80151871"
"2014","2014-01-06 15:00","00","주간","월","1","1","0","0","0","인천","계양구","차대사람","횡단중","횡단중","운전자법규위반","안전운전 의무 불이행","교차로","교차로내","승합차","대형","보행자","보행자","932701","1948206","126.73830738","37.5307109"
"2014","2014-01-06 18:00","15","야간","월","1","1","0","0","0","경남","사천시","차대사람","횡단중","횡단중","운전자법규위반","안전운전 의무 불이행","단일로","기타단일로","승용차","중형","보행자","보행자","1045151","1668548","127.99485998","35.01089383"
"2014","2014-01-06 06:00","50","주간","월","1","1","0","0","0","전북","전주시","차대사람","횡단중","횡단중","운전자법규위반","보행자 보호의무 위반","교차로","교차로부근","승용차","대형","보행자","보행자","967719","1757674","127.14266356","35.81500494"
"2014","2014-01-02 05:00","28","야간","목","1","1","0","0","0","경기","용인시","차대사람","길가장자리구역통행중","길가장자리구역통행중","운전자법규위반","안전운전 의무 불이행","단일로","기타단일로","승용차","중형","보행자","보행자","976964","1914512","127.24031773","37.22917001"
"2014","2014-01-01 00:00","30","야간","수","1","1","0","0","0","전남","진도군","차대차","추돌","진행중 추돌","운전자법규위반","안전운전 의무 불이행","단일로","기타단일로","승용차","중형","이륜차","소형","887866","1606259","126.27938767","34.44409725"
"2014","2014-01-01 18:00","35","야간","수","1","1","0","0","0","강원","화천군","차량단독","전도전복","전도전복","운전자법규위반","안전운전 의무 불이행","단일로","기타단일로","화물차","중형","00","00","1028689","2007219","127.82705064","38.06460877"
"2014","2014-01-15 06:00","10","주간","수","1","1","0","0","0","경남","김해시","차량단독","전도전복","전도전복","운전자법규위반","안전운전 의무 불이행","단일로","기타단일로","승용차","대형","00","00","1119338","1700947","128.81251061","35.29692872"
"2014","2014-01-17 06:00","57","주간","금","1","2","0","1","0","경북","고령군","차대사람","기타","기타","운전자법규위반","안전운전 의무 불이행","교차로","교차로내","승용차","중형","보행자","보행자","1068360","1744487","128.25556736","35.69426668"
"2014","2014-01-17 07:00","05","주간","금","1","1","0","0","0","서울","관악구","차대사람","기타","기타","운전자법규위반","안전운전 의무 불이행","교차로","교차로내","화물차","중형","보행자","보행자","948140","1943250","126.9133866","37.48703931"
"2014","2014-01-16 11:00","20","주간","목","1","1","0","0","0","경남","양산시","차대차","측면직각충돌","측면직각충돌","운전자법규위반","과속","단일로","기타단일로","화물차","소형","자전거","자전거","1143510","1702378","129.07852881","35.30665052"
"2014","2014-01-09 18:00","08","야간","목","1","1","0","0","0","대구","달성군","차대사람","기타","기타","운전자법규위반","안전운전 의무 불이행","단일로","기타단일로","화물차","경형","보행자","보행자","1083570","1753697","128.42276464","35.77436201"
"2014","2014-01-10 18:00","50","야간","금","1","1","0","0","0","전남","목포시","차대사람","횡단중","횡단중","운전자법규위반","안전운전 의무 불이행","단일로","기타단일로","승용차","경형","보행자","보행자","897780","1646791","126.38239551","34.81057478"
"2014","2014-06-08 01:00","28","야간","일","1","1","0","0","0","서울","용산구","차대사람","횡단중","횡단중","운전자법규위반","과속","기타/불명","기타/불명","승용차","중형","보행자","보행자","952615","1946957","126.96376443","37.52069197"
"2014","2014-06-19 01:00","17","야간","목","1","1","0","0","0","경기","안양시","차대사람","기타","기타","운전자법규위반","안전운전 의무 불이행","단일로","기타단일로","승용차","중형","보행자","보행자","947529","1935578","126.90702177","37.4178551"
"2014","2014-06-18 23:00","00","야간","수","1","1","0","0","0","전북","전주시","차대차","측면직각충돌","측면직각충돌","운전자법규위반","과속","교차로","교차로부근","승용차","중형","이륜차","소형","970206","1759055","127.17014162","35.82753481"
"2014","2014-06-16 18:00","00","야간","월","1","1","0","0","0","전남","고흥군","차량단독","전도전복","전도전복","운전자법규위반","안전운전 의무 불이행","교차로","교차로내","승용차","중형","00","00","981162","1625057","127.29450667","34.61954007"
"2014","2014-05-08 14:00","27","주간","목","1","3","1","1","0","대전","동구","차대차","측면직각충돌","측면직각충돌","운전자법규위반","중앙선 침범","고가도로위","고가도로위","이륜차","소형","화물차","소형","993460","1816258","127.42711868","36.34369686"
"2014","2014-05-09 19:00","04","야간","금","1","1","0","0","0","경기","부천시","차대차","측면직각충돌","측면직각충돌","운전자법규위반","안전운전 의무 불이행","교차로","교차로부근","특수차","대형","자전거","자전거","936198","1947626","126.77793399","37.52573204"
"2014","2014-05-08 00:00","40","야간","목","1","1","0","0","0","경남","진주시","차대사람","기타","기타","운전자법규위반","안전운전 의무 불이행","단일로","기타단일로","승용차","소형","보행자","보행자","1054173","1689093","128.09508263","35.19570061"
"2014","2014-05-09 17:00","30","주간","금","1","1","0","0","0","광주","광산구","차대차","정면충돌","정면충돌","운전자법규위반","중앙선 침범","단일로","기타단일로","이륜차","소형","승용차","중형","934587","1683506","126.78189853","35.14465591"
"2014","2014-05-19 09:00","55","주간","월","1","1","0","0","0","서울","송파구","차대차","기타","기타","운전자법규위반","안전운전 의무 불이행","교차로","교차로내","화물차","소형","자전거","자전거","968131","1944918","127.13943676","37.50298018"
"2014","2014-05-14 17:00","50","주간","수","1","1","0","0","0","강원","춘천시","차대사람","길가장자리구역통행중","길가장자리구역통행중","운전자법규위반","안전운전 의무 불이행","단일로","기타단일로","화물차","소형","보행자","보행자","1020719","1985802","127.7350627","37.87204035"