"발생년","발생년월일시","발생분","주야","요일","사망자수","사상자수","중상자수","경상자수","부상신고자수","발생지시도","발생지시군구","사고유형_대분류","사고유형_중분류","사고유형","법규위반_대분류","법규위반","도로형태_대분류","도로형태","당사자종별_1당_대분류","당사자종별_1당","당사자종별_2당_대분류","당사자종별_2당","발생위치X_UTMK","발생위치Y_UTMK","경도","위도"
"2014","2014-05-24 00:00","10","야간","토","1","1","0","0","0","경북","안동시","차량단독","전도전복","전도전복","운전자법규위반","안전운전 의무 불이행","단일로","기타단일로","이륜차","소형","00","00","1086023","1840235","128.46123718","36.55600324"
"2014","2014-05-23 02:00","40","야간","금","1","1","0","0","0","서울","서대문구","차대사람","차도통행중","차도통행중","운전자법규위반","안전운전 의무 불이행","단일로","기타단일로","승용차","중형","보행자","보행자","951562","1951014","126.95158082","37.55720379"
"2014","2014-05-21 07:00","50","주간","수","1","1","0","0","0","경남","거제시","차대사람","기타","기타","운전자법규위반","기타(운전자법규위반)","단일로","기타단일로","특수차","경형","보행자","보행자","1108587","1655923","128.68820519","34.89251041"
"2014","2014-05-21 09:00","49","주간","수","1","2","1","0","0","경북","의성군","차대차","정면충돌","정면충돌","운전자법규위반","중앙선 침범","단일로","기타단일로","건설기계","건설기계","화물차","소형","1076143","1828971","128.34973744","36.45530635"
"2014","2014-05-22 01:00","00","야간","목","1","2","1","0","0","경기","안양시","차대차","정면충돌","정면충돌","운전자법규위반","중앙선 침범","지하도로내","지하도로내","원동기장치자전거","원동기장치자전거","승용차","중형","949577","1933587","126.92899374","37.40109866"
"2014","2014-05-21 09:00","43","주간","수","1","1","0","0","0","세종","세종","차량단독","도로이탈","도로이탈 추락","운전자법규위반","안전운전 의무 불이행","단일로","기타단일로","자전거","자전거","00","00","982204","1842718","127.30107463","36.58209649"
"2014","2014-05-22 12:00","30","주간","목","1","1","0","0","0","전북","익산시","차량단독","전도전복","전도전복","운전자법규위반","안전운전 의무 불이행","단일로","기타단일로","이륜차","소형","00","00","953169","1789022","127.0038527","36.11276693"
"2014","2014-05-30 11:00","00","주간","금","1","1","0","0","0","전남","함평군","차량단독","전도전복","전도전복","운전자법규위반","안전운전 의무 불이행","단일로","기타단일로","이륜차","소형","00","00","911195","1672883","126.52627014","35.04708525"
"2014","2014-05-29 07:00","59","주간","목","1","1","0","0","0","충남","보령시","차대사람","길가장자리구역통행중","길가장자리구역통행중","운전자법규위반","중앙선 침범","단일로","기타단일로","승용차","중형","보행자","보행자","922840","1828203","126.63899076","36.44830208"
"2014","2014-06-04 17:00","00","주간","수","1","1","0","0","0","경남","창원시(통합)","차대차","측면직각충돌","측면직각충돌","운전자법규위반","중앙선 침범","단일로","교량위","이륜차","소형","승용차","대형","1089280","1680328","128.47973971","35.11416746"
"2014","2014-06-05 13:00","03","주간","목","1","1","0","0","0","경남","김해시","차대사람","횡단중","횡단중","운전자법규위반","안전운전 의무 불이행","교차로","교차로내","승용차","소형","보행자","보행자","1125936","1693390","128.88350429","35.2292915"
"2014","2014-06-02 15:00","00","주간","월","1","1","0","0","0","경기","포천시","차량단독","전도전복","전도전복","운전자법규위반","안전운전 의무 불이행","교차로","교차로부근","이륜차","사발이","00","00","974460","1989529","127.2094764","37.90526662"
"2014","2014-06-12 02:00","21","야간","목","1","1","0","0","0","충북","청주시","차량단독","공작물충돌","공작물충돌","운전자법규위반","안전운전 의무 불이행","교차로","교차로부근","승용차","중형","00","00","998004","1844890","127.47814101","36.60267955"
"2014","2014-06-12 15:00","50","주간","목","1","4","1","2","0","전남","나주시","차대사람","기타","기타","운전자법규위반","안전운전 의무 불이행","단일로","기타단일로","승용차","중형","보행자","보행자","931896","1666019","126.75379539","34.98680439"
"2014","2014-07-16 07:00","50","주간","수","1","1","0","0","0","광주","남구","차대차","기타","기타","운전자법규위반","안전운전 의무 불이행","교차로","교차로부근","승용차","중형","자전거","자전거","944981","1679859","126.89624006","35.11239429"
"2014","2014-07-22 02:00","10","야간","화","1","4","0","3","0","충북","청주시","차대차","기타","기타","운전자법규위반","과속","단일로","기타단일로","승용차","중형","승용차","경형","998977","1850777","127.48857421","36.65471735"
"2014","2014-07-22 19:00","35","야간","화","1","1","0","0","0","경북","경산시","차대사람","차도통행중","차도통행중","운전자법규위반","안전운전 의무 불이행","단일로","기타단일로","이륜차","대형","보행자","보행자","1111922","1756994","128.73871295","35.80302305"
"2014","2014-07-29 20:00","00","야간","화","1","1","0","0","0","전북","군산시","차대사람","횡단중","횡단중","운전자법규위반","보행자 보호의무 위반","단일로","횡단보도상","승용차","소형","보행자","보행자","927360","1776963","126.69417494","35.98674115"
"2014","2014-08-19 02:00","00","야간","화","1","4","2","1","0","경기","성남시","차량단독","공작물충돌","공작물충돌","운전자법규위반","안전운전 의무 불이행","교차로","교차로부근","승합차","중형","00","00","965278","1929041","127.10790598","37.35976896"
"2014","2014-08-20 13:00","20","주간","수","1","1","0","0","0","충북","충주시","차대사람","횡단중","횡단중","운전자법규위반","보행자 보호의무 위반","교차로","교차로부근","화물차","소형","보행자","보행자","1038086","1884595","127.927817","36.95900365"
"2014","2014-08-06 05:00","35","야간","수","1","2","0","1","0","인천","남동구","차대사람","기타","기타","운전자법규위반","과속","단일로","기타단일로","승용차","중형","보행자","보행자","929215","1941219","126.69952867","37.46747751"
"2014","2014-08-05 19:00","25","야간","화","1","1","0","0","0","충남","당진시","차대차","추돌","주정차중 추돌","운전자법규위반","안전운전 의무 불이행","단일로","기타단일로","승용차","대형","화물차","대형","934686","1885378","126.7666462","36.96421639"
"2014","2014-08-06 08:00","40","주간","수","1","1","0","0","0","부산","해운대구","차대사람","기타","기타","운전자법규위반","안전운전 의무 불이행","단일로","기타단일로","승합차","소형","보행자","보행자","1150132","1693319","129.14968444","35.22402653"
"2014","2014-08-05 16:00","00","주간","화","1","2","0","1","0","전북","남원시","차량단독","도로이탈","도로이탈 추락","운전자법규위반","안전운전 의무 불이행","단일로","기타단일로","농기계","농기계","00","00","992071","1728921","127.41251225","35.55625529"
"2014","2014-08-05 19:00","50","야간","화","1","1","0","0","0","서울","구로구","차대사람","기타","기타","운전자법규위반","안전운전 의무 불이행","교차로","교차로부근","승용차","중형","보행자","보행자","940480","1944523","126.82664278","37.49805096"
"2014","2014-08-03 16:00","20","주간","일","1","3","0","2","0","경남","밀양시","차대차","측면직각충돌","측면직각충돌","운전자법규위반","중앙선 침범","단일로","기타단일로","화물차","소형","승용차","중형","1126191","1726891","128.8918789","35.5299509"
"2014","2014-08-08 18:00","00","야간","금","1","1","0","0","0","경남","창원시(통합)","차량단독","도로이탈","도로이탈 추락","운전자법규위반","안전운전 의무 불이행","단일로","기타단일로","자전거","자전거","00","00","1109021","1705517","128.69967314","35.33930527"
"2014","2014-08-15 12:00","00","주간","금","1","3","2","0","0","경기","남양주시","차대차","측면직각충돌","측면직각충돌","운전자법규위반","신호위반","교차로","교차로내","승용차","대형","승용차","소형","971662","1968154","127.17848535","37.71252979"
"2014","2014-07-08 11:00","25","주간","화","1","1","0","0","0","경북","경주시","차대차","기타","기타","운전자법규위반","중앙선 침범","단일로","기타단일로","화물차","중형","건설기계","건설기계","1176225","1754556","129.44955681","35.77161813"
"2014","2014-07-07 08:00","00","주간","월","1","3","2","0","0","경북","의성군","차대차","추돌","주정차중 추돌","운전자법규위반","안전운전 의무 불이행","교차로","교차로부근","화물차","중형","화물차","소형","1099670","1812934","128.61019685","36.30859646"
"2014","2014-07-05 08:00","18","주간","토","1","1","0","0","0","충북","청주시","차대차","측면직각충돌","측면직각충돌","운전자법규위반","신호위반","교차로","교차로내","승합차","대형","이륜차","소형","995750","1860297","127.45239549","36.74072665"
"2014","2014-07-05 04:00","30","야간","토","1","1","0","0","0","경기","안양시","차대차","기타","기타","운전자법규위반","안전운전 의무 불이행","단일로","기타단일로","이륜차","소형","화물차","소형","947519","1935497","126.90691453","37.41712446"
"2014","2014-07-04 07:00","57","주간","금","1","1","0","0","0","광주","동구","차대차","측면직각충돌","측면직각충돌","운전자법규위반","안전거리 미확보","단일로","기타단일로","승용차","소형","이륜차","소형","947350","1685601","126.92186954","35.1642953"
"2014","2014-01-21 12:00","02","주간","화","1","1","0","0","0","경기","안성시","차량단독","전도전복","전도전복","운전자법규위반","안전운전 의무 불이행","단일로","기타단일로","승용차","중형","00","00","979341","1891474","127.26774856","37.02155741"
"2014","2014-01-23 13:00","47","주간","목","1","1","0","0","0","경기","양주시","차대사람","보도통행중","보도통행중","운전자법규위반","보행자 보호의무 위반","단일로","기타단일로","화물차","대형","보행자","보행자","961706","1982506","127.06477237","37.84152199"
"2014","2014-01-23 14:00","10","주간","목","1","2","0","1","0","강원","원주시","차량단독","공작물충돌","공작물충돌","운전자법규위반","안전운전 의무 불이행","단일로","기타단일로","승용차","소형","00","00","1049710","1916376","128.06049008","37.24493043"
"2014","2014-01-19 19:00","40","야간","일","1","2","1","0","0","경기","동두천시","차대차","기타","기타","운전자법규위반","중앙선 침범","단일로","기타단일로","승용차","중형","승용차","중형","960999","1987331","127.05647669","37.88497897"
"2014","2014-01-19 23:00","40","야간","일","1","1","0","0","0","광주","남구","차대차","측면직각충돌","측면직각충돌","운전자법규위반","신호위반","교차로","교차로내","승용차","중형","이륜차","소형","945137","1681392","126.89785016","35.12622551"
"2014","2014-01-18 09:00","35","주간","토","1","1","0","0","0","인천","남동구","차대차","기타","기타","운전자법규위반","안전운전 의무 불이행","교차로","교차로부근","승용차","중형","자전거","자전거","930681","1933827","126.71680003","37.40096513"
"2014","2014-01-20 06:00","20","주간","월","1","1","0","0","0","전남","목포시","차대사람","차도통행중","차도통행중","운전자법규위반","안전운전 의무 불이행","교차로","교차로내","승용차","중형","보행자","보행자","898070","1646436","126.38560873","34.80740317"
"2014","2014-01-29 22:00","30","야간","수","1","1","0","0","0","전남","목포시","차대사람","차도통행중","차도통행중","운전자법규위반","안전운전 의무 불이행","기타/불명","기타/불명","승합차","대형","보행자","보행자","901572","1645844","126.42395907","34.80241019"
"2014","2014-01-25 02:00","43","야간","토","1","1","0","0","0","광주","북구","차대사람","차도통행중","차도통행중","운전자법규위반","안전운전 의무 불이행","단일로","기타단일로","승용차","중형","보행자","보행자","947693","1694321","126.92508185","35.2429387"
"2014","2014-01-27 10:00","21","주간","월","1","1","0","0","0","전북","군산시","차대차","기타","기타","운전자법규위반","안전운전 의무 불이행","교차로","교차로내","화물차","대형","자전거","자전거","930066","1776430","126.72423821","35.98213394"
"2014","2014-02-12 05:00","40","야간","수","1","2","1","0","0","제주","서귀포시","차량단독","공작물충돌","공작물충돌","운전자법규위반","안전운전 의무 불이행","교차로","교차로부근","승용차","소형","00","00","918891","1475019","126.62951565","33.2634991"
"2014","2014-02-12 12:00","40","주간","수","1","1","0","0","0","전남","구례군","차대사람","차도통행중","차도통행중","운전자법규위반","안전운전 의무 불이행","단일로","기타단일로","승합차","대형","보행자","보행자","994353","1702064","127.43787787","35.31410709"
"2014","2014-02-09 15:00","00","주간","일","1","1","0","0","0","충남","태안군","차량단독","도로이탈","도로이탈 추락","운전자법규위반","안전운전 의무 불이행","단일로","기타단일로","건설기계","건설기계","00","00","892466","1862793","126.29527403","36.75713778"
"2014","2014-02-09 07:00","35","주간","일","1","1","0","0","0","전북","군산시","차대사람","차도통행중","차도통행중","운전자법규위반","안전운전 의무 불이행","교차로","교차로부근","승용차","중형","보행자","보행자","938040","1772442","126.81299739","35.94672003"
"2014","2014-02-08 22:00","25","야간","토","1","1","0","0","0","전남","영광군","차대사람","횡단중","횡단중","운전자법규위반","안전운전 의무 불이행","교차로","교차로부근","승용차","소형","보행자","보행자","904499","1707219","126.44887902","35.35603433"
"2014","2014-02-12 00:00","10","야간","수","1","2","1","0","0","경기","수원시","차대사람","횡단중","횡단중","운전자법규위반","보행자 보호의무 위반","단일로","횡단보도상","승용차","중형","보행자","보행자","959989","1919912","127.04867445","37.27727018"
"2014","2014-02-23 23:00","57","야간","일","1","1","0","0","0","경기","의정부시","차대차","추돌","주정차중 추돌","운전자법규위반","안전운전 의무 불이행","단일로","기타단일로","승용차","중형","화물차","대형","958943","1970053","127.0340758","37.72916372"
"2014","2014-02-24 06:00","30","주간","월","1","1","0","0","0","울산","남구","차대사람","차도통행중","차도통행중","운전자법규위반","안전운전 의무 불이행","단일로","기타단일로","승용차","중형","보행자","보행자","1160964","1729883","129.27587059","35.55188072"
"2014","2014-02-22 20:00","10","야간","토","1","1","0","0","0","충남","논산시","차대사람","횡단중","횡단중","운전자법규위반","안전운전 의무 불이행","단일로","기타단일로","승용차","중형","보행자","보행자","962553","1800457","127.08345535","36.20053982"
"2014","2014-09-02 03:00","40","야간","화","1","3","1","1","0","충남","서천군","차대차","기타","기타","운전자법규위반","안전운전 의무 불이행","단일로","기타단일로","화물차","소형","승용차","중형","926352","1789466","126.68182845","36.09937955"
"2014","2014-09-06 07:00","15","주간","토","1","5","4","0","0","전북","익산시","차량단독","공작물충돌","공작물충돌","운전자법규위반","안전운전 의무 불이행","단일로","기타단일로","승용차","대형","00","00","964281","1783096","127.10346437","36.04408634"
"2014","2014-10-12 22:00","45","야간","일","1","1","0","0","0","충남","천안시","차대사람","차도통행중","차도통행중","운전자법규위반","안전운전 의무 불이행","단일로","기타단일로","승용차","중형","보행자","보행자","970964","1870685","127.18916604","36.88559995"
"2014","2014-01-07 19:00","00","야간","화","1","1","0","0","0","경북","경산시","차대차","기타","기타","운전자법규위반","안전운전 의무 불이행","단일로","기타단일로","승합차","소형","승용차","중형","1115209","1765526","128.77631594","35.87954971"
"2014","2014-01-21 22:00","20","야간","화","1","1","0","0","0","충북","옥천군","차대사람","횡단중","횡단중","운전자법규위반","신호위반","교차로","교차로내","화물차","대형","보행자","보행자","1006696","1812101","127.57458405","36.30621858"
"2014","2014-01-22 13:00","40","주간","수","1","9","1","7","0","충북","충주시","차대차","추돌","진행중 추돌","운전자법규위반","안전운전 의무 불이행","교차로","교차로부근","화물차","소형","화물차","소형","1028973","1886143","127.82551254","36.97328252"
"2014","2014-07-21 18:00","48","야간","월","1","1","0","0","0","경기","성남시","차량단독","공작물충돌","공작물충돌","운전자법규위반","안전운전 의무 불이행","단일로","기타단일로","승용차","중형","00","00","961634","1929240","127.06674726","37.36141912"
"2014","2014-07-21 23:00","48","야간","월","1","3","0","2","0","전남","영광군","차대차","추돌","진행중 추돌","운전자법규위반","안전운전 의무 불이행","단일로","기타단일로","화물차","중형","화물차","중형","913797","1699796","126.55198481","35.2899573"
"2014","2014-07-14 11:00","00","주간","월","1","1","0","0","0","충남","논산시","차대사람","길가장자리구역통행중","길가장자리구역통행중","운전자법규위반","안전운전 의무 불이행","단일로","기타단일로","화물차","소형","보행자","보행자","961802","1793558","127.07543736","36.13831294"
"2014","2014-07-10 05:00","45","야간","목","1","1","0","0","0","전북","임실군","차량단독","전도전복","전도전복","운전자법규위반","안전운전 의무 불이행","단일로","기타단일로","화물차","소형","00","00","968869","1739488","127.156099","35.65107382"
"2014","2014-07-18 20:00","55","야간","금","1","1","0","0","0","대구","달서구","차대차","추돌","진행중 추돌","운전자법규위반","안전운전 의무 불이행","단일로","기타단일로","이륜차","소형","승용차","중형","1088625","1762267","128.48149357","35.85293858"
"2014","2014-07-21 02:00","25","야간","월","1","3","2","0","0","경기","여주시","차량단독","전도전복","전도전복","운전자법규위반","안전운전 의무 불이행","교차로","교차로부근","원동기장치자전거","원동기장치자전거","00","00","1012988","1921700","127.64653822","37.29415684"
"2014","2014-07-18 02:00","30","야간","금","1","1","0","0","0","경기","용인시","차대차","측면직각충돌","측면직각충돌","운전자법규위반","보행자 보호의무 위반","단일로","기타단일로","승합차","중형","승용차","대형","964217","1924664","127.09613635","37.32027573"
"2014","2014-07-29 13:00","00","주간","화","1","1","0","0","0","충북","충주시","차량단독","공작물충돌","공작물충돌","운전자법규위반","안전운전 의무 불이행","단일로","교량위","승용차","중형","00","00","1023378","1900795","127.76310857","37.10551536"
"2014","2014-08-19 12:00","25","주간","화","1","1","0","0","0","서울","용산구","차대차","기타","기타","운전자법규위반","안전운전 의무 불이행","교차로","교차로내","건설기계","건설기계","승용차","중형","955421","1948675","126.99541326","37.53631667"
"2014","2014-08-19 11:00","25","주간","화","1","2","1","0","0","전남","광양시","차대차","측면직각충돌","측면직각충돌","운전자법규위반","신호위반","교차로","교차로내","화물차","소형","화물차","대형","1007272","1662927","127.57965411","34.96118934"
"2014","2014-08-06 13:00","00","주간","수","1","1","0","0","0","대전","서구","차대사람","횡단중","횡단중","운전자법규위반","안전운전 의무 불이행","단일로","기타단일로","승용차","중형","보행자","보행자","988543","1815164","127.37234016","36.33378802"
"2014","2014-08-04 16:00","33","주간","월","1","1","0","0","0","서울","강남구","차대사람","횡단중","횡단중","운전자법규위반","안전운전 의무 불이행","교차로","교차로부근","화물차","대형","보행자","보행자","962933","1943615","127.08069403","37.49104154"
"2014","2014-08-04 00:00","55","야간","월","1","1","0","0","0","경기","이천시","차대사람","횡단중","횡단중","운전자법규위반","안전운전 의무 불이행","단일로","기타단일로","승용차","중형","보행자","보행자","992456","1921803","127.41488304","37.29514539"
"2014","2014-08-06 08:00","20","주간","수","1","1","0","0","0","대전","서구","차대사람","기타","기타","운전자법규위반","안전운전 의무 불이행","교차로","교차로내","건설기계","건설기계","보행자","보행자","985490","1811462","127.33839107","36.30037173"
"2014","2014-08-04 12:00","06","주간","월","1","1","0","0","0","서울","송파구","차대차","기타","기타","운전자법규위반","신호위반","교차로","교차로내","승합차","대형","이륜차","중형","963830","1945445","127.09075074","37.50757171"
"2014","2014-08-08 20:00","20","야간","금","1","5","4","0","0","인천","남동구","차대차","측면직각충돌","측면직각충돌","운전자법규위반","안전운전 의무 불이행","교차로","교차로내","승용차","중형","승용차","중형","931400","1935005","126.72481358","37.41163595"
"2014","2014-08-02 15:00","04","주간","토","1","3","2","0","0","전남","순천시","차대차","측면직각충돌","측면직각충돌","운전자법규위반","중앙선 침범","단일로","기타단일로","승합차","중형","승용차","소형","999033","1663470","127.4894073","34.9661115"
"2014","2014-08-03 00:00","04","야간","일","1","1","0","0","0","경기","수원시","차대사람","횡단중","횡단중","운전자법규위반","안전운전 의무 불이행","단일로","기타단일로","승용차","소형","보행자","보행자","955633","1922760","126.99937018","37.30274351"
"2014","2014-08-13 20:00","02","야간","수","1","1","0","0","0","강원","원주시","차대사람","횡단중","횡단중","운전자법규위반","안전운전 의무 불이행","단일로","기타단일로","승합차","대형","보행자","보행자","1038822","1928746","127.93837614","37.35694742"
"2014","2014-08-13 14:00","11","주간","수","3","7","4","0","0","제주","제주시","차대차","측면직각충돌","측면직각충돌","운전자법규위반","중앙선 침범","단일로","기타단일로","화물차","대형","승용차","중형","911299","1498103","126.54543919","33.47091419"
"2014","2014-08-13 00:00","18","야간","수","1","1","0","0","0","경기","용인시","차량단독","기타","기타","운전자법규위반","안전운전 의무 불이행","단일로","기타단일로","이륜차","소형","00","00","975324","1921855","127.22158685","37.29531727"
"2014","2014-08-13 03:00","55","야간","수","1","1","0","0","0","인천","남구","차대차","측면직각충돌","측면직각충돌","운전자법규위반","신호위반","교차로","교차로내","이륜차","소형","특수차","대형","924461","1941207","126.64577465","37.46699297"
"2014","2014-08-14 17:00","40","주간","목","1","1","0","0","0","제주","서귀포시","차량단독","공작물충돌","공작물충돌","운전자법규위반","안전운전 의무 불이행","교차로","교차로부근","원동기장치자전거","원동기장치자전거","00","00","903054","1474156","126.45923627","33.25438043"
"2014","2014-08-14 21:00","35","야간","목","1","1","0","0","0","광주","북구","차대사람","차도통행중","차도통행중","운전자법규위반","안전운전 의무 불이행","단일로","기타단일로","승용차","중형","보행자","보행자","944997","1685994","126.89600715","35.16771281"
"2014","2014-07-27 18:00","10","야간","일","1","6","5","0","0","대전","대덕구","차량단독","전도전복","전도전복","운전자법규위반","안전운전 의무 불이행","단일로","기타단일로","화물차","소형","00","00","993035","1823912","127.42231392","36.41269748"
"2014","2014-08-03 21:00","02","야간","일","2","7","2","3","0","경남","김해시","차대차","측면직각충돌","측면직각충돌","운전자법규위반","중앙선 침범","단일로","기타단일로","승용차","중형","승용차","소형","1119504","1692504","128.81310746","35.22079797"
"2014","2014-07-27 06:00","55","주간","일","1","7","2","4","0","대구","동구","차대차","추돌","진행중 추돌","운전자법규위반","안전운전 의무 불이행","단일로","기타단일로","화물차","소형","화물차","소형","1104312","1769260","128.65610866","35.91443092"
"2014","2014-02-10 05:00","43","야간","월","1","1","0","0","0","전북","김제시","차대차","추돌","진행중 추돌","운전자법규위반","안전운전 의무 불이행","단일로","기타단일로","승용차","중형","화물차","중형","940244","1759337","126.83841702","35.82870916"
"2014","2014-05-25 22:00","50","야간","일","1","1","0","0","0","경북","고령군","차대사람","길가장자리구역통행중","길가장자리구역통행중","운전자법규위반","안전운전 의무 불이행","단일로","기타단일로","불명","불명","보행자","보행자","1070641","1746208","128.28092796","35.70962157"
"2014","2014-08-03 00:00","09","야간","일","1","1","0","0","0","경기","의왕시","차량단독","공작물충돌","공작물충돌","운전자법규위반","안전운전 의무 불이행","단일로","기타단일로","화물차","경형","00","00","952702","1924810","126.96616789","37.32107679"
"2014","2014-06-13 06:00","35","주간","금","1","1","0","0","0","울산","남구","차대차","추돌","주정차중 추돌","운전자법규위반","안전운전 의무 불이행","단일로","기타단일로","승용차","중형","화물차","대형","1165683","1728529","129.32763366","35.53890053"
"2014","2014-06-10 15:00","35","주간","화","1","2","1","0","0","부산","동구","차대사람","기타","기타","운전자법규위반","안전운전 의무 불이행","교차로","교차로내","화물차","소형","보행자","보행자","1140838","1682687","129.04577841","35.12953945"
"2014","2014-06-08 08:00","30","주간","일","1","1","0","0","0","충남","보령시","차량단독","도로이탈","도로이탈 추락","운전자법규위반","안전운전 의무 불이행","단일로","기타단일로","농기계","농기계","00","00","920800","1828795","126.61616878","36.45347212"
"2014","2014-06-16 23:00","30","야간","월","1","1","0","0","0","경기","평택시","차량단독","공작물충돌","공작물충돌","운전자법규위반","안전운전 의무 불이행","단일로","기타단일로","승용차","중형","00","00","957989","1887179","127.0073226","37.0011288"
"2014","2014-06-19 01:00","30","야간","목","1","1","0","0","0","경북","경산시","차대사람","기타","기타","운전자법규위반","신호위반","단일로","횡단보도상","승용차","소형","보행자","보행자","1113161","1760707","128.75294873","35.83635018"
"2014","2014-06-16 22:00","49","야간","월","1","1","0","0","0","경남","김해시","차량단독","공작물충돌","공작물충돌","운전자법규위반","안전운전 의무 불이행","단일로","기타단일로","이륜차","대형","00","00","1120911","1687620","128.82784702","35.17660143"
"2014","2014-06-14 00:00","40","야간","토","1","1","0","0","0","경기","의왕시","차량단독","공작물충돌","공작물충돌","운전자법규위반","안전운전 의무 불이행","단일로","기타단일로","승용차","대형","00","00","956904","1932732","127.0131314","37.39268666"
"2014","2014-06-14 05:00","40","야간","토","1","5","2","1","1","경기","용인시","차량단독","공작물충돌","공작물충돌","운전자법규위반","안전운전 의무 불이행","단일로","기타단일로","승용차","중형","00","00","974344","1914243","127.21079235","37.22667681"
"2014","2014-06-15 15:00","40","주간","일","1","1","0","0","0","전북","부안군","차량단독","도로이탈","도로이탈 추락","운전자법규위반","안전운전 의무 불이행","단일로","기타단일로","원동기장치자전거","원동기장치자전거","00","00","929014","1730886","126.71660789","35.57145916"
"2014","2014-06-14 21:00","45","야간","토","1","1","0","0","0","전남","나주시","차대차","기타","기타","운전자법규위반","안전운전 의무 불이행","교차로","교차로부근","승용차","중형","이륜차","소형","928313","1666936","126.71446123","34.994825"
"2014","2014-06-09 22:00","07","야간","월","1","1","0","0","0","경북","경산시","차대사람","기타","기타","운전자법규위반","안전운전 의무 불이행","단일로","기타단일로","승용차","소형","보행자","보행자","1117862","1768038","128.80607167","35.90187642"
"2014","2014-05-13 10:00","24","주간","화","1","2","1","0","0","경기","안성시","차대차","측면직각충돌","측면직각충돌","운전자법규위반","안전운전 의무 불이행","단일로","기타단일로","화물차","소형","특수차","대형","977423","1891554","127.2449886","37.01996021"
"2014","2014-05-08 18:00","28","야간","목","1","3","2","0","0","강원","철원군","차대차","측면직각충돌","측면직각충돌","운전자법규위반","안전운전 의무 불이행","단일로","기타단일로","화물차","소형","화물차","소형","1003068","2030437","127.53507517","38.27431398"
"2014","2014-05-19 18:00","50","야간","월","1","1","0","0","0","전북","부안군","차대차","추돌","진행중 추돌","운전자법규위반","안전거리 미확보","단일로","기타단일로","이륜차","소형","화물차","소형","926544","1753411","126.68729555","35.77435373"
"2014","2014-05-16 23:00","35","야간","금","2","2","0","0","0","충북","청주시","차량단독","전도전복","전도전복","운전자법규위반","안전운전 의무 불이행","단일로","기타단일로","이륜차","소형","00","00","995876","1849765","127.45386359","36.64578235"
"2014","2014-05-18 15:00","00","주간","일","1","1","0","0","0","충북","진천군","차량단독","기타","기타","운전자법규위반","안전운전 의무 불이행","단일로","기타단일로","이륜차","대형","00","00","1002269","1866344","127.52543321","36.79524584"
"2014","2014-05-18 21:00","25","야간","일","1","1","0","0","0","경기","용인시","차대사람","횡단중","횡단중","운전자법규위반","과속","고가도로위","고가도로위","승용차","대형","보행자","보행자","982260","1915316","127.29999943","37.23653313"
"2014","2014-05-18 09:00","50","주간","일","1","2","0","0","1","충남","천안시","차대사람","횡단중","횡단중","운전자법규위반","보행자 보호의무 위반","교차로","교차로내","승용차","소형","보행자","보행자","966769","1870318","127.1273439","36.83048904"
"2014","2014-05-19 12:00","00","주간","월","1","1","0","0","0","충남","금산군","차량단독","공작물충돌","공작물충돌","운전자법규위반","안전운전 의무 불이행","단일로","기타단일로","승용차","경형","00","00","997075","1792021","127.46749456","36.12520381"
"2014","2014-05-24 20:00","05","야간","토","1","1","0","0","0","경남","통영시","차대사람","횡단중","횡단중","운전자법규위반","보행자 보호의무 위반","교차로","교차로부근","승용차","중형","보행자","보행자","1082511","1648281","128.40229256","34.82579775"
"2014","2014-05-20 12:00","10","주간","화","1","3","2","0","0","전남","여수시","차대차","기타","기타","운전자법규위반","신호위반","교차로","교차로내","특수차","대형","화물차","소형","1015955","1648689","127.67013856","34.83677635"
"2014","2014-05-29 12:00","06","주간","목","1","3","2","0","0","서울","용산구","차대차","추돌","진행중 추돌","운전자법규위반","과속","단일로","터널안","승용차","대형","승용차","대형","954802","1949621","126.98834883","37.54481305"
"2014","2014-01-11 06:00","00","주간","토","1","1","0","0","0","경기","오산시","차대사람","횡단중","횡단중","운전자법규위반","안전운전 의무 불이행","단일로","기타단일로","승용차","경형","보행자","보행자","963212","1906181","127.08570646","37.15363382"
"2014","2014-03-14 15:00","10","주간","금","1","1","0","0","0","경기","화성시","차량단독","공작물충돌","공작물충돌","운전자법규위반","안전운전 의무 불이행","단일로","기타단일로","승용차","중형","00","00","952574","1912366","126.96551658","37.20890463"
"2014","2014-02-18 08:00","20","주간","화","1","1","0","0","0","울산","울주군","차대차","추돌","주정차중 추돌","운전자법규위반","안전운전 의무 불이행","단일로","기타단일로","화물차","중형","화물차","대형","1158521","1730570","129.2490635","35.55846614"
"2014","2014-04-11 05:00","21","야간","금","3","6","0","2","1","충북","충주시","차대차","기타","기타","운전자법규위반","안전운전 의무 불이행","단일로","기타단일로","화물차","대형","건설기계","건설기계","1034738","1878904","127.88994859","36.90783268"
"2014","2014-06-05 19:00","50","야간","목","1","1","0","0","0","대구","북구","차대차","추돌","주정차중 추돌","운전자법규위반","안전운전 의무 불이행","단일로","기타단일로","승용차","소형","특수차","대형","1094524","1773030","128.54809215","35.94941117"
"2014","2014-05-26 10:00","20","주간","월","1","1","0","0","0","부산","기장군","차량단독","공작물충돌","공작물충돌","운전자법규위반","안전운전 의무 불이행","단일로","기타단일로","승용차","중형","00","00","1155216","1694717","129.2057907","35.23585276"