"발생년","발생년월일시","발생분","주야","요일","사망자수","사상자수","중상자수","경상자수","부상신고자수","발생지시도","발생지시군구","사고유형_대분류","사고유형_중분류","사고유형","법규위반_대분류","법규위반","도로형태_대분류","도로형태","당사자종별_1당_대분류","당사자종별_1당","당사자종별_2당_대분류","당사자종별_2당","발생위치X_UTMK","발생위치Y_UTMK","경도","위도"
"2014","2014-07-27 20:00","48","야간","일","1","1","0","0","0","전북","군산시","차대차","추돌","진행중 추돌","운전자법규위반","안전운전 의무 불이행","단일로","교량위","승용차","중형","특수차","대형","936268","1781746","126.79260263","36.03048407"
"2014","2014-07-09 10:00","00","주간","수","1","1","0","0","0","전북","익산시","차량단독","공작물충돌","공작물충돌","운전자법규위반","안전운전 의무 불이행","단일로","기타단일로","화물차","중형","00","00","963399","1772212","127.09417601","35.94592641"
"2014","2014-01-18 00:00","30","야간","토","1","1","0","0","0","대구","서구","차대차","기타","기타","운전자법규위반","안전운전 의무 불이행","단일로","기타단일로","승용차","중형","승용차","중형","1095507","1762846","128.55776763","35.85751136"
"2014","2014-01-17 21:00","30","야간","금","2","2","0","0","0","충북","음성군","차대차","기타","기타","운전자법규위반","중앙선 침범","단일로","기타단일로","화물차","소형","화물차","경형","999868","1888907","127.49851648","36.99864467"
"2014","2014-05-31 06:00","00","주간","토","1","1","0","0","0","전남","순천시","차량단독","기타","기타","운전자법규위반","안전운전 의무 불이행","단일로","기타단일로","승용차","중형","00","00","1001970","1663388","127.52153568","34.96510911"
"2014","2014-06-04 20:00","05","야간","수","1","1","0","0","0","경남","진주시","차대차","기타","기타","운전자법규위반","안전운전 의무 불이행","단일로","기타단일로","특수차","소형","원동기장치자전거","원동기장치자전거","1061202","1681719","128.17174382","35.12880834"
"2014","2014-06-05 01:00","30","야간","목","1","2","0","1","0","강원","원주시","차대사람","차도통행중","차도통행중","운전자법규위반","안전운전 의무 불이행","단일로","기타단일로","승용차","중형","보행자","보행자","1037475","1925956","127.92253975","37.32781823"
"2014","2014-06-04 17:00","15","주간","수","1","1","0","0","0","전남","순천시","차량단독","도로이탈","도로이탈 추락","운전자법규위반","안전운전 의무 불이행","단일로","기타단일로","농기계","농기계","00","00","1004772","1658084","127.55224258","34.91753232"
"2014","2014-06-10 20:00","15","야간","화","1","1","0","0","0","강원","동해시","차대사람","횡단중","횡단중","운전자법규위반","보행자 보호의무 위반","단일로","횡단보도상","승용차","중형","보행자","보행자","1141600","1949865","129.10273185","37.53724287"
"2014","2014-06-10 14:00","00","주간","화","1","1","0","0","0","전남","영암군","차대사람","기타","기타","운전자법규위반","안전운전 의무 불이행","단일로","기타단일로","승용차","대형","보행자","보행자","901659","1639799","126.42561679","34.74791576"
"2014","2014-06-16 16:00","35","주간","월","1","1","0","0","0","경북","경산시","차대차","기타","기타","운전자법규위반","교차로 통행방법 위반","교차로","교차로내","원동기장치자전거","원동기장치자전거","화물차","중형","1121652","1767545","128.84803918","35.89693198"
"2014","2014-06-16 11:00","40","주간","월","1","1","0","0","0","경북","문경시","차량단독","전도전복","전도전복","운전자법규위반","안전운전 의무 불이행","단일로","기타단일로","농기계","농기계","00","00","1048871","1839093","128.04604487","36.54833254"
"2014","2014-06-10 18:00","05","야간","화","1","1","0","0","0","경기","오산시","차량단독","공작물충돌","공작물충돌","운전자법규위반","안전운전 의무 불이행","단일로","기타단일로","승용차","대형","00","00","960220","1909310","127.05184599","37.18171574"
"2014","2014-06-10 07:00","55","주간","화","1","3","1","1","0","전남","여수시","차대차","추돌","진행중 추돌","운전자법규위반","안전운전 의무 불이행","단일로","기타단일로","건설기계","건설기계","화물차","경형","1016477","1641072","127.68005107","34.76400169"
"2014","2014-06-09 23:00","15","야간","월","1","1","0","0","0","부산","사하구","차대사람","기타","기타","운전자법규위반","신호위반","단일로","기타단일로","승용차","중형","보행자","보행자","1134653","1678795","128.97728154","35.09530265"
"2014","2014-06-09 18:00","32","야간","월","1","11","2","8","0","대전","서구","차대차","측면직각충돌","측면직각충돌","운전자법규위반","부당한 회전","단일로","횡단보도상","이륜차","소형","승합차","대형","986353","1814596","127.34794806","36.32863871"
"2014","2014-06-07 22:00","40","야간","토","1","3","1","1","0","전북","김제시","차대차","정면충돌","정면충돌","운전자법규위반","중앙선 침범","단일로","기타단일로","화물차","소형","화물차","소형","940539","1756826","126.84186976","35.80608886"
"2014","2014-06-22 22:00","20","야간","일","1","1","0","0","0","경기","고양시","차대사람","횡단중","횡단중","운전자법규위반","안전운전 의무 불이행","단일로","기타단일로","승용차","중형","보행자","보행자","935991","1965136","126.77405942","37.68353152"
"2014","2014-06-23 01:00","40","야간","월","1","3","2","0","0","서울","은평구","차대차","추돌","주정차중 추돌","운전자법규위반","안전운전 의무 불이행","단일로","기타단일로","승용차","중형","승용차","소형","946613","1953822","126.89534598","37.5822389"
"2014","2014-06-22 00:00","00","야간","일","1","1","0","0","0","충북","청주시","차대사람","횡단중","횡단중","운전자법규위반","안전운전 의무 불이행","단일로","횡단보도상","승용차","중형","보행자","보행자","998441","1848718","127.48256113","36.63635133"
"2014","2014-06-21 17:00","00","주간","토","1","1","0","0","0","강원","춘천시","차대사람","횡단중","횡단중","운전자법규위반","안전운전 의무 불이행","기타/불명","기타/불명","승용차","중형","보행자","보행자","1019431","1984271","127.72089122","37.8580272"
"2014","2014-05-10 19:00","20","야간","토","1","1","0","0","0","경기","연천군","차대차","기타","기타","운전자법규위반","안전운전 의무 불이행","단일로","기타단일로","승용차","소형","자전거","자전거","962827","2014268","127.07420141","38.08081286"
"2014","2014-05-09 10:00","25","주간","금","1","1","0","0","0","전북","김제시","차대차","측면직각충돌","측면직각충돌","운전자법규위반","직진 및 우회전차의 통행방해","교차로","교차로내","원동기장치자전거","원동기장치자전거","건설기계","건설기계","938550","1761777","126.81947536","35.8506024"
"2014","2014-05-08 08:00","08","주간","목","1","1","0","0","0","경북","구미시","차대사람","기타","기타","운전자법규위반","과속","교차로","교차로내","승용차","중형","보행자","보행자","1081199","1789697","128.40207213","36.10085983"
"2014","2014-05-17 00:00","30","야간","토","1","1","0","0","0","경기","가평군","차대사람","횡단중","횡단중","운전자법규위반","신호위반","교차로","교차로내","승용차","중형","보행자","보행자","989281","1964914","127.37843231","37.68370221"
"2014","2014-08-13 08:00","20","주간","수","1","2","0","1","0","전북","정읍시","차대차","측면직각충돌","측면직각충돌","운전자법규위반","직진 및 우회전차의 통행방해","교차로","교차로내","승용차","소형","화물차","소형","950114","1737866","126.9490218","35.63567999"
"2014","2014-08-13 00:00","10","야간","수","1","1","0","0","0","경기","오산시","차대사람","기타","기타","운전자법규위반","안전운전 의무 불이행","단일로","기타단일로","승용차","소형","보행자","보행자","960756","1906063","127.05805477","37.15247027"
"2014","2014-08-11 20:00","15","야간","월","1","3","0","2","0","충북","청주시","차대차","추돌","진행중 추돌","운전자법규위반","안전운전 의무 불이행","단일로","교량위","화물차","소형","승용차","중형","995683","1860522","127.45043124","36.74704523"
"2014","2014-08-11 12:00","30","주간","월","1","1","0","0","0","대구","동구","차대차","기타","기타","운전자법규위반","안전운전 의무 불이행","단일로","기타단일로","승합차","대형","이륜차","소형","1103689","1765399","128.64870208","35.87969306"
"2014","2014-07-01 01:00","54","야간","화","1","1","0","0","0","서울","종로구","차량단독","공작물충돌","공작물충돌","운전자법규위반","안전운전 의무 불이행","단일로","기타단일로","이륜차","중형","00","00","957197","1953341","127.01524264","37.5784567"
"2014","2014-06-30 13:00","15","주간","월","1","1","0","0","0","전북","부안군","차대차","측면직각충돌","측면직각충돌","운전자법규위반","안전운전 의무 불이행","교차로","교차로내","승용차","중형","원동기장치자전거","원동기장치자전거","931264","1750764","126.7428239","35.75216703"
"2014","2014-07-06 21:00","33","야간","일","1","2","1","0","0","경기","연천군","차대차","정면충돌","정면충돌","운전자법규위반","중앙선 침범","단일로","기타단일로","승용차","소형","승용차","소형","962135","2004836","127.06847274","38.04279424"
"2014","2014-07-07 21:00","35","야간","월","1","1","0","0","0","충남","보령시","차대사람","횡단중","횡단중","운전자법규위반","과속","단일로","기타단일로","승용차","대형","보행자","보행자","918549","1816531","126.59233808","36.34273325"
"2014","2014-07-08 15:00","35","주간","화","1","1","0","0","0","경북","칠곡군","차대사람","길가장자리구역통행중","길가장자리구역통행중","운전자법규위반","안전운전 의무 불이행","교차로","교차로부근","화물차","대형","보행자","보행자","1082546","1777241","128.41573855","35.98842008"
"2014","2014-07-02 23:00","15","야간","수","1","1","0","0","0","경기","고양시","차대사람","횡단중","횡단중","운전자법규위반","보행자 보호의무 위반","단일로","횡단보도상","승용차","중형","보행자","보행자","935577","1964911","126.76938439","37.68147468"
"2014","2014-07-03 02:00","30","야간","목","1","1","0","0","0","경기","성남시","차대사람","횡단중","횡단중","운전자법규위반","안전운전 의무 불이행","단일로","기타단일로","승용차","중형","보행자","보행자","967157","1934679","127.12895265","37.41065662"
"2014","2014-07-05 05:00","40","야간","토","1","4","3","0","0","전북","전주시","차대차","정면충돌","정면충돌","운전자법규위반","신호위반","교차로","교차로내","승용차","중형","화물차","소형","965589","1761430","127.11892397","35.84879663"
"2014","2014-07-04 21:00","20","야간","금","1","3","1","1","0","경북","김천시","차대차","측면직각충돌","측면직각충돌","운전자법규위반","안전운전 의무 불이행","단일로","기타단일로","이륜차","소형","승용차","중형","1057194","1792021","128.13557765","36.12352212"
"2014","2014-07-03 20:00","51","야간","목","1","1","0","0","0","부산","강서구","차대사람","차도통행중","차도통행중","운전자법규위반","안전운전 의무 불이행","교차로","교차로내","승용차","중형","보행자","보행자","1132348","1688297","128.95352263","35.18126225"
"2014","2014-07-15 09:00","15","주간","화","1","1","0","0","0","충남","홍성군","차량단독","도로이탈","도로이탈 추락","운전자법규위반","안전운전 의무 불이행","단일로","기타단일로","원동기장치자전거","원동기장치자전거","00","00","930825","1841452","126.72689884","36.56834267"
"2014","2014-07-13 13:00","00","주간","일","1","1","0","0","0","서울","금천구","차대사람","기타","기타","운전자법규위반","신호위반","단일로","기타단일로","화물차","대형","보행자","보행자","947454","1938158","126.90599052","37.44110513"
"2014","2014-07-11 11:00","55","주간","금","1","1","0","0","0","경남","밀양시","차량단독","공작물충돌","공작물충돌","운전자법규위반","안전운전 의무 불이행","단일로","기타단일로","승용차","소형","00","00","1110804","1727843","128.72232835","35.5403719"
"2014","2014-07-15 18:00","40","야간","화","1","1","0","0","0","대구","동구","차대차","측면직각충돌","측면직각충돌","운전자법규위반","안전운전 의무 불이행","단일로","기타단일로","승용차","소형","이륜차","소형","1100623","1764105","128.61457834","35.86834839"
"2014","2014-07-24 02:00","00","야간","목","1","1","0","0","0","경기","수원시","차량단독","기타","기타","운전자법규위반","과속","교차로","교차로부근","승용차","중형","00","00","959069","1916389","127.03849092","37.24547476"
"2014","2014-07-27 19:00","17","야간","일","1","1","0","0","0","강원","양구군","차량단독","공작물충돌","공작물충돌","운전자법규위반","안전운전 의무 불이행","단일로","기타단일로","승용차","중형","00","00","1038711","2023251","127.94216832","38.20872251"
"2014","2014-08-04 04:00","58","야간","월","1","1","0","0","0","경기","평택시","차대차","추돌","주정차중 추돌","운전자법규위반","안전운전 의무 불이행","교차로","교차로부근","특수차","중형","승용차","중형","961161","1899102","127.06297639","37.08974086"
"2014","2014-08-05 13:00","21","주간","화","1","1","0","0","0","대전","유성구","차대사람","횡단중","횡단중","운전자법규위반","안전운전 의무 불이행","단일로","횡단보도상","화물차","소형","보행자","보행자","983904","1820770","127.32053422","36.38426173"
"2014","2014-08-13 07:00","00","주간","수","1","1","0","0","0","울산","울주군","차량단독","전도전복","전도전복","운전자법규위반","안전운전 의무 불이행","단일로","기타단일로","건설기계","건설기계","00","00","1155642","1736193","129.2183932","35.60960004"
"2014","2014-10-27 13:00","35","주간","월","1","2","1","0","0","충북","청주시","차대차","추돌","진행중 추돌","운전자법규위반","안전운전 의무 불이행","단일로","기타단일로","화물차","중형","화물차","대형","994217","1840673","127.43537228","36.56380912"
"2014","2014-11-18 04:00","00","야간","화","1","2","1","0","0","대구","동구","차대차","추돌","진행중 추돌","운전자법규위반","안전운전 의무 불이행","단일로","기타단일로","화물차","대형","특수차","대형","1105036","1769289","128.66413523","35.9146148"
"2014","2014-10-31 01:00","40","야간","금","1","5","2","2","0","대구","북구","차대차","추돌","진행중 추돌","운전자법규위반","안전운전 의무 불이행","단일로","기타단일로","승용차","소형","승용차","소형","1097704","1768622","128.58280477","35.90936248"
"2014","2014-04-27 19:00","20","야간","일","2","3","1","0","0","경남","거창군","차대차","기타","기타","운전자법규위반","안전운전 의무 불이행","단일로","기타단일로","특수차","대형","승용차","중형","1037882","1738566","127.91856543","35.64238009"
"2014","2014-09-24 11:00","55","주간","수","1","2","1","0","0","전남","순천시","차량단독","전도전복","전도전복","운전자법규위반","안전운전 의무 불이행","단일로","기타단일로","승용차","대형","00","00","995508","1653323","127.45084836","34.87460084"
"2014","2014-12-22 01:00","33","야간","월","1","5","0","0","4","충남","천안시","차량단독","전도전복","전도전복","운전자법규위반","안전운전 의무 불이행","단일로","기타단일로","승합차","중형","00","00","969441","1860023","127.15772048","36.73777391"
"2014","2014-01-18 02:00","46","야간","토","1","2","1","0","0","경남","하동군","차대차","기타","기타","운전자법규위반","안전운전 의무 불이행","단일로","기타단일로","승용차","중형","승용차","중형","1036255","1670354","127.89743996","35.02753723"
"2014","2014-01-28 23:00","42","야간","화","1","3","2","0","0","경기","고양시","차대사람","기타","기타","운전자법규위반","안전운전 의무 불이행","단일로","기타단일로","승용차","중형","보행자","보행자","938897","1957562","126.80663283","37.61505544"
"2014","2014-01-30 01:00","45","야간","목","1","1","0","0","0","경기","용인시","차대차","측면직각충돌","측면직각충돌","운전자법규위반","신호위반","교차로","교차로내","승용차","소형","화물차","대형","980902","1915006","127.27981075","37.23549676"
"2014","2014-01-27 07:00","10","주간","월","1","1","0","0","0","전북","군산시","차대차","추돌","주정차중 추돌","운전자법규위반","안전운전 의무 불이행","단일로","기타단일로","승합차","대형","화물차","중형","927856","1775332","126.69982523","35.97207436"
"2014","2014-01-27 21:00","20","야간","월","1","3","1","1","0","충남","태안군","차대차","정면충돌","정면충돌","운전자법규위반","중앙선 침범","교차로","교차로부근","승용차","중형","승합차","대형","891671","1855851","126.28735354","36.69448028"
"2014","2014-02-13 02:00","13","야간","목","1","1","0","0","0","서울","영등포구","차대사람","기타","기타","운전자법규위반","안전운전 의무 불이행","교차로","교차로내","승용차","중형","보행자","보행자","947583","1946524","126.90685301","37.51651701"
"2014","2014-02-11 00:00","59","야간","화","1","1","0","0","0","경남","진주시","차대사람","기타","기타","운전자법규위반","과속","단일로","기타단일로","승용차","중형","보행자","보행자","1054098","1688318","128.09420792","35.18871674"
"2014","2014-02-09 13:00","17","주간","일","1","1","0","0","0","인천","강화군","차대사람","횡단중","횡단중","운전자법규위반","안전운전 의무 불이행","교차로","교차로내","승용차","중형","보행자","보행자","912385","1971606","126.50559146","37.73988739"
"2014","2014-02-11 14:00","20","주간","화","1","1","0","0","0","강원","영월군","차대차","측면직각충돌","측면직각충돌","운전자법규위반","중앙선 침범","단일로","기타단일로","특수차","대형","이륜차","중형","1085424","1918401","128.46336378","37.26059084"
"2014","2014-02-12 18:00","35","야간","수","1","3","0","2","0","경북","영주시","차대차","추돌","진행중 추돌","운전자법규위반","안전운전 의무 불이행","단일로","기타단일로","승용차","중형","화물차","중형","1094802","1871140","128.56314973","36.83372949"
"2014","2014-02-13 12:00","07","주간","목","1","1","0","0","0","서울","용산구","차대차","정면충돌","정면충돌","운전자법규위반","신호위반","교차로","교차로내","이륜차","소형","승용차","대형","952833","1948881","126.96610775","37.5380446"
"2014","2014-02-12 05:00","22","야간","수","1","1","0","0","0","서울","성북구","차대차","추돌","주정차중 추돌","운전자법규위반","안전운전 의무 불이행","단일로","기타단일로","원동기장치자전거","원동기장치자전거","화물차","소형","956112","1954319","127.00289648","37.58722051"
"2014","2014-03-26 14:00","10","주간","수","1","6","3","1","1","경남","진주시","차대차","추돌","진행중 추돌","운전자법규위반","안전운전 의무 불이행","단일로","기타단일로","승합차","대형","화물차","소형","1045038","1692385","127.99491974","35.22583541"
"2014","2014-02-01 14:00","24","주간","토","2","7","3","2","0","전남","곡성군","차대차","측면직각충돌","측면직각충돌","운전자법규위반","안전운전 의무 불이행","단일로","기타단일로","화물차","소형","승용차","중형","968411","1695996","127.15272876","35.25890949"
"2014","2014-02-08 01:00","19","야간","토","1","2","1","0","0","경기","시흥시","차대차","측면직각충돌","측면직각충돌","운전자법규위반","중앙선 침범","단일로","기타단일로","승용차","경형","승용차","소형","937036","1936938","126.78833135","37.42945867"
"2014","2014-08-13 12:00","50","주간","수","1","3","2","0","0","경기","김포시","차대차","기타","기타","운전자법규위반","안전운전 의무 불이행","단일로","기타단일로","건설기계","건설기계","화물차","소형","935162","1954972","126.76556055","37.59186807"
"2014","2014-08-14 03:00","25","야간","목","1","1","0","0","0","경북","포항시","차대사람","기타","기타","운전자법규위반","안전운전 의무 불이행","단일로","기타단일로","승용차","경형","보행자","보행자","1166931","1781488","129.35243479","36.01593549"
"2014","2014-08-15 11:00","27","주간","금","1","1","0","0","0","전북","진안군","차대사람","기타","기타","운전자법규위반","안전운전 의무 불이행","단일로","기타단일로","화물차","소형","보행자","보행자","985875","1755752","127.34367534","35.79810522"
"2014","2014-08-13 00:00","25","야간","수","1","1","0","0","0","경남","창원시(통합)","차량단독","공작물충돌","공작물충돌","운전자법규위반","안전운전 의무 불이행","교차로","교차로부근","승용차","중형","00","00","1110385","1689485","128.71252416","35.19462667"
"2014","2014-08-12 05:00","09","야간","화","1","1","0","0","0","대구","달서구","차대사람","횡단중","횡단중","운전자법규위반","안전운전 의무 불이행","단일로","기타단일로","승용차","중형","보행자","보행자","1093680","1762828","128.53753397","35.85752552"
"2014","2014-08-11 08:00","30","주간","월","1","2","0","1","0","충북","충주시","차대차","추돌","진행중 추돌","운전자법규위반","안전운전 의무 불이행","단일로","기타단일로","승용차","중형","화물차","소형","1041797","1899895","127.97035077","37.09676163"
"2014","2014-08-10 06:00","20","주간","일","1","2","0","1","0","충남","태안군","차대차","측면직각충돌","측면직각충돌","운전자법규위반","안전운전 의무 불이행","교차로","교차로부근","화물차","소형","승용차","중형","893393","1850413","126.30738265","36.64566249"
"2014","2014-06-30 20:00","52","야간","월","1","1","0","0","0","충남","당진시","차대차","기타","기타","운전자법규위반","안전운전 의무 불이행","기타/불명","기타/불명","승용차","대형","화물차","소형","927182","1878577","126.68264812","36.90271335"
"2014","2014-07-08 03:00","27","야간","화","1","1","0","0","0","대구","북구","차대사람","기타","기타","운전자법규위반","기타(운전자법규위반)","단일로","기타단일로","승용차","중형","보행자","보행자","1101146","1768589","128.6209401","35.908715"
"2014","2014-07-06 10:00","30","주간","일","1","1","0","0","0","경기","성남시","차대차","측면직각충돌","측면직각충돌","운전자법규위반","안전운전 의무 불이행","교차로","교차로부근","원동기장치자전거","원동기장치자전거","승합차","대형","966523","1931526","127.12185229","37.38221369"
"2014","2014-07-07 04:00","30","야간","월","1","1","0","0","0","광주","북구","차대사람","횡단중","횡단중","운전자법규위반","보행자 보호의무 위반","단일로","횡단보도상","승용차","대형","보행자","보행자","946558","1685830","126.91315844","35.16631832"
"2014","2014-07-05 21:00","41","야간","토","1","1","0","0","0","서울","도봉구","차대사람","기타","기타","운전자법규위반","안전운전 의무 불이행","단일로","기타단일로","승용차","경형","보행자","보행자","958975","1961409","127.03492574","37.65125612"
"2014","2014-07-03 16:00","30","주간","목","1","3","2","0","0","경기","포천시","차대차","측면직각충돌","측면직각충돌","운전자법규위반","중앙선 침범","교차로","교차로부근","화물차","중형","화물차","중형","978882","2002840","127.25938608","38.02535039"
"2014","2014-07-04 10:00","20","주간","금","1","1","0","0","0","경기","부천시","차대사람","기타","기타","운전자법규위반","안전운전 의무 불이행","교차로","교차로내","승합차","대형","보행자","보행자","935034","1945266","126.76746211","37.50409836"
"2014","2014-07-04 09:00","10","주간","금","1","1","0","0","0","경남","김해시","차대차","기타","기타","운전자법규위반","신호위반","단일로","횡단보도상","승용차","대형","원동기장치자전거","원동기장치자전거","1128389","1693519","128.9108686","35.22884936"
"2014","2014-07-04 01:00","20","야간","금","1","2","0","1","0","서울","송파구","차대사람","기타","기타","운전자법규위반","과속","단일로","횡단보도부근","승용차","중형","보행자","보행자","965554","1945445","127.11025669","37.50763768"
"2014","2014-07-04 23:00","10","야간","금","1","2","1","0","0","전북","완주군","차대차","기타","기타","운전자법규위반","안전운전 의무 불이행","단일로","기타단일로","이륜차","중형","이륜차","중형","963618","1769223","127.09674107","35.9189863"
"2014","2014-07-05 08:00","04","주간","토","1","1","0","0","0","광주","서구","차대차","기타","기타","운전자법규위반","안전운전 의무 불이행","교차로","교차로부근","승용차","중형","자전거","자전거","943264","1685094","126.87703979","35.15950144"
"2014","2014-09-19 17:00","52","주간","금","1","1","0","0","0","경북","김천시","차량단독","기타","기타","운전자법규위반","안전운전 의무 불이행","단일로","기타단일로","승용차","대형","00","00","1070401","1795182","128.28261437","36.15114965"
"2014","2014-03-07 06:00","05","주간","금","1","1","0","0","0","인천","계양구","차대차","추돌","주정차중 추돌","운전자법규위반","안전운전 의무 불이행","단일로","기타단일로","승용차","중형","승용차","중형","929744","1947446","126.70491554","37.52364061"
"2014","2014-04-11 03:00","25","야간","금","1","1","0","0","0","경기","안성시","차대차","기타","기타","운전자법규위반","안전운전 의무 불이행","단일로","기타단일로","승용차","경형","화물차","대형","967338","1892983","127.13274569","37.03481904"
"2014","2014-12-07 11:00","15","주간","일","1","1","0","0","0","경북","경주시","차량단독","기타","기타","운전자법규위반","안전운전 의무 불이행","단일로","기타단일로","화물차","소형","00","00","1151194","1758598","129.17352017","35.81221606"
"2014","2014-11-18 06:00","50","주간","화","1","2","0","1","0","경북","경주시","차대차","측면직각충돌","측면직각충돌","운전자법규위반","안전운전 의무 불이행","단일로","기타단일로","화물차","중형","화물차","소형","1142609","1763341","129.07937593","35.85624878"
"2014","2014-01-02 22:00","05","야간","목","1","1","0","0","0","울산","중구","차대사람","기타","기타","운전자법규위반","안전운전 의무 불이행","단일로","기타단일로","승용차","중형","보행자","보행자","1166856","1730353","129.34094277","35.55514158"
"2014","2014-01-03 10:00","20","주간","금","1","1","0","0","0","전북","부안군","차대사람","길가장자리구역통행중","길가장자리구역통행중","운전자법규위반","안전운전 의무 불이행","단일로","기타단일로","화물차","소형","보행자","보행자","930884","1747935","126.73578072","35.72529965"
"2014","2014-01-16 15:00","15","주간","목","1","1","0","0","0","강원","횡성군","차대사람","차도통행중","차도통행중","운전자법규위반","안전운전 의무 불이행","단일로","기타단일로","건설기계","건설기계","보행자","보행자","1042536","1942375","127.98109836","37.4796292"
"2014","2014-01-16 14:00","00","주간","목","1","1","0","0","0","경북","영주시","차량단독","기타","기타","운전자법규위반","안전운전 의무 불이행","단일로","기타단일로","특수차","소형","00","00","1092223","1871738","128.53430465","36.83937447"
"2014","2014-01-14 05:00","00","야간","화","1","1","0","0","0","경기","부천시","차대사람","기타","기타","운전자법규위반","안전운전 의무 불이행","교차로","교차로부근","승합차","대형","보행자","보행자","934477","1945364","126.75866011","37.50522421"
"2014","2014-01-11 03:00","45","야간","토","1","1","0","0","0","울산","남구","차대사람","기타","기타","운전자법규위반","신호위반","단일로","기타단일로","승용차","중형","보행자","보행자","1164345","1728044","129.31278257","35.5347524"
"2014","2014-01-13 07:00","54","주간","월","1","1","0","0","0","서울","동대문구","차대사람","기타","기타","운전자법규위반","신호위반","교차로","교차로내","화물차","중형","보행자","보행자","960477","1954797","127.05231","37.59172671"
"2014","2014-01-09 21:00","30","야간","목","1","2","0","1","0","강원","춘천시","차대사람","차도통행중","차도통행중","운전자법규위반","안전운전 의무 불이행","단일로","기타단일로","승용차","중형","보행자","보행자","1018194","1994010","127.70777764","37.94519091"
"2014","2014-05-09 18:00","10","야간","금","1","2","1","0","0","경기","평택시","차대차","추돌","진행중 추돌","운전자법규위반","안전거리 미확보","단일로","기타단일로","화물차","중형","화물차","대형","946136","1895105","126.89420637","37.05296915"
"2014","2014-06-13 00:00","29","야간","금","1","2","0","1","0","충남","논산시","차대차","추돌","진행중 추돌","운전자법규위반","안전운전 의무 불이행","단일로","기타단일로","화물차","중형","화물차","중형","964183","1786341","127.10222923","36.07333848"
"2014","2014-07-28 03:00","50","야간","월","1","2","0","1","0","경기","안산시","차대차","추돌","진행중 추돌","운전자법규위반","안전운전 의무 불이행","단일로","기타단일로","화물차","소형","화물차","중형","939862","1928101","126.8209897","37.34999701"
"2014","2014-08-21 13:00","00","주간","목","1","1","0","0","0","충남","당진시","차량단독","공작물충돌","공작물충돌","운전자법규위반","안전운전 의무 불이행","단일로","기타단일로","승용차","소형","00","00","928719","1876946","126.70005221","36.88812942"
"2014","2014-08-02 17:00","00","주간","토","1","1","0","0","0","경남","진주시","차량단독","기타","기타","운전자법규위반","안전운전 의무 불이행","단일로","기타단일로","승용차","중형","00","00","1064318","1687604","128.20640084","35.18167621"
"2014","2014-08-14 06:00","55","주간","목","1","1","0","0","0","울산","울주군","차량단독","전도전복","전도전복","운전자법규위반","안전운전 의무 불이행","단일로","기타단일로","승용차","중형","00","00","1146148","1727874","129.1121081","35.53607"
"2014","2014-09-12 09:00","57","주간","금","1","4","1","2","0","경남","하동군","차대사람","기타","기타","운전자법규위반","안전운전 의무 불이행","단일로","기타단일로","화물차","중형","보행자","보행자","1030216","1667665","127.83114166","35.00348856"
"2014","2014-05-17 05:00","55","야간","토","1","1","0","0","0","서울","동대문구","차대사람","횡단중","횡단중","운전자법규위반","안전운전 의무 불이행","단일로","기타단일로","승용차","중형","보행자","보행자","958306","1953161","127.02781243","37.57685819"
"2014","2014-05-19 21:00","45","야간","월","1","18","1","16","0","전북","전주시","차대차","추돌","주정차중 추돌","운전자법규위반","안전운전 의무 불이행","교차로","교차로부근","화물차","소형","승합차","대형","965899","1755265","127.12262009","35.79322372"
"2014","2014-05-18 03:00","55","야간","일","1","1","0","0","0","전남","광양시","차대차","측면직각충돌","측면직각충돌","운전자법규위반","안전운전 의무 불이행","교차로","교차로내","승용차","소형","화물차","대형","1013009","1655313","127.64237575","34.89247245"
"2014","2014-05-19 16:00","30","주간","월","1","1","0","0","0","전북","고창군","차량단독","기타","기타","운전자법규위반","안전운전 의무 불이행","기타/불명","기타/불명","농기계","농기계","00","00","916416","1716176","126.57910817","35.4378573"
"2014","2014-05-18 14:00","10","주간","일","1","1","0","0","0","대구","중구","차대차","기타","기타","운전자법규위반","신호위반","교차로","교차로내","자전거","자전거","승용차","중형","1097304","1765173","128.57795088","35.87831135"
"2014","2014-05-14 16:00","04","주간","수","2","2","0","0","0","대전","대덕구","차량단독","공작물충돌","공작물충돌","운전자법규위반","안전운전 의무 불이행","교차로","교차로부근","화물차","소형","00","00","995653","1817844","127.45154846","36.35800771"
"2014","2014-05-17 06:00","00","주간","토","1","1","0","0","0","서울","관악구","차대차","기타","기타","운전자법규위반","안전운전 의무 불이행","단일로","횡단보도부근","승용차","소형","화물차","소형","950208","1941461","126.9368987","37.47102841"
"2014","2014-05-15 09:00","50","주간","목","1","1","0","0","0","전남","여수시","차대사람","횡단중","횡단중","운전자법규위반","신호위반","교차로","교차로내","화물차","대형","보행자","보행자","1017812","1643222","127.695951","34.76886477"
"2014","2014-05-14 05:00","25","야간","수","1","2","1","0","0","경기","구리시","차량단독","공작물충돌","공작물충돌","운전자법규위반","과속","단일로","기타단일로","승용차","중형","00","00","965993","1951650","127.11493624","37.56358216"
"2014","2014-05-25 17:00","27","주간","일","2","4","1","1","0","경기","고양시","차대차","측면직각충돌","측면직각충돌","운전자법규위반","신호위반","교차로","교차로내","승용차","소형","승용차","대형","930731","1966315","126.71429742","37.69377502"