"발생년","발생년월일시","발생분","주야","요일","사망자수","사상자수","중상자수","경상자수","부상신고자수","발생지시도","발생지시군구","사고유형_대분류","사고유형_중분류","사고유형","법규위반_대분류","법규위반","도로형태_대분류","도로형태","당사자종별_1당_대분류","당사자종별_1당","당사자종별_2당_대분류","당사자종별_2당","발생위치X_UTMK","발생위치Y_UTMK","경도","위도"
"2014","2014-01-27 17:00","09","주간","월","1","2","0","1","0","충남","아산시","차대사람","횡단중","횡단중","운전자법규위반","보행자 보호의무 위반","단일로","횡단보도상","화물차","중형","보행자","보행자","955005","1865477","126.99571142","36.78636383"
"2014","2014-01-26 00:00","25","야간","일","1","1","0","0","0","부산","북구","차대차","기타","기타","운전자법규위반","안전운전 의무 불이행","교차로","교차로내","승용차","소형","불명","불명","1138010","1697978","129.01722396","35.26781926"
"2014","2014-02-24 19:00","40","야간","월","1","1","0","0","0","강원","삼척시","차대사람","기타","기타","운전자법규위반","안전운전 의무 불이행","단일로","기타단일로","승용차","중형","보행자","보행자","1137328","1915741","129.04805918","37.23041379"
"2014","2014-02-24 06:00","11","주간","월","1","1","0","0","0","전남","곡성군","차대사람","횡단중","횡단중","운전자법규위반","과속","단일로","횡단보도상","승용차","중형","보행자","보행자","985877","1696516","127.34472993","35.26399704"
"2014","2014-02-24 04:00","00","야간","월","1","1","0","0","0","경기","화성시","차대차","기타","기타","운전자법규위반","안전운전 의무 불이행","교차로","교차로부근","승합차","소형","화물차","소형","960170","1913748","127.05111497","37.22146492"
"2014","2014-02-24 19:00","30","야간","월","1","1","0","0","0","경북","봉화군","차량단독","도로이탈","도로이탈 추락","운전자법규위반","안전운전 의무 불이행","단일로","기타단일로","승용차","중형","00","00","1120868","1873852","128.85583011","36.8551976"
"2014","2014-02-24 08:00","00","주간","월","1","1","0","0","0","충북","청주시","차대사람","횡단중","횡단중","운전자법규위반","보행자 보호의무 위반","단일로","횡단보도상","화물차","소형","보행자","보행자","997777","1850146","127.47512953","36.64922339"
"2014","2014-02-24 02:00","20","야간","월","1","2","1","0","0","경기","파주시","차대차","정면충돌","정면충돌","운전자법규위반","중앙선 침범","교차로","교차로부근","승용차","소형","승용차","소형","934894","1976435","126.760607","37.78528716"
"2014","2014-02-23 10:00","10","주간","일","1","1","0","0","0","제주","제주시","차량단독","공작물충돌","공작물충돌","운전자법규위반","안전운전 의무 불이행","단일로","기타단일로","농기계","농기계","00","00","930059","1506811","126.7465847","33.55098466"
"2014","2014-02-23 05:00","15","야간","일","1","1","0","0","0","경남","창녕군","차량단독","공작물충돌","공작물충돌","운전자법규위반","안전운전 의무 불이행","단일로","기타단일로","이륜차","중형","00","00","1090413","1727674","128.49740117","35.54091847"
"2014","2014-02-24 19:00","35","야간","월","1","2","0","1","0","경기","화성시","차대사람","보도통행중","보도통행중","보행자과실","보행자과실","교차로","교차로부근","승합차","중형","보행자","보행자","961601","1911553","127.07527389","37.19465611"
"2014","2014-02-18 03:00","15","야간","화","1","4","0","3","0","경기","안산시","차대사람","횡단중","횡단중","운전자법규위반","안전운전 의무 불이행","교차로","교차로부근","승용차","중형","보행자","보행자","941213","1924401","126.83653608","37.31673431"
"2014","2014-03-16 11:00","07","주간","일","1","5","4","0","0","인천","남구","차량단독","기타","기타","운전자법규위반","안전운전 의무 불이행","고가도로위","고가도로위","화물차","소형","00","00","923596","1938695","126.63625431","37.44428194"
"2014","2014-05-29 14:00","20","주간","목","1","1","0","0","0","경북","상주시","차대차","추돌","주정차중 추돌","운전자법규위반","안전운전 의무 불이행","단일로","기타단일로","화물차","대형","화물차","중형","1054822","1820873","128.11308312","36.38246444"
"2014","2014-09-05 04:00","49","야간","금","1","2","0","1","0","경기","이천시","차대차","추돌","진행중 추돌","운전자법규위반","안전운전 의무 불이행","단일로","기타단일로","화물차","중형","화물차","중형","994938","1910822","127.44296143","37.19617892"
"2014","2014-05-25 20:00","13","야간","일","1","1","0","0","0","경북","영덕군","차대차","정면충돌","정면충돌","운전자법규위반","중앙선 침범","단일로","기타단일로","승합차","소형","농기계","농기계","1171038","1839726","129.41073856","36.53997837"
"2014","2014-05-20 14:00","50","주간","화","1","4","0","3","0","부산","강서구","차대차","추돌","진행중 추돌","운전자법규위반","안전거리 미확보","지하도로내","지하도로내","화물차","소형","화물차","소형","1132976","1687124","128.96022857","35.17060558"
"2014","2014-05-29 21:00","55","야간","목","1","1","0","0","0","전남","보성군","차대사람","횡단중","횡단중","운전자법규위반","안전운전 의무 불이행","단일로","횡단보도부근","승용차","소형","보행자","보행자","961093","1641249","127.07484302","34.76498868"
"2014","2014-05-31 07:00","15","주간","토","1","1","0","0","0","경남","거창군","차대사람","횡단중","횡단중","운전자법규위반","안전운전 의무 불이행","단일로","횡단보도상","화물차","소형","보행자","보행자","1034007","1755641","127.87635566","35.79661702"
"2014","2014-05-29 23:00","35","야간","목","1","1","0","0","0","대전","대덕구","차대차","추돌","주정차중 추돌","운전자법규위반","안전운전 의무 불이행","단일로","기타단일로","승용차","소형","화물차","대형","992250","1819875","127.4135985","36.37629654"
"2014","2014-06-12 10:00","50","주간","목","1","2","0","1","0","충남","공주시","차대차","기타","기타","운전자법규위반","안전운전 의무 불이행","단일로","기타단일로","승용차","경형","이륜차","중형","966076","1845733","127.12066402","36.60883908"
"2014","2014-06-12 07:00","05","주간","목","1","1","0","0","0","서울","동대문구","차대차","기타","기타","운전자법규위반","안전거리 미확보","단일로","기타단일로","자전거","자전거","승용차","중형","958667","1952418","127.03302312","37.57086512"
"2014","2014-06-10 06:00","05","주간","화","1","1","0","0","0","울산","북구","차량단독","도로이탈","도로이탈 기타","운전자법규위반","안전운전 의무 불이행","단일로","기타단일로","승용차","중형","00","00","1166859","1740429","129.34305734","35.6459447"
"2014","2014-06-07 09:00","40","주간","토","1","1","0","0","0","전북","임실군","차대차","측면직각충돌","측면직각충돌","운전자법규위반","교차로 통행방법 위반","교차로","교차로내","건설기계","건설기계","이륜차","대형","980143","1738320","127.28066947","35.64083387"
"2014","2014-06-07 19:00","25","야간","토","1","1","0","0","0","경남","창원시(통합)","차대사람","횡단중","횡단중","운전자법규위반","안전운전 의무 불이행","단일로","기타단일로","승용차","중형","보행자","보행자","1093070","1695493","128.52303662","35.25054776"
"2014","2014-06-06 21:00","20","야간","금","1","1","0","0","0","전북","정읍시","차량단독","기타","기타","운전자법규위반","안전운전 의무 불이행","단일로","기타단일로","자전거","자전거","00","00","935915","1733386","126.78361432","35.61134948"
"2014","2014-06-21 17:00","17","주간","토","1","1","0","0","0","충남","천안시","차대차","기타","기타","운전자법규위반","안전운전 의무 불이행","단일로","기타단일로","승용차","중형","자전거","자전거","966847","1865109","127.12844554","36.78353508"
"2014","2014-06-19 18:00","25","야간","목","1","2","0","1","0","부산","동래구","차대차","측면직각충돌","측면직각충돌","운전자법규위반","신호위반","교차로","교차로내","이륜차","중형","승용차","소형","1144956","1689958","129.0922376","35.19449333"
"2014","2014-06-19 15:00","30","주간","목","1","2","0","1","0","경북","안동시","차대차","추돌","주정차중 추돌","운전자법규위반","안전운전 의무 불이행","단일로","기타단일로","승용차","중형","화물차","중형","1107397","1844766","128.70094205","36.59315992"
"2014","2014-01-03 18:00","20","야간","금","1","1","0","0","0","경남","하동군","차대사람","기타","기타","운전자법규위반","안전운전 의무 불이행","단일로","기타단일로","화물차","중형","보행자","보행자","1012076","1686955","127.63262483","35.17781145"
"2014","2014-01-04 04:00","43","야간","토","1","1","0","0","0","서울","용산구","차대사람","기타","기타","운전자법규위반","과속","단일로","기타단일로","승용차","대형","보행자","보행자","956213","1947637","127.00443945","37.52699885"
"2014","2014-01-04 07:00","20","주간","토","1","1","0","0","0","강원","원주시","차대사람","기타","기타","운전자법규위반","보행자 보호의무 위반","교차로","교차로부근","승용차","중형","보행자","보행자","1040019","1927554","127.95182783","37.34615233"
"2014","2014-01-03 20:00","00","야간","금","1","4","1","2","0","경기","용인시","차대차","추돌","주정차중 추돌","운전자법규위반","안전운전 의무 불이행","단일로","기타단일로","화물차","소형","승용차","중형","980412","1915062","127.27917191","37.23420656"
"2014","2014-01-03 12:00","30","주간","금","1","1","0","0","0","충남","천안시","차대사람","횡단중","횡단중","운전자법규위반","안전운전 의무 불이행","단일로","기타단일로","승용차","대형","보행자","보행자","968672","1868212","127.14877074","36.81156941"
"2014","2014-01-01 18:00","50","야간","수","1","1","0","0","0","대구","수성구","차대사람","기타","기타","운전자법규위반","안전운전 의무 불이행","단일로","기타단일로","승용차","중형","보행자","보행자","1100927","1763377","128.61785293","35.8617546"
"2014","2014-01-12 22:00","25","야간","일","1","1","0","0","0","경기","수원시","차대사람","횡단중","횡단중","운전자법규위반","안전운전 의무 불이행","단일로","기타단일로","승용차","중형","보행자","보행자","961201","1919065","127.06238968","37.26968686"
"2014","2014-01-12 20:00","10","야간","일","1","1","0","0","0","광주","북구","차대사람","차도통행중","차도통행중","운전자법규위반","안전운전 의무 불이행","교차로","교차로부근","승용차","중형","보행자","보행자","947152","1686971","126.91960769","35.17663782"
"2014","2014-01-11 10:00","00","주간","토","1","1","0","0","0","경기","남양주시","차대사람","횡단중","횡단중","운전자법규위반","보행자 보호의무 위반","교차로","교차로부근","승합차","소형","보행자","보행자","982221","1962165","127.29842992","37.6588148"
"2014","2014-01-22 03:00","24","야간","수","1","4","1","2","0","경기","수원시","차대차","정면충돌","정면충돌","운전자법규위반","중앙선 침범","교차로","교차로부근","승용차","중형","승용차","중형","953753","1919952","126.97833214","37.27734165"
"2014","2014-01-30 03:00","50","야간","목","1","1","0","0","0","경기","부천시","차대차","추돌","진행중 추돌","운전자법규위반","안전운전 의무 불이행","단일로","기타단일로","승용차","경형","자전거","자전거","934655","1944719","126.7607312","37.49942351"
"2014","2014-05-31 19:00","25","야간","토","2","7","2","3","0","대구","북구","차대차","추돌","진행중 추돌","운전자법규위반","안전운전 의무 불이행","단일로","기타단일로","승용차","대형","승용차","대형","1091909","1766818","128.5183827","35.89366195"
"2014","2014-06-12 05:00","37","야간","목","1","3","2","0","0","전북","남원시","차량단독","전도전복","전도전복","운전자법규위반","안전운전 의무 불이행","단일로","기타단일로","화물차","소형","00","00","988823","1702379","127.37703863","35.31690087"
"2014","2014-08-04 02:00","59","야간","월","1","1","0","0","0","경기","시흥시","차대사람","차도통행중","차도통행중","운전자법규위반","안전운전 의무 불이행","단일로","기타단일로","승용차","대형","보행자","보행자","941005","1938095","126.83309671","37.44014845"
"2014","2014-03-16 16:00","07","주간","일","1","9","3","5","0","충남","천안시","차대차","추돌","주정차중 추돌","운전자법규위반","안전운전 의무 불이행","단일로","기타단일로","승용차","중형","승용차","경형","965939","1855294","127.11870742","36.69502431"
"2014","2014-06-25 14:00","36","주간","수","1","4","1","2","0","경기","성남시","차대차","측면직각충돌","측면직각충돌","운전자법규위반","안전운전 의무 불이행","단일로","기타단일로","화물차","소형","승합차","대형","964866","1928814","127.10326439","37.35770735"
"2014","2014-09-24 11:00","00","주간","수","1","4","1","2","0","경기","이천시","차대차","추돌","진행중 추돌","운전자법규위반","안전운전 의무 불이행","단일로","기타단일로","화물차","중형","화물차","대형","993649","1914626","127.4284046","37.23046067"
"2014","2014-09-29 23:00","40","야간","월","1","3","1","1","0","경기","여주시","차대차","추돌","주정차중 추돌","운전자법규위반","안전운전 의무 불이행","단일로","기타단일로","화물차","대형","화물차","중형","1002362","1930149","127.52667642","37.37040318"
"2014","2014-09-21 23:00","15","야간","일","1","2","0","1","0","충북","충주시","차대차","추돌","진행중 추돌","운전자법규위반","안전거리 미확보","단일로","기타단일로","화물차","소형","승용차","소형","1024926","1893374","127.78028412","37.03858096"
"2014","2014-02-14 18:00","35","야간","금","1","1","0","0","0","경기","시흥시","차대차","기타","기타","운전자법규위반","안전운전 의무 불이행","단일로","기타단일로","원동기장치자전거","원동기장치자전거","승용차","중형","941530","1931751","126.83953339","37.38300204"
"2014","2014-01-31 23:00","13","야간","금","1","1","0","0","0","경기","화성시","차량단독","공작물충돌","공작물충돌","운전자법규위반","안전운전 의무 불이행","단일로","기타단일로","화물차","소형","00","00","943270","1915513","126.86042799","37.2367507"
"2014","2014-02-03 20:00","50","야간","월","1","1","0","0","0","전북","전주시","차대사람","횡단중","횡단중","운전자법규위반","과속","교차로","교차로내","승용차","경형","보행자","보행자","968802","1758030","127.15463779","35.8182497"
"2014","2014-02-15 21:00","30","야간","토","1","1","0","0","0","충남","공주시","차대사람","기타","기타","운전자법규위반","안전운전 의무 불이행","교차로","교차로내","승용차","대형","보행자","보행자","968440","1831071","127.14769789","36.47674306"
"2014","2014-02-11 02:00","05","야간","화","1","1","0","0","0","강원","춘천시","차대사람","차도통행중","차도통행중","운전자법규위반","안전운전 의무 불이행","단일로","기타단일로","승용차","경형","보행자","보행자","1021360","1981221","127.74272977","37.83049419"
"2014","2014-02-11 19:00","35","야간","화","1","3","0","2","0","전남","강진군","차대차","측면직각충돌","측면직각충돌","운전자법규위반","신호위반","교차로","교차로내","화물차","경형","승용차","소형","927499","1634384","126.70835833","34.70125205"
"2014","2014-02-12 11:00","20","주간","수","1","1","0","0","0","경기","화성시","차대사람","횡단중","횡단중","운전자법규위반","신호위반","단일로","횡단보도상","건설기계","건설기계","보행자","보행자","943133","1914485","126.85896199","37.22747646"
"2014","2014-02-09 11:00","15","주간","일","1","1","0","0","0","경기","화성시","차대사람","횡단중","횡단중","운전자법규위반","안전운전 의무 불이행","단일로","기타단일로","화물차","경형","보행자","보행자","958834","1912613","127.03604988","37.21142835"
"2014","2014-02-10 00:00","05","야간","월","1","2","1","0","0","대전","대덕구","차대차","측면직각충돌","측면직각충돌","운전자법규위반","과속","교차로","교차로내","승용차","중형","화물차","중형","991788","1817819","127.40846958","36.35775709"
"2014","2014-02-09 06:00","40","주간","일","1","4","1","1","1","경북","경주시","차량단독","공작물충돌","공작물충돌","운전자법규위반","안전운전 의무 불이행","기타/불명","기타/불명","승용차","소형","00","00","1152706","1758394","129.19021057","35.81014343"
"2014","2014-02-22 07:00","45","주간","토","1","2","1","0","0","강원","강릉시","차대차","정면충돌","정면충돌","운전자법규위반","중앙선 침범","단일로","기타단일로","건설기계","건설기계","화물차","대형","1131280","1969481","128.98948365","37.71551884"
"2014","2014-02-22 19:00","46","야간","토","1","1","0","0","0","제주","제주시","차대사람","기타","기타","운전자법규위반","안전운전 의무 불이행","단일로","기타단일로","승용차","소형","보행자","보행자","897526","1499222","126.39705075","33.47991918"
"2014","2014-02-22 07:00","30","주간","토","1","1","0","0","0","서울","종로구","차대차","기타","기타","운전자법규위반","안전운전 의무 불이행","단일로","기타단일로","승합차","대형","자전거","자전거","952435","1952688","126.96107409","37.57232433"
"2014","2014-06-18 13:00","35","주간","수","1","1","0","0","0","전북","군산시","차량단독","공작물충돌","공작물충돌","운전자법규위반","안전운전 의무 불이행","단일로","기타단일로","승용차","중형","00","00","941665","1769697","126.85339002","35.92219589"
"2014","2014-06-18 13:00","31","주간","수","1","1","0","0","0","강원","정선군","차대차","추돌","진행중 추돌","운전자법규위반","신호위반","교차로","교차로내","화물차","소형","자전거","자전거","1103850","1931471","128.67295488","37.37650543"
"2014","2014-06-19 00:00","20","야간","목","1","1","0","0","0","경북","칠곡군","차대사람","기타","기타","운전자법규위반","안전운전 의무 불이행","교차로","교차로부근","승용차","대형","보행자","보행자","1081919","1778603","128.40891941","36.00078995"
"2014","2014-06-18 14:00","15","주간","수","1","1","0","0","0","충북","음성군","차대차","기타","기타","운전자법규위반","안전운전 의무 불이행","단일로","기타단일로","원동기장치자전거","원동기장치자전거","화물차","중형","1022088","1881391","127.74802119","36.93063288"
"2014","2014-06-07 22:00","36","야간","토","1","1","0","0","0","강원","삼척시","차량단독","기타","기타","운전자법규위반","안전운전 의무 불이행","단일로","기타단일로","농기계","농기계","00","00","1150204","1934788","129.19700573","37.40004126"
"2014","2014-06-17 08:00","45","주간","화","1","1","0","0","0","전남","여수시","차대사람","보도통행중","보도통행중","운전자법규위반","신호위반","교차로","교차로내","화물차","소형","보행자","보행자","1022413","1636992","127.74483232","34.72709607"
"2014","2014-06-16 14:00","00","주간","월","1","1","0","0","0","전남","진도군","차량단독","도로이탈","도로이탈 추락","운전자법규위반","기타(운전자법규위반)","단일로","기타단일로","이륜차","대형","00","00","894468","1605176","126.35481247","34.43500684"
"2014","2014-06-15 09:00","35","주간","일","1","1","0","0","0","광주","광산구","차대사람","횡단중","횡단중","운전자법규위반","신호위반","교차로","교차로부근","화물차","소형","보행자","보행자","937236","1686854","126.81072262","35.17501215"
"2014","2014-06-15 17:00","57","주간","일","1","5","1","3","0","부산","해운대구","차대차","측면직각충돌","측면직각충돌","운전자법규위반","신호위반","교차로","교차로내","건설기계","건설기계","승용차","중형","1148155","1692817","129.1278782","35.21979583"
"2014","2014-06-16 15:00","20","주간","월","1","1","0","0","0","경남","창녕군","차량단독","공작물충돌","공작물충돌","운전자법규위반","안전운전 의무 불이행","단일로","기타단일로","화물차","소형","00","00","1080524","1733174","128.38886948","35.59135666"
"2014","2014-06-14 10:00","10","주간","토","1","2","0","1","0","제주","제주시","차대차","정면충돌","정면충돌","운전자법규위반","중앙선 침범","단일로","기타단일로","승용차","소형","승용차","소형","885611","1492050","126.26060119","33.41271055"
"2014","2014-05-08 13:00","35","주간","목","1","4","3","0","0","경기","고양시","차대차","측면직각충돌","측면직각충돌","운전자법규위반","신호위반","교차로","교차로내","특수차","소형","승용차","중형","940046","1958986","126.82055032","37.62837696"
"2014","2014-05-08 06:00","55","주간","목","1","1","0","0","0","대구","수성구","차대사람","횡단중","횡단중","운전자법규위반","안전운전 의무 불이행","단일로","횡단보도상","특수차","중형","보행자","보행자","1100249","1761759","128.6101414","35.84723882"
"2014","2014-05-18 15:00","35","주간","일","1","1","0","0","0","경북","영양군","차량단독","공작물충돌","공작물충돌","운전자법규위반","안전운전 의무 불이행","단일로","기타단일로","이륜차","사발이","00","00","1151432","1857134","129.19523577","36.70015079"
"2014","2014-05-16 17:00","00","주간","금","1","1","0","0","0","경남","진주시","차대사람","기타","기타","운전자법규위반","안전운전 의무 불이행","단일로","기타단일로","승용차","소형","보행자","보행자","1056045","1687343","128.11552624","35.1798187"
"2014","2014-05-16 09:00","35","주간","금","1","1","0","0","0","충북","청원군","차대사람","횡단중","횡단중","운전자법규위반","안전운전 의무 불이행","단일로","기타단일로","화물차","소형","보행자","보행자","1002767","1858126","127.53098547","36.72116092"
"2014","2014-05-24 14:00","10","주간","토","1","1","0","0","0","경기","여주시","차대차","기타","기타","운전자법규위반","중앙선 침범","교차로","교차로부근","승용차","중형","이륜차","소형","1010476","1927422","127.61827723","37.3457662"
"2014","2014-05-23 21:00","50","야간","금","1","1","0","0","0","충남","천안시","차대차","정면충돌","정면충돌","운전자법규위반","신호위반","교차로","교차로내","승용차","중형","원동기장치자전거","원동기장치자전거","968020","1870261","127.1413749","36.83001836"
"2014","2014-05-25 01:00","40","야간","일","1","1","0","0","0","경남","진주시","차대차","기타","기타","운전자법규위반","안전운전 의무 불이행","단일로","기타단일로","승용차","중형","승용차","중형","1048893","1690859","128.03718983","35.21189529"
"2014","2014-05-25 04:00","53","야간","일","1","1","0","0","0","인천","남구","차대사람","횡단중","횡단중","운전자법규위반","보행자 보호의무 위반","교차로","교차로내","승용차","중형","보행자","보행자","927805","1941120","126.68359487","37.46647616"
"2014","2014-05-21 23:00","55","야간","수","1","1","0","0","0","경북","김천시","차대사람","기타","기타","운전자법규위반","안전운전 의무 불이행","교차로","교차로부근","승용차","중형","보행자","보행자","1055069","1792150","128.11197351","36.12480804"
"2014","2014-05-30 21:00","40","야간","금","1","1","0","0","0","경기","화성시","차대사람","기타","기타","운전자법규위반","기타(운전자법규위반)","단일로","기타단일로","승용차","대형","보행자","보행자","962115","1911807","127.07306744","37.20430223"
"2014","2014-05-31 10:00","10","주간","토","1","3","2","0","0","충북","증평군","차대차","측면직각충돌","측면직각충돌","운전자법규위반","직진 및 우회전차의 통행방해","교차로","교차로내","화물차","소형","승용차","중형","1011712","1866241","127.63127799","36.7942476"
"2014","2014-05-27 01:00","00","야간","화","1","1","0","0","0","경기","수원시","차량단독","기타","기타","운전자법규위반","안전운전 의무 불이행","단일로","기타단일로","자전거","자전거","00","00","958828","1915945","127.0357982","37.24146203"
"2014","2014-05-26 23:00","50","야간","월","1","1","0","0","0","서울","금천구","차대사람","횡단중","횡단중","운전자법규위반","과속","단일로","기타단일로","승용차","중형","보행자","보행자","948791","1939472","126.92101273","37.45302358"
"2014","2014-06-03 23:00","20","야간","화","1","1","0","0","0","대구","달서구","차대사람","기타","기타","운전자법규위반","안전운전 의무 불이행","단일로","기타단일로","승용차","대형","보행자","보행자","1094930","1757358","128.55072564","35.80809491"
"2014","2014-06-03 23:00","25","야간","화","1","3","0","2","0","인천","부평구","차대차","측면직각충돌","측면직각충돌","운전자법규위반","중앙선 침범","고가도로위","고가도로위","이륜차","소형","승용차","중형","932812","1943550","126.73998919","37.48875513"
"2014","2014-06-03 23:00","15","야간","화","1","1","0","0","0","인천","부평구","차대사람","길가장자리구역통행중","길가장자리구역통행중","운전자법규위반","차로위반(진로변경 위반)","단일로","기타단일로","화물차","경형","보행자","보행자","930755","1943095","126.71676579","37.48450232"
"2014","2014-06-21 04:00","46","야간","토","1","1","0","0","0","대구","수성구","차량단독","공작물충돌","공작물충돌","운전자법규위반","안전운전 의무 불이행","단일로","기타단일로","화물차","소형","00","00","1104683","1762573","128.6593408","35.85411286"
"2014","2014-06-18 12:00","25","주간","수","1","1","0","0","0","부산","해운대구","차대사람","횡단중","횡단중","운전자법규위반","안전운전 의무 불이행","교차로","교차로부근","승합차","소형","보행자","보행자","1150085","1686310","129.1478917","35.16085856"
"2014","2014-11-10 23:00","35","야간","월","1","4","2","1","0","충북","음성군","차대차","추돌","진행중 추돌","운전자법규위반","안전운전 의무 불이행","단일로","기타단일로","화물차","대형","화물차","대형","1019228","1899947","127.71638083","37.09796575"
"2014","2014-01-08 18:00","15","야간","수","1","2","0","1","0","대구","달성군","차대사람","횡단중","횡단중","운전자법규위반","안전운전 의무 불이행","단일로","기타단일로","승용차","중형","보행자","보행자","1083603","1763605","128.42602353","35.86544203"
"2014","2014-01-08 04:00","50","야간","수","1","1","0","0","0","대구","남구","차대차","추돌","진행중 추돌","운전자법규위반","안전거리 미확보","단일로","기타단일로","승용차","대형","자전거","자전거","1099738","1760377","128.6043109","35.83483292"
"2014","2014-01-09 05:00","58","야간","목","1","1","0","0","0","제주","서귀포시","차대사람","횡단중","횡단중","운전자법규위반","보행자 보호의무 위반","단일로","횡단보도상","승용차","소형","보행자","보행자","913561","1474113","126.57202462","33.25488546"
"2014","2014-01-02 06:00","35","주간","목","1","1","0","0","0","대전","중구","차대차","기타","기타","운전자법규위반","안전운전 의무 불이행","교차로","교차로부근","자전거","자전거","승용차","중형","990288","1813414","127.39180563","36.3180302"
"2014","2014-01-01 09:00","10","주간","수","1","1","0","0","0","경기","부천시","차대차","측면직각충돌","측면직각충돌","운전자법규위반","신호위반","교차로","교차로내","원동기장치자전거","원동기장치자전거","승용차","소형","939133","1945441","126.80593417","37.50687159"
"2014","2014-01-03 17:00","50","주간","금","1","1","0","0","0","충북","괴산군","차대차","추돌","진행중 추돌","운전자법규위반","안전거리 미확보","단일로","기타단일로","화물차","대형","화물차","대형","1018383","1866878","127.70606722","36.79988392"
"2014","2014-01-02 12:00","56","주간","목","1","1","0","0","0","충북","청주시","차량단독","공작물충돌","공작물충돌","운전자법규위반","안전운전 의무 불이행","단일로","기타단일로","이륜차","중형","00","00","994505","1846364","127.43855016","36.61511546"
"2014","2014-01-16 00:00","40","야간","목","1","1","0","0","0","경기","광명시","차대차","측면직각충돌","측면직각충돌","운전자법규위반","신호위반","교차로","교차로내","승용차","중형","자전거","자전거","944500","1942667","126.87225896","37.48157304"
"2014","2014-01-13 18:00","20","야간","월","1","2","1","0","0","인천","중구","차대차","측면직각충돌","측면직각충돌","운전자법규위반","과속","교차로","교차로내","승용차","중형","승용차","중형","909551","1938490","126.47752235","37.44116751"
"2014","2014-01-14 06:00","33","주간","화","1","1","0","0","0","충남","서천군","차대사람","기타","기타","운전자법규위반","안전운전 의무 불이행","교차로","교차로부근","승용차","중형","보행자","보행자","926780","1780244","126.68743793","36.01627608"
"2014","2014-01-11 13:00","30","주간","토","1","1","0","0","0","충남","태안군","차량단독","공작물충돌","공작물충돌","운전자법규위반","안전운전 의무 불이행","단일로","기타단일로","화물차","소형","00","00","887524","1872976","126.23841495","36.84833908"
"2014","2014-01-10 08:00","50","주간","금","1","1","0","0","0","경남","양산시","차대차","기타","기타","운전자법규위반","안전운전 의무 불이행","단일로","기타단일로","승용차","중형","자전거","자전거","1137737","1704680","128.98772086","35.3112551"
"2014","2014-01-11 06:00","45","주간","토","1","1","0","0","0","경기","용인시","차대차","기타","기타","운전자법규위반","안전운전 의무 불이행","교차로","교차로부근","화물차","대형","승용차","경형","974561","1918328","127.21309891","37.26350471"
"2014","2014-01-09 00:00","45","야간","목","1","1","0","0","0","울산","울주군","차대차","기타","기타","운전자법규위반","안전운전 의무 불이행","교차로","교차로부근","승용차","중형","승용차","중형","1146139","1728587","129.11213748","35.54249763"
"2014","2014-01-12 20:00","35","야간","일","1","1","0","0","0","경북","경산시","차대사람","횡단중","횡단중","운전자법규위반","안전운전 의무 불이행","단일로","기타단일로","승용차","중형","보행자","보행자","1117511","1767843","128.80369237","35.90071225"
"2014","2014-01-17 19:00","35","야간","금","1","2","1","0","0","경남","합천군","차대차","측면직각충돌","측면직각충돌","운전자법규위반","중앙선 침범","단일로","기타단일로","승용차","경형","화물차","중형","1060540","1731443","128.16816075","35.57717507"
"2014","2014-01-19 09:00","27","주간","일","1","4","0","2","1","경기","평택시","차대차","측면직각충돌","측면직각충돌","운전자법규위반","신호위반","교차로","교차로내","승용차","중형","승합차","대형","961993","1890363","127.07277973","37.01100076"
"2014","2014-01-29 00:00","15","야간","수","1","1","0","0","0","전북","정읍시","차대사람","횡단중","횡단중","운전자법규위반","과속","단일로","기타단일로","승용차","소형","보행자","보행자","941190","1731865","126.8509009","35.58108413"
"2014","2014-01-26 13:00","35","주간","일","1","3","2","0","0","충남","당진시","차대차","기타","기타","운전자법규위반","중앙선 침범","단일로","기타단일로","승용차","중형","승용차","중형","927118","1874832","126.6822899","36.86895217"
"2014","2014-02-11 10:00","15","주간","화","1","1","0","0","0","충남","홍성군","차대사람","기타","기타","운전자법규위반","안전운전 의무 불이행","단일로","기타단일로","화물차","소형","보행자","보행자","915264","1844293","126.55512991","36.58282667"
"2014","2014-02-12 12:00","22","주간","수","1","2","1","0","0","전남","순천시","차대차","정면충돌","정면충돌","운전자법규위반","중앙선 침범","단일로","기타단일로","화물차","소형","화물차","소형","971896","1676967","127.19168876","35.08742788"
"2014","2014-02-12 08:00","30","주간","수","1","1","0","0","0","경남","함양군","차량단독","전도전복","전도전복","운전자법규위반","안전운전 의무 불이행","단일로","기타단일로","화물차","중형","00","00","1018357","1739936","127.70279919","35.65543343"
"2014","2014-02-10 06:00","40","주간","월","1","1","0","0","0","대구","동구","차대사람","기타","기타","운전자법규위반","안전운전 의무 불이행","단일로","기타단일로","승용차","중형","보행자","보행자","1111159","1765069","128.72561367","35.87598478"
"2014","2014-02-11 12:00","35","주간","화","1","2","0","1","0","경기","평택시","차대사람","기타","기타","운전자법규위반","안전운전 의무 불이행","교차로","교차로부근","화물차","소형","보행자","보행자","942722","1887480","126.85639216","36.98403642"
"2014","2014-02-11 20:00","40","야간","화","1","1","0","0","0","전남","해남군","차대사람","기타","기타","운전자법규위반","안전운전 의무 불이행","단일로","기타단일로","승용차","중형","보행자","보행자","954805","1612401","126.54436428","34.50184271"