"발생년","발생년월일시","발생분","주야","요일","사망자수","사상자수","중상자수","경상자수","부상신고자수","발생지시도","발생지시군구","사고유형_대분류","사고유형_중분류","사고유형","법규위반_대분류","법규위반","도로형태_대분류","도로형태","당사자종별_1당_대분류","당사자종별_1당","당사자종별_2당_대분류","당사자종별_2당","발생위치X_UTMK","발생위치Y_UTMK","경도","위도"
"2014","2014-02-10 07:00","10","주간","월","1","1","0","0","0","제주","제주시","차대사람","횡단중","횡단중","운전자법규위반","보행자 보호의무 위반","교차로","교차로부근","화물차","소형","보행자","보행자","915474","1502311","126.58991393","33.5093459"
"2014","2014-02-08 04:00","43","야간","토","1","1","0","0","0","서울","도봉구","차대사람","기타","기타","운전자법규위반","안전운전 의무 불이행","단일로","횡단보도상","원동기장치자전거","원동기장치자전거","보행자","보행자","959687","1963031","127.04290737","37.66590697"
"2014","2014-02-08 17:00","55","주간","토","1","1","0","0","0","대전","유성구","차대사람","횡단중","횡단중","운전자법규위반","안전운전 의무 불이행","단일로","횡단보도상","승용차","중형","보행자","보행자","985061","1816808","127.3335105","36.34856159"
"2014","2014-02-05 07:00","50","주간","수","1","1","0","0","0","서울","구로구","차대사람","횡단중","횡단중","운전자법규위반","안전운전 의무 불이행","단일로","횡단보도상","승합차","대형","보행자","보행자","943404","1944378","126.85973157","37.49692798"
"2014","2014-02-05 15:00","50","주간","수","1","1","0","0","0","경남","고성군","차대사람","길가장자리구역통행중","길가장자리구역통행중","운전자법규위반","안전운전 의무 불이행","단일로","기타단일로","화물차","소형","보행자","보행자","1056837","1659612","128.12009936","34.92945143"
"2014","2014-02-21 05:00","26","야간","금","1","1","0","0","0","대구","수성구","차대사람","기타","기타","운전자법규위반","신호위반","교차로","교차로부근","승용차","대형","보행자","보행자","1101743","1763523","128.6269079","35.86298628"
"2014","2014-02-22 06:00","20","주간","토","1","2","0","1","0","경기","고양시","차대차","측면직각충돌","측면직각충돌","운전자법규위반","중앙선 침범","단일로","기타단일로","승용차","중형","화물차","대형","938020","1960729","126.79744362","37.64395179"
"2014","2014-02-19 13:00","55","주간","수","1","1","0","0","0","부산","진구","차대차","기타","기타","운전자법규위반","안전거리 미확보","단일로","기타단일로","승합차","대형","원동기장치자전거","원동기장치자전거","1142562","1686408","129.06533632","35.1628372"
"2014","2014-02-16 22:00","25","야간","일","1","1","0","0","0","경기","화성시","차대사람","기타","기타","운전자법규위반","신호위반","교차로","교차로내","승용차","소형","보행자","보행자","962220","1911815","127.07528602","37.19470393"
"2014","2014-03-12 02:00","38","야간","수","1","1","0","0","0","전남","장성군","차량단독","공작물충돌","공작물충돌","운전자법규위반","안전운전 의무 불이행","단일로","기타단일로","승용차","중형","00","00","937081","1716937","126.80670992","35.44624037"
"2014","2014-09-02 18:00","55","야간","화","1","1","0","0","0","울산","남구","차대사람","횡단중","횡단중","운전자법규위반","안전운전 의무 불이행","단일로","기타단일로","화물차","대형","보행자","보행자","1159745","1729742","129.2623996","35.55080728"
"2014","2014-06-19 17:00","18","주간","목","1","1","0","0","0","경남","창원시(통합)","차대차","추돌","진행중 추돌","운전자법규위반","안전운전 의무 불이행","단일로","기타단일로","승합차","소형","자전거","자전거","1091881","1683607","128.50781214","35.14287214"
"2014","2014-06-17 11:00","38","주간","화","1","1","0","0","0","제주","서귀포시","차대차","측면직각충돌","측면직각충돌","운전자법규위반","신호위반","교차로","교차로내","건설기계","건설기계","화물차","경형","938677","1482877","126.84104752","33.3356508"
"2014","2014-06-19 14:00","45","주간","목","1","3","1","1","0","강원","강릉시","차량단독","전도전복","전도전복","운전자법규위반","안전운전 의무 불이행","단일로","기타단일로","승용차","중형","00","00","1119060","1948726","128.84749376","37.53016609"
"2014","2014-06-18 09:00","38","주간","수","1","1","0","0","0","경북","상주시","차대차","측면직각충돌","측면직각충돌","운전자법규위반","안전운전 의무 불이행","단일로","기타단일로","승용차","중형","원동기장치자전거","원동기장치자전거","1059040","1822549","128.15839613","36.39862009"
"2014","2014-06-17 12:00","00","주간","화","1","1","0","0","0","충남","천안시","차량단독","기타","기타","운전자법규위반","기타(운전자법규위반)","단일로","기타단일로","승용차","중형","00","00","969577","1868486","127.15890589","36.81406893"
"2014","2014-06-19 00:00","57","야간","목","1","1","0","0","0","경기","수원시","차대차","기타","기타","운전자법규위반","신호위반","교차로","교차로내","이륜차","중형","화물차","중형","957511","1922090","127.02059886","37.2967921"
"2014","2014-06-17 04:00","10","야간","화","1","1","0","0","0","서울","성북구","차대차","측면직각충돌","측면직각충돌","운전자법규위반","안전운전 의무 불이행","단일로","기타단일로","이륜차","소형","승용차","중형","959928","1957796","127.04592719","37.61873361"
"2014","2014-06-07 21:00","05","야간","토","1","1","0","0","0","충남","아산시","차대사람","횡단중","횡단중","운전자법규위반","안전운전 의무 불이행","교차로","교차로내","화물차","소형","보행자","보행자","952965","1868766","126.97264541","36.8159129"
"2014","2014-06-07 23:00","30","야간","토","1","1","0","0","0","경기","평택시","차량단독","공작물충돌","공작물충돌","운전자법규위반","안전운전 의무 불이행","교차로","교차로내","승용차","중형","00","00","962658","1894923","127.08227127","37.05122938"
"2014","2014-06-17 18:00","10","야간","화","1","1","0","0","0","경남","고성군","차대차","추돌","진행중 추돌","운전자법규위반","안전운전 의무 불이행","단일로","기타단일로","원동기장치자전거","원동기장치자전거","화물차","소형","1063475","1661291","128.19512866","34.94447395"
"2014","2014-06-14 02:00","40","야간","토","1","1","0","0","0","서울","강남구","차대사람","기타","기타","운전자법규위반","신호위반","교차로","교차로부근","승용차","중형","보행자","보행자","960814","1946927","127.05654776","37.52080638"
"2014","2014-06-15 20:00","10","야간","일","1","1","0","0","0","전남","여수시","차대차","기타","기타","운전자법규위반","안전운전 의무 불이행","단일로","기타단일로","승용차","중형","승용차","중형","1018031","1636998","127.69694497","34.72723701"
"2014","2014-02-23 11:00","10","주간","일","1","1","0","0","0","경북","경주시","차량단독","전도전복","전도전복","운전자법규위반","안전운전 의무 불이행","단일로","기타단일로","이륜차","소형","00","00","1158913","1762360","129.25967269","35.84489938"
"2014","2014-02-23 00:00","40","야간","일","1","2","1","0","0","충북","제천시","차대차","추돌","주정차중 추돌","운전자법규위반","안전운전 의무 불이행","단일로","기타단일로","승용차","중형","화물차","대형","1063688","1907140","128.21729649","37.16083173"
"2014","2014-02-22 18:00","05","야간","토","1","1","0","0","0","제주","제주시","차대사람","횡단중","횡단중","운전자법규위반","보행자 보호의무 위반","교차로","교차로부근","화물차","소형","보행자","보행자","906785","1499997","126.49661275","33.4877551"
"2014","2014-08-08 04:00","18","야간","금","1","15","0","8","6","충남","공주시","차대차","기타","기타","운전자법규위반","안전운전 의무 불이행","단일로","기타단일로","승용차","대형","화물차","중형","965765","1845757","127.11249014","36.53903205"
"2014","2014-01-07 22:00","28","야간","화","1","1","0","0","0","충남","보령시","차대사람","차도통행중","차도통행중","운전자법규위반","안전운전 의무 불이행","단일로","기타단일로","화물차","소형","보행자","보행자","918176","1826652","126.58711593","36.43393445"
"2014","2014-01-04 11:00","30","주간","토","1","3","2","0","0","전남","순천시","차대차","측면직각충돌","측면직각충돌","운전자법규위반","신호위반","교차로","교차로내","승용차","중형","승용차","소형","999008","1666752","127.48912953","34.99570681"
"2014","2014-01-03 09:00","40","주간","금","1","1","0","0","0","전남","순천시","차대차","측면직각충돌","측면직각충돌","운전자법규위반","안전운전 의무 불이행","교차로","교차로내","특수차","대형","이륜차","사발이","975960","1676085","127.23629748","35.07957985"
"2014","2014-01-02 20:00","15","야간","목","1","1","0","0","0","경기","성남시","차대사람","횡단중","횡단중","운전자법규위반","안전운전 의무 불이행","교차로","교차로내","승합차","대형","보행자","보행자","968428","1938229","127.14308374","37.44269887"
"2014","2014-01-02 18:00","11","야간","목","1","2","0","1","0","전남","보성군","차대차","추돌","진행중 추돌","운전자법규위반","안전운전 의무 불이행","단일로","기타단일로","승용차","중형","농기계","농기계","964301","1651114","127.10909545","34.85406259"
"2014","2014-01-03 04:00","20","야간","금","1","3","1","1","0","대전","동구","차대사람","횡단중","횡단중","운전자법규위반","안전운전 의무 불이행","교차로","교차로내","승용차","중형","보행자","보행자","994423","1816914","127.43784558","36.34961704"
"2014","2014-01-23 23:00","14","야간","목","1","1","0","0","0","세종","세종","차량단독","공작물충돌","공작물충돌","운전자법규위반","안전운전 의무 불이행","교차로","교차로부근","승용차","소형","00","00","976721","1833353","127.24006839","36.49755264"
"2014","2014-01-23 18:00","10","야간","목","1","1","0","0","0","경북","울진군","차대사람","횡단중","횡단중","운전자법규위반","과속","단일로","기타단일로","승용차","대형","보행자","보행자","1170586","1878045","129.41424026","36.88530738"
"2014","2014-01-24 10:00","45","주간","금","1","1","0","0","0","울산","중구","차대사람","기타","기타","운전자법규위반","안전운전 의무 불이행","단일로","기타단일로","특수차","대형","보행자","보행자","1167422","1730722","129.34726094","35.55837148"
"2014","2014-01-30 06:00","41","주간","목","1","1","0","0","0","경기","파주시","차대차","측면직각충돌","측면직각충돌","운전자법규위반","부당한 회전","교차로","교차로내","자전거","자전거","승합차","대형","934835","1970072","126.76046268","37.727936"
"2014","2014-10-10 06:00","34","주간","금","1","1","0","0","0","대전","유성구","차량단독","기타","기타","운전자법규위반","안전운전 의무 불이행","단일로","기타단일로","승용차","중형","00","00","990802","1823572","127.39741159","36.40961348"
"2014","2014-10-04 12:00","05","주간","토","1","4","0","3","0","경남","함안군","차대차","기타","기타","운전자법규위반","안전운전 의무 불이행","단일로","기타단일로","특수차","대형","승용차","중형","1088605","1697777","128.47420971","35.27154466"
"2014","2014-10-02 18:00","45","야간","목","1","6","5","0","0","경북","상주시","차대차","추돌","진행중 추돌","운전자법규위반","안전운전 의무 불이행","단일로","기타단일로","화물차","중형","승용차","중형","1058704","1819354","128.15440799","36.36983848"
"2014","2014-11-08 21:00","10","야간","토","1","2","1","0","0","경기","평택시","차대사람","차도통행중","차도통행중","운전자법규위반","안전운전 의무 불이행","단일로","기타단일로","화물차","소형","보행자","보행자","943905","1889823","126.86950994","37.00522728"
"2014","2014-03-07 04:00","09","야간","금","1","2","0","1","0","경기","용인시","차대차","추돌","진행중 추돌","운전자법규위반","안전운전 의무 불이행","단일로","기타단일로","승용차","중형","화물차","대형","970028","1920920","127.16187199","37.2867337"
"2014","2014-12-24 17:00","10","주간","수","1","1","0","0","0","충북","음성군","차대차","기타","기타","운전자법규위반","안전운전 의무 불이행","단일로","기타단일로","화물차","중형","승용차","대형","1013492","1904783","127.65191853","37.14165871"
"2014","2014-01-06 05:00","35","야간","월","1","1","0","0","0","서울","강동구","차대사람","기타","기타","운전자법규위반","안전운전 의무 불이행","교차로","교차로부근","화물차","중형","보행자","보행자","971096","1950202","127.17277402","37.55070503"
"2014","2014-01-07 22:00","52","야간","화","1","1","0","0","0","전남","무안군","차대사람","기타","기타","운전자법규위반","안전운전 의무 불이행","단일로","기타단일로","화물차","소형","보행자","보행자","906107","1665657","126.47130516","34.98147535"
"2014","2014-01-09 17:00","45","주간","목","1","1","0","0","0","서울","서초구","차대사람","횡단중","횡단중","운전자법규위반","신호위반","단일로","횡단보도상","승합차","대형","보행자","보행자","957095","1939915","127.01303544","37.45741902"
"2014","2014-01-08 09:00","45","주간","수","1","1","0","0","0","경기","양평군","차대차","추돌","진행중 추돌","운전자법규위반","앞지르기 금지위반","단일로","기타단일로","화물차","소형","원동기장치자전거","원동기장치자전거","999175","1945688","127.49066507","37.5104706"
"2014","2014-01-02 21:00","10","야간","목","1","1","0","0","0","부산","해운대구","차대차","추돌","주정차중 추돌","운전자법규위반","안전운전 의무 불이행","단일로","기타단일로","원동기장치자전거","원동기장치자전거","승합차","대형","1148036","1688302","129.1257598","35.17911744"
"2014","2014-06-07 02:00","43","야간","토","2","10","6","2","0","전남","무안군","차량단독","전도전복","전도전복","운전자법규위반","안전운전 의무 불이행","단일로","기타단일로","승합차","소형","00","00","909091","1661588","126.50443739","34.94506128"
"2014","2014-05-21 14:00","59","주간","수","1","1","0","0","0","경기","성남시","차대차","기타","기타","운전자법규위반","안전운전 의무 불이행","단일로","기타단일로","승용차","중형","화물차","경형","964889","1930171","127.10345974","37.36993975"
"2014","2014-07-10 01:00","50","야간","목","1","1","0","0","0","경기","광주시","차량단독","공작물충돌","공작물충돌","운전자법규위반","안전운전 의무 불이행","단일로","교량위","승용차","중형","00","00","977601","1941797","127.24667341","37.47512719"
"2014","2014-01-29 10:00","04","주간","수","1","1","0","0","0","경북","영주시","차대차","측면직각충돌","측면직각충돌","운전자법규위반","안전운전 의무 불이행","단일로","기타단일로","승용차","중형","원동기장치자전거","원동기장치자전거","1100055","1869782","128.62187037","36.82094857"
"2014","2014-02-09 11:00","40","주간","일","2","2","0","0","0","경남","창원시(통합)","차량단독","도로이탈","도로이탈 추락","운전자법규위반","안전운전 의무 불이행","단일로","기타단일로","승용차","소형","00","00","1108694","1698039","128.69508359","35.27192663"
"2014","2014-02-06 16:00","15","주간","목","1","1","0","0","0","강원","태백시","차대사람","기타","기타","운전자법규위반","보행자 보호의무 위반","단일로","기타단일로","승합차","대형","보행자","보행자","1131866","1909734","128.98544547","37.17707299"
"2014","2014-02-06 00:00","30","야간","목","1","1","0","0","0","충북","청원군","차량단독","도로이탈","도로이탈 추락","운전자법규위반","안전운전 의무 불이행","단일로","기타단일로","원동기장치자전거","원동기장치자전거","00","00","992116","1836780","127.4118994","36.52831058"
"2014","2014-02-04 19:00","20","야간","화","1","1","0","0","0","충남","천안시","차대사람","횡단중","횡단중","운전자법규위반","안전운전 의무 불이행","단일로","기타단일로","승용차","대형","보행자","보행자","975108","1878302","127.22059524","36.90271733"
"2014","2014-02-01 21:00","24","야간","토","1","1","0","0","0","경기","김포시","차량단독","공작물충돌","공작물충돌","운전자법규위반","안전운전 의무 불이행","단일로","기타단일로","화물차","소형","00","00","917542","1970080","126.56428783","37.72661414"
"2014","2014-02-21 03:00","00","야간","금","1","3","2","0","0","경기","파주시","차대차","측면직각충돌","측면직각충돌","운전자법규위반","중앙선 침범","단일로","기타단일로","승용차","소형","승용차","중형","937617","1977466","126.7914405","37.79476908"
"2014","2014-02-17 16:00","32","주간","월","1","3","0","2","0","전북","김제시","차대차","측면직각충돌","측면직각충돌","운전자법규위반","신호위반","교차로","교차로내","승용차","대형","화물차","소형","947038","1756978","126.91378878","35.80783151"
"2014","2014-02-18 18:00","59","야간","화","1","1","0","0","0","경기","수원시","차대사람","횡단중","횡단중","운전자법규위반","안전운전 의무 불이행","교차로","교차로부근","승용차","소형","보행자","보행자","953752","1921068","126.97825142","37.2874008"
"2014","2014-02-18 21:00","30","야간","화","1","1","0","0","0","경북","영주시","차대차","기타","기타","운전자법규위반","안전운전 의무 불이행","교차로","교차로내","원동기장치자전거","원동기장치자전거","특수차","소형","1099243","1871032","128.61293054","36.83230035"
"2014","2014-02-19 06:00","40","주간","수","1","1","0","0","0","광주","서구","차대사람","횡단중","횡단중","운전자법규위반","안전운전 의무 불이행","단일로","기타단일로","승용차","중형","보행자","보행자","942559","1684818","126.86931853","35.15697279"
"2014","2014-02-18 21:00","45","야간","화","1","2","1","0","0","경남","진주시","차량단독","전도전복","전도전복","운전자법규위반","안전운전 의무 불이행","교차로","교차로내","이륜차","중형","00","00","1056121","1685709","128.1162497","35.16508123"
"2014","2014-02-20 20:00","30","야간","목","1","1","0","0","0","경기","평택시","차량단독","전도전복","전도전복","운전자법규위반","안전운전 의무 불이행","단일로","기타단일로","원동기장치자전거","원동기장치자전거","00","00","963758","1897537","127.09227317","37.07573792"
"2014","2014-02-02 02:00","37","야간","일","1","1","0","0","0","인천","연수구","차대사람","차도통행중","차도통행중","운전자법규위반","안전운전 의무 불이행","교차로","교차로내","승용차","중형","보행자","보행자","929090","1937713","126.69842854","37.43589033"
"2014","2014-02-03 20:00","50","야간","월","1","1","0","0","0","서울","구로구","차대사람","횡단중","횡단중","운전자법규위반","안전운전 의무 불이행","단일로","횡단보도부근","승용차","중형","보행자","보행자","946164","1942521","126.89108957","37.48035561"
"2014","2014-02-03 23:00","50","야간","월","1","1","0","0","0","경남","고성군","차대사람","횡단중","횡단중","운전자법규위반","안전운전 의무 불이행","단일로","기타단일로","승용차","중형","보행자","보행자","1075968","1665244","128.33229083","34.97925649"
"2014","2014-02-01 18:00","20","야간","토","1","1","0","0","0","경기","수원시","차대차","추돌","주정차중 추돌","운전자법규위반","안전운전 의무 불이행","단일로","기타단일로","승용차","경형","건설기계","건설기계","958601","1921415","127.03293451","37.29075704"
"2014","2014-02-16 02:00","55","야간","일","1","2","1","0","0","경기","화성시","차대차","기타","기타","운전자법규위반","안전운전 의무 불이행","단일로","기타단일로","승용차","중형","승용차","중형","949372","1906998","126.92979601","37.16035077"
"2014","2014-02-13 19:00","58","야간","목","1","1","0","0","0","경기","김포시","차대사람","횡단중","횡단중","운전자법규위반","안전운전 의무 불이행","단일로","기타단일로","승용차","대형","보행자","보행자","932322","1955744","126.73406031","37.5995545"
"2014","2014-02-02 13:00","40","주간","일","1","1","0","0","0","경기","포천시","차량단독","공작물충돌","공작물충돌","운전자법규위반","안전운전 의무 불이행","단일로","기타단일로","승용차","소형","00","00","974538","1980469","127.21068308","37.82361109"
"2014","2014-02-01 22:00","10","야간","토","1","3","0","2","0","강원","인제군","차대차","측면직각충돌","측면직각충돌","운전자법규위반","과속","단일로","기타단일로","승용차","중형","승용차","중형","1074675","2023198","128.35290772","38.20611536"
"2014","2014-02-02 05:00","20","야간","일","1","1","0","0","0","광주","서구","차대사람","기타","기타","운전자법규위반","과속","단일로","기타단일로","승용차","중형","보행자","보행자","944527","1684559","126.89094276","35.15474802"
"2014","2014-02-01 18:00","40","야간","토","1","1","0","0","0","경기","수원시","차대사람","기타","기타","운전자법규위반","안전운전 의무 불이행","교차로","교차로내","화물차","중형","보행자","보행자","955775","1921340","127.00105697","37.28995091"
"2014","2014-02-17 10:00","40","주간","월","1","2","0","1","0","세종","세종","차대차","측면직각충돌","측면직각충돌","운전자법규위반","신호위반","교차로","교차로내","이륜차","소형","화물차","소형","981399","1843440","127.29205886","36.58858996"
"2014","2014-02-17 14:00","05","주간","월","1","1","0","0","0","전북","군산시","차대차","측면직각충돌","측면직각충돌","운전자법규위반","교차로 통행방법 위반","교차로","교차로내","화물차","경형","원동기장치자전거","원동기장치자전거","930342","1772544","126.72764082","35.94712072"
"2014","2014-02-15 16:00","15","주간","토","1","1","0","0","0","서울","성동구","차대차","기타","기타","운전자법규위반","안전운전 의무 불이행","단일로","기타단일로","이륜차","중형","이륜차","대형","958107","1950757","127.02569605","37.55520832"
"2014","2014-02-12 22:00","40","야간","수","1","1","0","0","0","경기","수원시","차대사람","기타","기타","운전자법규위반","안전운전 의무 불이행","단일로","기타단일로","이륜차","소형","보행자","보행자","955296","1923626","126.99551551","37.31053315"
"2014","2014-08-27 23:00","55","야간","수","1","1","0","0","0","경기","용인시","차대차","기타","기타","운전자법규위반","안전운전 의무 불이행","단일로","기타단일로","승용차","중형","화물차","대형","964854","1923144","127.10339765","37.30659918"
"2014","2014-01-28 06:00","45","주간","화","1","3","1","1","0","경북","성주군","차대차","추돌","진행중 추돌","운전자법규위반","안전운전 의무 불이행","단일로","기타단일로","화물차","소형","화물차","대형","1068668","1779688","128.26200196","36.01159527"
"2014","2014-05-13 09:00","05","주간","화","4","7","3","0","0","경기","고양시","차대차","추돌","주정차중 추돌","운전자법규위반","안전운전 의무 불이행","단일로","기타단일로","승용차","대형","화물차","중형","938685","1960105","126.80503342","37.63837246"
"2014","2014-04-25 22:00","15","야간","금","1","2","1","0","0","전북","장수군","차대차","추돌","진행중 추돌","운전자법규위반","안전운전 의무 불이행","단일로","기타단일로","승용차","소형","화물차","대형","1008843","1752036","127.59782658","35.76466259"
"2014","2014-06-21 04:00","20","야간","토","2","3","1","0","0","경기","동두천시","차대차","정면충돌","정면충돌","운전자법규위반","중앙선 침범","단일로","기타단일로","승용차","대형","승용차","대형","960089","1988482","127.04606468","37.89531324"
"2014","2014-06-21 04:00","40","야간","토","1","1","0","0","0","서울","강북구","차대차","추돌","주정차중 추돌","운전자법규위반","안전운전 의무 불이행","단일로","기타단일로","원동기장치자전거","원동기장치자전거","승합차","대형","959788","1957824","127.0443393","37.61897986"
"2014","2014-06-21 00:00","40","야간","토","1","1","0","0","0","경남","통영시","차량단독","기타","기타","운전자법규위반","안전운전 의무 불이행","단일로","기타단일로","화물차","소형","00","00","1086004","1652230","128.44089067","34.86111447"
"2014","2014-06-21 03:00","42","야간","토","1","2","0","1","0","세종","세종","차대차","추돌","주정차중 추돌","운전자법규위반","안전운전 의무 불이행","단일로","기타단일로","승용차","소형","건설기계","건설기계","990992","1836971","127.39937472","36.53041022"
"2014","2014-06-21 21:00","15","야간","토","1","1","0","0","0","전북","익산시","차대사람","기타","기타","운전자법규위반","안전운전 의무 불이행","단일로","기타단일로","화물차","소형","보행자","보행자","947191","1771420","126.92243553","35.93419645"
"2014","2014-05-11 01:00","20","야간","일","1","1","0","0","0","경북","칠곡군","차대사람","기타","기타","운전자법규위반","안전운전 의무 불이행","단일로","기타단일로","승용차","대형","보행자","보행자","1080187","1778586","128.38970266","36.00078077"
"2014","2014-05-10 03:00","08","야간","토","1","1","0","0","0","서울","강서구","차대차","측면직각충돌","측면직각충돌","운전자법규위반","신호위반","교차로","교차로내","승용차","중형","이륜차","소형","941513","1952546","126.83768932","37.57042838"
"2014","2014-05-09 23:00","20","야간","금","1","1","0","0","0","전남","여수시","차대사람","횡단중","횡단중","운전자법규위반","안전운전 의무 불이행","교차로","교차로부근","승합차","대형","보행자","보행자","1020886","1638735","127.72817178","34.74284646"
"2014","2014-05-20 12:00","25","주간","화","1","2","0","1","0","경기","용인시","차대차","추돌","진행중 추돌","운전자법규위반","중앙선 침범","단일로","기타단일로","승용차","대형","승용차","중형","965500","1924690","127.11061536","37.32055863"
"2014","2014-05-20 12:00","45","주간","화","1","1","0","0","0","경기","용인시","차대차","추돌","주정차중 추돌","운전자법규위반","안전운전 의무 불이행","단일로","기타단일로","화물차","소형","화물차","대형","984259","1916395","127.32251322","37.24629518"
"2014","2014-05-14 16:00","53","주간","수","1","1","0","0","0","서울","중랑구","차대사람","횡단중","횡단중","운전자법규위반","안전운전 의무 불이행","단일로","횡단보도상","승합차","대형","보행자","보행자","963233","1955235","127.08350533","37.5957888"
"2014","2014-05-22 17:00","26","주간","목","1","1","0","0","0","충남","아산시","차대사람","기타","기타","운전자법규위반","안전운전 의무 불이행","단일로","기타단일로","승합차","소형","보행자","보행자","955267","1865061","126.99728051","36.78292687"
"2014","2014-05-21 13:00","44","주간","수","1","1","0","0","0","경기","평택시","차대사람","기타","기타","운전자법규위반","안전운전 의무 불이행","교차로","교차로부근","승용차","중형","보행자","보행자","944930","1887285","126.88121538","36.98241061"
"2014","2014-05-22 13:00","36","주간","목","1","1","0","0","0","강원","원주시","차대사람","횡단중","횡단중","운전자법규위반","안전운전 의무 불이행","단일로","횡단보도상","승용차","중형","보행자","보행자","1038586","1927794","127.93566172","37.34837629"
"2014","2014-05-21 08:00","00","주간","수","1","1","0","0","0","충북","청원군","차대차","측면직각충돌","측면직각충돌","운전자법규위반","안전운전 의무 불이행","단일로","기타단일로","농기계","농기계","농기계","농기계","999759","1860857","127.49730037","36.74578444"
"2014","2014-05-26 10:00","55","주간","월","1","1","0","0","0","전북","정읍시","차대차","측면직각충돌","측면직각충돌","운전자법규위반","안전거리 미확보","단일로","기타단일로","이륜차","중형","승용차","경형","938610","1732486","126.82237944","35.58652633"
"2014","2014-12-20 18:00","00","야간","토","1","1","0","0","0","대구","달서구","차대차","측면직각충돌","측면직각충돌","운전자법규위반","안전운전 의무 불이행","단일로","기타단일로","승용차","중형","승용차","중형","1091802","1759217","128.51632215","35.82515102"
"2014","2014-11-14 07:00","23","주간","금","1","2","1","0","0","경남","창원시(통합)","차량단독","공작물충돌","공작물충돌","운전자법규위반","안전운전 의무 불이행","단일로","기타단일로","승용차","중형","00","00","1109288","1699381","128.70179205","35.28396012"
"2014","2014-11-20 17:00","45","주간","목","1","5","0","4","0","충북","괴산군","차대차","추돌","진행중 추돌","운전자법규위반","안전운전 의무 불이행","단일로","기타단일로","승용차","중형","승용차","소형","1044057","1862353","127.99359559","36.75824682"
"2014","2014-11-03 07:00","58","주간","월","1","1","0","0","0","충남","논산시","차대사람","기타","기타","운전자법규위반","안전운전 의무 불이행","단일로","기타단일로","화물차","대형","보행자","보행자","966822","1791571","127.13131626","36.1205838"
"2014","2014-11-05 07:00","10","주간","수","1","1","0","0","0","부산","강서구","차대차","기타","기타","운전자법규위반","안전운전 의무 불이행","단일로","교량위","원동기장치자전거","원동기장치자전거","원동기장치자전거","원동기장치자전거","1133092","1685336","128.96121366","35.15447273"
"2014","2014-01-09 12:00","10","주간","목","1","2","1","0","0","서울","마포구","차대사람","횡단중","횡단중","운전자법규위반","보행자 보호의무 위반","단일로","횡단보도상","승용차","중형","보행자","보행자","951927","1950430","126.95575149","37.55195922"
"2014","2014-01-06 18:00","35","야간","월","1","1","0","0","0","충남","서천군","차량단독","공작물충돌","공작물충돌","운전자법규위반","안전운전 의무 불이행","교차로","교차로부근","승용차","중형","00","00","928478","1784593","126.7058864","36.05560859"
"2014","2014-09-22 23:00","10","야간","월","1","1","0","0","0","경남","함안군","차대차","추돌","진행중 추돌","운전자법규위반","안전운전 의무 불이행","단일로","기타단일로","특수차","대형","건설기계","건설기계","1079432","1699869","128.37356641","35.29117613"
"2014","2014-09-07 22:00","25","야간","일","1","2","1","0","0","경북","청도군","차대차","기타","기타","운전자법규위반","안전운전 의무 불이행","단일로","교량위","승용차","소형","승용차","중형","1113762","1738306","128.75642531","35.63435436"
"2014","2014-01-27 18:00","15","야간","월","1","1","0","0","0","전북","완주군","차대사람","횡단중","횡단중","운전자법규위반","안전운전 의무 불이행","단일로","기타단일로","승용차","대형","보행자","보행자","963340","1767843","127.09372339","35.90653404"
"2014","2014-01-27 22:00","00","야간","월","1","1","0","0","0","전남","고흥군","차대차","정면충돌","정면충돌","운전자법규위반","안전운전 의무 불이행","단일로","기타단일로","화물차","소형","이륜차","소형","981367","1626276","127.29671609","34.63053669"
"2014","2014-01-27 15:00","00","주간","월","1","1","0","0","0","경기","양주시","차대차","추돌","진행중 추돌","운전자법규위반","교차로 통행방법 위반","교차로","교차로내","화물차","중형","승용차","중형","952682","1978312","126.96248873","37.80329873"
"2014","2014-01-27 09:00","10","주간","월","1","1","0","0","0","경북","경주시","차대차","측면직각충돌","측면직각충돌","운전자법규위반","안전운전 의무 불이행","교차로","교차로내","승용차","중형","이륜차","소형","1154141","1762857","129.20694883","35.8501405"
"2014","2014-02-07 06:00","08","주간","금","1","1","0","0","0","전남","나주시","차대차","측면직각충돌","측면직각충돌","운전자법규위반","신호위반","교차로","교차로내","승용차","중형","이륜차","소형","928031","1668045","126.71127542","35.00480436"
"2014","2014-02-07 08:00","45","주간","금","1","3","1","1","0","경북","영주시","차대차","정면충돌","정면충돌","운전자법규위반","중앙선 침범","단일로","기타단일로","승용차","경형","화물차","경형","1101898","1881213","128.64406696","36.92377742"
"2014","2014-02-14 18:00","10","야간","금","1","1","0","0","0","충북","괴산군","차량단독","기타","기타","운전자법규위반","안전운전 의무 불이행","단일로","기타단일로","원동기장치자전거","원동기장치자전거","00","00","1034669","1876107","127.88028511","36.88326335"
"2014","2014-02-16 02:00","15","야간","일","1","1","0","0","0","경기","성남시","차대사람","기타","기타","운전자법규위반","안전운전 의무 불이행","단일로","기타단일로","승용차","중형","보행자","보행자","965352","1926770","127.10884781","37.33930165"
"2014","2014-02-15 13:00","10","주간","토","1","1","0","0","0","대전","중구","차대사람","횡단중","횡단중","운전자법규위반","보행자 보호의무 위반","단일로","기타단일로","승합차","경형","보행자","보행자","992512","1813043","127.41658514","36.31470532"