"발생년","발생년월일시","발생분","주야","요일","사망자수","사상자수","중상자수","경상자수","부상신고자수","발생지시도","발생지시군구","사고유형_대분류","사고유형_중분류","사고유형","법규위반_대분류","법규위반","도로형태_대분류","도로형태","당사자종별_1당_대분류","당사자종별_1당","당사자종별_2당_대분류","당사자종별_2당","발생위치X_UTMK","발생위치Y_UTMK","경도","위도"
"2014","2014-08-14 22:00","10","야간","목","1","1","0","0","0","대구","서구","차대차","추돌","주정차중 추돌","운전자법규위반","안전운전 의무 불이행","단일로","기타단일로","승용차","중형","화물차","대형","1093913","1762928","128.54012591","35.85840467"
"2014","2014-07-28 18:00","45","야간","월","1","1","0","0","0","충북","영동군","차대차","기타","기타","운전자법규위반","교차로 통행방법 위반","교차로","교차로내","승용차","중형","원동기장치자전거","원동기장치자전거","1014668","1792618","127.66301589","36.13047969"
"2014","2014-07-28 23:00","00","야간","월","1","1","0","0","0","광주","서구","차량단독","전도전복","전도전복","운전자법규위반","안전운전 의무 불이행","교차로","교차로부근","원동기장치자전거","원동기장치자전거","00","00","942996","1681822","126.8743641","35.1299388"
"2014","2014-08-07 15:00","30","주간","목","1","1","0","0","0","전남","나주시","차대차","측면직각충돌","측면직각충돌","운전자법규위반","안전운전 의무 불이행","단일로","기타단일로","승용차","중형","원동기장치자전거","원동기장치자전거","912473","1662080","126.54141802","34.94979515"
"2014","2014-08-06 22:00","20","야간","수","1","2","0","1","0","대구","달서구","차대사람","기타","기타","운전자법규위반","안전운전 의무 불이행","교차로","교차로부근","승용차","소형","보행자","보행자","1095205","1760485","128.55414167","35.83625718"
"2014","2014-08-13 00:00","55","야간","수","1","1","0","0","0","부산","기장군","차량단독","기타","기타","운전자법규위반","기타(운전자법규위반)","교차로","교차로내","화물차","중형","00","00","1155916","1696572","129.21383234","35.25246329"
"2014","2014-08-09 19:00","55","야간","토","1","1","0","0","0","충남","예산군","차대사람","횡단중","횡단중","운전자법규위반","보행자 보호의무 위반","교차로","교차로부근","승합차","소형","보행자","보행자","934848","1837704","126.77217346","36.53483984"
"2014","2014-08-10 10:00","20","주간","일","1","1","0","0","0","경북","구미시","차대차","측면직각충돌","측면직각충돌","운전자법규위반","안전운전 의무 불이행","단일로","기타단일로","승용차","대형","이륜차","소형","1076744","1796338","128.35375615","36.16323105"
"2014","2014-08-11 13:00","11","주간","월","1","1","0","0","0","충남","홍성군","차량단독","도로이탈","도로이탈 추락","운전자법규위반","안전운전 의무 불이행","교차로","교차로부근","원동기장치자전거","원동기장치자전거","00","00","918623","1843209","126.59035767","36.58321791"
"2014","2014-08-12 03:00","45","야간","화","1","1","0","0","0","서울","종로구","차대사람","기타","기타","운전자법규위반","안전운전 의무 불이행","단일로","기타단일로","승용차","대형","보행자","보행자","955773","1952501","126.99916666","37.57081828"
"2014","2014-07-01 14:00","20","주간","화","1","1","0","0","0","전남","해남군","차대사람","기타","기타","운전자법규위반","안전운전 의무 불이행","단일로","기타단일로","승합차","소형","보행자","보행자","924242","1618454","126.67426475","34.55753682"
"2014","2014-07-10 09:00","00","주간","목","3","6","3","0","0","부산","해운대구","차량단독","주/정차차량 충돌","주/정차차량 충돌","운전자법규위반","안전운전 의무 불이행","교차로","교차로부근","승용차","중형","승용차","중형","1148208","1689216","129.12781236","35.18733043"
"2014","2014-07-20 19:00","25","야간","일","1","1","0","0","0","부산","남구","차량단독","기타","기타","운전자법규위반","안전운전 의무 불이행","단일로","터널안","원동기장치자전거","원동기장치자전거","00","00","1145332","1682578","129.09506676","35.1279179"
"2014","2014-07-20 06:00","38","주간","일","1","4","1","2","0","경기","수원시","차대차","정면충돌","정면충돌","운전자법규위반","중앙선 침범","단일로","기타단일로","승용차","중형","승용차","중형","957600","1923827","127.02150381","37.31245287"
"2014","2014-10-28 08:00","00","주간","화","5","5","0","0","0","전북","김제시","차대차","추돌","주정차중 추돌","운전자법규위반","과속","단일로","기타단일로","승용차","소형","화물차","중형","953365","1748530","126.98430856","35.73198607"
"2014","2014-01-08 08:00","50","주간","수","1","1","0","0","0","대전","유성구","차대사람","길가장자리구역통행중","길가장자리구역통행중","운전자법규위반","안전운전 의무 불이행","단일로","기타단일로","승용차","소형","보행자","보행자","983407","1814591","127.31512461","36.32854737"
"2014","2014-01-08 02:00","30","야간","수","1","1","0","0","0","충남","아산시","차대사람","횡단중","횡단중","운전자법규위반","안전운전 의무 불이행","단일로","기타단일로","불명","불명","보행자","보행자","952718","1869614","126.96937127","36.8256972"
"2014","2014-06-30 13:00","30","주간","월","1","1","0","0","0","전남","보성군","차대차","측면직각충돌","측면직각충돌","운전자법규위반","안전운전 의무 불이행","단일로","기타단일로","원동기장치자전거","원동기장치자전거","원동기장치자전거","원동기장치자전거","961301","1641874","127.07708714","34.77063256"
"2014","2014-07-05 20:00","15","야간","토","1","1","0","0","0","전남","영광군","차대사람","횡단중","횡단중","운전자법규위반","안전운전 의무 불이행","단일로","기타단일로","승용차","중형","보행자","보행자","909089","1699020","126.50030156","35.28254431"
"2014","2014-07-07 16:00","05","주간","월","1","3","1","1","0","전북","남원시","차대차","추돌","진행중 추돌","운전자법규위반","앞지르기 금지위반","교차로","교차로내","화물차","소형","화물차","소형","1001735","1716177","127.52000881","35.44040277"
"2014","2014-07-05 21:00","10","야간","토","1","3","1","1","0","전북","전주시","차대사람","횡단중","횡단중","운전자법규위반","보행자 보호의무 위반","교차로","교차로내","승용차","중형","보행자","보행자","966997","1754616","127.1347977","35.78740981"
"2014","2014-07-03 21:00","19","야간","목","1","1","0","0","0","충북","충주시","차대사람","횡단중","횡단중","운전자법규위반","안전운전 의무 불이행","단일로","기타단일로","승용차","소형","보행자","보행자","1032780","1885040","127.86823565","36.96321479"
"2014","2014-07-05 02:00","35","야간","토","1","1","0","0","0","광주","동구","차대사람","기타","기타","운전자법규위반","안전운전 의무 불이행","단일로","기타단일로","화물차","소형","보행자","보행자","948919","1682068","126.93931596","35.13251999"
"2014","2014-07-13 07:00","00","주간","일","1","1","0","0","0","서울","강북구","차대차","측면직각충돌","측면직각충돌","운전자법규위반","직진 및 우회전차의 통행방해","교차로","교차로내","승용차","경형","자전거","자전거","958378","1959742","127.02825317","37.63620434"
"2014","2014-07-10 22:00","20","야간","목","1","1","0","0","0","전남","여수시","차대차","추돌","진행중 추돌","운전자법규위반","안전운전 의무 불이행","교차로","교차로부근","승용차","대형","화물차","소형","1013318","1642990","127.64556183","34.78134388"
"2014","2014-07-19 14:00","45","주간","토","1","1","0","0","0","경북","칠곡군","차량단독","전도전복","전도전복","운전자법규위반","안전운전 의무 불이행","단일로","기타단일로","원동기장치자전거","원동기장치자전거","00","00","1089145","1775441","128.48872834","35.97165148"
"2014","2014-07-19 17:00","05","주간","토","1","1","0","0","0","부산","영도구","차대사람","기타","기타","운전자법규위반","안전운전 의무 불이행","단일로","횡단보도부근","승합차","중형","보행자","보행자","1140478","1678135","129.04105569","35.08855802"
"2014","2014-07-17 21:00","51","야간","목","1","1","0","0","0","경기","고양시","차대차","추돌","주정차중 추돌","운전자법규위반","안전운전 의무 불이행","단일로","기타단일로","승용차","중형","건설기계","건설기계","939686","1956402","126.81668393","37.60506421"
"2014","2014-07-16 07:00","35","주간","수","1","1","0","0","0","충북","진천군","차대차","측면직각충돌","측면직각충돌","운전자법규위반","안전운전 의무 불이행","교차로","교차로내","화물차","대형","이륜차","소형","997213","1874765","127.46872965","36.8711571"
"2014","2014-07-24 23:00","30","야간","목","1","3","1","1","0","경북","영주시","차대사람","횡단중","횡단중","운전자법규위반","안전운전 의무 불이행","단일로","기타단일로","승용차","중형","보행자","보행자","1100191","1868877","128.6232758","36.81277744"
"2014","2014-07-25 08:00","16","주간","금","1","1","0","0","0","전남","여수시","차대차","측면직각충돌","측면직각충돌","운전자법규위반","안전운전 의무 불이행","교차로","교차로내","승용차","중형","이륜차","소형","1018238","1639421","127.69925838","34.74908341"
"2014","2014-07-24 18:00","13","야간","목","1","1","0","0","0","전북","순창군","차대사람","차도통행중","차도통행중","운전자법규위반","안전운전 의무 불이행","단일로","기타단일로","승용차","중형","보행자","보행자","963373","1720548","127.09624406","35.48011507"
"2014","2014-07-21 12:00","55","주간","월","1","1","0","0","0","경기","오산시","차대차","기타","기타","운전자법규위반","안전거리 미확보","교차로","교차로부근","승용차","경형","승합차","대형","961276","1907375","127.06384264","37.16431824"
"2014","2014-08-01 10:00","05","주간","금","1","1","0","0","0","전북","남원시","차대차","기타","기타","운전자법규위반","안전운전 의무 불이행","단일로","기타단일로","화물차","중형","이륜차","사발이","1002606","1715752","127.52871206","35.4375427"
"2014","2014-07-28 16:00","54","주간","월","1","1","0","0","0","부산","강서구","차대사람","기타","기타","운전자법규위반","안전운전 의무 불이행","단일로","기타단일로","승용차","소형","보행자","보행자","1129534","1689077","128.94596267","35.21509128"
"2014","2014-07-27 20:00","30","야간","일","1","1","0","0","0","충남","부여군","차대차","기타","기타","운전자법규위반","안전운전 의무 불이행","단일로","기타단일로","승용차","경형","승용차","소형","935244","1809325","126.7789648","36.27904109"
"2014","2014-07-27 19:00","22","야간","일","1","3","2","0","0","강원","철원군","차대차","정면충돌","정면충돌","운전자법규위반","교차로 통행방법 위반","교차로","교차로내","승용차","중형","승용차","중형","970816","2028531","127.16546864","38.2450385"
"2014","2014-08-14 04:00","25","야간","목","1","1","0","0","0","대전","서구","차량단독","공작물충돌","공작물충돌","운전자법규위반","안전운전 의무 불이행","단일로","기타단일로","승용차","소형","00","00","988171","1812426","127.36823671","36.30909926"
"2014","2014-08-11 05:00","10","야간","월","1","2","0","1","0","경기","김포시","차대사람","기타","기타","운전자법규위반","안전운전 의무 불이행","단일로","기타단일로","화물차","중형","보행자","보행자","929025","1961754","126.6950287","37.64317124"
"2014","2014-08-07 22:00","30","야간","목","1","1","0","0","0","경남","창원시(통합)","차대사람","횡단중","횡단중","운전자법규위반","과속","단일로","기타단일로","승용차","중형","보행자","보행자","1105051","1694826","128.65462548","35.24334973"
"2014","2014-08-09 15:00","40","주간","토","1","2","1","0","0","경기","여주시","차대차","기타","기타","운전자법규위반","직진 및 우회전차의 통행방해","교차로","교차로내","원동기장치자전거","원동기장치자전거","승용차","중형","1004527","1912483","127.55102028","37.21115412"
"2014","2014-08-09 23:00","55","야간","토","1","1","0","0","0","전남","여수시","차대차","추돌","주정차중 추돌","운전자법규위반","안전운전 의무 불이행","단일로","기타단일로","이륜차","소형","승용차","대형","1020123","1637780","127.71981353","34.73424983"
"2014","2014-08-19 03:00","40","야간","화","1","1","0","0","0","서울","광진구","차대사람","기타","기타","운전자법규위반","과속","단일로","기타단일로","승용차","중형","보행자","보행자","963083","1950856","127.08195417","37.55635291"
"2014","2014-07-05 17:00","50","주간","토","1","5","3","0","1","제주","서귀포시","차량단독","전도전복","전도전복","정비불량","정비불량 제차의 운전금지위반","단일로","기타단일로","화물차","소형","00","00","904910","1474646","126.47910718","33.25896468"
"2014","2014-01-07 19:00","44","야간","화","1","1","0","0","0","부산","진구","차량단독","전도전복","전도전복","운전자법규위반","안전운전 의무 불이행","단일로","기타단일로","이륜차","소형","00","00","1143280","1685220","129.07303847","35.15196323"
"2014","2014-05-15 15:00","30","주간","목","1","1","0","0","0","서울","강남구","차대사람","기타","기타","운전자법규위반","안전운전 의무 불이행","단일로","기타단일로","화물차","소형","보행자","보행자","958618","1946178","127.03173943","37.51395947"
"2014","2014-07-20 07:00","40","주간","일","1","2","0","1","0","광주","광산구","차대차","추돌","진행중 추돌","운전자법규위반","안전거리 미확보","단일로","기타단일로","화물차","소형","이륜차","중형","938681","1692196","126.82627965","35.22368833"
"2014","2014-07-17 11:00","05","주간","목","1","1","0","0","0","울산","북구","차대사람","기타","기타","운전자법규위반","안전운전 의무 불이행","단일로","기타단일로","화물차","대형","보행자","보행자","1168511","1733309","129.35980974","35.58150042"
"2014","2014-07-14 23:00","30","야간","월","1","1","0","0","0","전남","순천시","차대차","기타","기타","운전자법규위반","안전운전 의무 불이행","교차로","교차로부근","승용차","대형","농기계","농기계","998180","1667656","127.48005422","35.00385742"
"2014","2014-07-15 07:00","40","주간","화","1","1","0","0","0","경기","의정부시","차대사람","기타","기타","운전자법규위반","과속","단일로","기타단일로","승용차","중형","보행자","보행자","962704","1972909","127.07660877","37.75506595"
"2014","2014-07-15 22:00","10","야간","화","1","1","0","0","0","강원","춘천시","차대사람","기타","기타","운전자법규위반","안전운전 의무 불이행","단일로","횡단보도부근","승합차","대형","보행자","보행자","1021499","1987528","127.74449702","37.88733613"
"2014","2014-07-26 03:00","09","야간","토","1","1","0","0","0","전남","장흥군","차량단독","도로이탈","도로이탈 추락","운전자법규위반","기타(운전자법규위반)","단일로","기타단일로","농기계","농기계","00","00","947245","1610678","126.92542817","34.48869107"
"2014","2014-07-25 17:00","20","주간","금","1","1","0","0","0","대전","유성구","차대차","측면직각충돌","측면직각충돌","운전자법규위반","교차로 통행방법 위반","교차로","교차로내","원동기장치자전거","원동기장치자전거","승용차","경형","989453","1826723","127.38232291","36.43800677"
"2014","2014-07-25 16:00","26","주간","금","2","7","5","0","0","충남","아산시","차대차","정면충돌","정면충돌","운전자법규위반","중앙선 침범","단일로","기타단일로","승용차","대형","승용차","대형","943162","1875901","126.86220619","36.87969033"
"2014","2014-07-25 03:00","05","야간","금","1","1","0","0","0","경기","안산시","차대차","추돌","진행중 추돌","운전자법규위반","신호위반","교차로","교차로내","이륜차","소형","승용차","중형","938579","1926397","126.80664569","37.3345544"
"2014","2014-07-22 09:00","30","주간","화","1","2","0","1","0","경남","의령군","차대사람","길가장자리구역통행중","길가장자리구역통행중","운전자법규위반","안전운전 의무 불이행","단일로","기타단일로","특수차","대형","보행자","보행자","1054757","1708275","128.10277788","35.36862384"
"2014","2014-07-24 12:00","15","주간","목","1","1","0","0","0","서울","서초구","차대차","기타","기타","운전자법규위반","교차로 통행방법 위반","교차로","교차로부근","승용차","중형","이륜차","중형","954183","1941985","126.9818179","37.47595707"
"2014","2014-07-24 00:00","30","야간","목","1","1","0","0","0","경남","창원시(통합)","차량단독","공작물충돌","공작물충돌","운전자법규위반","안전운전 의무 불이행","단일로","기타단일로","승용차","중형","00","00","1098127","1702844","128.57949454","35.31633743"
"2014","2014-07-21 12:00","59","주간","월","1","1","0","0","0","경기","성남시","차대차","기타","기타","운전자법규위반","안전운전 의무 불이행","단일로","기타단일로","승용차","소형","화물차","대형","966067","1936553","127.11647065","37.42750853"
"2014","2014-08-02 12:00","30","주간","토","1","4","3","0","0","경남","거제시","차대차","정면충돌","정면충돌","운전자법규위반","중앙선 침범","단일로","기타단일로","승용차","소형","승용차","소형","1105590","1661242","128.65626634","34.94051798"
"2014","2014-08-02 22:00","20","야간","토","1","1","0","0","0","충남","당진시","차량단독","공작물충돌","공작물충돌","운전자법규위반","안전운전 의무 불이행","교차로","교차로부근","승용차","대형","00","00","933232","1875324","126.77531476","36.78646027"
"2014","2014-08-01 20:00","06","야간","금","1","1","0","0","0","대구","달성군","차대차","기타","기타","운전자법규위반","안전운전 의무 불이행","단일로","기타단일로","이륜차","소형","승용차","중형","1084806","1748272","128.43772116","35.72711102"
"2014","2014-08-15 08:00","25","주간","금","1","2","0","1","0","경기","양주시","차대차","추돌","진행중 추돌","운전자법규위반","안전운전 의무 불이행","단일로","기타단일로","화물차","소형","승용차","대형","955146","1979321","126.99041513","37.81251706"
"2014","2014-08-15 09:00","40","주간","금","1","1","0","0","0","전남","해남군","차대차","기타","기타","운전자법규위반","안전운전 의무 불이행","단일로","기타단일로","원동기장치자전거","원동기장치자전거","화물차","소형","916217","1618782","126.58672568","34.55970883"
"2014","2014-08-13 18:00","05","야간","수","1","1","0","0","0","서울","강서구","차대사람","기타","기타","운전자법규위반","안전운전 의무 불이행","교차로","교차로부근","화물차","소형","보행자","보행자","939194","1951940","126.81148079","37.56481632"
"2014","2014-07-02 01:00","35","야간","수","1","1","0","0","0","경기","안산시","차대사람","기타","기타","운전자법규위반","안전운전 의무 불이행","단일로","기타단일로","승용차","중형","보행자","보행자","943034","1924227","126.85709985","37.31527942"
"2014","2014-07-08 08:00","55","주간","화","1","1","0","0","0","경기","수원시","차대사람","기타","기타","운전자법규위반","안전운전 의무 불이행","교차로","교차로내","승용차","중형","보행자","보행자","961594","1919783","127.06678509","37.27617504"
"2014","2014-07-07 18:00","40","야간","월","1","2","0","1","0","충남","부여군","차대차","측면직각충돌","측면직각충돌","운전자법규위반","서행 및 일시정지위반","교차로","교차로내","승용차","경형","이륜차","소형","948959","1797773","126.93242185","36.17572124"
"2014","2014-07-07 06:00","40","주간","월","1","1","0","0","0","경기","안성시","차대사람","기타","기타","운전자법규위반","안전운전 의무 불이행","교차로","교차로내","농기계","농기계","보행자","보행자","979260","1898140","127.26665406","37.08164479"
"2014","2014-07-06 15:00","55","주간","일","1","3","0","2","0","경북","고령군","차대차","정면충돌","정면충돌","운전자법규위반","안전운전 의무 불이행","단일로","기타단일로","화물차","소형","승용차","중형","1075936","1742923","128.33914781","35.67961185"
"2014","2014-07-04 15:00","12","주간","금","1","1","0","0","0","광주","서구","차대사람","기타","기타","운전자법규위반","안전운전 의무 불이행","단일로","기타단일로","화물차","소형","보행자","보행자","945514","1684574","126.90177785","35.15493726"
"2014","2014-07-04 05:00","45","야간","금","1","1","0","0","0","인천","계양구","차대사람","횡단중","횡단중","운전자법규위반","보행자 보호의무 위반","교차로","교차로부근","승합차","중형","보행자","보행자","933027","1949350","126.74189239","37.5410453"
"2014","2014-07-03 20:00","40","야간","목","1","2","1","0","0","경남","창녕군","차대사람","횡단중","횡단중","운전자법규위반","보행자 보호의무 위반","교차로","교차로부근","승용차","소형","보행자","보행자","1093150","1718402","128.52652631","35.45707564"
"2014","2014-07-13 00:00","35","야간","일","1","1","0","0","0","대구","동구","차량단독","전도전복","전도전복","운전자법규위반","안전운전 의무 불이행","단일로","기타단일로","이륜차","소형","00","00","1106416","1773682","128.6800156","35.95406461"
"2014","2014-07-12 20:00","15","야간","토","1","1","0","0","0","충남","금산군","차대사람","횡단중","횡단중","운전자법규위반","과속","교차로","교차로부근","승용차","소형","보행자","보행자","997489","1798337","127.47226398","36.18278836"
"2014","2014-07-12 12:00","35","주간","토","1","1","0","0","0","전남","해남군","차량단독","전도전복","전도전복","운전자법규위반","안전운전 의무 불이행","단일로","기타단일로","원동기장치자전거","원동기장치자전거","00","00","901626","1620671","126.42748099","34.57544772"
"2014","2014-07-09 22:00","00","야간","수","1","1","0","0","0","서울","관악구","차대사람","기타","기타","운전자법규위반","기타(운전자법규위반)","단일로","기타단일로","승용차","중형","보행자","보행자","949089","1943208","126.9241236","37.48671357"
"2014","2014-07-20 15:00","50","주간","일","1","1","0","0","0","경기","양주시","차대차","추돌","진행중 추돌","운전자법규위반","안전운전 의무 불이행","단일로","기타단일로","자전거","자전거","승용차","중형","954679","1980144","126.98505823","37.81991154"
"2014","2014-07-19 19:00","40","야간","토","1","1","0","0","0","경남","창원시(통합)","차대차","측면직각충돌","측면직각충돌","운전자법규위반","신호위반","교차로","교차로내","승합차","대형","이륜차","소형","1105910","1694046","128.66396462","35.23622742"
"2014","2014-07-15 21:00","50","야간","화","1","1","0","0","0","전북","김제시","차대사람","횡단중","횡단중","운전자법규위반","안전운전 의무 불이행","단일로","기타단일로","승용차","중형","보행자","보행자","956170","1753631","127.01504635","35.77810556"
"2014","2014-07-18 03:00","00","야간","금","1","1","0","0","0","전남","장성군","차량단독","기타","기타","운전자법규위반","안전운전 의무 불이행","단일로","기타단일로","승용차","소형","00","00","922635","1693808","126.64973458","35.23669187"
"2014","2014-07-15 19:00","45","야간","화","1","4","3","0","0","경기","화성시","차대차","기타","기타","운전자법규위반","신호위반","교차로","교차로내","승용차","대형","승용차","대형","933858","1912782","126.75456736","37.21151473"
"2014","2014-07-26 08:00","40","주간","토","1","1","0","0","0","강원","인제군","차량단독","도로이탈","도로이탈 추락","운전자법규위반","기타(운전자법규위반)","단일로","기타단일로","화물차","대형","00","00","1068964","2007905","128.28595436","38.07061046"
"2014","2014-07-24 22:00","40","야간","목","1","1","0","0","0","경기","성남시","차대차","기타","기타","운전자법규위반","안전운전 의무 불이행","단일로","기타단일로","승용차","중형","승용차","중형","965914","1930494","127.11502087","37.37288941"
"2014","2014-07-26 06:00","06","주간","토","1","1","0","0","0","전남","나주시","차대차","측면직각충돌","측면직각충돌","운전자법규위반","직진 및 우회전차의 통행방해","교차로","교차로내","화물차","소형","원동기장치자전거","원동기장치자전거","924891","1669690","126.67671791","35.01940803"
"2014","2014-07-26 10:00","37","주간","토","1","2","1","0","0","대구","달성군","차대차","기타","기타","운전자법규위반","중앙선 침범","교차로","교차로부근","승용차","경형","승용차","경형","1087061","1763454","128.46430459","35.86377947"
"2014","2014-07-22 13:00","00","주간","화","1","1","0","0","0","경기","의왕시","차대차","기타","기타","운전자법규위반","안전운전 의무 불이행","단일로","기타단일로","원동기장치자전거","원동기장치자전거","승용차","소형","955037","1932479","126.99205547","37.39031753"
"2014","2014-08-13 16:00","50","주간","수","1","1","0","0","0","충북","충주시","차대사람","기타","기타","운전자법규위반","안전운전 의무 불이행","단일로","기타단일로","승용차","대형","보행자","보행자","1030827","1888117","127.84642262","36.9910178"
"2014","2014-10-25 00:00","59","야간","토","1","1","0","0","0","인천","계양구","차량단독","기타","기타","운전자법규위반","안전운전 의무 불이행","고가도로위","고가도로위","승용차","중형","00","00","935127","1953330","126.76530959","37.57706659"
"2014","2014-05-24 07:00","55","주간","토","1","1","0","0","0","경기","이천시","차대차","기타","기타","운전자법규위반","교차로 통행방법 위반","교차로","교차로내","농기계","농기계","이륜차","소형","994302","1918980","127.4357326","37.26971203"
"2014","2014-05-24 15:00","09","주간","토","1","1","0","0","0","경북","울진군","차량단독","기타","기타","운전자법규위반","안전운전 의무 불이행","교차로","교차로부근","자전거","자전거","00","00","1167391","1881354","129.3791362","36.9156926"
"2014","2014-05-19 20:00","30","야간","월","1","1","0","0","0","대구","달성군","차대사람","횡단중","횡단중","운전자법규위반","안전운전 의무 불이행","단일로","기타단일로","승합차","소형","보행자","보행자","1090173","1756789","128.49801632","35.80341409"
"2014","2014-05-21 21:00","20","야간","수","1","1","0","0","0","경남","거제시","차량단독","전도전복","전도전복","운전자법규위반","안전운전 의무 불이행","교차로","교차로부근","이륜차","중형","00","00","1112403","1653649","128.72983628","34.87133039"
"2014","2014-05-20 00:00","50","야간","화","1","1","0","0","0","전남","순천시","차량단독","공작물충돌","공작물충돌","운전자법규위반","안전운전 의무 불이행","단일로","기타단일로","승용차","중형","00","00","1003994","1658807","127.5437287","34.92405538"
"2014","2014-05-22 19:00","45","야간","목","1","1","0","0","0","인천","남동구","차대차","측면직각충돌","측면직각충돌","운전자법규위반","과속","단일로","기타단일로","승용차","중형","자전거","자전거","929415","1933612","126.70251794","37.39893174"
"2014","2014-05-30 21:00","13","야간","금","1","1","0","0","0","경남","거창군","차대사람","차도통행중","차도통행중","운전자법규위반","안전운전 의무 불이행","단일로","기타단일로","승용차","중형","보행자","보행자","1032254","1751488","127.85678821","35.7592323"
"2014","2014-05-27 12:00","05","주간","화","1","1","0","0","0","경기","성남시","차량단독","기타","기타","운전자법규위반","안전운전 의무 불이행","교차로","교차로내","승용차","중형","00","00","970660","1938198","127.16831697","37.44249295"
"2014","2014-05-28 12:00","30","주간","수","1","1","0","0","0","충남","공주시","차량단독","공작물충돌","공작물충돌","운전자법규위반","안전운전 의무 불이행","교차로","교차로내","화물차","소형","00","00","979331","1818516","127.26960684","36.36385375"
"2014","2014-05-28 06:00","24","주간","수","1","2","0","1","0","제주","서귀포시","차대차","추돌","진행중 추돌","운전자법규위반","안전운전 의무 불이행","단일로","기타단일로","승용차","경형","농기계","농기계","936071","1486644","126.81277927","33.36947447"
"2014","2014-05-26 11:00","30","주간","월","1","1","0","0","0","전남","장흥군","차대차","정면충돌","정면충돌","운전자법규위반","중앙선 침범","단일로","기타단일로","화물차","소형","원동기장치자전거","원동기장치자전거","950098","1643845","126.9545452","34.78791897"
"2014","2014-06-07 07:00","15","주간","토","1","5","2","2","0","전남","광양시","차대차","기타","기타","운전자법규위반","신호위반","교차로","교차로내","이륜차","중형","화물차","소형","1017815","1660423","127.69508331","34.93847897"
"2014","2014-06-03 22:00","10","야간","화","1","1","0","0","0","경기","의정부시","차대사람","차도통행중","차도통행중","운전자법규위반","안전운전 의무 불이행","단일로","기타단일로","승합차","소형","보행자","보행자","960713","1966681","127.05425215","37.69708239"
"2014","2014-06-01 07:00","30","주간","일","1","2","1","0","0","인천","서구","차량단독","공작물충돌","공작물충돌","운전자법규위반","안전운전 의무 불이행","단일로","기타단일로","승용차","중형","00","00","928416","1945171","126.69005302","37.50303411"
"2014","2014-06-01 05:00","30","야간","일","1","1","0","0","0","충북","충주시","차대차","측면직각충돌","측면직각충돌","운전자법규위반","안전운전 의무 불이행","단일로","기타단일로","승용차","중형","원동기장치자전거","원동기장치자전거","1041161","1900355","127.9666445","37.11262322"
"2014","2014-06-07 06:00","50","주간","토","2","2","0","0","0","충남","홍성군","차대차","기타","기타","운전자법규위반","안전운전 의무 불이행","단일로","기타단일로","화물차","중형","농기계","농기계","915504","1845246","126.55527351","36.60130793"
"2014","2014-06-08 14:00","05","주간","일","1","3","1","1","0","충남","서천군","차대차","측면직각충돌","측면직각충돌","운전자법규위반","신호위반","교차로","교차로내","화물차","소형","승용차","소형","925434","1782124","126.67232478","36.03312209"
"2014","2014-06-08 13:00","10","주간","일","1","1","0","0","0","대전","서구","차대차","기타","기타","운전자법규위반","안전운전 의무 불이행","단일로","횡단보도상","승용차","중형","승용차","중형","986348","1813612","127.34790959","36.31976747"
"2014","2014-06-09 00:00","28","야간","월","1","1","0","0","0","충북","청주시","차대사람","횡단중","횡단중","운전자법규위반","신호위반","교차로","교차로부근","승용차","중형","보행자","보행자","996934","1849978","127.46569889","36.64770653"
"2014","2014-06-09 02:00","30","야간","월","1","3","1","1","0","울산","동구","차량단독","기타","기타","운전자법규위반","안전운전 의무 불이행","단일로","기타단일로","이륜차","소형","00","00","1174001","1722502","129.41805127","35.48316236"
"2014","2014-06-08 22:00","50","야간","일","1","1","0","0","0","서울","동대문구","차대사람","기타","기타","운전자법규위반","안전운전 의무 불이행","교차로","교차로부근","승용차","중형","보행자","보행자","962480","1952182","127.075132","37.56824081"
"2014","2014-05-12 12:00","30","주간","월","1","1","0","0","0","충북","청원군","차대차","기타","기타","운전자법규위반","신호위반","교차로","교차로내","승합차","소형","원동기장치자전거","원동기장치자전거","989413","1851311","127.38153884","36.6596695"
"2014","2014-05-08 19:00","40","야간","목","1","1","0","0","0","경북","성주군","차대사람","횡단중","횡단중","운전자법규위반","보행자 보호의무 위반","교차로","교차로내","승용차","중형","보행자","보행자","1062497","1762184","128.19215072","35.85420549"
"2014","2014-05-10 13:00","43","주간","토","1","1","0","0","0","경북","군위군","차량단독","도로이탈","도로이탈 기타","운전자법규위반","안전운전 의무 불이행","단일로","기타단일로","건설기계","건설기계","00","00","1110547","1797111","128.72991816","36.1641679"
"2014","2014-05-19 10:00","06","주간","월","1","1","0","0","0","강원","화천군","차대사람","횡단중","횡단중","운전자법규위반","안전운전 의무 불이행","교차로","교차로내","승합차","중형","보행자","보행자","1018098","2011569","127.70638016","38.10407005"
"2014","2014-05-18 11:00","49","주간","일","1","1","0","0","0","경북","칠곡군","차량단독","전도전복","전도전복","운전자법규위반","기타(운전자법규위반)","단일로","기타단일로","화물차","소형","00","00","1093230","1788567","128.53557726","36.08959296"
"2014","2014-05-16 17:00","05","주간","금","1","1","0","0","0","대구","중구","차대사람","횡단중","횡단중","운전자법규위반","안전운전 의무 불이행","교차로","교차로부근","승합차","대형","보행자","보행자","1099675","1764575","128.6041381","35.87268214"